{
    "氷風を彷徨う勇士": {
        "レアリティ": 5,
        "2セット効果": {
            "説明": "氷元素ダメージ+15%。",
            "詳細": [
                {
                    "種類": "氷元素ダメージバフ",
                    "数値": 15
                }
            ]
        },
        "4セット効果": {
            "説明": "氷元素の影響を受けている敵を攻撃した場合、会心率+20%。敵が凍結状態の場合、会心率は更に+20%。",
            "詳細": [
                {
                    "条件": "氷元素の影響を受けている敵、会心率+20%",
                    "種類": "会心率",
                    "数値": 20
                },
                {
                    "条件": "敵が凍結状態、会心率+20%",
                    "種類": "会心率",
                    "数値": 20
                }
            ],
            "オプション初期値": {
                "敵が凍結状態、会心率+20%": false
            }
        }
    },
    "烈火を渡る賢者": {
        "レアリティ": 5,
        "2セット効果": {
            "説明": "炎元素耐性+40%。",
            "詳細": [
                {
                    "種類": "炎元素耐性",
                    "数値": 40
                }
            ]
        },
        "4セット効果": {
            "説明": "炎元素の影響を受けた敵に対するダメージ+35%。",
            "詳細": [
                {
                    "条件": "炎元素の影響を受けた敵",
                    "種類": "与えるダメージ",
                    "数値": 35
                }
            ]
        }
    },
    "雷を鎮める尊者": {
        "レアリティ": 5,
        "2セット効果": {
            "説明": "雷元素耐性+40%。",
            "詳細": [
                {
                    "種類": "雷元素耐性",
                    "数値": 40
                }
            ]
        },
        "4セット効果": {
            "説明": "雷元素の影響を受けた敵に対するダメージ+35%。",
            "詳細": [
                {
                    "条件": "雷元素の影響を受けた敵",
                    "種類": "与えるダメージ",
                    "数値": 35
                }
            ]
        }
    },
    "愛される少女": {
        "レアリティ": 5,
        "2セット効果": {
            "説明": "与える治療効果+15%。",
            "詳細": [
                {
                    "種類": "与える治療効果",
                    "数値": 15
                }
            ]
        },
        "4セット効果": {
            "説明": "元素スキルまたは元素爆発を発動した後10秒間、チーム全員が受ける治療効果+20%。",
            "詳細": [
                {
                    "条件": "元素スキルまたは元素爆発を発動した後10秒間",
                    "種類": "受ける治療効果",
                    "数値": 20
                }
            ]
        }
    },
    "剣闘士のフィナーレ": {
        "レアリティ": 5,
        "2セット効果": {
            "説明": "攻撃力+18%。",
            "詳細": [
                {
                    "種類": "攻撃力%",
                    "数値": 18
                }
            ]
        },
        "4セット効果": {
            "説明": "該当聖遺物セットを装備したキャラが片手剣、両手剣、長柄武器キャラの場合、通常攻撃ダメージ+35%。",
            "詳細": [
                {
                    "種類": "通常攻撃ダメージバフ",
                    "数値": 35
                }
            ]
        }
    },
    "翠緑の影": {
        "レアリティ": 5,
        "2セット効果": {
            "説明": "風元素ダメージ+15%。",
            "詳細": [
                {
                    "種類": "風元素ダメージバフ",
                    "数値": 15
                }
            ]
        },
        "4セット効果": {
            "説明": [
                "拡散反応によるダメージ+60%。",
                "拡散された元素タイプを基準に、影響を受けた敵の元素耐性-40%、継続時間10秒。"
            ],
            "詳細": [
                {
                    "種類": "拡散ダメージバフ",
                    "数値": 60
                }
            ]
        }
    },
    "大地を流浪する楽団": {
        "レアリティ": 5,
        "2セット効果": {
            "説明": "元素熟知+80。",
            "詳細": [
                {
                    "種類": "元素熟知",
                    "数値": 80
                }
            ]
        },
        "4セット効果": {
            "説明": "該当聖遺物セットを装備したキャラが法器、弓キャラの場合、キャラの重撃ダメージ+35%。",
            "詳細": [
                {
                    "種類": "重撃ダメージバフ",
                    "数値": 35
                }
            ]
        }
    },
    "雷のような怒り": {
        "レアリティ": 5,
        "2セット効果": {
            "説明": "雷元素ダメージ+15%。",
            "詳細": [
                {
                    "種類": "雷元素ダメージバフ",
                    "数値": 15
                }
            ]
        },
        "4セット効果": {
            "説明": [
                "過負荷、感電、超電導反応によるダメージ+40%。",
                "それらの元素反応を起こすと、元素スキルのクールタイム-1秒。0.8秒毎に最大1回のみ発動可能。"
            ],
            "詳細": [
                {
                    "種類": "過負荷ダメージバフ",
                    "数値": 40
                },
                {
                    "種類": "感電ダメージバフ",
                    "数値": 40
                },
                {
                    "種類": "超電導ダメージバフ",
                    "数値": 40
                }
            ]
        }
    },
    "燃え盛る炎の魔女": {
        "レアリティ": 5,
        "2セット効果": {
            "説明": "炎元素ダメージ+15%。",
            "詳細": [
                {
                    "種類": "炎元素ダメージバフ",
                    "数値": 15
                }
            ]
        },
        "4セット効果": {
            "説明": "過負荷、燃焼反応によるダメージ+40%。蒸発、溶解反応による加算効果+15%。元素スキルを発動した10秒間、2件セットの効果+50%、最大3重まで。",
            "詳細": [
                {
                    "種類": "過負荷ダメージバフ",
                    "数値": 40
                },
                {
                    "種類": "燃焼ダメージバフ",
                    "数値": 40
                },
                {
                    "種類": "蒸発ダメージバフ",
                    "数値": 15
                },
                {
                    "種類": "溶解ダメージバフ",
                    "数値": 15
                },
                {
                    "条件": "元素スキルを発動@1重",
                    "種類": "炎元素ダメージバフ",
                    "数値": 7.5
                },
                {
                    "条件": "元素スキルを発動@2重",
                    "種類": "炎元素ダメージバフ",
                    "数値": 15
                },
                {
                    "条件": "元素スキルを発動@3重",
                    "種類": "炎元素ダメージバフ",
                    "数値": 22.5
                }
            ]
        }
    },
    "旧貴族のしつけ": {
        "レアリティ": 5,
        "2セット効果": {
            "説明": "元素爆発のダメージ+20%。",
            "詳細": [
                {
                    "種類": "元素爆発ダメージバフ",
                    "数値": 20
                }
            ]
        },
        "4セット効果": {
            "説明": "元素爆発を発動すると、チーム全員の攻撃力+20%、継続時間12秒、重ねがけ不可。",
            "詳細": [
                {
                    "条件": "元素爆発を発動(継続時間20秒)",
                    "種類": "攻撃力%",
                    "数値": 20
                }
            ]
        }
    },
    "血染めの騎士道": {
        "レアリティ": 5,
        "2セット効果": {
            "説明": "物理ダメージ+25%。",
            "詳細": [
                {
                    "種類": "物理ダメージバフ",
                    "数値": 25
                }
            ]
        },
        "4セット効果": {
            "説明": "敵を倒した10秒内に重撃を発動するとスタミナの消耗はなく、与えるダメージ+50%。",
            "詳細": [
                {
                    "条件": "敵を倒した10秒内に重撃を発動",
                    "種類": "重撃ダメージバフ",
                    "数値": 50
                }
            ]
        }
    },
    "悠久の磐岩": {
        "レアリティ": 5,
        "2セット効果": {
            "説明": "岩元素ダメージ+15%。",
            "詳細": [
                {
                    "種類": "岩元素ダメージバフ",
                    "数値": 15
                }
            ]
        },
        "4セット効果": {
            "説明": [
                "結晶反応で形成された欠片を獲得すると、チーム全員の該当元素ダメージ+35%、継続時間10秒。",
                "元素ダメージアップは同時に1種類のみ獲得可能。"
            ],
            "詳細": []
        }
    },
    "沈淪の心": {
        "レアリティ": 5,
        "2セット効果": {
            "説明": "水元素ダメージ+15%。",
            "詳細": [
                {
                    "種類": "水元素ダメージバフ",
                    "数値": 15
                }
            ]
        },
        "4セット効果": {
            "説明": "元素スキルを発動した後の15秒間、通常攻撃と重撃のダメージ+30%。",
            "詳細": [
                {
                    "条件": "元素スキルを発動した後の15秒間",
                    "種類": "通常攻撃ダメージバフ",
                    "数値": 30
                },
                {
                    "条件": "元素スキルを発動した後の15秒間",
                    "種類": "重撃ダメージバフ",
                    "数値": 30
                }
            ]
        }
    },
    "逆飛びの流星": {
        "レアリティ": 5,
        "2セット効果": {
            "説明": "シールド強化+35%。",
            "詳細": [
                {
                    "種類": "シールド強化",
                    "数値": 35
                }
            ]
        },
        "4セット効果": {
            "説明": "シールド状態の時、通常攻撃と重撃ダメージ+40%。",
            "詳細": [
                {
                    "条件": "シールド状態",
                    "種類": "通常攻撃ダメージバフ",
                    "数値": 40
                },
                {
                    "条件": "シールド状態",
                    "種類": "重撃ダメージバフ",
                    "数値": 40
                }
            ]
        }
    },
    "千岩牢固": {
        "レアリティ": 5,
        "2セット効果": {
            "説明": "HP+20%。",
            "詳細": [
                {
                    "種類": "HP%",
                    "数値": 20
                }
            ]
        },
        "4セット効果": {
            "説明": [
                "元素スキルが敵に命中すると、周囲のチーム全員の攻撃力+20%、シールド強化+30%、持続時間3秒。",
                "この効果は0.5秒毎に1回のみ発動可能。この聖遺物セットを装備したキャラクターが待機している場合にも効果を発動できる。"
            ],
            "詳細": [
                {
                    "条件": "元素スキルが敵に命中(継続時間3秒)",
                    "種類": "攻撃力%",
                    "数値": 20
                },
                {
                    "条件": "元素スキルが敵に命中(継続時間3秒)",
                    "種類": "シールド強化",
                    "数値": 30
                }
            ]
        }
    },
    "蒼白の炎": {
        "レアリティ": 5,
        "2セット効果": {
            "説明": "物理ダメージ+25%。",
            "詳細": [
                {
                    "種類": "物理ダメージバフ",
                    "数値": 25
                }
            ]
        },
        "4セット効果": {
            "説明": [
                "元素スキルが敵に命中すると、攻撃力+9%。持続時間7秒、最大2重まで、0.3秒毎に1回のみ発動可能。",
                "2重まで重ねると、2セットの効果が2倍になる。"
            ],
            "詳細": [
                {
                    "条件": "元素スキルが敵に命中(継続時間7秒)@1重",
                    "種類": "攻撃力%",
                    "数値": 9
                },
                {
                    "条件": "元素スキルが敵に命中(継続時間7秒)@2重",
                    "種類": "攻撃力%",
                    "数値": 18
                },
                {
                    "条件": "元素スキルが敵に命中(継続時間7秒)@2重",
                    "種類": "物理ダメージバフ",
                    "数値": 25
                }
            ]
        }
    },
    "追憶のしめ縄": {
        "レアリティ": 5,
        "2セット効果": {
            "説明": "攻撃力+18%。",
            "詳細": [
                {
                    "種類": "攻撃力%",
                    "数値": 18
                }
            ]
        },
        "4セット効果": {
            "説明": "元素スキルを発動した時、キャラクターの元素エネルギーが15以上の場合、元素エネルギーを15消費し、次の10秒間通常攻撃、重撃、落下攻撃ダメージ+50%。継続時間中この効果は再発動できない。",
            "詳細": [
                {
                    "条件": "元素スキルを発動した時、キャラクターの元素エネルギーが15以上(次の10秒間)",
                    "種類": "通常攻撃ダメージバフ",
                    "数値": 50
                },
                {
                    "条件": "元素スキルを発動した時、キャラクターの元素エネルギーが15以上(次の10秒間)",
                    "種類": "重撃ダメージバフ",
                    "数値": 50
                },
                {
                    "条件": "元素スキルを発動した時、キャラクターの元素エネルギーが15以上(次の10秒間)",
                    "種類": "落下攻撃ダメージバフ",
                    "数値": 50
                }
            ]
        }
    },
    "絶縁の旗印": {
        "レアリティ": 5,
        "2セット効果": {
            "説明": "元素チャージ効率+20%。",
            "詳細": [
                {
                    "種類": "元素チャージ効率",
                    "数値": 20
                }
            ]
        },
        "4セット効果": {
            "説明": "元素チャージ効率の25%を基準に、元素爆発のダメージがアップする。この方式でアップできるダメージは最大75%まで。",
            "詳細": [
                {
                    "種類": "元素爆発ダメージバフ",
                    "数値": "25%元素チャージ効率",
                    "最大値": 75
                }
            ]
        }
    },
    "旅人の心": {
        "レアリティ": 4,
        "2セット効果": {
            "説明": "攻撃力+18%。",
            "詳細": [
                {
                    "種類": "攻撃力%",
                    "数値": 18
                }
            ]
        },
        "4セット効果": {
            "説明": "重撃の会心率+30%。",
            "詳細": [
                {
                    "種類": "重撃会心率",
                    "数値": 30
                }
            ]
        }
    },
    "勇士の心": {
        "レアリティ": 4,
        "2セット効果": {
            "説明": "攻撃力+18%。",
            "詳細": [
                {
                    "種類": "攻撃力%",
                    "数値": 18
                }
            ]
        },
        "4セット効果": {
            "説明": "HPが50%以上の敵に対するダメージ+30%。",
            "詳細": [
                {
                    "条件": "HPが50%以上の敵",
                    "種類": "予えるダメージ",
                    "数値": 30
                }
            ]
        }
    },
    "守護の心": {
        "レアリティ": 4,
        "2セット効果": {
            "説明": "防御力+30%。",
            "詳細": [
                {
                    "種類": "防御力%",
                    "数値": 30
                }
            ]
        },
        "4セット効果": {
            "説明": "チーム内の自身のキャラクターの元素タイプが1種類ある毎に、自身にその元素の耐性+30%。",
            "詳細": []
        }
    },
    "奇跡": {
        "レアリティ": 4,
        "2セット効果": {
            "説明": "すべての元素耐性+20%。",
            "詳細": [
                {
                    "種類": "全元素耐性",
                    "数値": 20
                }
            ]
        },
        "4セット効果": {
            "説明": "元素ダメージを受けると、その元素の耐性+30%、継続時間10秒。10秒毎に1回のみ発動可能。",
            "詳細": []
        }
    },
    "狂戦士": {
        "レアリティ": 4,
        "2セット効果": {
            "説明": "会心率+12%。",
            "詳細": [
                {
                    "種類": "会心率",
                    "数値": 12
                }
            ]
        },
        "4セット効果": {
            "説明": "HPが70%以下になると、会心率+24%。",
            "詳細": [
                {
                    "条件": "HPが70%以下",
                    "種類": "会心率",
                    "数値": 24
                }
            ]
        }
    },
    "武人": {
        "レアリティ": 4,
        "2セット効果": {
            "説明": "通常攻撃と重撃のダメージ+15%。",
            "詳細": [
                {
                    "種類": "通常攻撃ダメージバフ",
                    "数値": 15
                },
                {
                    "種類": "重撃ダメージバフ",
                    "数値": 15
                }
            ]
        },
        "4セット効果": {
            "説明": "元素スキル発動後、通常攻撃と重撃ダメージ+25%、継続時間8秒。",
            "詳細": [
                {
                    "条件": "元素スキル発動後",
                    "種類": "通常攻撃ダメージバフ",
                    "数値": 25
                },
                {
                    "条件": "元素スキル発動後",
                    "種類": "重撃ダメージバフ",
                    "数値": 25
                }
            ]
        }
    },
    "教官": {
        "レアリティ": 4,
        "2セット効果": {
            "説明": "元素熟知+80。",
            "詳細": [
                {
                    "種類": "元素熟知",
                    "数値": 80
                }
            ]
        },
        "4セット効果": {
            "説明": "元素反応を引き起こした後、チーム全員の元素熟知+120、継続時間8秒。",
            "詳細": [
                {
                    "条件": "元素反応を引き起こした後",
                    "種類": "元素熟知",
                    "数値": 120
                }
            ]
        }
    },
    "博徒": {
        "レアリティ": 4,
        "2セット効果": {
            "説明": "元素スキルのダメージ+20%。",
            "詳細": [
                {
                    "種類": "元素スキルダメージバフ",
                    "数値": 20
                }
            ]
        },
        "4セット効果": {
            "説明": "敵を倒した時、100%の確率で元素スキルのクールタイムをリセットする。15秒に1回のみ発動可能。",
            "詳細": []
        }
    },
    "亡命者": {
        "レアリティ": 4,
        "2セット効果": {
            "説明": "元素チャージ効率+20%。",
            "詳細": [
                {
                    "種類": "元素チャージ効率",
                    "数値": 20
                }
            ]
        },
        "4セット効果": {
            "説明": "元素爆発を発動すると、2秒毎にチームメンバー全員（自分を除く）の元素エネルギーを2回復する、継続時間6秒。重ね掛け不可。",
            "詳細": []
        }
    },
    "学者": {
        "レアリティ": 4,
        "2セット効果": {
            "説明": "元素チャージ効率+20%。",
            "詳細": [
                {
                    "種類": "元素チャージ効率",
                    "数値": 20
                }
            ]
        },
        "4セット効果": {
            "説明": "元素エネルギーを獲得する時、チームにいる弓と法器キャラの元素エネルギーを3回復する。3秒に1回のみ発動可能。",
            "詳細": []
        }
    }
}