{
    "5": {
        "HP": 4780,
        "攻撃力": 311,
        "元素熟知": 187,
        "HP%": 46.6,
        "攻撃力%": 46.6,
        "防御力%": 58.3,
        "元素チャージ効率": 51.8,
        "会心率": 31.1,
        "会心ダメージ": 62.2,
        "与える治療効果": 35.9,
        "炎元素ダメージバフ": 46.6,
        "水元素ダメージバフ": 46.6,
        "風元素ダメージバフ": 46.6,
        "雷元素ダメージバフ": 46.6,
        "草元素ダメージバフ": 46.6,
        "氷元素ダメージバフ": 46.6,
        "岩元素ダメージバフ": 46.6,
        "物理ダメージバフ": 58.3
    },
    "4": {
        "HP": 3571,
        "攻撃力": 232,
        "元素熟知": 139,
        "HP%": 34.8,
        "攻撃力%": 34.8,
        "防御力%": 43.5,
        "元素チャージ効率": 38.7,
        "会心率": 23.2,
        "会心ダメージ": 46.4,
        "与える治療効果": 26.8,
        "炎元素ダメージバフ": 34.8,
        "水元素ダメージバフ": 34.8,
        "風元素ダメージバフ": 34.8,
        "雷元素ダメージバフ": 34.8,
        "草元素ダメージバフ": 34.8,
        "氷元素ダメージバフ": 34.8,
        "岩元素ダメージバフ": 34.8,
        "物理ダメージバフ": 43.5
    }
}