{
    "HP": [
        299,
        269,
        239,
        209
    ],
    "攻撃力": [
        19,
        18,
        16,
        14
    ],
    "防御力": [
        23,
        21,
        19,
        16
    ],
    "元素熟知": [
        23,
        21,
        19,
        16
    ],
    "HP%": [
        5.8,
        5.3,
        4.7,
        4.1
    ],
    "攻撃力%": [
        5.8,
        5.3,
        4.7,
        4.1
    ],
    "防御力%": [
        7.3,
        6.6,
        5.8,
        5.1
    ],
    "会心率": [
        3.9,
        3.5,
        3.1,
        2.7
    ],
    "会心ダメージ": [
        7.8,
        7,
        6.2,
        5.4
    ],
    "元素チャージ効率": [
        6.5,
        5.8,
        5.2,
        4.5
    ]
}