{
    "冬極の白星": {
        "import": "data/weapons/bow_5_PolarStar.json"
    },
    "飛雷の鳴弦": {
        "import": "data/weapons/bow_5_ThunderingPulse.json"
    },
    "終焉を嘆く詩": {
        "import": "data/weapons/bow_5_ElegyfortheEnd.json",
        "disable": true
    },
    "アモスの弓": {
        "import": "data/weapons/bow_5_AmosBow.json"
    },
    "天空の翼": {
        "import": "data/weapons/bow_5_SkywardHarp.json"
    },
    "破魔の弓": {
        "import": "data/weapons/bow_4_Hamayumi.json",
        "disable": true
    },
    "幽夜のワルツ": {
        "import": "data/weapons/bow_4_MitternachtsWaltz.json",
        "disable": true
    },
    "風花の頌歌": {
        "import": "data/weapons/bow_4_WindblumeOde.json",
        "disable": true
    },
    "蒼翠の狩猟弓": {
        "import": "data/weapons/bow_4_TheViridescentHunt.json",
        "disable": true
    },
    "祭礼の弓": {
        "import": "data/weapons/bow_4_SacrificialBow.json",
        "disable": true
    },
    "弓蔵": {
        "import": "data/weapons/bow_4_Rust.json",
        "disable": true
    },
    "旧貴族長弓": {
        "import": "data/weapons/bow_4_RoyalBow.json",
        "disable": true
    },
    "澹月・試作": {
        "import": "data/weapons/bow_4_PrototypeCrescent.json",
        "disable": true
    },
    "西風猟弓": {
        "import": "data/weapons/bow_4_FavoniusWarbow.json",
        "disable": true
    },
    "リングボウ": {
        "import": "data/weapons/bow_4_CompoundBow.json",
        "disable": true
    },
    "黒岩の戦弓": {
        "import": "data/weapons/bow_4_BlackcliffWarbow.json",
        "disable": true
    },
    "ダークアレイの狩人": {
        "import": "data/weapons/bow_4_AlleyHunter.json",
        "disable": true
    },
    "絶弦": {
        "import": "data/weapons/bow_4_TheStringless.json",
        "disable": true
    }
}