{
    "超電導": {
        "名前": "[超電導]物理耐性-40%",
        "詳細": [
            {
                "種類": "敵物理耐性",
                "数値": -40
            }
        ]
    },
    "翠緑の影": {
        "名前": "[翠緑の影]元素耐性-40%",
        "詳細": [
            {
                "種類": "敵炎元素耐性",
                "数値": -40
            },
            {
                "種類": "敵水元素耐性",
                "数値": -40
            },
            {
                "種類": "敵雷元素耐性",
                "数値": -40
            },
            {
                "種類": "敵氷元素耐性",
                "数値": -40
            }
        ]
    },
    "玉璋シールド": {
        "名前": "[鍾離]玉璋シールド",
        "詳細": [
            {
                "種類": "敵全元素耐性",
                "数値": -20
            },
            {
                "種類": "敵物理耐性",
                "数値": -20
            }
        ]
    },
    "自元素耐性ダウン": {
        "名前": "[汎用]自元素耐性-",
        "詳細": [
            {
                "条件": "[汎用]自元素耐性-@10,15,20%",
                "種類": "敵自元素耐性",
                "数値": -1
            }
        ]
    },
    "物理耐性ダウン": {
        "名前": "[汎用]物理耐性-",
        "詳細": [
            {
                "条件": "[汎用]物理耐性-@10,15,20%",
                "種類": "敵物理耐性",
                "数値": -1
            }
        ]
    },
    "防御ダウン": {
        "名前": "[汎用]防御力-",
        "詳細": [
            {
                "条件": "[汎用]防御力-@10,15,20,23%",
                "種類": "敵防御力",
                "数値": -1
            }
        ]
    }
}