{
    "超電導": {
        "名前": "[超電導]物理耐性-40",
        "詳細": [
            {
                "種類": "敵物理耐性",
                "数値": -40
            }
        ]
    },
    "翠緑の影": {
        "名前": "[翠緑の影]炎水雷氷元素耐性-40",
        "詳細": [
            {
                "種類": "敵炎元素耐性",
                "数値": -40
            },
            {
                "種類": "敵水元素耐性",
                "数値": -40
            },
            {
                "種類": "敵雷元素耐性",
                "数値": -40
            },
            {
                "種類": "敵氷元素耐性",
                "数値": -40
            }
        ]
    },
    "玉璋シールド": {
        "名前": "[鍾離]全元素耐性と物理耐性-20",
        "詳細": [
            {
                "種類": "敵全元素耐性",
                "数値": -20
            },
            {
                "種類": "敵物理耐性",
                "数値": -20
            }
        ]
    },
    "自元素耐性ダウン": {
        "名前": "[汎用]自元素耐性-",
        "詳細": [
            {
                "条件": "[汎用]自元素耐性-@10%,15%",
                "種類": "敵自元素耐性",
                "数値": -1
            }
        ],
        "desabled": true
    },
    "物理耐性ダウン": {
        "名前": "[汎用]物理耐性-",
        "詳細": [
            {
                "条件": "[汎用]物理耐性-@10%,15%",
                "種類": "敵物理耐性",
                "数値": -1
            }
        ],
        "desabled": true
    }
}