{
    "不滅の月華": {
        "レアリティ": 5,
        "import": "data/weapons/catalyst_5_EverlastingMoonglow.json"
    },
    "浮世の錠": {
        "レアリティ": 5,
        "import": "data/weapons/catalyst_5_MemoryofDust.json"
    },
    "天空の巻": {
        "レアリティ": 5,
        "import": "data/weapons/catalyst_5_SkywardAtlas.json"
    },
    "四風原典": {
        "レアリティ": 5,
        "import": "data/weapons/catalyst_5_LostPrayertotheSacredWinds.json"
    },
    "白辰の輪": {
        "レアリティ": 4,
        "import": "data/weapons/catalyst_4_HakushinRing.json"
    },
    "ドドコの物語": {
        "レアリティ": 4,
        "import": "data/weapons/catalyst_4_DodocoTales.json"
    },
    "冬忍びの実": {
        "レアリティ": 4,
        "import": "data/weapons/catalyst_4_Frostbearer.json"
    },
    "昭心": {
        "レアリティ": 4,
        "import": "data/weapons/catalyst_4_EyeofPerception.json"
    },
    "ダークアレイの酒と詩": {
        "レアリティ": 4,
        "import": "data/weapons/catalyst_4_WineandSong.json"
    },
    "流浪楽章": {
        "レアリティ": 4,
        "import": "data/weapons/catalyst_4_TheWidsith.json"
    },
    "匣中日月": {
        "レアリティ": 4,
        "import": "data/weapons/catalyst_4_SolarPearl.json"
    },
    "祭礼の断片": {
        "レアリティ": 4,
        "import": "data/weapons/catalyst_4_SacrificialFragments.json"
    },
    "旧貴族秘法録": {
        "レアリティ": 4,
        "import": "data/weapons/catalyst_4_RoyalGrimoire.json"
    },
    "金珀・試作": {
        "レアリティ": 4,
        "import": "data/weapons/catalyst_4_PrototypeAmber.json"
    },
    "万国諸海の図譜": {
        "レアリティ": 4,
        "import": "data/weapons/catalyst_4_MappaMare.json"
    },
    "西風秘典": {
        "レアリティ": 4,
        "import": "data/weapons/catalyst_4_FavoniusCodex.json"
    },
    "黒岩の緋玉": {
        "レアリティ": 4,
        "import": "data/weapons/catalyst_4_BlackcliffAgate.json"
    },
    "竜殺しの英傑譚": {
        "レアリティ": 3,
        "import": "data/weapons/catalyst_3_ThrillingTalesOfDragonSlayers.json"
    },
    "魔導緒論": {
        "レアリティ": 3,
        "import": "data/weapons/catalyst_3_MagicGuide.json"
    }
}