{
    "珊瑚宮心海": {
        "レアリティ": 5,
        "元素": "水",
        "武器": "法器",
        "import": "data/characters/hydro_5_catalyst_SangonomiyaKokomi.json",
        "disabled": true
    },
    "雷電将軍": {
        "レアリティ": 5,
        "元素": "雷",
        "武器": "長柄武器",
        "disabled": true
    },
    "アーロイ": {
        "レアリティ": 5,
        "元素": "氷",
        "武器": "弓",
        "disabled": true
    },
    "宵宮": {
        "レアリティ": 5,
        "元素": "炎",
        "武器": "弓",
        "disabled": true
    },
    "神里綾華": {
        "import": "data/characters/cryo_5_sword_KamisatoAyaka.json"
    },
    "楓原万葉": {
        "武器": "片手剣",
        "disabled": true
    },
    "エウルア": {
        "武器": "両手剣",
        "disabled": true
    },
    "胡桃": {
        "武器": "長柄武器",
        "disabled": true
    },
    "魈": {
        "武器": "長柄武器",
        "disabled": true
    },
    "甘雨": {
        "武器": "弓",
        "import": "data/characters/cryo_5_bow_Ganyu.json"
    },
    "アルベド": {
        "武器": "片手剣",
        "disabled": true
    },
    "鍾離": {
        "武器": "長柄武器",
        "disabled": true
    },
    "タルタリヤ": {
        "武器": "弓",
        "disabled": true
    },
    "クレー": {
        "武器": "法器",
        "disabled": true
    },
    "ウェンティ": {
        "武器": "弓",
        "disabled": true
    },
    "刻晴": {
        "武器": "片手剣",
        "disabled": true
    },
    "モナ": {
        "武器": "法器",
        "disabled": true
    },
    "七七": {
        "武器": "片手剣",
        "disabled": true
    },
    "ディルック": {
        "武器": "両手剣",
        "disabled": true
    },
    "ジン": {
        "武器": "片手剣",
        "disabled": true
    },
    "九条裟羅": {
        "レアリティ": 4,
        "元素": "雷",
        "武器": "弓",
        "disabled": true
    },
    "早柚": {
        "レアリティ": 4,
        "元素": "風",
        "武器": "両手剣",
        "disabled": true
    },
    "煙緋": {
        "武器": "法器",
        "disabled": true
    },
    "ロサリア": {
        "武器": "長柄武器",
        "disabled": true
    },
    "辛炎": {
        "武器": "両手剣",
        "disabled": true
    },
    "ディオナ": {
        "武器": "弓",
        "disabled": true
    },
    "スクロース": {
        "武器": "法器",
        "disabled": true
    },
    "重雲": {
        "武器": "両手剣",
        "disabled": true
    },
    "ノエル": {
        "武器": "両手剣",
        "import": "data/characters/geo_4_claymore_Noelle.json"
    },
    "ベネット": {
        "import": "data/characters/pyro_4_sword_Benette.json"
    },
    "凝光": {
        "武器": "法器",
        "disabled": true
    },
    "フィッシュル": {
        "武器": "弓",
        "disabled": true
    },
    "行秋": {
        "武器": "片手剣",
        "disabled": true
    },
    "北斗": {
        "武器": "両手剣",
        "disabled": true
    },
    "レザー": {
        "武器": "両手剣",
        "disabled": true
    },
    "バーバラ": {
        "武器": "法器",
        "disabled": true
    },
    "リサ": {
        "武器": "法器",
        "disabled": true
    },
    "ガイア": {
        "武器": "片手剣",
        "disabled": true
    },
    "アンバー": {
        "武器": "弓",
        "disabled": true
    },
    "旅人(雷)": {
        "武器": "片手剣",
        "disabled": true
    },
    "旅人(岩)": {
        "武器": "片手剣",
        "disabled": true
    },
    "旅人(風)": {
        "武器": "片手剣",
        "disabled": true
    }
}