{
    "珊瑚宮心海": {
        "レアリティ": 5,
        "元素": "水",
        "武器": "法器",
        "import": "data/characters/hydro_5_catalyst_SangonomiyaKokomi.json",
        "img": "img/SangonomiyaKokomi.jpg",
        "disabled": false
    },
    "雷電将軍": {
        "レアリティ": 5,
        "元素": "雷",
        "武器": "長柄武器",
        "import": "data/characters/electro_5_polearm_RaidenShogun.json",
        "disabled": false
    },
    "アーロイ": {
        "レアリティ": 5,
        "元素": "氷",
        "武器": "弓",
        "import": "data/characters/cryo_5_bow_Aloy.json",
        "disabled": true
    },
    "宵宮": {
        "レアリティ": 5,
        "元素": "炎",
        "武器": "弓",
        "import": "data/characters/pyro_5_bow_Yoimiya.json",
        "disabled": false
    },
    "神里綾華": {
        "レアリティ": 5,
        "import": "data/characters/cryo_5_sword_KamisatoAyaka.json"
    },
    "楓原万葉": {
        "レアリティ": 5,
        "武器": "片手剣",
        "import": "data/characters/aero_5_sword_KaedeharaKazuha.json",
        "disabled": true
    },
    "エウルア": {
        "レアリティ": 5,
        "武器": "両手剣",
        "import": "data/characters/cryo_5_claymore_Eula.json",
        "disabled": true
    },
    "胡桃": {
        "レアリティ": 5,
        "武器": "長柄武器",
        "import": "data/characters/pyro_5_polearm_HuTao.json"
    },
    "魈": {
        "レアリティ": 5,
        "武器": "長柄武器",
        "import": "data/characters/aero_5_polearm_Xiao.json",
        "disabled": true
    },
    "甘雨": {
        "レアリティ": 5,
        "武器": "弓",
        "import": "data/characters/cryo_5_bow_Ganyu.json"
    },
    "アルベド": {
        "レアリティ": 5,
        "武器": "片手剣",
        "import": "data/characters/geo_5_sword_Albedo.json",
        "disabled": true
    },
    "鍾離": {
        "レアリティ": 5,
        "武器": "長柄武器",
        "import": "data/characters/geo_5_polearm_Zhongli.json",
        "disabled": true
    },
    "タルタリヤ": {
        "レアリティ": 5,
        "武器": "弓",
        "import": "data/characters/hydro_5_bow_Tartaglia.json"
    },
    "クレー": {
        "レアリティ": 5,
        "武器": "法器",
        "import": "data/characters/puro_5_catalyst_Klee.json",
        "disabled": true
    },
    "ウェンティ": {
        "レアリティ": 5,
        "武器": "弓",
        "import": "data/characters/aero_5_bow_Venti.json",
        "disabled": true
    },
    "刻晴": {
        "レアリティ": 5,
        "武器": "片手剣",
        "import": "data/characters/electro_5_sword_Keqing.json",
        "disabled": true
    },
    "モナ": {
        "レアリティ": 5,
        "武器": "法器",
        "import": "data/characters/hydro_5_catalyst_Mona.json",
        "disabled": true
    },
    "七七": {
        "レアリティ": 5,
        "武器": "片手剣",
        "import": "data/characters/cryo_5_sword_Qiqi.json",
        "disabled": true
    },
    "ディルック": {
        "レアリティ": 5,
        "武器": "両手剣",
        "import": "data/characters/pyro_5_claymore_Diluc.json",
        "disabled": true
    },
    "ジン": {
        "レアリティ": 5,
        "武器": "片手剣",
        "import": "data/characters/aero_5_sword_Jean.json"
    },
    "九条裟羅": {
        "レアリティ": 4,
        "元素": "雷",
        "武器": "弓",
        "import": "data/characters/electro_4_bow_KujouSara.json"
    },
    "早柚": {
        "レアリティ": 4,
        "元素": "風",
        "武器": "両手剣",
        "import": "data/characters/aero_4_claymore_Sayu.json"
    },
    "煙緋": {
        "レアリティ": 4,
        "武器": "法器",
        "import": "data/characters/pyro_4_catalyst_Yanfei.json",
        "disabled": true
    },
    "ロサリア": {
        "レアリティ": 4,
        "武器": "長柄武器",
        "import": "data/characters/cryo_4_polearm_Rosaria.json",
        "disabled": true
    },
    "辛炎": {
        "レアリティ": 4,
        "武器": "両手剣",
        "import": "data/characters/pyro_4_claymore_Xinyan.json"
    },
    "ディオナ": {
        "レアリティ": 4,
        "武器": "弓",
        "import": "data/characters/cryo_4_bow_Diona.json",
        "disabled": true
    },
    "スクロース": {
        "レアリティ": 4,
        "武器": "法器",
        "import": "data/characters/aero_4_catalyst_Sucrose.json",
        "disabled": true
    },
    "重雲": {
        "レアリティ": 4,
        "武器": "両手剣",
        "import": "data/characters/cryo_4_claymore_Chongyun.json",
        "disabled": true
    },
    "ノエル": {
        "レアリティ": 4,
        "武器": "両手剣",
        "import": "data/characters/geo_4_claymore_Noelle.json"
    },
    "ベネット": {
        "レアリティ": 4,
        "import": "data/characters/pyro_4_sword_Benette.json",
        "disabled": true
    },
    "凝光": {
        "レアリティ": 4,
        "武器": "法器",
        "import": "data/characters/geo_4_catalyst_Ningguang.json",
        "disabled": true
    },
    "フィッシュル": {
        "レアリティ": 4,
        "武器": "弓",
        "import": "data/characters/electro_4_bow_Fischl.json",
        "disabled": true
    },
    "行秋": {
        "レアリティ": 4,
        "武器": "片手剣",
        "import": "data/characters/hydro_4_sword_Xingqiu.json",
        "disabled": true
    },
    "北斗": {
        "レアリティ": 4,
        "武器": "両手剣",
        "import": "data/characters/electro_4_claymore_Beidou.json",
        "disabled": true
    },
    "レザー": {
        "レアリティ": 4,
        "武器": "両手剣",
        "import": "data/characters/electro_4_claymore_Razor.json",
        "disabled": true
    },
    "バーバラ": {
        "レアリティ": 4,
        "武器": "法器",
        "import": "data/characters/hydro_4_catalyst_Barbara.json"
    },
    "リサ": {
        "レアリティ": 4,
        "武器": "法器",
        "import": "data/characters/electro_4_catalyst_Lisa.json",
        "disabled": true
    },
    "ガイア": {
        "レアリティ": 4,
        "武器": "片手剣",
        "import": "data/characters/cryo_4_sword_Kaeya.json",
        "disabled": true
    },
    "アンバー": {
        "レアリティ": 4,
        "武器": "弓",
        "import": "data/characters/pyro_4_bow_Amber.json",
        "disabled": true
    },
    "旅人(雷)": {
        "レアリティ": 5,
        "武器": "片手剣",
        "import": "data/characters/electro_4_sword_Traveler.json",
        "disabled": true
    },
    "旅人(岩)": {
        "レアリティ": 5,
        "武器": "片手剣",
        "import": "data/characters/geo_4_sword_Traveler.json",
        "disabled": true
    },
    "旅人(風)": {
        "レアリティ": 5,
        "武器": "片手剣",
        "import": "data/characters/aero_4_sword_Traveler.json",
        "disabled": true
    }
}