{
    "赤角石塵滅砕": {
        "レアリティ": 5,
        "import": "data/weapons/claymore_5_RedhornStoneThresher.json",
        "disabled": true
    },
    "松韻の響く頃": {
        "レアリティ": 5,
        "import": "data/weapons/claymore_5_SongofBrokenPines.json"
    },
    "無工の剣": {
        "レアリティ": 5,
        "import": "data/weapons/claymore_5_TheUnforged.json"
    },
    "天空の傲": {
        "レアリティ": 5,
        "import": "data/weapons/claymore_5_SkywardPride.json"
    },
    "狼の末路": {
        "レアリティ": 5,
        "import": "data/weapons/claymore_5_WolfsGravestone.json"
    },
    "惡王丸": {
        "レアリティ": 4,
        "import": "data/weapons/claymore_4_Akuoumaru.json"
    },
    "銜玉の海皇": {
        "レアリティ": 4,
        "import": "data/weapons/claymore_4_LuxuriousSeaLord.json"
    },
    "桂木斬長正": {
        "レアリティ": 4,
        "import": "data/weapons/claymore_4_KatsuragikiriNagamasa.json"
    },
    "千岩古剣": {
        "レアリティ": 4,
        "import": "data/weapons/claymore_4_LithicBlade.json"
    },
    "雪葬の星銀": {
        "レアリティ": 4,
        "import": "data/weapons/claymore_4_SnowTombedStarsilver.json"
    },
    "螭龍の剣": {
        "レアリティ": 4,
        "import": "data/weapons/claymore_4_SerpentSpine.json"
    },
    "黒岩の斬刀": {
        "レアリティ": 4,
        "import": "data/weapons/claymore_4_BlackcliffSlasher.json"
    },
    "旧貴族大剣": {
        "レアリティ": 4,
        "import": "data/weapons/claymore_4_RoyalGreatsword.json"
    },
    "古華・試作": {
        "レアリティ": 4,
        "import": "data/weapons/claymore_4_PrototypeArchaic.json"
    },
    "白影の剣": {
        "レアリティ": 4,
        "import": "data/weapons/claymore_4_Whiteblind.json"
    },
    "雨裁": {
        "レアリティ": 4,
        "import": "data/weapons/claymore_4_Rainslasher.json"
    },
    "祭礼の大剣": {
        "レアリティ": 4,
        "import": "data/weapons/claymore_4_SacrificialGreatsword.json"
    },
    "鐘の剣": {
        "レアリティ": 4,
        "import": "data/weapons/claymore_4_TheBell.json"
    },
    "西風大剣": {
        "レアリティ": 4,
        "import": "data/weapons/claymore_4_FavoniusGreatsword.json"
    }
}