{
    "炎元素共鳴": {
        "名前": "熱誠の炎",
        "説明": "氷元素付着の継続時間-40%。攻撃力+25%",
        "詳細": [
            {
                "種類": "攻撃力%",
                "数値": 25
            }
        ]
    },
    "水元素共鳴": {
        "名前": "治療の水",
        "説明": "炎元素付着の継続時間-40%。被回復量+30%",
        "詳細": [
            {
                "種類": "受ける治療効果",
                "数値": 30
            }
        ]
    },
    "風元素共鳴": {
        "名前": "迅速の風",
        "説明": "スタミナ消費-15%、移動速度+10%。元素スキルと元素爆発のクールタイム-5%。",
        "詳細": [
            {
                "種類": "クールタイム短縮",
                "数値": 5
            }
        ]
    },
    "雷元素共鳴": {
        "名前": "強権の雷",
        "説明": "水元素付着の継続時間-40%。超電導、過負荷、感電反応を起こした時、100%の確率で雷元素粒子を生成する。クールタイム5秒。"
    },
    "氷元素共鳴": {
        "名前": "粉砕の氷",
        "説明": "雷元素付着の継続時間-40%。氷元素付着または凍結状態の敵を攻撃する時、会心率+15%。",
        "詳細": [
            {
                "種類": "会心率",
                "数値": 15
            }
        ]
    },
    "岩元素共鳴": {
        "名前": "不動の岩",
        "説明": "シールド強化+15%。また、キャラクターがシールド状態の時、以下の効果を得る：与えるダメージ+15%。敵にダメージを与えた時、敵の岩元素耐性-20%。継続時間15秒。",
        "詳細": [
            {
                "種類": "シールド強化",
                "数値": 15
            },
            {
                "種類": "与えるダメージ",
                "数値": 15
            },
            {
                "種類": "敵岩元素耐性",
                "数値": -20
            }
        ]
    },
    "元素共鳴なし": {
        "名前": "交錯の護り",
        "説明": "全元素耐性+15%",
        "詳細": [
            {
                "種類": "炎元素耐性",
                "数値": 15
            },
            {
                "種類": "水元素耐性",
                "数値": 15
            },
            {
                "種類": "風元素耐性",
                "数値": 15
            },
            {
                "種類": "雷元素耐性",
                "数値": 15
            },
            {
                "種類": "草元素耐性",
                "数値": 15
            },
            {
                "種類": "氷元素耐性",
                "数値": 15
            },
            {
                "種類": "岩元素耐性",
                "数値": 15
            },
            {
                "種類": "物理耐性",
                "数値": 15
            }
        ]
    }
}