{
    "ヒルチャール": {
        "炎元素耐性": 10,
        "水元素耐性": 10,
        "雷元素耐性": 10,
        "風元素耐性": 10,
        "氷元素耐性": 10,
        "岩元素耐性": 10,
        "物理耐性": 10
    },
    "ヒルチャール暴徒": {
        "炎元素耐性": 10,
        "水元素耐性": 10,
        "雷元素耐性": 10,
        "風元素耐性": 10,
        "氷元素耐性": 10,
        "岩元素耐性": 10,
        "物理耐性": 30
    },
    "ヒルチャール・雷兜の王": {
        "炎元素耐性": 10,
        "水元素耐性": 10,
        "雷元素耐性": 70,
        "風元素耐性": 10,
        "氷元素耐性": 10,
        "岩元素耐性": 10,
        "物理耐性": 50
    },
    "ヒルチャール・岩兜の王": {
        "炎元素耐性": 10,
        "水元素耐性": 10,
        "雷元素耐性": 10,
        "風元素耐性": 10,
        "氷元素耐性": 10,
        "岩元素耐性": 70,
        "物理耐性": 50
    },
    "ヒルチャール・霜鎧の王": {
        "炎元素耐性": 10,
        "水元素耐性": 10,
        "雷元素耐性": 10,
        "風元素耐性": 10,
        "氷元素耐性": 70,
        "岩元素耐性": 10,
        "物理耐性": 50
    },
    "アビスの魔術師": {
        "炎元素耐性": 10,
        "水元素耐性": 10,
        "雷元素耐性": 10,
        "風元素耐性": 10,
        "氷元素耐性": 10,
        "岩元素耐性": 10,
        "物理耐性": 10
    },
    "アビスの使徒・激流": {
        "炎元素耐性": 10,
        "水元素耐性": 10,
        "雷元素耐性": 10,
        "風元素耐性": 10,
        "氷元素耐性": 10,
        "岩元素耐性": 10,
        "物理耐性": 10
    },
    "アビスの使徒・紫電": {
        "炎元素耐性": 10,
        "水元素耐性": 10,
        "雷元素耐性": 10,
        "風元素耐性": 10,
        "氷元素耐性": 10,
        "岩元素耐性": 10,
        "物理耐性": 10
    },
    "ファデュイ先遣隊": {
        "炎元素耐性": 10,
        "水元素耐性": 10,
        "雷元素耐性": 10,
        "風元素耐性": 10,
        "氷元素耐性": 10,
        "岩元素耐性": 10,
        "物理耐性": -20
    },
    "デットエージェント": {
        "炎元素耐性": 50,
        "水元素耐性": 10,
        "雷元素耐性": 10,
        "風元素耐性": 10,
        "氷元素耐性": 10,
        "岩元素耐性": 10,
        "物理耐性": -20
    },
    "雷蛍術師": {
        "炎元素耐性": 10,
        "水元素耐性": 10,
        "雷元素耐性": 50,
        "風元素耐性": 10,
        "氷元素耐性": 10,
        "岩元素耐性": 10,
        "物理耐性": -20
    },
    "氷蛍術師": {
        "炎元素耐性": 10,
        "水元素耐性": 10,
        "雷元素耐性": 10,
        "風元素耐性": 10,
        "氷元素耐性": 50,
        "岩元素耐性": 10,
        "物理耐性": -20
    },
    "ミラーメイデン": {
        "炎元素耐性": 10,
        "水元素耐性": 50,
        "雷元素耐性": 10,
        "風元素耐性": 10,
        "氷元素耐性": 10,
        "岩元素耐性": 10,
        "物理耐性": -20
    },
    "遺跡守衛": {
        "炎元素耐性": 10,
        "水元素耐性": 10,
        "雷元素耐性": 10,
        "風元素耐性": 10,
        "氷元素耐性": 10,
        "岩元素耐性": 10,
        "物理耐性": 70
    },
    "遺跡ハンター": {
        "炎元素耐性": 10,
        "水元素耐性": 10,
        "雷元素耐性": 10,
        "風元素耐性": 10,
        "氷元素耐性": 10,
        "岩元素耐性": 10,
        "物理耐性": 50
    },
    "遺跡重機": {
        "炎元素耐性": 10,
        "水元素耐性": 10,
        "雷元素耐性": 10,
        "風元素耐性": 10,
        "氷元素耐性": 10,
        "岩元素耐性": 10,
        "物理耐性": 70
    },
    "遺跡巡視者": {
        "炎元素耐性": 10,
        "水元素耐性": 10,
        "雷元素耐性": 10,
        "風元素耐性": 10,
        "氷元素耐性": 10,
        "岩元素耐性": 10,
        "物理耐性": 30
    },
    "遺跡殲滅者": {
        "炎元素耐性": 10,
        "水元素耐性": 10,
        "雷元素耐性": 10,
        "風元素耐性": 10,
        "氷元素耐性": 10,
        "岩元素耐性": 10,
        "物理耐性": 30
    },
    "遺跡防衛者": {
        "炎元素耐性": 10,
        "水元素耐性": 10,
        "雷元素耐性": 10,
        "風元素耐性": 10,
        "氷元素耐性": 10,
        "岩元素耐性": 10,
        "物理耐性": 50
    },
    "遺跡偵察者": {
        "炎元素耐性": 10,
        "水元素耐性": 10,
        "雷元素耐性": 10,
        "風元素耐性": 10,
        "氷元素耐性": 10,
        "岩元素耐性": 10,
        "物理耐性": 50
    }
}