{
    "キャラクター": {
        "import": "data/キャラクターMaster.json"
    },
    "片手剣": {
        "import": "data/武器_片手剣Master.json"
    },
    "両手剣": {
        "import": "data/武器_両手剣Master.json"
    },
    "長柄武器": {
        "import": "data/武器_長柄武器Master.json"
    },
    "弓": {
        "import": "data/武器_弓Master.json"
    },
    "法器": {
        "import": "data/武器_法器Master.json"
    },
    "聖遺物_メイン効果": {
        "import": "data/聖遺物_メイン効果Master.json"
    },
    "聖遺物_サブ効果": {
        "import": "data/聖遺物_サブ効果Master.json"
    },
    "聖遺物_セット効果": {
        "import": "data/聖遺物_セット効果Master.json"
    },
    "元素共鳴": {
        "import": "data/元素共鳴Master.json"
    },
    "敵": {
        "import": "data/敵Master.json"
    }
}