{
    "草薙の稲光": {
        "import": "data/weapons/polearm_5_EngulfingLightning.json",
        "disabled": false
    },
    "護摩の杖": {
        "import": "data/weapons/polearm_5_StaffofHoma.json",
        "disabled": true
    },
    "破天の槍": {
        "import": "data/weapons/polearm_5_VortexVanquisher.json",
        "disabled": true
    },
    "天空の脊": {
        "import": "data/weapons/polearm_5_SkywardSpine.json",
        "disabled": true
    },
    "和璞鳶": {
        "import": "data/weapons/polearm_5_PrimordialJadeWinged-Spear.json",
        "disabled": true
    },
    "「漁獲」": {
        "import": "data/weapons/polearm_4_TheCatch.json"
    },
    "喜多院十文字槍": {
        "import": "data/weapons/polearm_4_KitainCrossSpear.json",
        "disabled": true
    },
    "ドラゴンスピア": {
        "import": "data/weapons/polearm_4_DragonspineSpear.json",
        "disabled": true
    },
    "旧貴族猟槍": {
        "import": "data/weapons/polearm_4_RoyalSpear.json",
        "disabled": true
    },
    "西風長槍": {
        "import": "data/weapons/polearm_4_FavoniusLance.json",
        "disabled": true
    },
    "星鎌・試作": {
        "import": "data/weapons/polearm_4_PrototypeStarglitter.json",
        "disabled": true
    },
    "千岩長槍": {
        "import": "data/weapons/polearm_4_LithicSpear.json",
        "disabled": true
    },
    "匣中滅龍": {
        "import": "data/weapons/polearm_4_DragonsBane.json",
        "disabled": true
    },
    "死闘の槍": {
        "import": "data/weapons/polearm_4_Deathmatch.json",
        "disabled": true
    },
    "流月の針": {
        "import": "data/weapons/polearm_4_CrescentPike.json",
        "disabled": true
    },
    "黒岩の突槍": {
        "import": "data/weapons/polearm_4_BlackcliffPole.json",
        "disabled": true
    }
}