{
    "霧切の廻光": {
        "レアリティ": 5,
        "import": "data/weapons/sword_5_MistsplitterReforged.json"
    },
    "蒼古なる自由への誓い": {
        "レアリティ": 5,
        "import": "data/weapons/sword_5_Freedom-Sworn.json"
    },
    "磐岩結緑": {
        "レアリティ": 5,
        "import": "data/weapons/sword_5_PrimodialJadeCutter.json"
    },
    "斬山の刃": {
        "レアリティ": 5,
        "import": "data/weapons/sword_5_SummitShaper.json"
    },
    "天空の刃": {
        "レアリティ": 5,
        "import": "data/weapons/sword_5_SkywardBlade.json"
    },
    "風鷹剣": {
        "レアリティ": 5,
        "import": "data/weapons/sword_5_AquilaFavonia.json"
    },
    "天目影打": {
        "レアリティ": 4,
        "import": "data/weapons/sword_4_AmenomaKageuchi.json"
    },
    "腐植の剣": {
        "レアリティ": 4,
        "import": "data/weapons/sword_4_SwordofDescension.json"
    },
    "ダークアレイの閃光": {
        "レアリティ": 4,
        "import": "data/weapons/sword_4_TheAlleyFlash.json"
    },
    "黒剣": {
        "レアリティ": 4,
        "import": "data/weapons/sword_4_TheBlackSword.json"
    },
    "黒岩の長剣": {
        "レアリティ": 4,
        "import": "data/weapons/sword_4_BlackcliffLongsword.json"
    },
    "旧貴族の長剣": {
        "レアリティ": 4,
        "import": "data/weapons/sword_4_RoyalLongsword.json"
    },
    "斬岩・試作": {
        "レアリティ": 4,
        "import": "data/weapons/sword_4_PrototypeRancour.json"
    },
    "鉄蜂の刺し": {
        "レアリティ": 4,
        "import": "data/weapons/sword_4_IronSting.json"
    },
    "匣中龍吟": {
        "レアリティ": 4,
        "import": "data/weapons/sword_4_LionsRoar.json"
    },
    "祭礼の剣": {
        "レアリティ": 4,
        "import": "data/weapons/sword_4_SacrificialSword.json"
    },
    "笛の剣": {
        "レアリティ": 4,
        "import": "data/weapons/sword_4_TheFlute.json"
    },
    "西風剣": {
        "レアリティ": 4,
        "import": "data/weapons/sword_4_FavoniusSword.json"
    },
    "黎明の神剣": {
        "レアリティ": 3,
        "import": "data/weapons/sword_3_HarbingerofDawn.json"
    }
}