{
    "名前": "天空の翼",
    "レアリティ": 5,
    "種類": "弓",
    "ステータス": {
        "基礎攻撃力": {
            "90": 674,
            "85": 648,
            "80+": 621,
            "80": 590,
            "75": 563,
            "70+": 537,
            "70": 506
        },
        "会心率": {
            "90": 22.1,
            "85": 21.1,
            "80+": 20.1,
            "80": 20.1,
            "75": 19.1,
            "70+": 18.2,
            "70": 18.2
        }
    },
    "武器スキル": {
        "名前": "天に響く詩",
        "説明": "会心ダメージ+20%。攻撃が命中した時、60%の確率で狭範囲内の敵に攻撃力の125%のダメージを与える。4秒毎に1回のみ発動可能。",
        "詳細": [
            {
                "種類": "会心ダメージ",
                "数値": {
                    "1": 20,
                    "2": 25,
                    "3": 30,
                    "4": 35,
                    "5": 40
                }
            },
            {
                "種類": "追加ダメージ",
                "元素": "物理",
                "数値": {
                    "1": "125%攻撃力",
                    "2": "125%攻撃力",
                    "3": "125%攻撃力",
                    "4": "125%攻撃力",
                    "5": "125%攻撃力"
                }
            }
        ]
    }
}