{
    "名前": "不滅の月華",
    "レアリティ": 5,
    "種類": "法器",
    "ステータス": {
        "基礎攻撃力": {
            "90": 608,
            "85": 586,
            "80+": 563,
            "80": 532,
            "75": 510,
            "70+": 488,
            "70": 457
        },
        "HP%": {
            "90": 49.6,
            "85": 47.4,
            "80+": 45.3,
            "80": 45.3,
            "75": 43.1,
            "70+": 40.9,
            "70": 40.9
        }
    },
    "武器スキル": {
        "名前": "白夜皓月",
        "説明": "与える治療効果+?%。この武器を装備したキャラクターのHP上限の?%分、通常攻撃ダメージがアップする。元素爆発を発動した後の12秒間、通常攻撃が敵に命中すると元素エネルギーが0.6ポイント回復する。この方式での元素エネルギー回復は、0.1秒毎に1回のみ可能。",
        "詳細": [
            {
                "種類": "与える治療効果",
                "数値": {
                    "1": 10,
                    "2": 12.5,
                    "3": 15,
                    "4": 17.5,
                    "5": 20
                }
            },
            {
                "種類": "通常攻撃ダメージ",
                "数値": {
                    "1": "1%HP上限",
                    "2": "1.5%HP上限",
                    "3": "2%HP上限",
                    "4": "2.5%HP上限",
                    "5": "3%HP上限"
                }
            }
        ]
    }
}