{
    "炎": {
        "蒸発": {
            "種類": "乗算",
            "数値": 1.5,
            "元素": "炎"
        },
        "過負荷": {
            "種類": "固定",
            "数値": {
                "80": 2154,
                "90": 2893
            },
            "元素": "炎"
        },
        "溶解": {
            "種類": "乗算",
            "数値": 2,
            "元素": "炎"
        }
    },
    "水": {
        "蒸発": {
            "種類": "乗算",
            "数値": 2,
            "元素": "水"
        },
        "感電": {
            "種類": "固定",
            "数値": {
                "80": 1292,
                "90": 1736
            },
            "元素": "雷"
        },
        "氷砕き": {
            "種類": "固定",
            "数値": {
                "80": 1616,
                "90": 2170
            },
            "元素": "物理"
        }
    },
    "風": {
        "拡散": {
            "種類": "固定",
            "数値": {
                "80": 646,
                "90": 868
            }
        }
    },
    "雷": {
        "過負荷": {
            "種類": "固定",
            "数値": {
                "80": 2154,
                "90": 2893
            },
            "元素": "炎"
        },
        "感電": {
            "種類": "固定",
            "数値": {
                "80": 1292,
                "90": 1736
            },
            "元素": "雷"
        },
        "超電導": {
            "種類": "固定",
            "数値": {
                "80": 538,
                "90": 723
            },
            "元素": "氷"
        }
    },
    "氷": {
        "溶解": {
            "種類": "乗算",
            "数値": 1.5,
            "元素": "氷"
        },
        "氷砕き": {
            "種類": "固定",
            "数値": {
                "80": 1616,
                "90": 2170
            },
            "元素": "物理"
        },
        "超電導": {
            "種類": "固定",
            "数値": {
                "80": 538,
                "90": 723
            },
            "元素": "氷"
        }
    },
    "岩": {
        "結晶": {
            "種類": "固定",
            "数値": {
                "80": 1597,
                "90": 1851
            }
        }
    }
}