{
    "名前": "旅人(風)",
    "レアリティ": 4,
    "武器": "片手剣",
    "元素": "風",
    "ステータス": {
        "基礎HP": {
            "80": 9638,
            "80+": 10122,
            "90": 10875
        },
        "基礎攻撃力": {
            "80": 188,
            "80+": 198,
            "90": 212
        },
        "基礎防御力": {
            "80": 605,
            "80+": 635,
            "90": 683
        },
        "攻撃力%": {
            "80": 18,
            "80+": 24,
            "90": 24
        }
    },
    "通常攻撃": {
        "名前": "通常攻撃・異邦の鉄風",
        "説明": "剣による最大5段の連続攻撃を行う。",
        "詳細": [
            {
                "名前": "1段ダメージ",
                "数値": {
                    "1": "44.5%",
                    "2": "48.1%",
                    "3": "51.7%",
                    "4": "56.9%",
                    "5": "60.5%",
                    "6": "64.6%",
                    "7": "70.3%",
                    "8": "76.0%",
                    "9": "81.7%",
                    "10": "87.9%",
                    "11": "94.1%"
                }
            },
            {
                "名前": "2段ダメージ",
                "数値": {
                    "1": "43.4%",
                    "2": "47.0%",
                    "3": "50.5%",
                    "4": "55.6%",
                    "5": "59.1%",
                    "6": "63.1%",
                    "7": "68.7%",
                    "8": "74.2%",
                    "9": "79.8%",
                    "10": "85.9%",
                    "11": "91.9%"
                }
            },
            {
                "名前": "3段ダメージ",
                "数値": {
                    "1": "53.0%",
                    "2": "57.3%",
                    "3": "61.6%",
                    "4": "67.8%",
                    "5": "72.1%",
                    "6": "77.0%",
                    "7": "83.8%",
                    "8": "90.6%",
                    "9": "97.3%",
                    "10": "105%",
                    "11": "112%"
                }
            },
            {
                "名前": "4段ダメージ",
                "数値": {
                    "1": "58.3%",
                    "2": "63.1%",
                    "3": "67.8%",
                    "4": "74.6%",
                    "5": "79.3%",
                    "6": "84.8%",
                    "7": "92.2%",
                    "8": "99.7%",
                    "9": "107%",
                    "10": "115%",
                    "11": "123%"
                }
            },
            {
                "名前": "5段ダメージ",
                "数値": {
                    "1": "70.8%",
                    "2": "76.5%",
                    "3": "82.3%",
                    "4": "90.5%",
                    "5": "96.3%",
                    "6": "103%",
                    "7": "112%",
                    "8": "121%",
                    "9": "130%",
                    "10": "140%",
                    "11": "150%"
                }
            },
            {
                "名前": "風の刃",
                "数値": "60%",
                "元素": "風"
            }
        ]
    },
    "重撃": {
        "説明": [
            "一定のスタミナを消費し、前方に斬撃を2回放つ。"
        ],
        "詳細": [
            {
                "名前": "重撃ダメージ",
                "数値": {
                    "1": "55.9%+60.7%",
                    "2": "60.5%+65.7%",
                    "3": "65.0%+70.6%",
                    "4": "71.5%+77.7%",
                    "5": "76.1%+82.6%",
                    "6": "81.3%+88.3%",
                    "7": "88.4%+96.0%",
                    "8": "95.6%+104%",
                    "9": "103%+112%",
                    "10": "111%+120.02%",
                    "11": "118%+128.49%"
                },
                "HIT数": 2
            }
        ]
    },
    "落下攻撃": {
        "説明": "空中から落下し地面に衝撃を与える。経路上の敵を攻撃し、落下時に範囲ダメージを与える。",
        "詳細": [
            {
                "名前": "落下期間のダメージ",
                "種類": "落下攻撃ダメージ",
                "数値": {
                    "1": "63.9%",
                    "2": "69.1%",
                    "3": "74.3%",
                    "4": "81.8%",
                    "5": "87.0%",
                    "6": "92.9%",
                    "7": "101.1%",
                    "8": "109.3%",
                    "9": "117.5%",
                    "10": "126.4%",
                    "11": "135.3%"
                }
            },
            {
                "名前": "低空落下攻撃ダメージ",
                "種類": "落下攻撃ダメージ",
                "数値": {
                    "1": "128%",
                    "2": "138%",
                    "3": "149%",
                    "4": "164%",
                    "5": "174%",
                    "6": "186%",
                    "7": "202%",
                    "8": "219%",
                    "9": "235%",
                    "10": "253%",
                    "11": "271%"
                }
            },
            {
                "名前": "高空落下攻撃ダメージ",
                "種類": "落下攻撃ダメージ",
                "数値": {
                    "1": "160%",
                    "2": "173%",
                    "3": "186%",
                    "4": "204%",
                    "5": "217%",
                    "6": "232%",
                    "7": "253%",
                    "8": "273%",
                    "9": "293%",
                    "10": "316%",
                    "11": "338%"
                }
            }
        ]
    },
    "元素スキル": {
        "名前": "旋風の剣",
        "説明": [
            "風の力を握りしめ、手のひらに真空の渦を集中させ、前方の敵に風元素ダメージを持続的に与える。",
            "スキル終了時、真空の渦は爆発し、より広範囲で強力な風元素ダメージを与える。",
            "**長押し**",
            "ダメージと影響範囲が徐々に大きくなる。",
            "**元素変化**",
            "真空の渦がスキル継続中に水元素/炎元素/氷元素/雷元素に接触すると、接触した元素属性を獲得し、該当元素の付加ダメージを追加で与える。",
            "元素変化はスキル継続中に1回のみ発生する。",
            "*どうすれば形のない風を掴むことができるのか、パイモンと話し合った。*"
        ],
        "詳細": [
            {
                "名前": "初期切裂ダメージ",
                "数値": {
                    "1": "12.0%",
                    "2": "12.9%",
                    "3": "13.8%",
                    "4": "15.0%",
                    "5": "15.9%",
                    "6": "16.8%",
                    "7": "18.0%",
                    "8": "19.2%",
                    "9": "20.4%",
                    "10": "21.6%",
                    "11": "22.8%",
                    "12": "24.0%",
                    "13": "25.0%"
                }
            },
            {
                "名前": "最大切裂ダメージ",
                "数値": {
                    "1": "16.8%",
                    "2": "18.06%",
                    "3": "19.3%",
                    "4": "21.0%",
                    "5": "22.3%",
                    "6": "23.5%",
                    "7": "25.2%",
                    "8": "26.9%",
                    "9": "28.6%",
                    "10": "30.2%",
                    "11": "31.9%",
                    "12": "33.6%",
                    "13": "35.7%"
                }
            },
            {
                "名前": "初期爆風ダメージ",
                "数値": {
                    "1": "176%",
                    "2": "189.2%",
                    "3": "202%",
                    "4": "220%",
                    "5": "233%",
                    "6": "246%",
                    "7": "264%",
                    "8": "282%",
                    "9": "299%",
                    "10": "317%",
                    "11": "334%",
                    "12": "352%",
                    "13": "374%"
                }
            },
            {
                "名前": "最大爆風ダメージ",
                "数値": {
                    "1": "192%",
                    "2": "206.4%",
                    "3": "221%",
                    "4": "240%",
                    "5": "254%",
                    "6": "269%",
                    "7": "288%",
                    "8": "307%",
                    "9": "326%",
                    "10": "346%",
                    "11": "365%",
                    "12": "384%",
                    "13": "408%"
                }
            }
        ]
    },
    "元素爆発": {
        "名前": "激風の息",
        "説明": [
            "風を導き、前方に継続前進する竜巻を召喚する。経路上の物体と敵を巻き込み、風元素ダメージを持続的に与える。",
            "**元素変化**",
            "竜巻がスキル継続中に水元素/炎元素/氷元素/雷元素に接触すると、接触した元素の属性を獲得し、該当元素の付加ダメージを追加で与える。",
            "元素変化はスキル継続中に1回のみ発生する。",
            "*パイモンと一緒に蝶々の羽根を研究した。*"
        ],
        "詳細": [
            {
                "名前": "竜巻ダメージ",
                "数値": {
                    "1": "80.8%",
                    "2": "86.86%",
                    "3": "92.92%",
                    "4": "101%",
                    "5": "107%",
                    "6": "113%",
                    "7": "121%",
                    "8": "129%",
                    "9": "137%",
                    "10": "145%",
                    "11": "154%",
                    "12": "162%",
                    "13": "172%"
                }
            },
            {
                "名前": "付加元素ダメージ",
                "数値": {
                    "1": "24.8%",
                    "2": "26.66%",
                    "3": "28.52%",
                    "4": "31.0%",
                    "5": "32.9%",
                    "6": "34.7%",
                    "7": "37.2%",
                    "8": "39.7%",
                    "9": "42.2%",
                    "10": "44.6%",
                    "11": "47.1%",
                    "12": "49.6%",
                    "13": "52.7%"
                },
                "元素": "炎"
            }
        ],
        "クールタイム": 15,
        "元素エネルギー": 60
    },
    "固有天賦": [
        {
            "名前": "空を裂く風",
            "種類": "固有天賦",
            "説明": [
                "通常攻撃の最後の一撃が風の刃を放つようになり、経路上の敵に攻撃力60%分の風元素ダメージを与える。"
            ]
        },
        {
            "名前": "蘇生の風",
            "種類": "固有天賦",
            "説明": [
                "旋風の剣で敵を倒した後、1秒毎にHPを2%回復する、継続時間5秒。",
                "5秒に1回のみ発動可能。"
            ]
        }
    ],
    "命ノ星座": {
        "1": {
            "名前": "回転する怒風",
            "説明": "旋風の剣は周囲5メートル以内の敵と物体をゆっくりと自分の前に吸い寄せることができる。"
        },
        "2": {
            "名前": "革新の旋風",
            "説明": [
                "元素チャージ効率+16%"
            ],
            "詳細": [
                {
                    "種類": "元素チャージ効率",
                    "数値": 16
                }
            ]
        },
        "3": {
            "名前": "天地の剛風",
            "説明": [
                "激風の息のスキルLv.+3。",
                "最大Lv.15まで。"
            ]
        },
        "4": {
            "名前": "恩眷の和風",
            "説明": "旋風の剣継続中､自身の受けるダメージ-10%。",
            "詳細": [
                {
                    "条件": "旋風の剣継続中 受けるダメージ-10%",
                    "種類": "ダメージ軽減",
                    "数値": 10
                }
            ]
        },
        "5": {
            "名前": "群星の渦風",
            "説明": [
                "旋風の剣のスキルLv.+3。",
                "最大Lv.15まで"
            ]
        },
        "6": {
            "名前": "もつれる信風",
            "説明": [
                "激風の息によるダメージを受けた目標の風元素耐性-20%。",
                "元素変化があった場合､該当の元素耐性-20%。"
            ],
            "詳細": [
                {
                    "条件": "激風の息命中後(10秒)風元素耐性-20%",
                    "種類": "敵風元素耐性",
                    "数値": -20
                }
            ]
        }
    },
    "おすすめセット": [
        {
            "武器": "斬岩・試作",
            "聖遺物メイン効果3": "5_攻撃力%",
            "聖遺物メイン効果4": "5_風元素ダメージバフ",
            "聖遺物メイン効果5": "5_会心率",
            "聖遺物セット効果1": "翠緑の影",
            "聖遺物セット効果2": "翠緑の影",
            "聖遺物優先するサブ効果1": "元素チャージ効率",
            "聖遺物優先するサブ効果2": null,
            "聖遺物優先するサブ効果3": null
        },
        {
            "武器": "鉄蜂の刺し",
            "聖遺物メイン効果3": "5_攻撃力%",
            "聖遺物メイン効果4": "5_風元素ダメージバフ",
            "聖遺物メイン効果5": "5_会心率",
            "聖遺物セット効果1": "翠緑の影",
            "聖遺物セット効果2": "翠緑の影",
            "聖遺物優先するサブ効果1": "元素チャージ効率",
            "聖遺物優先するサブ効果2": null,
            "聖遺物優先するサブ効果3": null
        },
        {
            "武器": "腐植の剣",
            "聖遺物メイン効果3": "5_攻撃力%",
            "聖遺物メイン効果4": "5_風元素ダメージバフ",
            "聖遺物メイン効果5": "5_会心率",
            "聖遺物セット効果1": "翠緑の影",
            "聖遺物セット効果2": "翠緑の影",
            "聖遺物優先するサブ効果1": "元素チャージ効率",
            "聖遺物優先するサブ効果2": null,
            "聖遺物優先するサブ効果3": null
        },
        {
            "武器": "天目影打",
            "聖遺物メイン効果3": "5_攻撃力%",
            "聖遺物メイン効果4": "5_風元素ダメージバフ",
            "聖遺物メイン効果5": "5_会心率",
            "聖遺物セット効果1": "翠緑の影",
            "聖遺物セット効果2": "翠緑の影",
            "聖遺物優先するサブ効果1": "元素チャージ効率",
            "聖遺物優先するサブ効果2": null,
            "聖遺物優先するサブ効果3": null
        }
    ]
}