{
    "名前": "ファルザン",
    "説明": "「百年前」から訪れた学者。自ら好んで先輩と名乗り、各種古代文字や古典ギミックに精通している。",
    "icon_url": "images/characters/face/anemo_4_bow_Faruzan.png",
    "レアリティ": 4,
    "武器": "弓",
    "元素": "風",
    "baseInfo": {
        "名称": "ファルザン",
        "誕生日": "8月20日",
        "命ノ星座": "藤蔓の花飾座",
        "称号": "機求封秘",
        "神の目": "風",
        "所属": "ハルヴァタット学院",
        "中国語 CV": "阎萌萌",
        "英語 CV": "Chandni Parekh",
        "日本語 CV": "堀江由衣",
        "韓国語 CV": "김유림",
        "オリジナル料理": "古風な製法のデーツナン",
        "実装バージョン": "3.3"
    },
    "region": "スメール",
    "ステータス": {
        "基礎HP": {
            "1+": 802,
            "20": 2061,
            "20+": 2661,
            "40": 3985,
            "40+": 4411,
            "50": 5074,
            "50+": 5642,
            "60": 6305,
            "60+": 6731,
            "70": 7393,
            "70+": 7818,
            "80": 8481,
            "80+": 8907,
            "90": 9570
        },
        "基礎攻撃力": {
            "1+": 17,
            "20": 43,
            "20+": 55,
            "40": 82,
            "40+": 91,
            "50": 104,
            "50+": 116,
            "60": 130,
            "60+": 138,
            "70": 152,
            "70+": 161,
            "80": 174,
            "80+": 183,
            "90": 197
        },
        "基礎防御力": {
            "1+": 53,
            "20": 135,
            "20+": 175,
            "40": 262,
            "40+": 289,
            "50": 333,
            "50+": 370,
            "60": 414,
            "60+": 442,
            "70": 485,
            "70+": 513,
            "80": 556,
            "80+": 584,
            "90": 628
        },
        "攻撃力%": {
            "1+": 0,
            "20": 0,
            "20+": 0,
            "40": 0,
            "40+": 6,
            "50": 6,
            "50+": 12,
            "60": 12,
            "60+": 12,
            "70": 12,
            "70+": 18,
            "80": 18,
            "80+": 24,
            "90": 24
        }
    },
    "オプション初期値": {
        "七窟遺智": false
    },
    "通常攻撃": {
        "名前": "通常攻撃·転回弓術",
        "説明": "<span style=\"color: rgb(255, 215, 128)\">通常攻撃</span><br>最大4段の連続射撃を行う。<br><br><span style=\"color: rgb(255, 215, 128)\">重撃</span><br>ダメージがより高く、より精確な<span style=\"color: rgb(255, 215, 128)\">狙い撃ち</span>を発動する。<br>照準時、強風を矢先に凝集させ、強風の力に満ちた矢で敵に<span style=\"color: rgb(128, 255, 215)\">風元素ダメージ</span>を与える。<br><br><span style=\"color: rgb(255, 215, 128)\">落下攻撃</span><br>空中から矢の雨を放ち、凄まじいスピードで落下し地面に衝撃を与える。経路上の敵を攻撃し、落下時に範囲ダメージを与える。",
        "icon_url": "images/characters/anemo_4_bow_Faruzan/talent_1.png",
        "詳細": [
            {
                "名前": "1段ダメージ",
                "数値": {
                    "1": "44.7%",
                    "2": "48.4%",
                    "3": "52.0%",
                    "4": "57.2%",
                    "5": "60.9%",
                    "6": "65.0%",
                    "7": "70.7%",
                    "8": "76.5%",
                    "9": "82.2%",
                    "10": "88.4%",
                    "11": "94.7%"
                }
            },
            {
                "名前": "2段ダメージ",
                "数値": {
                    "1": "42.2%",
                    "2": "45.6%",
                    "3": "49.1%",
                    "4": "54.0%",
                    "5": "57.4%",
                    "6": "61.3%",
                    "7": "66.7%",
                    "8": "72.1%",
                    "9": "77.5%",
                    "10": "83.4%",
                    "11": "89.3%"
                }
            },
            {
                "名前": "3段ダメージ",
                "数値": {
                    "1": "53.2%",
                    "2": "57.5%",
                    "3": "61.8%",
                    "4": "68.0%",
                    "5": "72.3%",
                    "6": "77.3%",
                    "7": "84.1%",
                    "8": "90.9%",
                    "9": "97.7%",
                    "10": "105.1%",
                    "11": "112.5%"
                }
            },
            {
                "名前": "4段ダメージ",
                "数値": {
                    "1": "70.6%",
                    "2": "76.4%",
                    "3": "82.1%",
                    "4": "90.3%",
                    "5": "96.1%",
                    "6": "102.6%",
                    "7": "111.7%",
                    "8": "120.7%",
                    "9": "129.7%",
                    "10": "139.6%",
                    "11": "149.5%"
                }
            }
        ]
    },
    "重撃": {
        "詳細": [
            {
                "名前": "狙い撃ち",
                "数値": {
                    "1": "43.9%",
                    "2": "47.4%",
                    "3": "51.0%",
                    "4": "56.1%",
                    "5": "59.7%",
                    "6": "63.8%",
                    "7": "69.4%",
                    "8": "75.0%",
                    "9": "80.6%",
                    "10": "86.7%",
                    "11": "92.8%"
                }
            },
            {
                "名前": "フルチャージ狙い撃ち",
                "数値": {
                    "1": "124%",
                    "2": "133%",
                    "3": "143%",
                    "4": "155%",
                    "5": "164%",
                    "6": "174%",
                    "7": "186%",
                    "8": "198%",
                    "9": "211%",
                    "10": "223%",
                    "11": "236%"
                },
                "元素": "風"
            }
        ]
    },
    "落下攻撃": {
        "詳細": [
            {
                "名前": "落下期間のダメージ",
                "種類": "落下攻撃ダメージ",
                "数値": {
                    "1": "56.8%",
                    "2": "61.5%",
                    "3": "66.1%",
                    "4": "72.7%",
                    "5": "77.3%",
                    "6": "82.6%",
                    "7": "89.9%",
                    "8": "97.1%",
                    "9": "104.4%",
                    "10": "112.3%",
                    "11": "120.3%"
                }
            },
            {
                "名前": "低空/高空落下攻撃ダメージ",
                "種類": "落下攻撃ダメージ",
                "数値": {
                    "1": "114%",
                    "2": "123%",
                    "3": "132%",
                    "4": "145%",
                    "5": "155%",
                    "6": "165%",
                    "7": "180%",
                    "8": "194%",
                    "9": "209%",
                    "10": "225%",
                    "11": "240%"
                }
            },
            {
                "名前": "低空/高空落下攻撃ダメージ",
                "種類": "落下攻撃ダメージ",
                "数値": {
                    "1": "142%",
                    "2": "153%",
                    "3": "165%",
                    "4": "182%",
                    "5": "193%",
                    "6": "206%",
                    "7": "224%",
                    "8": "243%",
                    "9": "261%",
                    "10": "281%",
                    "11": "300%"
                }
            }
        ]
    },
    "元素スキル": {
        "名前": "非想風天",
        "説明": "ファルザンが多面体を配置し、周囲の敵に<span style=\"color: rgb(128, 255, 215)\">風元素範囲ダメージ</span>を与え、「疾風示現」効果を獲得する。<br>「疾風示現」状態時、ファルザンの次のフルチャージ狙い撃ちでその「疾風示現」効果を消費し、高圧の渦を纏った「風烈の矢」を放ち、「通常攻撃·転回弓術」のフルチャージ狙い撃ちのダメージを基に<span style=\"color: rgb(128, 255, 215)\">風元素ダメージ</span>を与える。<br><br><span style=\"color: #FFD780\">風圧崩潰</span><br>風烈の矢は命中した敵およびキャラクターに「風圧崩潰」効果を付与する。この効果は短い間隔を経たあと解除され、サイクロンを生成して<span style=\"color: rgb(128, 255, 215)\">風元素範囲ダメージ</span>を与え、近くの物体と敵を引き寄せる。敵およびキャラクターに命中しなかった場合、命中した位置に「風圧崩潰」効果を付与する。<br>サイクロンによるダメージは元素スキルダメージと見なされる。<br><br><em>俗見の壁を打ち砕き、真理の風はやがて求知者の霊囿にそよぐ。</em>",
        "icon_url": "images/characters/anemo_4_bow_Faruzan/talent_2.png",
        "詳細": [
            {
                "名前": "スキルダメージ",
                "数値": {
                    "1": "148.8%",
                    "2": "160.0%",
                    "3": "171.1%",
                    "4": "186.0%",
                    "5": "197.2%",
                    "6": "208.3%",
                    "7": "223.2%",
                    "8": "238.1%",
                    "9": "253.0%",
                    "10": "267.8%",
                    "11": "282.7%",
                    "12": "297.6%",
                    "13": "316.2%"
                }
            },
            {
                "名前": "風圧崩潰のサイクロンダメージ",
                "数値": {
                    "1": "108.0%",
                    "2": "116.1%",
                    "3": "124.2%",
                    "4": "135.0%",
                    "5": "143.1%",
                    "6": "151.2%",
                    "7": "162.0%",
                    "8": "172.8%",
                    "9": "183.6%",
                    "10": "194.4%",
                    "11": "205.2%",
                    "12": "216.0%",
                    "13": "229.5%"
                }
            }
        ],
        "疾風示現の継続時間": 18,
        "クールタイム": 6
    },
    "元素爆発": {
        "名前": "搏風秘道",
        "説明": "ファルザンが「赫耀多面体」を即座に配置して「烈風波」を1回放ち、<span style=\"color: #80FFD7\">風元素範囲ダメージ</span>を与える。<br>継続時間中、赫耀多面体は三角形の軌跡に沿って移動し続け、三角形の軌跡の頂点に達するたびに烈風波を1回放つ。<br><br>烈風波<br>・烈風波を放つ時、周囲の敵に「詭風の禍つ」効果を付与し、敵の<span style=\"color: #80FFD7\">風元素耐性</span>をダウンさせる。<br>・烈風波を放つ時、周囲のチーム全員に「祈風の恵み」効果を与え、<span style=\"color: #80FFD7\">風元素ダメージ</span>をアップする。<br><br><em>古代遺跡に隠された未知なる智慧は、十分な敬意の念を払うべきである。</em>",
        "icon_url": "images/characters/anemo_4_bow_Faruzan/talent_3.png",
        "詳細": [
            {
                "名前": "スキルダメージ",
                "数値": {
                    "1": "377.6%",
                    "2": "405.9%",
                    "3": "434.2%",
                    "4": "472.0%",
                    "5": "500.3%",
                    "6": "528.6%",
                    "7": "566.4%",
                    "8": "604.2%",
                    "9": "641.9%",
                    "10": "679.7%",
                    "11": "717.4%",
                    "12": "755.2%",
                    "13": "802.4%"
                }
            },
            {
                "名前": "風元素ダメージアップ",
                "種類": "表示",
                "数値": {
                    "1": 18.0,
                    "2": 19.4,
                    "3": 20.7,
                    "4": 22.5,
                    "5": 23.8,
                    "6": 25.2,
                    "7": 27.0,
                    "8": 28.8,
                    "9": 30.6,
                    "10": 32.4,
                    "11": 34.2,
                    "12": 36.0,
                    "13": 38.3
                }
            },
            {
                "条件": "祈風の恵み",
                "種類": "風元素ダメージバフ",
                "数値": {
                    "1": 18.0,
                    "2": 19.4,
                    "3": 20.7,
                    "4": 22.5,
                    "5": 23.8,
                    "6": 25.2,
                    "7": 27.0,
                    "8": 28.8,
                    "9": 30.6,
                    "10": 32.4,
                    "11": 34.2,
                    "12": 36.0,
                    "13": 38.3
                }
            },
            {
                "条件": "詭風の禍つ",
                "種類": "敵風元素耐性",
                "数値": -30
            }
        ],
        "祈風の恵みの継続時間": 4,
        "詭風の禍つの継続時間": 4,
        "継続時間": 12,
        "クールタイム": 20,
        "元素エネルギー": 80
    },
    "固有天賦": [
        {
            "名前": "迅速流風",
            "説明": "ファルザンが<span style=\"color: rgb(255, 215, 128)\">非想風天</span>の「疾風示現」状態時、狙い撃ちのチャージ時間-60%。同時に、「風圧崩潰」効果によるサイクロンが命中した敵に<span style=\"color: rgb(255, 215, 128)\">搏風秘道</span>の「詭風の禍つ」効果を付与する。",
            "icon_url": "images/characters/anemo_4_bow_Faruzan/talent_4.png",
            "詳細": []
        },
        {
            "名前": "七窟遺智",
            "説明": "<span style=\"color: rgb(255, 215, 128)\">搏風秘道</span>の「祈風の恵み」効果を持つキャラクターの通常攻撃、重撃、落下攻撃、元素スキル、または元素爆発が敵に<span style=\"color: rgb(128, 255, 215)\">風元素ダメージ</span>を与える時、烈風護持効果を発動する。この効果はファルザンの基礎攻撃力の32%分を基準にダメージを上げる。烈風護持効果の発生は0.8秒毎に1回のみ可能。この効果は「祈風の恵み」効果の継続時間終了、または1回発動した後に消失する。",
            "icon_url": "images/characters/anemo_4_bow_Faruzan/talent_5.png",
            "詳細": [
                {
                    "条件": "七窟遺智&祈風の恵み",
                    "種類": "風元素ダメージアップ",
                    "数値": "32%基礎攻撃力"
                }
            ]
        },
        {
            "名前": "千書曜跡",
            "説明": "スメールで20時間かかる探索任務を完了した時、獲得する報酬+25%。",
            "icon_url": "images/characters/anemo_4_bow_Faruzan/talent_6.png",
            "詳細": []
        }
    ],
    "命ノ星座": {
        "1": {
            "名前": "破離求真",
            "説明": "1回の<span style=\"color: #FFD780\">非想風天</span>の「疾風示現」効果継続時間中、ファルザンはフルチャージ狙い撃ちで「風烈の矢」を最大2回まで放てる。",
            "icon_url": "images/characters/anemo_4_bow_Faruzan/summaryList_1.png",
            "詳細": []
        },
        "2": {
            "名前": "忘形煉智",
            "説明": "<span style=\"color: #FFD780\">搏風秘道</span>の「赫耀多面体」の存在時間+6秒。",
            "icon_url": "images/characters/anemo_4_bow_Faruzan/summaryList_2.png",
            "詳細": []
        },
        "3": {
            "名前": "霊囿漫遊",
            "説明": "<span style=\"color: rgb(255, 215, 128)\">非想風天</span>のスキルLv.+3。<br>最大Lv.15まで。",
            "icon_url": "images/characters/anemo_4_bow_Faruzan/summaryList_3.png",
            "詳細": []
        },
        "4": {
            "名前": "神機明悟",
            "説明": "命中した敵の数に基づき、<span style=\"color: rgb(255, 215, 128)\">風圧崩潰</span>のサイクロンはファルザンの元素エネルギーを回復する。1体の敵に命中した場合、ファルザンの元素エネルギーを2ポイント回復する。また、追加で1体の敵に命中するたびに、ファルザンの元素エネルギーが0.5ポイント回復する。<br>この方法により1回のサイクロンで回復できる元素エネルギーは最大4ポイントまで。",
            "icon_url": "images/characters/anemo_4_bow_Faruzan/summaryList_4.png",
            "詳細": []
        },
        "5": {
            "名前": "思慮奇境",
            "説明": "<span style=\"color: rgb(255, 215, 128)\">搏風秘道</span>のスキルLv.+3。<br>最大Lv.15まで。",
            "icon_url": "images/characters/anemo_4_bow_Faruzan/summaryList_5.png",
            "詳細": []
        },
        "6": {
            "名前": "妙道合一",
            "説明": "<span style=\"color: rgb(255, 215, 128)\">搏風秘道</span>の「祈風の恵み」効果のキャラクターが<span style=\"color: #80FFD7\">風元素ダメージ</span>を与える時、会心ダメージ+40%。「祈風の恵み」状態のフィールド上キャラクターがダメージを与えると、追加で敵に「風圧崩潰」効果を付与する、この効果は3秒毎に1回のみ発動可能で、チーム全員がクールタイムを共有する。",
            "icon_url": "images/characters/anemo_4_bow_Faruzan/summaryList_6.png",
            "詳細": [
                {
                    "条件": "祈風の恵み",
                    "種類": "風元素ダメージ会心ダメージ",
                    "数値": 40
                }
            ]
        }
    },
    "おすすめセット": [
        {
            "武器": "終焉を嘆く詩",
            "聖遺物メイン効果3": "5_元素チャージ効率",
            "聖遺物メイン効果4": "5_風元素ダメージバフ",
            "聖遺物メイン効果5": "5_会心率",
            "聖遺物セット効果1": "翠緑の影",
            "聖遺物セット効果2": "翠緑の影",
            "聖遺物優先するサブ効果1": "会心ダメージ",
            "聖遺物優先するサブ効果2": "会心率",
            "聖遺物優先するサブ効果3": "攻撃力%"
        },
        {
            "武器": "終焉を嘆く詩",
            "聖遺物メイン効果3": "5_元素チャージ効率",
            "聖遺物メイン効果4": "5_風元素ダメージバフ",
            "聖遺物メイン効果5": "5_会心率",
            "聖遺物セット効果1": "旧貴族のしつけ",
            "聖遺物セット効果2": "旧貴族のしつけ",
            "聖遺物優先するサブ効果1": "会心ダメージ",
            "聖遺物優先するサブ効果2": "会心率",
            "聖遺物優先するサブ効果3": "元素チャージ効率"
        },
        {
            "武器": "絶弦",
            "聖遺物メイン効果3": "5_元素チャージ効率",
            "聖遺物メイン効果4": "5_風元素ダメージバフ",
            "聖遺物メイン効果5": "5_会心率",
            "聖遺物セット効果1": "翠緑の影",
            "聖遺物セット効果2": "翠緑の影",
            "聖遺物優先するサブ効果1": "会心ダメージ",
            "聖遺物優先するサブ効果2": "会心率",
            "聖遺物優先するサブ効果3": "元素チャージ効率"
        },
        {
            "武器": "西風猟弓",
            "聖遺物メイン効果3": "5_元素チャージ効率",
            "聖遺物メイン効果4": "5_風元素ダメージバフ",
            "聖遺物メイン効果5": "5_会心率",
            "聖遺物セット効果1": "翠緑の影",
            "聖遺物セット効果2": "翠緑の影",
            "聖遺物優先するサブ効果1": "会心ダメージ",
            "聖遺物優先するサブ効果2": "会心率",
            "聖遺物優先するサブ効果3": "元素チャージ効率"
        }
    ],
    "チームバフ": [
        {
            "条件": "詭風の禍つ",
            "種類": "敵風元素耐性",
            "数値": -30
        },
        {
            "条件": "祈風の恵み",
            "種類": "風元素ダメージバフ",
            "数値": "元素爆発#風元素ダメージアップ"
        },
        {
            "条件": "七窟遺智&祈風の恵み",
            "種類": "通常攻撃ダメージアップ",
            "対象": "風元素ダメージ",
            "数値": "32%基礎攻撃力"
        },
        {
            "条件": "七窟遺智&祈風の恵み",
            "種類": "重撃ダメージアップ",
            "対象": "風元素ダメージ",
            "数値": "32%基礎攻撃力"
        },
        {
            "条件": "七窟遺智&祈風の恵み",
            "種類": "落下攻撃ダメージアップ",
            "対象": "風元素ダメージ",
            "数値": "32%基礎攻撃力"
        },
        {
            "条件": "七窟遺智&祈風の恵み",
            "種類": "元素スキルダメージアップ",
            "対象": "風元素ダメージ",
            "数値": "32%基礎攻撃力"
        },
        {
            "条件": "七窟遺智&祈風の恵み",
            "種類": "元素爆発ダメージアップ",
            "対象": "風元素ダメージ",
            "数値": "32%基礎攻撃力"
        },
        {
            "条件": "第6重 妙道合一",
            "種類": "風元素ダメージ会心ダメージ",
            "数値": 40
        }
    ],
    "NEXT STEP": "元素スキル.風圧崩潰のサイクロンダメージ"
}