{
    "名前": "早柚",
    "説明": "「終末番」に所属する忍。小柄で、いつも眠たそうにしている。",
    "icon_url": "images/characters/face/anemo_4_claymore_Sayu.png",
    "レアリティ": 4,
    "武器": "両手剣",
    "元素": "風",
    "baseInfo": {
        "名前": "早柚",
        "誕生日": "10月19日",
        "命ノ星座": "子貉座",
        "称号": "忍びの里の貉",
        "神の目": "風",
        "所属": "終末番",
        "中国語 CV": "Sakula小舞",
        "英語 CV": "Lilypichu (Lily Ki)",
        "日本語 CV": "洲崎綾",
        "韓国語 CV": "이지현",
        "オリジナル料理": "眩暈回避術·改",
        "実装バージョン": "2.0"
    },
    "region": "稲妻城",
    "ステータス": {
        "基礎HP": {
            "1+": 994,
            "20": 2553,
            "20+": 3296,
            "40": 4937,
            "40+": 5464,
            "50": 6285,
            "50+": 6988,
            "60": 7809,
            "60+": 8337,
            "70": 9157,
            "70+": 9684,
            "80": 10505,
            "80+": 11033,
            "90": 11854
        },
        "基礎攻撃力": {
            "1+": 20,
            "20": 53,
            "20+": 68,
            "40": 102,
            "40+": 113,
            "50": 130,
            "50+": 144,
            "60": 161,
            "60+": 172,
            "70": 189,
            "70+": 200,
            "80": 216,
            "80+": 227,
            "90": 244
        },
        "基礎防御力": {
            "1+": 62,
            "20": 160,
            "20+": 207,
            "40": 310,
            "40+": 343.0,
            "50": 395,
            "50+": 439,
            "60": 491,
            "60+": 524,
            "70": 575,
            "70+": 608,
            "80": 660,
            "80+": 693,
            "90": 745
        },
        "元素熟知": {
            "1+": 0,
            "20": 0,
            "20+": 0,
            "40": 0,
            "40+": 24,
            "50": 24,
            "50+": 48,
            "60": 48,
            "60+": 48,
            "70": 48,
            "70+": 72,
            "80": 72,
            "80+": 96,
            "90": 96
        }
    },
    "オプション初期値": {
        "元素変化": 1
    },
    "通常攻撃": {
        "名前": "通常攻撃·忍刀·終末番",
        "説明": "<span style=\"color:#FFD780FF\">通常攻撃</span><br/>最大4段の連続攻撃を行う。<br/><br/><span style=\"color:#FFD780FF\">重撃</span><br/>持続的にスタミナを消費し、大剣を振り回して周囲の敵を攻撃する。<br/>重撃が終了した時に、さらに強力な攻撃を1回放つ。<br/><br/><span style=\"color:#FFD780FF\">落下攻撃</span><br/>空中から落下し地面に衝撃を与える。経路上の敵を攻撃し、落下時に範囲ダメージを与える。",
        "詳細": [
            {
                "名前": "1段ダメージ",
                "数値": {
                    "1": "72.2%",
                    "2": "78.1%",
                    "3": "84.0%",
                    "4": "92.4%",
                    "5": "98.3%",
                    "6": "105.0%",
                    "7": "114.2%",
                    "8": "123.5%",
                    "9": "132.7%",
                    "10": "142.8%",
                    "11": "154.4%"
                }
            },
            {
                "名前": "2段ダメージ",
                "数値": {
                    "1": "71.4%",
                    "2": "77.2%",
                    "3": "83.0%",
                    "4": "91.3%",
                    "5": "97.1%",
                    "6": "107%",
                    "7": "112.9%",
                    "8": "122.0%",
                    "9": "131.1%",
                    "10": "141.1%",
                    "11": "152.5%"
                }
            },
            {
                "名前": "3段ダメージ",
                "数値": {
                    "1": "43.4%+43.4%",
                    "2": "47.0%+47.0%",
                    "3": "50.5%+50.5%",
                    "4": "55.6%+55.6%",
                    "5": "59.1%+59.1%",
                    "6": "63.1%+63.1%",
                    "7": "68.7%+68.7%",
                    "8": "74.2%+74.2%",
                    "9": "79.8%+79.8%",
                    "10": "85.9%+85.9%",
                    "11": "92.8%+92.8%"
                },
                "HIT数": 2
            },
            {
                "名前": "4段ダメージ",
                "数値": {
                    "1": "98.1%",
                    "2": "106.1%",
                    "3": "114.1%",
                    "4": "125.5%",
                    "5": "133.5%",
                    "6": "142.6%",
                    "7": "155.2%",
                    "8": "167.7%",
                    "9": "180.3%",
                    "10": "194.0%",
                    "11": "209.7%"
                }
            }
        ],
        "icon_url": "images/characters/anemo_4_claymore_Sayu/talent_1.png"
    },
    "重撃": {
        "説明": [
            "持続的にスタミナを消費し、大剣を振り回し周囲の敵を攻撃する。",
            "斬撃が終了したときに、更に強力な攻撃を1回放つ"
        ],
        "詳細": [
            {
                "名前": "連続重撃ダメージ",
                "数値": {
                    "1": "62.5%",
                    "2": "67.6%",
                    "3": "72.7%",
                    "4": "80.0%",
                    "5": "85.1%",
                    "6": "90.9%",
                    "7": "98.9%",
                    "8": "106.9%",
                    "9": "114.9%",
                    "10": "123.6%",
                    "11": "133.6%"
                }
            },
            {
                "名前": "重撃終了ダメージ",
                "数値": {
                    "1": "113%",
                    "2": "122%",
                    "3": "132%",
                    "4": "145%",
                    "5": "154%",
                    "6": "164%",
                    "7": "179%",
                    "8": "193%",
                    "9": "208%",
                    "10": "224%",
                    "11": "242%"
                }
            }
        ]
    },
    "落下攻撃": {
        "説明": "空中から落下し地面に衝撃を与える。経路上の敵を攻撃し、落下時に範囲ダメージを与える。",
        "詳細": [
            {
                "名前": "落下期間のダメージ",
                "種類": "落下攻撃ダメージ",
                "数値": {
                    "1": "74.6%",
                    "2": "80.7%",
                    "3": "86.7%",
                    "4": "95.4%",
                    "5": "101.5%",
                    "6": "108.4%",
                    "7": "118%",
                    "8": "127.5%",
                    "9": "137%",
                    "10": "147.4%",
                    "11": "158%"
                }
            },
            {
                "名前": "低空/高空落下攻撃ダメージ",
                "種類": "落下攻撃ダメージ",
                "数値": {
                    "1": "149%",
                    "2": "161%",
                    "3": "173%",
                    "4": "191%",
                    "5": "203%",
                    "6": "217%",
                    "7": "236%",
                    "8": "255%",
                    "9": "274%",
                    "10": "295%",
                    "11": "316%"
                }
            },
            {
                "名前": "低空/高空落下攻撃ダメージ",
                "種類": "落下攻撃ダメージ",
                "数値": {
                    "1": "186%",
                    "2": "201%",
                    "3": "217%",
                    "4": "238%",
                    "5": "253%",
                    "6": "271%",
                    "7": "295%",
                    "8": "318%",
                    "9": "342%",
                    "10": "368%",
                    "11": "394%"
                }
            }
        ]
    },
    "元素スキル": {
        "名前": "嗚呼流·風隠急進",
        "説明": "忍法·嗚呼流の独創奥義！疾風の如く速さで戦場を馳せる！<br>体を丸め、高速回転する風々輪となり突進する。命中した敵に<span style=\"color: rgb(128, 255, 215)\">風元素ダメージ</span>を与え、スキル終了時に風々輪·旋舞蹴を繰り出し、<span style=\"color: rgb(128, 255, 215)\">風元素範囲ダメージ</span>を与える。<br><br><span style=\"color: rgb(255, 215, 128)\">一回押し</span><br>風々輪状態になり、前方へ転がり、風々輪·旋舞蹴を繰り出す。<br><br><span style=\"color: rgb(255, 215, 128)\">長押し</span><br>風々輪状態で転がり続ける。早柚の中断耐性がアップする。<br>継続時間中、早柚は突進方向を変えることができ、再び発動することでスキルを早めに終了して、一回押しより強力な風々輪·旋舞蹴を繰り出す。<br>長押しによって発動した時、元素変化が起きる。<br><br>最大10秒継続することが可能。スキル終了時にクールタイムに入る。風々輪状態の継続時間が長いほど、クールタイムは長くなる。<br><br><span style=\"color: rgb(255, 215, 128)\">元素変化</span><br>風々輪状態の早柚が<span style=\"color: rgb(128, 192, 255)\">水元素</span>/<span style=\"color: rgb(255, 153, 153)\">炎元素</span>/<span style=\"color: rgb(153, 255, 255)\">氷元素</span>/<span style=\"color: rgb(255, 172, 255)\">雷元素</span>に接触すると、接触した元素の属性を獲得し、風々輪と風々輪·旋舞蹴は該当元素ダメージを追加で与える。<br>元素変化はスキル継続中に1回のみ発生する。<br><br><em>目をつぶった状態でも繰り出せる早柚の得意技。本来は逃げるために使っていたが、神の目を持つ今は、敵を懲らしめる時にも使えるようになった。</em>",
        "詳細": [
            {
                "名前": "風々輪ダメージ",
                "数値": {
                    "1": "36.0%",
                    "2": "38.7%",
                    "3": "41.4%",
                    "4": "45.0%",
                    "5": "47.7%",
                    "6": "50.4%",
                    "7": "54.0%",
                    "8": "57.6%",
                    "9": "61.2%",
                    "10": "64.8%",
                    "11": "68.4%",
                    "12": "72%",
                    "13": "76.5%"
                }
            },
            {
                "名前": "風々輪·旋舞蹴一回押しダメージ",
                "数値": {
                    "1": "158.4%",
                    "2": "170.3%",
                    "3": "182.2%",
                    "4": "198.0%",
                    "5": "209.9%",
                    "6": "221.8%",
                    "7": "237.6%",
                    "8": "253.4%",
                    "9": "269.3%",
                    "10": "285.1%",
                    "11": "300.96%",
                    "12": "316.8%",
                    "13": "336.6%"
                }
            },
            {
                "名前": "風々輪·旋舞蹴長押しダメージ",
                "数値": {
                    "1": "217.6%",
                    "2": "233.9%",
                    "3": "250.2%",
                    "4": "272.0%",
                    "5": "288.3%",
                    "6": "304.6%",
                    "7": "326.4%",
                    "8": "348.2%",
                    "9": "369.9%",
                    "10": "391.7%",
                    "11": "413.44%",
                    "12": "435.2%",
                    "13": "462.4%"
                }
            },
            {
                "条件": "元素変化=炎元素",
                "名前": "風々輪·追加元素ダメージ",
                "数値": {
                    "1": "16.8%",
                    "2": "18.1%",
                    "3": "19.3%",
                    "4": "21.0%",
                    "5": "22.3%",
                    "6": "23.5%",
                    "7": "25.2%",
                    "8": "26.9%",
                    "9": "28.6%",
                    "10": "30.2%",
                    "11": "31.92%",
                    "12": "33.6%",
                    "13": "35.7%"
                },
                "元素": "炎"
            },
            {
                "条件": "元素変化=水元素",
                "名前": "風々輪·追加元素ダメージ",
                "数値": {
                    "1": "16.8%",
                    "2": "18.1%",
                    "3": "19.3%",
                    "4": "21.0%",
                    "5": "22.3%",
                    "6": "23.5%",
                    "7": "25.2%",
                    "8": "26.9%",
                    "9": "28.6%",
                    "10": "30.2%",
                    "11": "31.92%",
                    "12": "33.6%",
                    "13": "35.7%"
                },
                "元素": "水"
            },
            {
                "条件": "元素変化=雷元素",
                "名前": "風々輪·追加元素ダメージ",
                "数値": {
                    "1": "16.8%",
                    "2": "18.1%",
                    "3": "19.3%",
                    "4": "21.0%",
                    "5": "22.3%",
                    "6": "23.5%",
                    "7": "25.2%",
                    "8": "26.9%",
                    "9": "28.6%",
                    "10": "30.2%",
                    "11": "31.92%",
                    "12": "33.6%",
                    "13": "35.7%"
                },
                "元素": "雷"
            },
            {
                "条件": "元素変化=氷元素",
                "名前": "風々輪·追加元素ダメージ",
                "数値": {
                    "1": "16.8%",
                    "2": "18.1%",
                    "3": "19.3%",
                    "4": "21.0%",
                    "5": "22.3%",
                    "6": "23.5%",
                    "7": "25.2%",
                    "8": "26.9%",
                    "9": "28.6%",
                    "10": "30.2%",
                    "11": "31.92%",
                    "12": "33.6%",
                    "13": "35.7%"
                },
                "元素": "氷"
            },
            {
                "条件": "元素変化=炎元素",
                "名前": "風々輪·旋舞蹴長押し追加元素ダメージ",
                "数値": {
                    "1": "76.2%",
                    "2": "81.9%",
                    "3": "87.6%",
                    "4": "95.2%",
                    "5": "100.9%",
                    "6": "106.6%",
                    "7": "114.2%",
                    "8": "121.9%",
                    "9": "129.5%",
                    "10": "137.1%",
                    "11": "144.7%",
                    "12": "152.32%",
                    "13": "161.84%"
                },
                "元素": "炎"
            },
            {
                "条件": "元素変化=水元素",
                "名前": "風々輪·旋舞蹴長押し追加元素ダメージ",
                "数値": {
                    "1": "76.2%",
                    "2": "81.9%",
                    "3": "87.6%",
                    "4": "95.2%",
                    "5": "100.9%",
                    "6": "106.6%",
                    "7": "114.2%",
                    "8": "121.9%",
                    "9": "129.5%",
                    "10": "137.1%",
                    "11": "144.7%",
                    "12": "152.32%",
                    "13": "161.84%"
                },
                "元素": "水"
            },
            {
                "条件": "元素変化=雷元素",
                "名前": "風々輪·旋舞蹴長押し追加元素ダメージ",
                "数値": {
                    "1": "76.2%",
                    "2": "81.9%",
                    "3": "87.6%",
                    "4": "95.2%",
                    "5": "100.9%",
                    "6": "106.6%",
                    "7": "114.2%",
                    "8": "121.9%",
                    "9": "129.5%",
                    "10": "137.1%",
                    "11": "144.7%",
                    "12": "152.32%",
                    "13": "161.84%"
                },
                "元素": "雷"
            },
            {
                "条件": "元素変化=氷元素",
                "名前": "風々輪·旋舞蹴長押し追加元素ダメージ",
                "数値": {
                    "1": "76.2%",
                    "2": "81.9%",
                    "3": "87.6%",
                    "4": "95.2%",
                    "5": "100.9%",
                    "6": "106.6%",
                    "7": "114.2%",
                    "8": "121.9%",
                    "9": "129.5%",
                    "10": "137.1%",
                    "11": "144.7%",
                    "12": "152.32%",
                    "13": "161.84%"
                },
                "元素": "氷"
            },
            {
                "条件": "元素変化=炎元素",
                "種類": "固有変数"
            },
            {
                "条件": "元素変化=水元素",
                "種類": "固有変数"
            },
            {
                "条件": "元素変化=雷元素",
                "種類": "固有変数"
            },
            {
                "条件": "元素変化=氷元素",
                "種類": "固有変数"
            }
        ],
        "長押し最大継続時間": 10,
        "クールタイム": "6.0～11.0",
        "icon_url": "images/characters/anemo_4_claymore_Sayu/talent_2.png"
    },
    "元素爆発": {
        "名前": "嗚呼流·影貉繚乱",
        "説明": "忍法·嗚呼流のもう一つの独創奥義！早柚に代わって仕事をこなしてくれる助っ人を創造する！<br>近くの敵に<span style=\"color: rgb(51, 215, 160)\">風元素ダメージ</span>を与え、周囲のチーム全員のHPを回復し、「むじむじだるま」を召喚する。HPの回復量は早柚の攻撃力によって決まる。<br><br><span style=\"color: rgb(211, 188, 142)\">むじむじだるま</span><br>周期的に周囲の状況に基づいて、下記の行動を1つ行う。<br>・周囲のキャラクター全員のHPが70%を超えている場合、むじむじだるまは近くの敵1体を攻撃し、<span style=\"color: rgb(51, 215, 160)\">風元素ダメージ</span>を与える。<br>・フィールド上の周囲にHP70%以下のキャラクターがいる場合、そのうちHPの割合が最も低いキャラクターのHPを回復する。回復量は早柚の攻撃力によって決まる。周囲に敵がいない場合、周囲のキャラクター全員のHPが70%を超えていても、キャラクターのHPを回復する。<br><br><em>忍術に詳しくない人たちは早柚に忍術を披露してほしく、またさらには早柚に教えてもらおうとする人もいた。しかし、早柚はただ眠たく、邪魔をされたくないだけなのだ。</em>",
        "詳細": [
            {
                "名前": "スキル発動ダメージ",
                "数値": {
                    "1": "117%",
                    "2": "126%",
                    "3": "134%",
                    "4": "146%",
                    "5": "155%",
                    "6": "164%",
                    "7": "175%",
                    "8": "187%",
                    "9": "199%",
                    "10": "210%",
                    "11": "222%",
                    "12": "234%",
                    "13": "248%"
                }
            },
            {
                "名前": "スキル発動回復量",
                "種類": "HP回復",
                "数値": {
                    "1": "92.2%攻撃力+577",
                    "2": "99.1%攻撃力+635",
                    "3": "106.0%攻撃力+698",
                    "4": "115.2%攻撃力+765",
                    "5": "122.1%攻撃力+837",
                    "6": "129.0%攻撃力+914",
                    "7": "138.2%攻撃力+996",
                    "8": "147.5%攻撃力+1083",
                    "9": "156.7%攻撃力+1174",
                    "10": "165.9%攻撃力+1270",
                    "11": "175.1%攻撃力+1371",
                    "12": "184.3%攻撃力+1477",
                    "13": "195.8%攻撃力+1588"
                }
            },
            {
                "名前": "むじむじだるまダメージ",
                "数値": {
                    "1": "52%",
                    "2": "56%",
                    "3": "60%",
                    "4": "65%",
                    "5": "69%",
                    "6": "73%",
                    "7": "78%",
                    "8": "83%",
                    "9": "88%",
                    "10": "94%",
                    "11": "99%",
                    "12": "104%",
                    "13": "111%"
                }
            },
            {
                "名前": "むじむじだるま回復量",
                "種類": "HP回復",
                "数値": {
                    "1": "79.9%攻撃力+500",
                    "2": "85.9%攻撃力+550",
                    "3": "91.9%攻撃力+605",
                    "4": "99.8%攻撃力+663",
                    "5": "105.8%攻撃力+726",
                    "6": "111.8%攻撃力+792",
                    "7": "119.8%攻撃力+863",
                    "8": "127.8%攻撃力+938",
                    "9": "135.8%攻撃力+1017",
                    "10": "143.8%攻撃力+1101",
                    "11": "151.8%攻撃力+1188",
                    "12": "159.7%攻撃力+1280",
                    "13": "169.7%攻撃力+1376"
                }
            }
        ],
        "継続時間": 12,
        "クールタイム": 20,
        "元素エネルギー": 80,
        "icon_url": "images/characters/anemo_4_claymore_Sayu/talent_3.png"
    },
    "固有天賦": [
        {
            "名前": "適任の人を探そう",
            "種類": "固有天賦",
            "説明": "早柚がフィールド上で拡散反応を起こした時、チーム内の自身のキャラクターまたは周囲の味方のHPを300回復する。また、早柚の元素熟知の数値が1につき、さらにHPを1.2回復する。<br/>この効果は2秒毎に1回のみ発動可能。",
            "詳細": [
                {
                    "名前": "拡散反応を起こした時のHP回復",
                    "種類": "HP回復",
                    "数値": "120%元素熟知+300"
                }
            ],
            "icon_url": "images/characters/anemo_4_claymore_Sayu/talent_4.png"
        },
        {
            "名前": "仕事をサボるのだ",
            "種類": "固有天賦",
            "説明": "<span style=\"color: rgb(255, 215, 128)\">嗚呼流·影貉繚乱</span>のむじむじだるまは下記効果を獲得する。<br>・キャラクターのHPを回復する時、該当キャラクターの近くに出場している他キャラクターも回復量20%に相当するHPを回復する。<br>・敵を攻撃する時、与えるダメージの範囲を拡大する。",
            "icon_url": "images/characters/anemo_4_claymore_Sayu/talent_5.png"
        },
        {
            "名前": "嗚呼流·屏息秘伝",
            "種類": "固有天賦",
            "説明": "チーム内に早柚がいる時、チーム内の自身のキャラクターが晶蝶などの一部生物に近づいても気付かれなくなる。<br/>効果のある生物は図鑑の「生物誌-野生生物」の「その他」分類から確認できる。",
            "icon_url": "images/characters/anemo_4_claymore_Sayu/talent_6.png"
        }
    ],
    "命ノ星座": {
        "1": {
            "名前": "一心二用の術",
            "説明": "<span style=\"color: rgb(255, 215, 128)\">嗚呼流·影貉繚乱</span>のむじむじだるまは、キャラクターのHPを無視し、周囲の敵への攻撃とキャラクターへのHP回復行動の2つを同時に行う。",
            "icon_url": "images/characters/anemo_4_claymore_Sayu/summaryList_1.png",
            "詳細": []
        },
        "2": {
            "名前": "逃げ道確保",
            "説明": "<span style=\"color: rgb(255, 215, 128)\">嗚呼流·風隠急進</span>で下記効果を獲得する。<br>・一回押し時の風々輪·旋舞蹴のダメージ+3.3%。<br>・長押しの風々輪状態では、0.5秒毎に風々輪·旋舞蹴のダメージ+3.3%。この方式でアップできる風々輪·旋舞蹴のダメージは66%まで。",
            "詳細": [
                {
                    "対象": "元素スキルダメージ.風々輪·旋舞蹴一回押しダメージ",
                    "種類": "元素スキルダメージバフ",
                    "数値": 3.3
                },
                {
                    "条件": "逃げ道確保 風々輪·旋舞蹴長押しダメージ@+3.3-66%",
                    "対象": "元素スキルダメージ.風々輪·旋舞蹴長押しダメージ",
                    "種類": "元素スキルダメージバフ",
                    "数値": 1
                }
            ],
            "icon_url": "images/characters/anemo_4_claymore_Sayu/summaryList_2.png"
        },
        "3": {
            "名前": "分身に任せる",
            "説明": "<span style=\"color: rgb(255, 215, 128)\">嗚呼流·影貉繚乱</span>のスキルLv.+3。<br>最大Lv.15まで。",
            "icon_url": "images/characters/anemo_4_claymore_Sayu/summaryList_3.png",
            "詳細": []
        },
        "4": {
            "名前": "新しいサボる方法",
            "説明": "早柚がフィールド上で拡散反応を起こした時、元素エネルギーを1.2ポイント回復する。<br/>この効果は2秒毎に1回のみ発動可能。",
            "icon_url": "images/characters/anemo_4_claymore_Sayu/summaryList_4.png",
            "詳細": []
        },
        "5": {
            "名前": "素早さ最優先",
            "説明": "<span style=\"color: rgb(255, 215, 128)\">嗚呼··風隠急進</span>のスキルLv.+3。<br>最大Lv.15まで。",
            "icon_url": "images/characters/anemo_4_claymore_Sayu/summaryList_5.png",
            "詳細": []
        },
        "6": {
            "名前": "ぐーたら寝る時間",
            "説明": "早柚自身の<span style=\"color: rgb(255, 215, 128)\">嗚呼流·影貉繚乱</span>によって召喚されたむじむじだるまの攻撃力と回復量は、早柚の元素熟知によって決まる。早柚の元素熟知の数値が1につき、下記効果が発動する。<br>・むじむじだるまのダメージは攻撃力0.2%分アップする。この方式でアップできるダメージは攻撃力400%分まで。<br>・むじむじだるまによるHP回復量+3。この方式でアップできる回復量は6000まで。",
            "詳細": [
                {
                    "対象": "元素爆発ダメージ.むじむじだるまダメージ",
                    "種類": "元素爆発強化",
                    "数値": "0.2%攻撃力*元素熟知"
                },
                {
                    "対象": "HP回復.むじむじだるま回復量",
                    "種類": "元素爆発強化",
                    "数値": "3*元素熟知"
                }
            ],
            "icon_url": "images/characters/anemo_4_claymore_Sayu/summaryList_6.png"
        }
    },
    "おすすめセット": [
        {
            "武器": "狼の末路",
            "聖遺物メイン効果3": "5_元素熟知",
            "聖遺物メイン効果4": "5_元素熟知",
            "聖遺物メイン効果5": "5_元素熟知",
            "聖遺物セット効果1": "翠緑の影",
            "聖遺物セット効果2": "翠緑の影",
            "聖遺物優先するサブ効果1": "元素チャージ効率",
            "聖遺物優先するサブ効果2": "攻撃力%"
        },
        {
            "武器": "西風大剣",
            "聖遺物メイン効果3": "5_元素熟知",
            "聖遺物メイン効果4": "5_元素熟知",
            "聖遺物メイン効果5": "5_会心率",
            "聖遺物セット効果1": "翠緑の影",
            "聖遺物セット効果2": "翠緑の影",
            "聖遺物優先するサブ効果1": "会心率",
            "聖遺物優先するサブ効果2": "元素チャージ効率",
            "聖遺物優先するサブ効果3": "攻撃力%"
        },
        {
            "武器": "桂木斬長正",
            "聖遺物メイン効果3": "5_元素熟知",
            "聖遺物メイン効果4": "5_元素熟知",
            "聖遺物メイン効果5": "5_元素熟知",
            "聖遺物セット効果1": "翠緑の影",
            "聖遺物セット効果2": "翠緑の影",
            "聖遺物優先するサブ効果1": "元素チャージ効率",
            "聖遺物優先するサブ効果2": "攻撃力%"
        },
        {
            "武器": "古華·試作",
            "聖遺物メイン効果3": "5_元素チャージ効率",
            "聖遺物メイン効果4": "5_攻撃力%",
            "聖遺物メイン効果5": "5_元素熟知",
            "聖遺物セット効果1": "翠緑の影",
            "聖遺物セット効果2": "翠緑の影",
            "聖遺物優先するサブ効果1": "元素熟知",
            "聖遺物優先するサブ効果2": "攻撃力%"
        },
        {
            "武器": "雨裁",
            "聖遺物メイン効果3": "5_元素熟知",
            "聖遺物メイン効果4": "5_元素熟知",
            "聖遺物メイン効果5": "5_元素熟知",
            "聖遺物セット効果1": "翠緑の影",
            "聖遺物セット効果2": "翠緑の影",
            "聖遺物優先するサブ効果1": "元素チャージ効率",
            "聖遺物優先するサブ効果2": "攻撃力%"
        }
    ]
}