{
    "名前": "旅人(風)",
    "説明": "世界の外から漂流してきた旅人。肉親が見知らぬ神に連れ去られたため、七神を探す旅に出た。",
    "icon_url": "images/characters/face/anemo_5_sword_Traveler.png",
    "レアリティ": 5,
    "武器": "片手剣",
    "元素": "風",
    "baseInfo": {
        "名前": "旅人",
        "命ノ星座": "旅人座",
        "所属": "——",
        "中国語 CV": "鹿喑&宴宁",
        "英語 CV": "Zach Aguilar & Sarah Miller-Crews",
        "日本語 CV": "堀江瞬&悠木碧",
        "韓国語 CV": "이경태&이새아",
        "オリジナル料理": "なし",
        "実装バージョン": "1.0"
    },
    "region": "その他",
    "ステータス": {
        "基礎HP": {
            "1+": 912,
            "20": 2342,
            "20+": 3024,
            "40": 4529,
            "40+": 5013,
            "50": 5766,
            "50+": 6411.0,
            "60": 7164,
            "60+": 7648,
            "70": 8401,
            "70+": 8885,
            "80": 9638,
            "80+": 10122,
            "90": 10875
        },
        "基礎攻撃力": {
            "1+": 18,
            "20": 46,
            "20+": 59,
            "40": 88,
            "40+": 98,
            "50": 113,
            "50+": 125,
            "60": 140,
            "60+": 149,
            "70": 164,
            "70+": 174,
            "80": 188,
            "80+": 198,
            "90": 212
        },
        "基礎防御力": {
            "1+": 57,
            "20": 147,
            "20+": 190,
            "40": 284,
            "40+": 315,
            "50": 362,
            "50+": 402,
            "60": 450,
            "60+": 480.0,
            "70": 527,
            "70+": 558,
            "80": 605,
            "80+": 635,
            "90": 683
        },
        "攻撃力%": {
            "1+": 0,
            "20": 0,
            "20+": 0,
            "40": 0,
            "40+": 6,
            "50": 6,
            "50+": 12,
            "60": 12,
            "60+": 12,
            "70": 12,
            "70+": 18,
            "80": 18,
            "80+": 24,
            "90": 24
        }
    },
    "オプション初期値": {
        "元素変化": 1
    },
    "通常攻撃": {
        "名前": "通常攻撃·異邦の鉄風",
        "説明": "<span style=\"color:#FFD780FF\">通常攻撃</span><br/>剣による最大5段の連続攻撃を行う。<br/><br/><span style=\"color:#FFD780FF\">重撃</span><br/>一定のスタミナを消費し、前方に斬撃を2回放つ。<br/><br/><span style=\"color:#FFD780FF\">落下攻撃</span><br/>空中から落下し地面に衝撃を与える。経路上の敵を攻撃し、落下時に範囲ダメージを与える。",
        "詳細": [
            {
                "名前": "1段ダメージ",
                "数値": {
                    "1": "44.5%",
                    "2": "48.1%",
                    "3": "51.7%",
                    "4": "56.9%",
                    "5": "60.5%",
                    "6": "64.6%",
                    "7": "70.3%",
                    "8": "76.0%",
                    "9": "81.7%",
                    "10": "87.9%",
                    "11": "94.1%"
                }
            },
            {
                "名前": "2段ダメージ",
                "数値": {
                    "1": "43.4%",
                    "2": "47.0%",
                    "3": "50.5%",
                    "4": "55.6%",
                    "5": "59.1%",
                    "6": "63.1%",
                    "7": "68.7%",
                    "8": "74.2%",
                    "9": "79.8%",
                    "10": "85.9%",
                    "11": "91.9%"
                }
            },
            {
                "名前": "3段ダメージ",
                "数値": {
                    "1": "53.0%",
                    "2": "57.3%",
                    "3": "61.6%",
                    "4": "67.8%",
                    "5": "72.1%",
                    "6": "77.0%",
                    "7": "83.8%",
                    "8": "90.6%",
                    "9": "97.3%",
                    "10": "105%",
                    "11": "112%"
                }
            },
            {
                "名前": "4段ダメージ",
                "数値": {
                    "1": "58.3%",
                    "2": "63.1%",
                    "3": "67.8%",
                    "4": "74.6%",
                    "5": "79.3%",
                    "6": "84.8%",
                    "7": "92.2%",
                    "8": "99.7%",
                    "9": "107%",
                    "10": "115%",
                    "11": "123%"
                }
            },
            {
                "名前": "5段ダメージ",
                "数値": {
                    "1": "70.8%",
                    "2": "76.5%",
                    "3": "82.3%",
                    "4": "90.5%",
                    "5": "96.3%",
                    "6": "103%",
                    "7": "112%",
                    "8": "121%",
                    "9": "130%",
                    "10": "140%",
                    "11": "150%"
                }
            },
            {
                "名前": "風の刃",
                "数値": "60%",
                "元素": "風"
            }
        ],
        "icon_url": "images/characters/anemo_5_sword_Traveler/talent_1.png"
    },
    "重撃": {
        "説明": [
            "一定のスタミナを消費し、前方に斬撃を2回放つ。"
        ],
        "詳細": [
            {
                "名前": "重撃ダメージ",
                "数値": {
                    "1": "55.9%+60.7%",
                    "2": "60.5%+65.7%",
                    "3": "65.0%+70.6%",
                    "4": "71.5%+77.7%",
                    "5": "76.1%+82.6%",
                    "6": "81.3%+88.3%",
                    "7": "88.4%+96.0%",
                    "8": "95.6%+104%",
                    "9": "103%+112%",
                    "10": "111%+120.02%",
                    "11": "118%+128.49%"
                },
                "HIT数": 2
            }
        ]
    },
    "落下攻撃": {
        "説明": "空中から落下し地面に衝撃を与える。経路上の敵を攻撃し、落下時に範囲ダメージを与える。",
        "詳細": [
            {
                "名前": "落下期間のダメージ",
                "種類": "落下攻撃ダメージ",
                "数値": {
                    "1": "63.9%",
                    "2": "69.1%",
                    "3": "74.3%",
                    "4": "81.8%",
                    "5": "87.0%",
                    "6": "92.9%",
                    "7": "101.1%",
                    "8": "109.3%",
                    "9": "117.5%",
                    "10": "126.4%",
                    "11": "135.3%"
                }
            },
            {
                "名前": "低空/高空落下攻撃ダメージ",
                "種類": "落下攻撃ダメージ",
                "数値": {
                    "1": "128%",
                    "2": "138%",
                    "3": "149%",
                    "4": "164%",
                    "5": "174%",
                    "6": "186%",
                    "7": "202%",
                    "8": "219%",
                    "9": "235%",
                    "10": "253%",
                    "11": "271%"
                }
            },
            {
                "名前": "低空/高空落下攻撃ダメージ",
                "種類": "落下攻撃ダメージ",
                "数値": {
                    "1": "160%",
                    "2": "173%",
                    "3": "186%",
                    "4": "204%",
                    "5": "217%",
                    "6": "232%",
                    "7": "253%",
                    "8": "273%",
                    "9": "293%",
                    "10": "316%",
                    "11": "338%"
                }
            }
        ]
    },
    "元素スキル": {
        "名前": "旋風の剣",
        "説明": "風の力を握りしめ、手のひらに真空の渦を集中させ、前方の敵に<span style=\"color:#80FFD7FF\">風元素ダメージ</span>を持続的に与える。<br/>スキル終了時、真空の渦は爆発し、より広範囲で強力な風元素ダメージを与える。<br/><br/><span style=\"color:#FFD780FF\">長押し</span><br/>ダメージと影響範囲が徐々に大きくなる。<br/><br/><span style=\"color:#FFD780FF\">元素変化</span><br/>真空の渦が継続時間中に<span style=\"color:#80C0FFFF\">水元素</span>/<span style=\"color:#FF9999FF\">炎元素</span>/<span style=\"color:#99FFFFFF\">氷元素</span>/<span style=\"color:#FFACFFFF\">雷元素</span>に接触すると、接触した元素の属性を獲得し、該当元素の付加ダメージを追加で与える。<br/>元素変化はスキル継続中に1回のみ発生する。<br/><br/><i>どうすれば形のない風を掴むことができるのか、パイモンと話し合った。</i>",
        "詳細": [
            {
                "名前": "初期切裂ダメージ",
                "数値": {
                    "1": "12.0%",
                    "2": "12.9%",
                    "3": "13.8%",
                    "4": "15.0%",
                    "5": "15.9%",
                    "6": "16.8%",
                    "7": "18.0%",
                    "8": "19.2%",
                    "9": "20.4%",
                    "10": "21.6%",
                    "11": "22.8%",
                    "12": "24.0%",
                    "13": "25.0%"
                }
            },
            {
                "名前": "最大切裂ダメージ",
                "数値": {
                    "1": "16.8%",
                    "2": "18.06%",
                    "3": "19.3%",
                    "4": "21.0%",
                    "5": "22.3%",
                    "6": "23.5%",
                    "7": "25.2%",
                    "8": "26.9%",
                    "9": "28.6%",
                    "10": "30.2%",
                    "11": "31.9%",
                    "12": "33.6%",
                    "13": "35.7%"
                }
            },
            {
                "名前": "初期爆風ダメージ",
                "数値": {
                    "1": "176%",
                    "2": "189.2%",
                    "3": "202%",
                    "4": "220%",
                    "5": "233%",
                    "6": "246%",
                    "7": "264%",
                    "8": "282%",
                    "9": "299%",
                    "10": "317%",
                    "11": "334%",
                    "12": "352%",
                    "13": "374%"
                }
            },
            {
                "名前": "最大爆風ダメージ",
                "数値": {
                    "1": "192%",
                    "2": "206.4%",
                    "3": "221%",
                    "4": "240%",
                    "5": "254%",
                    "6": "269%",
                    "7": "288%",
                    "8": "307%",
                    "9": "326%",
                    "10": "346%",
                    "11": "365%",
                    "12": "384%",
                    "13": "408%"
                }
            }
        ],
        "基本クールタイム": 5,
        "最大チャージクールタイム": 8,
        "icon_url": "images/characters/anemo_5_sword_Traveler/talent_2.png"
    },
    "元素爆発": {
        "名前": "激風の息",
        "説明": "風を導き、前方に継続前進する竜巻を召喚する。経路上の物体と敵を巻き込み、<span style=\"color:#80FFD7FF\">風元素ダメージ</span>を持続的に与える。<br/><br/><br/><span style=\"color:#FFD780FF\">元素変化</span><br/>竜巻がスキル継続中に<span style=\"color:#80C0FFFF\">水元素</span>/<span style=\"color:#FF9999FF\">炎元素</span>/<span style=\"color:#99FFFFFF\">氷元素</span>/<span style=\"color:#FFACFFFF\">雷元素</span>に接触すると、接触した元素の属性を獲得し、該当元素の付加ダメージを追加で与える。<br/>元素変化はスキル継続中に1回のみ発生する。<br/><br/><i>パイモンと一緒に蝶々の羽根を研究した。</i>",
        "詳細": [
            {
                "名前": "竜巻ダメージ",
                "数値": {
                    "1": "80.8%",
                    "2": "86.86%",
                    "3": "92.92%",
                    "4": "101%",
                    "5": "107%",
                    "6": "113%",
                    "7": "121%",
                    "8": "129%",
                    "9": "137%",
                    "10": "145%",
                    "11": "154%",
                    "12": "162%",
                    "13": "172%"
                }
            },
            {
                "条件": "元素変化=炎元素",
                "名前": "付加元素ダメージ",
                "数値": {
                    "1": "24.8%",
                    "2": "26.66%",
                    "3": "28.52%",
                    "4": "31.0%",
                    "5": "32.9%",
                    "6": "34.7%",
                    "7": "37.2%",
                    "8": "39.7%",
                    "9": "42.2%",
                    "10": "44.6%",
                    "11": "47.1%",
                    "12": "49.6%",
                    "13": "52.7%"
                },
                "元素": "炎"
            },
            {
                "条件": "元素変化=水元素",
                "名前": "付加元素ダメージ",
                "数値": {
                    "1": "24.8%",
                    "2": "26.66%",
                    "3": "28.52%",
                    "4": "31.0%",
                    "5": "32.9%",
                    "6": "34.7%",
                    "7": "37.2%",
                    "8": "39.7%",
                    "9": "42.2%",
                    "10": "44.6%",
                    "11": "47.1%",
                    "12": "49.6%",
                    "13": "52.7%"
                },
                "元素": "水"
            },
            {
                "条件": "元素変化=雷元素",
                "名前": "付加元素ダメージ",
                "数値": {
                    "1": "24.8%",
                    "2": "26.66%",
                    "3": "28.52%",
                    "4": "31.0%",
                    "5": "32.9%",
                    "6": "34.7%",
                    "7": "37.2%",
                    "8": "39.7%",
                    "9": "42.2%",
                    "10": "44.6%",
                    "11": "47.1%",
                    "12": "49.6%",
                    "13": "52.7%"
                },
                "元素": "雷"
            },
            {
                "条件": "元素変化=氷元素",
                "名前": "付加元素ダメージ",
                "数値": {
                    "1": "24.8%",
                    "2": "26.66%",
                    "3": "28.52%",
                    "4": "31.0%",
                    "5": "32.9%",
                    "6": "34.7%",
                    "7": "37.2%",
                    "8": "39.7%",
                    "9": "42.2%",
                    "10": "44.6%",
                    "11": "47.1%",
                    "12": "49.6%",
                    "13": "52.7%"
                },
                "元素": "氷"
            },
            {
                "条件": "元素変化=炎元素",
                "種類": "固有変数"
            },
            {
                "条件": "元素変化=水元素",
                "種類": "固有変数"
            },
            {
                "条件": "元素変化=雷元素",
                "種類": "固有変数"
            },
            {
                "条件": "元素変化=氷元素",
                "種類": "固有変数"
            }
        ],
        "継続時間": 6,
        "クールタイム": 15,
        "元素エネルギー": 60,
        "icon_url": "images/characters/anemo_5_sword_Traveler/talent_3.png"
    },
    "固有天賦": [
        {
            "名前": "空を裂く風",
            "種類": "固有天賦",
            "説明": "通常攻撃の最後の1撃が風の刃を放つようになり、経路上の敵に攻撃力60%分の<span style=\"color:#80FFD7FF\">風元素ダメージ</span>を与える。",
            "icon_url": "images/characters/anemo_5_sword_Traveler/talent_4.png"
        },
        {
            "名前": "蘇生の風",
            "種類": "固有天賦",
            "説明": "<span style=\"color:#FFD780FF\">旋風の剣</span>で敵を倒した後、1秒毎にHPを2%回復する、継続時間5秒。<br/>5秒に1回のみ発動可能。",
            "icon_url": "images/characters/anemo_5_sword_Traveler/talent_5.png"
        }
    ],
    "命ノ星座": {
        "1": {
            "名前": "回転する怒風",
            "説明": "<span style=\"color:#FFD780FF\">旋風の剣</span>は周囲5メートル以内の敵と物体をゆっくりと自分の前に吸い寄せることができる。",
            "icon_url": "images/characters/anemo_5_sword_Traveler/summaryList_1.png",
            "詳細": []
        },
        "2": {
            "名前": "革新の旋風",
            "説明": "元素チャージ効率+16%。",
            "詳細": [
                {
                    "種類": "元素チャージ効率",
                    "数値": 16
                }
            ],
            "icon_url": "images/characters/anemo_5_sword_Traveler/summaryList_2.png"
        },
        "3": {
            "名前": "天地の剛風",
            "説明": "<span style=\"color:#FFD780FF\">激風の息</span>のスキルLv.+3。<br/>最大Lv.15まで。",
            "icon_url": "images/characters/anemo_5_sword_Traveler/summaryList_3.png",
            "詳細": []
        },
        "4": {
            "名前": "恩眷の和風",
            "説明": "<span style=\"color:#FFD780FF\">旋風の剣</span>継続中、自身の受けるダメージ-10%。",
            "詳細": [
                {
                    "条件": "恩眷の和風 ダメージ軽減+10%",
                    "種類": "ダメージ軽減",
                    "数値": 10
                }
            ],
            "icon_url": "images/characters/anemo_5_sword_Traveler/summaryList_4.png"
        },
        "5": {
            "名前": "群星の渦風",
            "説明": "<span style=\"color:#FFD780FF\">旋風の剣</span>のスキルLv.+3。<br/>最大Lv.15まで。",
            "icon_url": "images/characters/anemo_5_sword_Traveler/summaryList_5.png",
            "詳細": []
        },
        "6": {
            "名前": "もつれる信風",
            "説明": "<span style=\"color:#FFD780FF\">激風の息</span>によるダメージを受けた敵の<span style=\"color:#80FFD7FF\">風元素耐性</span>-20%。<br/>元素変化があった場合、該当の元素耐性-20%。",
            "詳細": [
                {
                    "条件": "もつれる信風 風元素耐性-20%",
                    "種類": "敵風元素耐性",
                    "数値": -20
                }
            ],
            "icon_url": "images/characters/anemo_5_sword_Traveler/summaryList_6.png"
        }
    },
    "おすすめセット": [
        {
            "武器": "鉄蜂の刺し",
            "聖遺物メイン効果3": "5_元素熟知",
            "聖遺物メイン効果4": "5_元素熟知",
            "聖遺物メイン効果5": "5_元素熟知",
            "聖遺物セット効果1": "翠緑の影",
            "聖遺物セット効果2": "翠緑の影",
            "聖遺物優先するサブ効果1": "元素チャージ効率",
            "聖遺物優先するサブ効果2": "元素熟知"
        },
        {
            "武器": "斬岩·試作",
            "聖遺物メイン効果3": "5_攻撃力%",
            "聖遺物メイン効果4": "5_風元素ダメージバフ",
            "聖遺物メイン効果5": "5_会心率",
            "聖遺物セット効果1": "翠緑の影",
            "聖遺物セット効果2": "翠緑の影",
            "聖遺物優先するサブ効果1": "元素チャージ効率"
        },
        {
            "武器": "腐植の剣",
            "聖遺物メイン効果3": "5_攻撃力%",
            "聖遺物メイン効果4": "5_風元素ダメージバフ",
            "聖遺物メイン効果5": "5_会心率",
            "聖遺物セット効果1": "翠緑の影",
            "聖遺物セット効果2": "翠緑の影",
            "聖遺物優先するサブ効果1": "元素チャージ効率"
        },
        {
            "武器": "天目影打",
            "聖遺物メイン効果3": "5_攻撃力%",
            "聖遺物メイン効果4": "5_風元素ダメージバフ",
            "聖遺物メイン効果5": "5_会心率",
            "聖遺物セット効果1": "翠緑の影",
            "聖遺物セット効果2": "翠緑の影",
            "聖遺物優先するサブ効果1": "元素チャージ効率"
        }
    ]
}