{
    "名前": "楓原万葉",
    "説明": "稲妻より訪れし浪人。今は璃月の「南十字」武装船隊と行動を共にしている。穏やかで浮世離れした性格、過去に経験した様々な出来事を心の内に秘めている。",
    "icon_url": "images/characters/face/anemo_5_sword_KaedeharaKazuha.png",
    "レアリティ": 5,
    "武器": "片手剣",
    "元素": "風",
    "baseInfo": {
        "名前": "楓原万葉",
        "誕生日": "10月29日",
        "命ノ星座": "紅葉座",
        "称号": "風波流浪の紅葉",
        "神の目": "風",
        "所属": "南十字船隊",
        "中国語 CV": "斑马",
        "英語 CV": "Mark Whitten",
        "日本語 CV": "島﨑信長",
        "韓国語 CV": "김신우",
        "オリジナル料理": "雨奇晴好",
        "実装バージョン": "1.6"
    },
    "region": "稲妻城",
    "ステータス": {
        "基礎HP": {
            "1+": 1039,
            "20": 2695,
            "20+": 3586,
            "40": 5366,
            "40+": 5999,
            "50": 6902,
            "50+": 7747,
            "60": 8659,
            "60+": 9292,
            "70": 10213,
            "70+": 10849,
            "80": 11777,
            "80+": 12410,
            "90": 13348
        },
        "基礎攻撃力": {
            "1+": 23,
            "20": 60,
            "20+": 80,
            "40": 119,
            "40+": 133,
            "50": 153,
            "50+": 172.0,
            "60": 192,
            "60+": 206,
            "70": 227,
            "70+": 241,
            "80": 262,
            "80+": 276,
            "90": 297
        },
        "基礎防御力": {
            "1+": 63,
            "20": 163,
            "20+": 217,
            "40": 324,
            "40+": 363.0,
            "50": 417,
            "50+": 468,
            "60": 523,
            "60+": 562,
            "70": 617,
            "70+": 656,
            "80": 712,
            "80+": 750,
            "90": 807
        },
        "元素熟知": {
            "1+": 0,
            "20": 0,
            "20+": 0,
            "40": 0,
            "40+": 29,
            "50": 29,
            "50+": 58,
            "60": 58,
            "60+": 58,
            "70": 58,
            "70+": 86,
            "80": 86,
            "80+": 115,
            "90": 115
        }
    },
    "オプション初期値": {
        "元素変化": 1
    },
    "通常攻撃": {
        "名前": "通常攻撃·我流剣術",
        "説明": "<span style=\"color: rgb(255, 215, 128)\">通常攻撃</span><br>剣による最大5段の連続攻撃を行う。<br><br><span style=\"color: rgb(255, 215, 128)\">重撃</span><br>一定のスタミナを消費し、前方に斬撃を2回放つ。<br><br><span style=\"color: rgb(255, 215, 128)\">落下攻撃</span><br>空中から落下し地面に衝撃を与える。経路上の敵を攻撃し、落下時に範囲ダメージを与える。千早振る後の落下攻撃は、落下攻撃·乱れ嵐斬へと変わる。<br><br><span style=\"color: rgb(255, 215, 128)\">落下攻撃·乱れ嵐斬</span><br>元素スキル·千早振る後の落下攻撃のダメージは<span style=\"color: rgb(128, 255, 215)\">風元素ダメージ</span>に変わる。落下時に秘剣で風穴を生成し、近くの敵と物体を引き寄せる。",
        "詳細": [
            {
                "名前": "1段ダメージ",
                "数値": {
                    "1": "45.0%",
                    "2": "48.6%",
                    "3": "52.3%",
                    "4": "57.5%",
                    "5": "61.2%",
                    "6": "65.4%",
                    "7": "71.1%",
                    "8": "76.9%",
                    "9": "82.6%",
                    "10": "88.9%",
                    "11": "96.1%"
                }
            },
            {
                "名前": "2段ダメージ",
                "数値": {
                    "1": "45.2%",
                    "2": "48.9%",
                    "3": "52.6%",
                    "4": "57.9%",
                    "5": "61.5%",
                    "6": "65.8%",
                    "7": "71.5%",
                    "8": "77.3%",
                    "9": "83.1%",
                    "10": "89.4%",
                    "11": "96.7%"
                }
            },
            {
                "名前": "3段ダメージ",
                "数値": {
                    "1": "25.8%+31.0%",
                    "2": "27.9%+33.5%",
                    "3": "30.0%+36.0%",
                    "4": "33.0%+39.6%",
                    "5": "35.1%+42.0%",
                    "6": "37.5%+45.0%",
                    "7": "40.8%+49.0%",
                    "8": "44.1%+52.9%",
                    "9": "47.4%+56.9%",
                    "10": "51.0%+61.2%",
                    "11": "55.1%+66.2%"
                },
                "HIT数": 2
            },
            {
                "名前": "4段ダメージ",
                "数値": {
                    "1": "60.7%",
                    "2": "65.7%",
                    "3": "70.6%",
                    "4": "77.7%",
                    "5": "82.6%",
                    "6": "88.3%",
                    "7": "96.0%",
                    "8": "103.8%",
                    "9": "111.5%",
                    "10": "120.0%",
                    "11": "129.7%"
                }
            },
            {
                "名前": "5段ダメージ",
                "数値": {
                    "1": "25.4%*3",
                    "2": "27.4%*3",
                    "3": "29.5%*3",
                    "4": "32.5%*3",
                    "5": "34.5%*3",
                    "6": "36.9%*3",
                    "7": "40.1%*3",
                    "8": "43.4%*3",
                    "9": "46.6%*3",
                    "10": "50.2%*3",
                    "11": "54.2%*3"
                },
                "HIT数": 3
            }
        ],
        "icon_url": "images/characters/anemo_5_sword_KaedeharaKazuha/talent_1.png"
    },
    "重撃": {
        "説明": [
            "一定のスタミナを消費し、前方に斬撃を2回放つ。"
        ],
        "詳細": [
            {
                "名前": "重撃ダメージ",
                "数値": {
                    "1": "43.0%+74.6%",
                    "2": "46.5%+80.7%",
                    "3": "50.0%+86.8%",
                    "4": "55.0%+95.5%",
                    "5": "58.5%+101.6%",
                    "6": "62.5%+108.5%",
                    "7": "68.0%+118.0%",
                    "8": "73.5%+127.6%",
                    "9": "79.0%+137.1%",
                    "10": "85.0%+147.6%",
                    "11": "91.9%+159.5%"
                },
                "HIT数": 2
            }
        ]
    },
    "落下攻撃": {
        "説明": [
            "空中から落下し地面に衝撃を与える。千早振る後の落下攻撃は、落下攻撃·乱れ嵐斬へと変わる。",
            "**落下攻撃·乱れ嵐斬**",
            "元素スキル·千早振る後の落下攻撃のダメージは風元素ダメージに変わる。落下時に秘剣で風穴を生成し、近くの敵と物体を引き寄せる。"
        ],
        "詳細": [
            {
                "名前": "落下期間のダメージ",
                "種類": "落下攻撃ダメージ",
                "数値": {
                    "1": "82%",
                    "2": "88%",
                    "3": "95%",
                    "4": "105%",
                    "5": "111%",
                    "6": "119%",
                    "7": "129%",
                    "8": "140%",
                    "9": "150%",
                    "10": "162%",
                    "11": "173%"
                }
            },
            {
                "名前": "低空/高空落下攻撃ダメージ",
                "種類": "落下攻撃ダメージ",
                "数値": {
                    "1": "164%",
                    "2": "177%",
                    "3": "190%",
                    "4": "209%",
                    "5": "223%",
                    "6": "238%",
                    "7": "259%",
                    "8": "280%",
                    "9": "301%",
                    "10": "323%",
                    "11": "346%"
                }
            },
            {
                "名前": "低空/高空落下攻撃ダメージ",
                "種類": "落下攻撃ダメージ",
                "数値": {
                    "1": "204%",
                    "2": "221%",
                    "3": "238%",
                    "4": "261%",
                    "5": "278%",
                    "6": "297%",
                    "7": "323%",
                    "8": "349%",
                    "9": "375%",
                    "10": "404%",
                    "11": "433%"
                }
            },
            {
                "条件": "落下攻撃·乱れ嵐斬&元素変化=炎元素",
                "名前": "元素変化ダメージ",
                "数値": "200%",
                "元素": "炎",
                "元素付与無効": true
            },
            {
                "条件": "落下攻撃·乱れ嵐斬&元素変化=水元素",
                "名前": "元素変化ダメージ",
                "数値": "200%",
                "元素": "水",
                "元素付与無効": true
            },
            {
                "条件": "落下攻撃·乱れ嵐斬&元素変化=雷元素",
                "名前": "元素変化ダメージ",
                "数値": "200%",
                "元素": "雷",
                "元素付与無効": true
            },
            {
                "条件": "落下攻撃·乱れ嵐斬&元素変化=氷元素",
                "名前": "元素変化ダメージ",
                "数値": "200%",
                "元素": "氷",
                "元素付与無効": true
            },
            {
                "条件": "元素変化=炎元素",
                "種類": "固有変数"
            },
            {
                "条件": "元素変化=水元素",
                "種類": "固有変数"
            },
            {
                "条件": "元素変化=雷元素",
                "種類": "固有変数"
            },
            {
                "条件": "元素変化=氷元素",
                "種類": "固有変数"
            }
        ]
    },
    "元素スキル": {
        "名前": "千早振る",
        "説明": "旋風の如く秘剣を振り、敵と物体を引き寄せる。範囲内の敵をノックバックし、<span style=\"color: rgb(128, 255, 215)\">風元素ダメージ</span>を与え、気流に乗って空中に舞い上がる。<br>楓原万葉が元素スキル·千早振るによる効果で空中に舞い上がった後、落下攻撃を10秒以内に放つと強力な落下攻撃·乱れ嵐斬へと変わる。<br><br><span style=\"color: rgb(255, 215, 128)\">一回押し</span><br>空中でも発動可能。<br><br><span style=\"color: rgb(255, 215, 128)\">長押し</span><br>力を溜めた後に発動する。一回押しより広い範囲に、より高威力の<span style=\"color: rgb(128, 255, 215)\">風元素ダメージ</span>を与える。<br><br><span style=\"color: rgb(255, 215, 128)\">落下攻撃·乱れ嵐斬</span><br>元素スキル·千早振る後の落下攻撃のダメージは<span style=\"color: rgb(128, 255, 215)\">風元素ダメージ</span>へと変わる。落下時に秘剣で風穴を生成し、近くの敵と物体を引き寄せる。<br>乱れ嵐斬のダメージは落下攻撃によるダメージとみなされる。<br><br><em>「楓揺れ、神代の如く、散る紅葉。」</em>",
        "詳細": [
            {
                "名前": "一回押しスキルダメージ",
                "数値": {
                    "1": "192%",
                    "2": "206.4%",
                    "3": "220.8%",
                    "4": "240%",
                    "5": "254.4%",
                    "6": "268.8%",
                    "7": "288%",
                    "8": "307.2%",
                    "9": "326.4%",
                    "10": "345.6%",
                    "11": "364.8%",
                    "12": "384%",
                    "13": "408%"
                }
            },
            {
                "名前": "長押しスキルダメージ",
                "数値": {
                    "1": "261%",
                    "2": "280%",
                    "3": "300%",
                    "4": "326%",
                    "5": "346%",
                    "6": "365%",
                    "7": "391%",
                    "8": "417%",
                    "9": "443%",
                    "10": "469%",
                    "11": "496%",
                    "12": "522%",
                    "13": "544%"
                }
            },
            {
                "条件": "落下攻撃·乱れ嵐斬",
                "対象": "落下攻撃ダメージ",
                "種類": "風元素付与"
            }
        ],
        "一回押しクールタイム": 6,
        "長押しクールタイム": 9,
        "icon_url": "images/characters/anemo_5_sword_KaedeharaKazuha/talent_2.png"
    },
    "元素爆発": {
        "名前": "万葉の一刀",
        "説明": "我流の奥義で嵐のような一振りを繰り出し、<span style=\"color:#80FFD7FF\">風元素範囲ダメージ</span>を与える。<br/>太刀風は「流風秋野」と呼ばれる領域を創り出し、中にいる敵に<span style=\"color:#80FFD7FF\">風元素ダメージ</span>を一定間隔で与える。<br/><br/><span style=\"color:#FFD780FF\">元素変化</span><br/>流風秋野の継続時間中に<span style=\"color:#80C0FFFF\">水元素</span>/<span style=\"color:#FF9999FF\">炎元素</span>/<span style=\"color:#99FFFFFF\">氷元素</span>/<span style=\"color:#FFACFFFF\">雷元素</span>に接触すると、接触した元素の属性を獲得し、該当元素の付加ダメージを追加で与える。<br/>元素変化はスキル継続中に1回のみ発生する。<br/><br/><i>「刹那の光は世を照らし、一葉にて秋を知る。拙者がこの楓の葉で壁を切り拓き、時代を問う者となるでござる——」</i>",
        "詳細": [
            {
                "名前": "斬撃ダメージ",
                "数値": {
                    "1": "262%",
                    "2": "282%",
                    "3": "302%",
                    "4": "328%",
                    "5": "348%",
                    "6": "367%",
                    "7": "394%",
                    "8": "420%",
                    "9": "446%",
                    "10": "472%",
                    "11": "499%",
                    "12": "525%",
                    "13": "558%"
                }
            },
            {
                "名前": "継続ダメージ",
                "数値": {
                    "1": "120%",
                    "2": "129%",
                    "3": "138%",
                    "4": "150%",
                    "5": "159%",
                    "6": "168%",
                    "7": "180%",
                    "8": "192%",
                    "9": "204%",
                    "10": "216%",
                    "11": "228%",
                    "12": "240%",
                    "13": "255%"
                }
            },
            {
                "条件": "元素変化=炎元素",
                "名前": "付加元素ダメージ",
                "数値": {
                    "1": "36%",
                    "2": "39%",
                    "3": "41%",
                    "4": "45%",
                    "5": "48%",
                    "6": "50%",
                    "7": "54%",
                    "8": "58%",
                    "9": "61%",
                    "10": "65%",
                    "11": "68%",
                    "12": "72%",
                    "13": "77%"
                },
                "元素": "炎"
            },
            {
                "条件": "元素変化=水元素",
                "名前": "付加元素ダメージ",
                "数値": {
                    "1": "36%",
                    "2": "39%",
                    "3": "41%",
                    "4": "45%",
                    "5": "48%",
                    "6": "50%",
                    "7": "54%",
                    "8": "58%",
                    "9": "61%",
                    "10": "65%",
                    "11": "68%",
                    "12": "72%",
                    "13": "77%"
                },
                "元素": "水"
            },
            {
                "条件": "元素変化=雷元素",
                "名前": "付加元素ダメージ",
                "数値": {
                    "1": "36%",
                    "2": "39%",
                    "3": "41%",
                    "4": "45%",
                    "5": "48%",
                    "6": "50%",
                    "7": "54%",
                    "8": "58%",
                    "9": "61%",
                    "10": "65%",
                    "11": "68%",
                    "12": "72%",
                    "13": "77%"
                },
                "元素": "雷"
            },
            {
                "条件": "元素変化=氷元素",
                "名前": "付加元素ダメージ",
                "数値": {
                    "1": "36%",
                    "2": "39%",
                    "3": "41%",
                    "4": "45%",
                    "5": "48%",
                    "6": "50%",
                    "7": "54%",
                    "8": "58%",
                    "9": "61%",
                    "10": "65%",
                    "11": "68%",
                    "12": "72%",
                    "13": "77%"
                },
                "元素": "氷"
            }
        ],
        "継続時間": 8,
        "クールタイム": 15,
        "元素エネルギー": 60,
        "icon_url": "images/characters/anemo_5_sword_KaedeharaKazuha/talent_3.png"
    },
    "固有天賦": [
        {
            "名前": "相聞剣法",
            "種類": "固有天賦",
            "説明": "<span style=\"color:#FFD780FF\">千早振る</span>を発動時、<span style=\"color:#80C0FFFF\">水元素</span>/<span style=\"color:#FF9999FF\">炎元素</span>/<span style=\"color:#99FFFFFF\">氷元素</span>/<span style=\"color:#FFACFFFF\">雷元素</span>と接触した場合、その<span style=\"color:#FFD780FF\">千早振る</span>後の落下攻撃·乱れ嵐斬に元素変化が起き、攻撃力200%分の該当元素ダメージを追加で与える。このダメージは落下攻撃とみなされる。<span style=\"color:#FFD780FF\">千早振る</span>のスキル効果中、元素変化は1回のみ発生する。",
            "icon_url": "images/characters/anemo_5_sword_KaedeharaKazuha/talent_4.png"
        },
        {
            "名前": "風物の詩吟",
            "種類": "固有天賦",
            "説明": "楓原万葉が拡散反応を起こした後、楓原万葉の元素熟知の数値が1につき、チーム全員に対し、拡散された元素のダメージ+0.04%、継続時間8秒。この方法で獲得した異なる元素ダメージアップ効果は共存する。",
            "詳細": [
                {
                    "条件": "拡散=炎元素|元素変化=炎元素",
                    "種類": "炎元素ダメージバフ",
                    "数値": "4%元素熟知X7"
                },
                {
                    "条件": "拡散=水元素|元素変化=水元素",
                    "種類": "水元素ダメージバフ",
                    "数値": "4%元素熟知X7"
                },
                {
                    "条件": "拡散=雷元素|元素変化=雷元素",
                    "種類": "雷元素ダメージバフ",
                    "数値": "4%元素熟知X7"
                },
                {
                    "条件": "拡散=氷元素|元素変化=氷元素",
                    "種類": "氷元素ダメージバフ",
                    "数値": "4%元素熟知X7"
                }
            ],
            "icon_url": "images/characters/anemo_5_sword_KaedeharaKazuha/talent_5.png"
        },
        {
            "名前": "霞立つ松風",
            "種類": "固有天賦",
            "説明": "チーム内の自身のキャラクター全員がダッシュに消費するスタミナ-20%。<br/>同じ効果を持つ固有天賦との重ね掛け不可。",
            "icon_url": "images/characters/anemo_5_sword_KaedeharaKazuha/talent_6.png"
        }
    ],
    "命ノ星座": {
        "1": {
            "名前": "千山紅葉",
            "説明": "<span style=\"color:#FFD780FF\">千早振る</span>のクールタイム-10%。<br/><span style=\"color:#FFD780FF\">万葉の一刀</span>を発動した時、<span style=\"color:#FFD780FF\">千早振る</span>のクールタイムがリセットされる。",
            "icon_url": "images/characters/anemo_5_sword_KaedeharaKazuha/summaryList_1.png",
            "詳細": []
        },
        "2": {
            "名前": "山嵐残心",
            "説明": "<span style=\"color: rgb(255, 215, 128)\">万葉の一刀</span>の流風秋野で下記の効果を発動する。<br>・継続時間内、楓原万葉自身の元素熟知+200。<br>・流風秋野の中にいるフィールド上キャラクターの元素熟知+200。<br><br>この命ノ星座による元素熟知アップ効果は重ね掛けできない。",
            "詳細": [
                {
                    "条件": "流風秋野継続中 元素熟知+200",
                    "種類": "元素熟知",
                    "数値": 200
                }
            ],
            "icon_url": "images/characters/anemo_5_sword_KaedeharaKazuha/summaryList_2.png"
        },
        "3": {
            "名前": "楓袖奇譚",
            "説明": "<span style=\"color:#FFD780FF\">千早振る</span>のスキルLv.+3。<br/>最大Lv.15まで。",
            "icon_url": "images/characters/anemo_5_sword_KaedeharaKazuha/summaryList_3.png",
            "詳細": []
        },
        "4": {
            "名前": "大空幻法",
            "説明": "楓原万葉の元素エネルギーが45以下の時、下記の効果を獲得する。<br>・一回押し/長押しで<span style=\"color: rgb(255, 215, 128)\">千早振る</span>を発動した時、元素エネルギーを3/4回復する。<br>・滑翔状態の時、1秒毎に元素エネルギーを2回復する。",
            "icon_url": "images/characters/anemo_5_sword_KaedeharaKazuha/summaryList_4.png",
            "詳細": []
        },
        "5": {
            "名前": "万世集",
            "説明": "<span style=\"color:#FFD780FF\">万葉の一刀</span>のスキルLv.+3。<br/>最大Lv.15まで。",
            "icon_url": "images/characters/anemo_5_sword_KaedeharaKazuha/summaryList_5.png",
            "詳細": []
        },
        "6": {
            "名前": "血赤の紅葉",
            "説明": "楓原万葉が<span style=\"color:#FFD780FF\">千早振る</span>または<span style=\"color:#FFD780FF\">万葉の一刀</span>を発動した後の5秒間、<span style=\"color:#80FFD7FF\">風元素付与</span>を獲得する、また楓原万葉の元素熟知の数値が1につき、自身の通常攻撃、重撃、落下攻撃のダメージ+0.2%。",
            "詳細": [
                {
                    "条件": "血赤の紅葉 風元素付与、通常攻撃、重撃、落下攻撃ダメージ+0.2%元素熟知",
                    "種類": "風元素付与"
                },
                {
                    "条件": "血赤の紅葉 風元素付与、通常攻撃、重撃、落下攻撃ダメージ+0.2%元素熟知",
                    "種類": "通常攻撃ダメージバフ",
                    "数値": "0.2*元素熟知"
                },
                {
                    "条件": "血赤の紅葉 風元素付与、通常攻撃、重撃、落下攻撃ダメージ+0.2%元素熟知",
                    "種類": "重撃ダメージバフ",
                    "数値": "0.2*元素熟知"
                },
                {
                    "条件": "血赤の紅葉 風元素付与、通常攻撃、重撃、落下攻撃ダメージ+0.2%元素熟知",
                    "種類": "落下攻撃ダメージバフ",
                    "数値": "0.2*元素熟知"
                }
            ],
            "icon_url": "images/characters/anemo_5_sword_KaedeharaKazuha/summaryList_6.png"
        }
    },
    "おすすめセット": [
        {
            "武器": "蒼古なる自由への誓い",
            "聖遺物メイン効果3": "5_元素熟知",
            "聖遺物メイン効果4": "5_元素熟知",
            "聖遺物メイン効果5": "5_元素熟知",
            "聖遺物セット効果1": "翠緑の影",
            "聖遺物セット効果2": "翠緑の影",
            "聖遺物優先するサブ効果1": "元素チャージ効率"
        },
        {
            "武器": "鉄蜂の刺し",
            "聖遺物メイン効果3": "5_元素熟知",
            "聖遺物メイン効果4": "5_元素熟知",
            "聖遺物メイン効果5": "5_元素熟知",
            "聖遺物セット効果1": "翠緑の影",
            "聖遺物セット効果2": "翠緑の影",
            "聖遺物優先するサブ効果1": "元素チャージ効率"
        },
        {
            "武器": "ダークアレイの閃光",
            "聖遺物メイン効果3": "5_元素熟知",
            "聖遺物メイン効果4": "5_元素熟知",
            "聖遺物メイン効果5": "5_元素熟知",
            "聖遺物セット効果1": "翠緑の影",
            "聖遺物セット効果2": "翠緑の影",
            "聖遺物優先するサブ効果1": "元素チャージ効率"
        },
        {
            "武器": "祭礼の剣",
            "聖遺物メイン効果3": "5_元素熟知",
            "聖遺物メイン効果4": "5_元素熟知",
            "聖遺物メイン効果5": "5_元素熟知",
            "聖遺物セット効果1": "翠緑の影",
            "聖遺物セット効果2": "翠緑の影",
            "聖遺物優先するサブ効果1": "元素チャージ効率"
        }
    ],
    "NEXT STEP": "落下攻撃.元素変化ダメージ"
}