{
    "名前": "スクロース",
    "説明": "この世界のありとあらゆるものに強い好奇心を抱く錬金術師。研究分野は「生物錬金」。",
    "icon_url": "images/characters/face/anemo_4_catalyst_Sucrose.png",
    "レアリティ": 4,
    "武器": "法器",
    "元素": "風",
    "baseInfo": {
        "名前": "スクロース",
        "誕生日": "11月26日",
        "命ノ星座": "フラスコ座",
        "称号": "無害の甘味",
        "神の目": "風",
        "所属": "西風騎士団",
        "中国語 CV": "小敢",
        "英語 CV": "Valeria Rodriguez",
        "日本語 CV": "藤田茜",
        "韓国語 CV": "김하영",
        "オリジナル料理": "五九三式栄養食",
        "実装バージョン": "1.0",
        "七聖召喚のカード": "$[{\"ep_id\":3193,\"icon\":\"https://upload-static.hoyoverse.com/hoyolab-wiki/2022/12/01/194600931/b9a4ece363d697dfb565dda772efbaf4_2064606991224941923.png\",\"amount\":0,\"name\":\"スクロース\",\"menuId\":\"17\"}]$"
    },
    "region": "モンド城",
    "ステータス": {
        "基礎HP": {
            "1+": 775,
            "20": 1991,
            "20+": 2570,
            "40": 3850,
            "40+": 4261,
            "50": 4901,
            "50+": 5450,
            "60": 6090,
            "60+": 6501,
            "70": 7141,
            "70+": 7552,
            "80": 8192,
            "80+": 8604,
            "90": 9244
        },
        "基礎攻撃力": {
            "1+": 14,
            "20": 37,
            "20+": 47,
            "40": 71,
            "40+": 78.0,
            "50": 90,
            "50+": 100,
            "60": 112,
            "60+": 120,
            "70": 131,
            "70+": 139,
            "80": 151,
            "80+": 158,
            "90": 170
        },
        "基礎防御力": {
            "1+": 59,
            "20": 151,
            "20+": 195,
            "40": 293,
            "40+": 324,
            "50": 373,
            "50+": 414,
            "60": 463,
            "60+": 494,
            "70": 543,
            "70+": 574,
            "80": 623,
            "80+": 654,
            "90": 703.0
        },
        "風元素ダメージバフ": {
            "1+": 0,
            "20": 0,
            "20+": 0,
            "40": 0,
            "40+": 6,
            "50": 6,
            "50+": 12,
            "60": 12,
            "60+": 12,
            "70": 12,
            "70+": 18,
            "80": 18,
            "80+": 24,
            "90": 24
        }
    },
    "オプション初期値": {
        "元素変化": 1
    },
    "通常攻撃": {
        "名前": "通常攻撃·簡式風霊作成",
        "説明": "<span style=\"color:#FFD780FF\">通常攻撃</span><br/>最大4段の連続攻撃を行い、<span style=\"color:#80FFD7FF\">風元素ダメージ</span>を与える。<br/><br/><span style=\"color:#FFD780FF\">重撃</span><br/>一定のスタミナを消費し、短い詠唱をした後、敵に<span style=\"color:#80FFD7FF\">風元素範囲ダメージ</span>を与える。<br/><br/><span style=\"color:#FFD780FF\">落下攻撃</span><br/>空中から風霊の力を凝集しながら落下し、地面に衝撃を与える。経路上の敵を攻撃し、落下時に<span style=\"color:#80FFD7FF\">風元素範囲ダメージ</span>を与える。",
        "詳細": [
            {
                "名前": "1段ダメージ",
                "数値": {
                    "1": "33.5%",
                    "2": "36.0%",
                    "3": "38.5%",
                    "4": "41.8%",
                    "5": "44.3%",
                    "6": "46.8%",
                    "7": "50.2%",
                    "8": "53.5%",
                    "9": "56.9%",
                    "10": "60.2%",
                    "11": "63.6%"
                }
            },
            {
                "名前": "2段ダメージ",
                "数値": {
                    "1": "30.6%",
                    "2": "32.9%",
                    "3": "35.2%",
                    "4": "38.3%",
                    "5": "40.6%",
                    "6": "42.9%",
                    "7": "45.9%",
                    "8": "49.0%",
                    "9": "52.0%",
                    "10": "55.1%",
                    "11": "58.2%"
                }
            },
            {
                "名前": "3段ダメージ",
                "数値": {
                    "1": "38.4%",
                    "2": "41.3%",
                    "3": "44.2%",
                    "4": "48.1%",
                    "5": "50.9%",
                    "6": "53.8%",
                    "7": "57.7%",
                    "8": "61.5%",
                    "9": "65.4%",
                    "10": "69.2%",
                    "11": "73.1%"
                }
            },
            {
                "名前": "4段ダメージ",
                "数値": {
                    "1": "47.9%",
                    "2": "51.5%",
                    "3": "55.1%",
                    "4": "59.9%",
                    "5": "63.5%",
                    "6": "67.1%",
                    "7": "71.9%",
                    "8": "76.6%",
                    "9": "81%",
                    "10": "86%",
                    "11": "91%"
                }
            }
        ],
        "icon_url": "images/characters/anemo_4_catalyst_Sucrose/talent_1.png"
    },
    "重撃": {
        "説明": "一定のスタミナを消費し、短い詠唱した後、敵に風元素範囲ダメージを与える。",
        "詳細": [
            {
                "名前": "重撃ダメージ",
                "数値": {
                    "1": "120%",
                    "2": "129%",
                    "3": "138%",
                    "4": "150%",
                    "5": "159%",
                    "6": "168%",
                    "7": "180%",
                    "8": "192%",
                    "9": "204%",
                    "10": "216%",
                    "11": "228%"
                }
            }
        ],
        "重撃スタミナ消費": 50
    },
    "落下攻撃": {
        "説明": "風霊の力を凝集し、空中から落下し地面に衝撃を与える。経路上の敵を攻撃し、落下時に風元素範囲ダメージを与える。",
        "詳細": [
            {
                "名前": "落下期間のダメージ",
                "種類": "落下攻撃ダメージ",
                "数値": {
                    "1": "56.8%",
                    "2": "61.5%",
                    "3": "66.1%",
                    "4": "72.7%",
                    "5": "77.3%",
                    "6": "82.6%",
                    "7": "89.9%",
                    "8": "97.1%",
                    "9": "104.4%",
                    "10": "112.3%",
                    "11": "120.3%"
                }
            },
            {
                "名前": "低空/高空落下攻撃ダメージ",
                "種類": "落下攻撃ダメージ",
                "数値": {
                    "1": "114%",
                    "2": "123%",
                    "3": "132%",
                    "4": "145%",
                    "5": "155%",
                    "6": "165%",
                    "7": "180%",
                    "8": "194%",
                    "9": "209%",
                    "10": "225%",
                    "11": "240%"
                }
            },
            {
                "名前": "低空/高空落下攻撃ダメージ",
                "種類": "落下攻撃ダメージ",
                "数値": {
                    "1": "142%",
                    "2": "153%",
                    "3": "165%",
                    "4": "182%",
                    "5": "193%",
                    "6": "206%",
                    "7": "224%",
                    "8": "243%",
                    "9": "261%",
                    "10": "281%",
                    "11": "300%"
                }
            }
        ]
    },
    "元素スキル": {
        "名前": "風霊作成·六三〇八",
        "説明": "小型風霊を召喚し、敵と物体を風霊の位置に吸い寄せ、範囲内の敵をノックバックし、<span style=\"color:#80FFD7FF\">風元素ダメージ</span>を与える。<br/><br/><i>術によって誕生した元素生命はすぐに消えていくけど、冒険に凄く役立つの。自分で言うのもちょっと恥ずかしいけど、失敗した実験からも新しい技術が生まれることもあるんだ。</i>",
        "詳細": [
            {
                "名前": "スキルダメージ",
                "数値": {
                    "1": "211%",
                    "2": "227%",
                    "3": "243%",
                    "4": "264%",
                    "5": "280%",
                    "6": "296%",
                    "7": "317%",
                    "8": "338%",
                    "9": "359%",
                    "10": "380%",
                    "11": "401%",
                    "12": "422%",
                    "13": "449%"
                }
            }
        ],
        "クールタイム": 15,
        "icon_url": "images/characters/anemo_4_catalyst_Sucrose/talent_2.png"
    },
    "元素爆発": {
        "名前": "禁·風霊作成·七五同構弐型",
        "説明": "不安定なフラスコを投げ出し、大型風霊を生成する。<br/>風霊が存在している間、持続的に付近の敵と物体を吸い寄せてノックバックし、<span style=\"color:#80FFD7FF\">風元素ダメージ</span>を持続的に与える。<br/><br/><br/><span style=\"color:#FFD780FF\">元素変化</span><br/>風霊がスキル継続中に<span style=\"color:#80C0FFFF\">水元素</span>/<span style=\"color:#FF9999FF\">炎元素</span>/<span style=\"color:#99FFFFFF\">氷元素</span>/<span style=\"color:#FFACFFFF\">雷元素</span>に接触すると、接触した元素の属性を獲得し、該当元素の付加ダメージを追加で与える。<br/>元素変化はスキル継続中に1回のみ発生する。<br/><br/><i>スクロースは全ての不安定な無相の風に名前をつけようと思っていたが、その数は893もあるウサギ伯爵を軽く超えていたため、その考えを諦めた。</i>",
        "詳細": [
            {
                "名前": "継続ダメージ",
                "数値": {
                    "1": "148%",
                    "2": "159%",
                    "3": "170%",
                    "4": "185%",
                    "5": "196%",
                    "6": "207%",
                    "7": "222%",
                    "8": "237%",
                    "9": "252%",
                    "10": "266%",
                    "11": "281%",
                    "12": "296%",
                    "13": "315%"
                }
            },
            {
                "条件": "元素変化=炎元素",
                "名前": "付加元素ダメージ",
                "数値": {
                    "1": "44.0%",
                    "2": "47.3%",
                    "3": "50.6%",
                    "4": "55.0%",
                    "5": "58.3%",
                    "6": "61.6%",
                    "7": "66.0%",
                    "8": "70.4%",
                    "9": "74.8%",
                    "10": "79.2%",
                    "11": "83.6%",
                    "12": "88.0%",
                    "13": "93.5%"
                },
                "元素": "炎"
            },
            {
                "条件": "元素変化=水元素",
                "名前": "付加元素ダメージ",
                "数値": {
                    "1": "44.0%",
                    "2": "47.3%",
                    "3": "50.6%",
                    "4": "55.0%",
                    "5": "58.3%",
                    "6": "61.6%",
                    "7": "66.0%",
                    "8": "70.4%",
                    "9": "74.8%",
                    "10": "79.2%",
                    "11": "83.6%",
                    "12": "88.0%",
                    "13": "93.5%"
                },
                "元素": "水"
            },
            {
                "条件": "元素変化=雷元素",
                "名前": "付加元素ダメージ",
                "数値": {
                    "1": "44.0%",
                    "2": "47.3%",
                    "3": "50.6%",
                    "4": "55.0%",
                    "5": "58.3%",
                    "6": "61.6%",
                    "7": "66.0%",
                    "8": "70.4%",
                    "9": "74.8%",
                    "10": "79.2%",
                    "11": "83.6%",
                    "12": "88.0%",
                    "13": "93.5%"
                },
                "元素": "雷"
            },
            {
                "条件": "元素変化=氷元素",
                "名前": "付加元素ダメージ",
                "数値": {
                    "1": "44.0%",
                    "2": "47.3%",
                    "3": "50.6%",
                    "4": "55.0%",
                    "5": "58.3%",
                    "6": "61.6%",
                    "7": "66.0%",
                    "8": "70.4%",
                    "9": "74.8%",
                    "10": "79.2%",
                    "11": "83.6%",
                    "12": "88.0%",
                    "13": "93.5%"
                },
                "元素": "氷"
            },
            {
                "条件": "元素変化=炎元素",
                "種類": "固有変数"
            },
            {
                "条件": "元素変化=水元素",
                "種類": "固有変数"
            },
            {
                "条件": "元素変化=雷元素",
                "種類": "固有変数"
            },
            {
                "条件": "元素変化=氷元素",
                "種類": "固有変数"
            }
        ],
        "継続時間": 6,
        "クールタイム": 20,
        "元素エネルギー": 80,
        "icon_url": "images/characters/anemo_4_catalyst_Sucrose/talent_3.png"
    },
    "固有天賦": [
        {
            "名前": "触媒置換術",
            "説明": "スクロースが拡散反応を起こした時、該当元素のチームメンバー全員（スクロース自身を除く）の元素熟知+50、継続時間8秒。",
            "icon_url": "images/characters/anemo_4_catalyst_Sucrose/talent_4.png"
        },
        {
            "名前": "小さな恵風",
            "説明": "<span style=\"color: rgb(255, 215, 128)\">風霊作成·六三〇八</span>又は<span style=\"color: rgb(255, 215, 128)\">禁·風霊作成·七五同構弐型</span>が敵に命中した時、スクロースの元素熟知の20%を基準に、チーム全員（スクロース自身を除く）の元素熟知を強化する、継続時間8秒。",
            "詳細": [
                {
                    "名前": "小さな恵風",
                    "種類": "表示_1",
                    "数値": "20%元素熟知X7"
                }
            ],
            "icon_url": "images/characters/anemo_4_catalyst_Sucrose/talent_5.png"
        },
        {
            "名前": "不安定な発見",
            "説明": "キャラクターと武器の育成素材を合成する時、10%の確率でアイテムを2倍獲得する。",
            "icon_url": "images/characters/anemo_4_catalyst_Sucrose/talent_6.png"
        }
    ],
    "命ノ星座": {
        "1": {
            "名前": "積み上げ真空域",
            "説明": "<span style=\"color: rgb(255, 215, 128)\">風霊作成·六三〇八</span>の使用可能回数+1。",
            "詳細": [
                {
                    "種類": "使用回数.元素スキル",
                    "数値": 1
                }
            ],
            "icon_url": "images/characters/anemo_4_catalyst_Sucrose/summaryList_1.png"
        },
        "2": {
            "名前": "不羈型ベト",
            "説明": "<span style=\"color: rgb(255, 215, 128)\">禁·風霊作成·七五同構弐型</span>のスキル継続時間+2秒。",
            "詳細": [
                {
                    "種類": "継続時間.元素爆発",
                    "数値": 2
                }
            ],
            "icon_url": "images/characters/anemo_4_catalyst_Sucrose/summaryList_2.png"
        },
        "3": {
            "名前": "ゼロミス少女",
            "説明": "<span style=\"color: rgb(255, 215, 128)\">風霊作成·六三〇八</span>のスキルLv.+3。<br>最大Lv.15まで。",
            "icon_url": "images/characters/anemo_4_catalyst_Sucrose/summaryList_3.png",
            "詳細": []
        },
        "4": {
            "名前": "錬金の偏執",
            "説明": "スクロースの通常攻撃または重撃が敵に累計7回命中すると、<span style=\"color: rgb(255, 215, 128)\">風霊作成·六三〇八</span>のクールタイムがランダムに1~7秒減少する。<br>0.1秒毎に1回のみカウント可能。",
            "icon_url": "images/characters/anemo_4_catalyst_Sucrose/summaryList_4.png",
            "詳細": []
        },
        "5": {
            "名前": "真面目な普通瓶",
            "説明": "<span style=\"color: rgb(255, 215, 128)\">禁·風霊作成·七五同構弐型</span>のスキルLv.+3。<br>最大Lv.15まで。",
            "icon_url": "images/characters/anemo_4_catalyst_Sucrose/summaryList_5.png",
            "詳細": []
        },
        "6": {
            "名前": "混元熵增論",
            "説明": "<span style=\"color: rgb(255, 215, 128)\">禁·風霊作成·七五同構弐型</span>に元素変化が起きた時、スキル継続中チーム全員の該当元素ダメージ+20%。",
            "詳細": [
                {
                    "条件": "元素変化=炎元素",
                    "種類": "炎元素ダメージバフ",
                    "数値": 20
                },
                {
                    "条件": "元素変化=水元素",
                    "種類": "水元素ダメージバフ",
                    "数値": 20
                },
                {
                    "条件": "元素変化=雷元素",
                    "種類": "雷元素ダメージバフ",
                    "数値": 20
                },
                {
                    "条件": "元素変化=氷元素",
                    "種類": "氷元素ダメージバフ",
                    "数値": 20
                }
            ],
            "icon_url": "images/characters/anemo_4_catalyst_Sucrose/summaryList_6.png"
        }
    },
    "おすすめセット": [
        {
            "武器": "祭礼の断片",
            "聖遺物メイン効果3": "5_元素熟知",
            "聖遺物メイン効果4": "5_元素熟知",
            "聖遺物メイン効果5": "5_元素熟知",
            "聖遺物セット効果1": "翠緑の影",
            "聖遺物セット効果2": "翠緑の影",
            "聖遺物優先するサブ効果1": "元素チャージ効率"
        },
        {
            "武器": "祭礼の断片",
            "聖遺物メイン効果3": "5_元素チャージ効率",
            "聖遺物メイン効果4": "5_元素熟知",
            "聖遺物メイン効果5": "5_元素熟知",
            "聖遺物セット効果1": "翠緑の影",
            "聖遺物セット効果2": "翠緑の影",
            "聖遺物優先するサブ効果1": "元素チャージ効率",
            "聖遺物優先するサブ効果2": "元素熟知"
        },
        {
            "武器": "万国諸海の図譜",
            "聖遺物メイン効果3": "5_元素チャージ効率",
            "聖遺物メイン効果4": "5_元素熟知",
            "聖遺物メイン効果5": "5_元素熟知",
            "聖遺物セット効果1": "翠緑の影",
            "聖遺物セット効果2": "翠緑の影",
            "聖遺物優先するサブ効果1": "元素チャージ効率",
            "聖遺物優先するサブ効果2": "元素熟知"
        },
        {
            "武器": "金珀·試作",
            "聖遺物メイン効果3": "5_元素チャージ効率",
            "聖遺物メイン効果4": "5_元素熟知",
            "聖遺物メイン効果5": "5_元素熟知",
            "聖遺物セット効果1": "翠緑の影",
            "聖遺物セット効果2": "翠緑の影",
            "聖遺物優先するサブ効果1": "元素チャージ効率",
            "聖遺物優先するサブ効果2": "元素熟知"
        }
    ]
}