{
    "名前": "ジン",
    "説明": "正直で真面目な蒲公英騎士、モンド西風騎士団の代理団長。",
    "icon_url": "images/characters/face/anemo_5_sword_Jean.png",
    "レアリティ": 5,
    "武器": "片手剣",
    "元素": "風",
    "baseInfo": {
        "名前": "ジン",
        "誕生日": "3月14日",
        "命ノ星座": "仔獅子座",
        "称号": "蒲公英騎士",
        "神の目": "風",
        "所属": "西風騎士団",
        "中国語 CV": "林簌",
        "英語 CV": "Stephanie Southerland",
        "日本語 CV": "斎藤千和",
        "韓国語 CV": "안영미",
        "オリジナル料理": "眠気覚ましピザ",
        "実装バージョン": "1.0",
        "七聖召喚のカード": "$[{\"ep_id\":3192,\"icon\":\"https://upload-static.hoyoverse.com/hoyolab-wiki/2022/12/01/194600931/d5390af00bb562ee5ee6a0425a900de1_3217989123076998049.png\",\"amount\":0,\"name\":\"ジン\",\"menuId\":\"17\"}]$"
    },
    "region": "モンド城",
    "ステータス": {
        "基礎HP": {
            "1+": 1144,
            "20": 2967,
            "20+": 3948,
            "40": 5908,
            "40+": 6605,
            "50": 7599,
            "50+": 8528.0,
            "60": 9533,
            "60+": 10230,
            "70": 11243,
            "70+": 11940,
            "80": 12965,
            "80+": 13662.0,
            "90": 14695
        },
        "基礎攻撃力": {
            "1+": 19,
            "20": 48,
            "20+": 64,
            "40": 96,
            "40+": 108.0,
            "50": 124,
            "50+": 139.0,
            "60": 155,
            "60+": 166,
            "70": 183,
            "70+": 194.0,
            "80": 211,
            "80+": 222,
            "90": 239
        },
        "基礎防御力": {
            "1+": 60,
            "20": 155,
            "20+": 206,
            "40": 309,
            "40+": 345,
            "50": 397,
            "50+": 446.0,
            "60": 499,
            "60+": 535,
            "70": 588,
            "70+": 624,
            "80": 678,
            "80+": 715,
            "90": 769
        },
        "与える治療効果": {
            "1+": 0,
            "20": 0,
            "20+": 0,
            "40": 0,
            "40+": 5.5,
            "50": 5.5,
            "50+": 11.1,
            "60": 11.1,
            "60+": 11.1,
            "70": 11.1,
            "70+": 16.6,
            "80": 16.6,
            "80+": 22.2,
            "90": 22.2
        }
    },
    "通常攻撃": {
        "名前": "通常攻撃·西風剣術",
        "説明": "<span style=\"color:#FFD780FF\">通常攻撃</span><br/>剣による最大5段の連続攻撃を行う。<br/><br/><span style=\"color:#FFD780FF\">重撃</span><br/>一定のスタミナを消費し、風の力に満ちた斬り上げ攻撃を発動する。<br/>斬り上げられた敵はゆっくりと降下する。<br/><br/><span style=\"color:#FFD780FF\">落下攻撃</span><br/>空中から落下し地面に衝撃を与える。経路上の敵を攻撃し、落下時に範囲ダメージを与える。",
        "詳細": [
            {
                "名前": "1段ダメージ",
                "数値": {
                    "1": "48.3%",
                    "2": "52.3%",
                    "3": "56.2%",
                    "4": "61.8%",
                    "5": "65.8%",
                    "6": "70.3%",
                    "7": "76.4%",
                    "8": "82.6%",
                    "9": "88.8%",
                    "10": "95.5%",
                    "11": "103%"
                }
            },
            {
                "名前": "2段ダメージ",
                "数値": {
                    "1": "45.6%",
                    "2": "49.3%",
                    "3": "53.0%",
                    "4": "58.3%",
                    "5": "62.0%",
                    "6": "66.3%",
                    "7": "72.1%",
                    "8": "77.9%",
                    "9": "83.7%",
                    "10": "90.1%",
                    "11": "97.4%"
                }
            },
            {
                "名前": "3段ダメージ",
                "数値": {
                    "1": "60.3%",
                    "2": "65.2%",
                    "3": "70.1%",
                    "4": "77.1%",
                    "5": "82.0%",
                    "6": "87.6%",
                    "7": "95.3%",
                    "8": "103%",
                    "9": "111%",
                    "10": "119%",
                    "11": "129%"
                }
            },
            {
                "名前": "4段ダメージ",
                "数値": {
                    "1": "65.9%",
                    "2": "71.2%",
                    "3": "76.6%",
                    "4": "84.3%",
                    "5": "89.6%",
                    "6": "95.8%",
                    "7": "104%",
                    "8": "113%",
                    "9": "121%",
                    "10": "130%",
                    "11": "141%"
                }
            },
            {
                "名前": "5段ダメージ",
                "数値": {
                    "1": "79.2%",
                    "2": "85.7%",
                    "3": "92.1%",
                    "4": "101%",
                    "5": "108%",
                    "6": "115%",
                    "7": "125%",
                    "8": "135%",
                    "9": "146%",
                    "10": "157%",
                    "11": "169%"
                }
            }
        ],
        "icon_url": "images/characters/anemo_5_sword_Jean/talent_1.png"
    },
    "重撃": {
        "説明": [
            "一定のスタミナを消費し、風の力に満ちた斬り上げ攻撃を発動される。斬り上げられた敵はゆっくりと降下する。"
        ],
        "詳細": [
            {
                "名前": "重撃ダメージ",
                "数値": {
                    "1": "162%",
                    "2": "175%",
                    "3": "188%",
                    "4": "207%",
                    "5": "220%",
                    "6": "236%",
                    "7": "256%",
                    "8": "277%",
                    "9": "298%",
                    "10": "320%",
                    "11": "346%"
                }
            }
        ]
    },
    "落下攻撃": {
        "説明": "空中から落下し地面に衝撃を与える。経路上の敵を攻撃し、落下時に範囲ダメージを与える。",
        "詳細": [
            {
                "名前": "落下期間のダメージ",
                "種類": "落下攻撃ダメージ",
                "数値": {
                    "1": "63.9%",
                    "2": "69.1%",
                    "3": "74.3%",
                    "4": "81.8%",
                    "5": "87.0%",
                    "6": "92.9%",
                    "7": "101.1%",
                    "8": "109.3%",
                    "9": "117.5%",
                    "10": "126.4%",
                    "11": "135.3%"
                }
            },
            {
                "名前": "低空/高空落下攻撃ダメージ",
                "種類": "落下攻撃ダメージ",
                "数値": {
                    "1": "128%",
                    "2": "138%",
                    "3": "149%",
                    "4": "164%",
                    "5": "174%",
                    "6": "186%",
                    "7": "202%",
                    "8": "219%",
                    "9": "235%",
                    "10": "253%",
                    "11": "271%"
                }
            },
            {
                "名前": "低空/高空落下攻撃ダメージ",
                "種類": "落下攻撃ダメージ",
                "数値": {
                    "1": "160%",
                    "2": "173%",
                    "3": "186%",
                    "4": "204%",
                    "5": "217%",
                    "6": "232%",
                    "7": "253%",
                    "8": "273%",
                    "9": "293%",
                    "10": "316%",
                    "11": "338%"
                }
            }
        ]
    },
    "元素スキル": {
        "名前": "風圧剣",
        "説明": "形のない風を剣に集中させ、小型の嵐を放つ。敵を狙った方向にノックバックし、大量の<span style=\"color:#80FFD7FF\">風元素ダメージ</span>を与える。<br/><br/><span style=\"color:#FFD780FF\">長押し</span><br/>スタミナを消費する代わりに、周囲の敵と物体を目の前に吸い寄せることができる。<br/>方向の調整が可能。<br/>長押し中は移動できない。<br/><br/><i>ジンと共にあるのは、仲間を守ることができる守護の風だ。</i>",
        "詳細": [
            {
                "名前": "スキルダメージ",
                "数値": {
                    "1": "292%",
                    "2": "314%",
                    "3": "336%",
                    "4": "365%",
                    "5": "387%",
                    "6": "409%",
                    "7": "438%",
                    "8": "467%",
                    "9": "496%",
                    "10": "526%",
                    "11": "555%",
                    "12": "584%",
                    "13": "621%"
                }
            }
        ],
        "最大継続時間": 5,
        "クールタイム": 6,
        "icon_url": "images/characters/anemo_5_sword_Jean/talent_2.png"
    },
    "元素爆発": {
        "名前": "蒲公英の風",
        "説明": "風の加護を呼び、千風が流れる蒲公英エリアを作り出し、周囲の敵に<span style=\"color: rgb(128, 255, 215)\">風元素ダメージ</span>を与えてノックバックする。<br>ジンの攻撃力を基準にチーム全員のHPを大量に回復する。<br><br><span style=\"color: rgb(255, 215, 128)\">蒲公英エリア</span><br>・エリア内にいるキャラクターのHPを持続的に回復する。<br>・エリア内にいるキャラクターは持続的に<span style=\"color: rgb(128, 255, 215)\">風元素の影響</span>を受ける。<br>・エリアを出入りする敵に<span style=\"color: rgb(128, 255, 215)\">風元素ダメージ</span>を与える<br><br><em>風の恵みはまるで広い大地に生息する蒲公英のようで、ジンの守るという意志の根源でもある。</em>",
        "詳細": [
            {
                "名前": "爆発ダメージ",
                "数値": {
                    "1": "425%",
                    "2": "457%",
                    "3": "489%",
                    "4": "531%",
                    "5": "563%",
                    "6": "595%",
                    "7": "637%",
                    "8": "680%",
                    "9": "722%",
                    "10": "765%",
                    "11": "807%",
                    "12": "850%",
                    "13": "903%"
                }
            },
            {
                "名前": "エリア出入りダメージ",
                "数値": {
                    "1": "78.4%",
                    "2": "84.3%",
                    "3": "90.2%",
                    "4": "98.0%",
                    "5": "104%",
                    "6": "110%",
                    "7": "118%",
                    "8": "125%",
                    "9": "133%",
                    "10": "141%",
                    "11": "149%",
                    "12": "157%",
                    "13": "167%"
                }
            },
            {
                "名前": "エリア内の回復量",
                "種類": "HP回復",
                "数値": {
                    "1": "251%攻撃力+1540",
                    "2": "270%攻撃力+1694",
                    "3": "289%攻撃力+1861",
                    "4": "314%攻撃力+2041",
                    "5": "333%攻撃力+2234",
                    "6": "352%攻撃力+2439",
                    "7": "377%攻撃力+2657",
                    "8": "402%攻撃力+2888",
                    "9": "427%攻撃力+3132",
                    "10": "452%攻撃力+3389",
                    "11": "477%攻撃力+3659",
                    "12": "502%攻撃力+3941",
                    "13": "534%攻撃力+4236"
                }
            },
            {
                "名前": "継続回復",
                "種類": "HP回復",
                "数値": {
                    "1": "25.12%攻撃力+154",
                    "2": "27.00%攻撃力+169",
                    "3": "28.89%攻撃力+186",
                    "4": "31.40%攻撃力+204",
                    "5": "33.28%攻撃力+223",
                    "6": "35.17%攻撃力+244",
                    "7": "37.68%攻撃力+266",
                    "8": "40.19%攻撃力+289",
                    "9": "42.70%攻撃力+313",
                    "10": "45.22%攻撃力+339",
                    "11": "47.73%攻撃力+366",
                    "12": "50.24%攻撃力+394",
                    "13": "53.38%攻撃力+424"
                }
            },
            {
                "条件": "命ノ星座@6",
                "種類": "表示",
                "名前": "ダメージ軽減",
                "数値": 35
            }
        ],
        "クールタイム": 20,
        "元素エネルギー": 80,
        "icon_url": "images/characters/anemo_5_sword_Jean/talent_3.png"
    },
    "固有天賦": [
        {
            "名前": "風の赴くままに",
            "説明": "ジンの通常攻撃が命中する時、50%の確率でチーム全員のHPを回復する。回復量はジンの攻撃力の15%に相当する。",
            "icon_url": "images/characters/anemo_5_sword_Jean/talent_4.png",
            "詳細": [
                {
                    "名前": "風の赴くままに 回復量",
                    "種類": "HP回復",
                    "数値": "15%攻撃力"
                }
            ]
        },
        {
            "名前": "風の導くままに",
            "説明": "<span style=\"color:#FFD780FF\">蒲公英の風</span>発動後、元素エネルギーが20%回復する。",
            "icon_url": "images/characters/anemo_5_sword_Jean/talent_5.png"
        },
        {
            "名前": "導きの風",
            "説明": "回復系料理を完璧調理した時、12%の確率で料理を2倍獲得する。",
            "icon_url": "images/characters/anemo_5_sword_Jean/talent_6.png"
        }
    ],
    "命ノ星座": {
        "1": {
            "名前": "剣脊に流れる暴風",
            "説明": "<span style=\"color:#FFD780FF\">風圧剣</span>の長押しが1秒以上の時、吸い寄せる速度がアップし、与えるダメージ+40%。",
            "詳細": [
                {
                    "条件": "剣脊に流れる暴風 風圧剣 与えるダメージ+40%",
                    "対象": "元素スキルダメージ.スキルダメージ",
                    "種類": "与えるダメージ",
                    "数値": 40
                }
            ],
            "icon_url": "images/characters/anemo_5_sword_Jean/summaryList_1.png"
        },
        "2": {
            "名前": "人々を守る盾",
            "説明": "ジンが元素オーブまたは元素粒子を獲得した時、チームにいる全てのキャラクターの移動速度+15%、攻撃速度+15%、継続時間15秒。",
            "icon_url": "images/characters/anemo_5_sword_Jean/summaryList_2.png",
            "詳細": [
                {
                    "種類": "移動速度",
                    "数値": 15
                },
                {
                    "種類": "攻撃速度",
                    "数値": 15
                }
            ]
        },
        "3": {
            "名前": "西風が吹く時",
            "説明": "<span style=\"color:#FFD780FF\">蒲公英の風</span>のスキルLv.+3。<br/>最大Lv.15まで。",
            "icon_url": "images/characters/anemo_5_sword_Jean/summaryList_3.png",
            "詳細": []
        },
        "4": {
            "名前": "蒲公英の国土",
            "説明": "<span style=\"color:#FFD780FF\">蒲公英の風</span>のエリア内にいるすべての敵の<span style=\"color:#80FFD7FF\">風元素耐性</span>-40%。",
            "icon_url": "images/characters/anemo_5_sword_Jean/summaryList_4.png",
            "詳細": [
                {
                    "条件": "蒲公英の国土 風元素耐性-40%",
                    "種類": "敵風元素耐性",
                    "数値": -40
                }
            ]
        },
        "5": {
            "名前": "しばしの烈風",
            "説明": "<span style=\"color:#FFD780FF\">風圧剣</span>のスキルLv.+3。<br/>最大Lv.15まで。",
            "icon_url": "images/characters/anemo_5_sword_Jean/summaryList_5.png",
            "詳細": []
        },
        "6": {
            "名前": "民を眷顧する獅子の牙",
            "説明": "<span style=\"color:#FFD780FF\">蒲公英の風</span>のエリア内にいるキャラクターの受けるダメージ-35%。<br/>エリアから出た後、この効果は攻撃を3回受け、または10秒間経つとクリアされる。",
            "icon_url": "images/characters/anemo_5_sword_Jean/summaryList_6.png",
            "詳細": [
                {
                    "条件": "民を眷顧する獅子の牙 ダメージ軽減+35%",
                    "種類": "ダメージ軽減",
                    "数値": 35
                }
            ]
        }
    },
    "おすすめセット": [
        {
            "武器": "風鷹剣",
            "聖遺物メイン効果3": "5_攻撃力%",
            "聖遺物メイン効果4": "5_風元素ダメージバフ",
            "聖遺物メイン効果5": "5_会心率",
            "聖遺物セット効果1": "翠緑の影",
            "聖遺物セット効果2": "翠緑の影",
            "聖遺物優先するサブ効果1": "会心ダメージ",
            "聖遺物優先するサブ効果2": "会心率",
            "聖遺物優先するサブ効果3": "攻撃力%"
        },
        {
            "武器": "磐岩結緑",
            "聖遺物メイン効果3": "5_攻撃力%",
            "聖遺物メイン効果4": "5_風元素ダメージバフ",
            "聖遺物メイン効果5": "5_会心ダメージ",
            "聖遺物セット効果1": "翠緑の影",
            "聖遺物セット効果2": "翠緑の影",
            "聖遺物優先するサブ効果1": "会心率",
            "聖遺物優先するサブ効果2": "会心ダメージ",
            "聖遺物優先するサブ効果3": "攻撃力%"
        },
        {
            "武器": "天目影打",
            "聖遺物メイン効果3": "5_攻撃力%",
            "聖遺物メイン効果4": "5_風元素ダメージバフ",
            "聖遺物メイン効果5": "5_会心率",
            "聖遺物セット効果1": "翠緑の影",
            "聖遺物セット効果2": "翠緑の影",
            "聖遺物優先するサブ効果1": "会心ダメージ",
            "聖遺物優先するサブ効果2": "会心率",
            "聖遺物優先するサブ効果3": "攻撃力%"
        },
        {
            "武器": "腐植の剣",
            "聖遺物メイン効果3": "5_攻撃力%",
            "聖遺物メイン効果4": "5_風元素ダメージバフ",
            "聖遺物メイン効果5": "5_会心率",
            "聖遺物セット効果1": "翠緑の影",
            "聖遺物セット効果2": "翠緑の影",
            "聖遺物優先するサブ効果1": "会心ダメージ",
            "聖遺物優先するサブ効果2": "会心率",
            "聖遺物優先するサブ効果3": "攻撃力%"
        },
        {
            "武器": "風鷹剣",
            "聖遺物メイン効果3": "5_攻撃力%",
            "聖遺物メイン効果4": "5_風元素ダメージバフ",
            "聖遺物メイン効果5": "5_会心率",
            "聖遺物セット効果1": "翠緑の影",
            "聖遺物セット効果2": "剣闘士のフィナーレ",
            "聖遺物優先するサブ効果1": "会心ダメージ",
            "聖遺物優先するサブ効果2": "会心率",
            "聖遺物優先するサブ効果3": "攻撃力%"
        },
        {
            "武器": "風鷹剣",
            "聖遺物メイン効果3": "5_攻撃力%",
            "聖遺物メイン効果4": "5_物理ダメージバフ",
            "聖遺物メイン効果5": "5_会心率",
            "聖遺物セット効果1": "血染めの騎士道",
            "聖遺物セット効果2": "蒼白の炎",
            "聖遺物優先するサブ効果1": "会心ダメージ",
            "聖遺物優先するサブ効果2": "会心率",
            "聖遺物優先するサブ効果3": "攻撃力%"
        }
    ],
    "NEXT STEP": "元素爆発.爆発ダメージ"
}