{
    "名前": "リネット",
    "説明": "口数が少なく、表情に乏しいマジックアシスタント。その性格は猫のようにつかみところがない。",
    "icon_url": "images/characters/face/anemo_4_sword_Lynette.png",
    "レアリティ": 4,
    "武器": "片手剣",
    "元素": "風",
    "baseInfo": {
        "和名 / 英名": "リネット / Lynette",
        "誕生日": "2月2日",
        "命ノ星座": "白尾猫座",
        "称号": "綺影で魅せるエレガンス",
        "神の目": "風",
        "所属": "ブーフ·ド·エテの館",
        "中国語 CV": "可可味",
        "英語 CV": "Anairis Quiñones",
        "日本語 CV": "篠原侑",
        "韓国語 CV": "이명화"
    },
    "region": "フォンテーヌ",
    "ステータス": {
        "基礎HP": {
            "1+": 1039,
            "20": 2670,
            "20+": 3447,
            "40": 5163,
            "40+": 5715,
            "50": 6573,
            "50+": 7309,
            "60": 8168,
            "60+": 8719,
            "70": 9577,
            "70+": 10129,
            "80": 10987,
            "80+": 11539,
            "90": 12397
        },
        "基礎攻撃力": {
            "1+": 20,
            "20": 50,
            "20+": 65,
            "40": 97,
            "40+": 107,
            "50": 123,
            "50+": 137,
            "60": 153,
            "60+": 163,
            "70": 179,
            "70+": 189,
            "80": 205,
            "80+": 216,
            "90": 232
        },
        "基礎防御力": {
            "1+": 60,
            "20": 153,
            "20+": 198,
            "40": 296,
            "40+": 328,
            "50": 377,
            "50+": 420,
            "60": 469,
            "60+": 501,
            "70": 550,
            "70+": 582,
            "80": 631,
            "80+": 663,
            "90": 712
        },
        "風元素ダメージバフ": {
            "1+": 0.0,
            "20": 0.0,
            "20+": 0.0,
            "40": 0.0,
            "40+": 6.0,
            "50": 6.0,
            "50+": 12.0,
            "60": 12.0,
            "60+": 12.0,
            "70": 12.0,
            "70+": 18.0,
            "80": 18.0,
            "80+": 24.0,
            "90": 24.0
        }
    },
    "通常攻撃": {
        "名前": "通常攻撃·ラピッド·レイピア",
        "説明": "<span style=\"color: #FFD780\">通常攻撃</span><br>剣による最大4段の連続攻撃を行う。<br><br><span style=\"color: #FFD780\">重撃</span><br>一定のスタミナを消費し、前方に斬撃を2回放つ。<br><br><span style=\"color: #FFD780\">落下攻撃</span><br>空中から落下し地面に衝撃を与える。経路上の敵を攻撃し、落下時に範囲ダメージを与える。",
        "icon_url": "images/characters/anemo_4_sword_Lynette/talent_1.png",
        "詳細": [
            {
                "名前": "1段ダメージ",
                "数値": {
                    "1": "43.1%",
                    "2": "46.6%",
                    "3": "50.1%",
                    "4": "55.1%",
                    "5": "58.6%",
                    "6": "62.6%",
                    "7": "68.1%",
                    "8": "73.6%",
                    "9": "79.2%",
                    "10": "85.2%",
                    "11": "91.2%"
                }
            },
            {
                "名前": "2段ダメージ",
                "数値": {
                    "1": "37.6%",
                    "2": "40.7%",
                    "3": "43.7%",
                    "4": "48.1%",
                    "5": "51.2%",
                    "6": "54.7%",
                    "7": "59.5%",
                    "8": "64.3%",
                    "9": "69.1%",
                    "10": "74.3%",
                    "11": "79.6%"
                }
            },
            {
                "名前": "3段ダメージ",
                "数値": {
                    "1": "27.9%+21.6%",
                    "2": "30.1%+23.4%",
                    "3": "32.4%+25.1%",
                    "4": "35.6%+27.6%",
                    "5": "37.9%+29.4%",
                    "6": "40.5%+31.4%",
                    "7": "44.1%+34.1%",
                    "8": "47.6%+36.9%",
                    "9": "51.2%+39.7%",
                    "10": "55.1%+42.7%",
                    "11": "59.0%+45.7%"
                },
                "HIT数": 2
            },
            {
                "名前": "4段ダメージ",
                "数値": {
                    "1": "63.2%",
                    "2": "68.3%",
                    "3": "73.4%",
                    "4": "80.8%",
                    "5": "85.9%",
                    "6": "91.8%",
                    "7": "99.9%",
                    "8": "107.9%",
                    "9": "116.0%",
                    "10": "124.8%",
                    "11": "133.7%"
                }
            }
        ]
    },
    "重撃": {
        "詳細": [
            {
                "名前": "重撃ダメージ",
                "数値": {
                    "1": "44.2%+61.4%",
                    "2": "47.8%+66.4%",
                    "3": "51.4%+71.4%",
                    "4": "56.5%+78.5%",
                    "5": "60.1%+83.5%",
                    "6": "64.3%+89.3%",
                    "7": "69.9%+97.1%",
                    "8": "75.6%+105.0%",
                    "9": "81.2%+112.8%",
                    "10": "87.4%+121.4%",
                    "11": "93.5%+129.9%"
                },
                "HIT数": 2
            }
        ],
        "重撃スタミナ消費": 20.0
    },
    "落下攻撃": {
        "詳細": [
            {
                "名前": "落下期間のダメージ",
                "数値": {
                    "1": "63.9%",
                    "2": "69.1%",
                    "3": "74.3%",
                    "4": "81.8%",
                    "5": "87.0%",
                    "6": "92.9%",
                    "7": "101.1%",
                    "8": "109.3%",
                    "9": "117.5%",
                    "10": "126.4%",
                    "11": "135.3%"
                }
            },
            {
                "名前": "低空/高空落下攻撃ダメージ",
                "数値": {
                    "1": "128%",
                    "2": "138%",
                    "3": "149%",
                    "4": "164%",
                    "5": "174%",
                    "6": "186%",
                    "7": "202%",
                    "8": "219%",
                    "9": "235%",
                    "10": "253%",
                    "11": "271%"
                }
            },
            {
                "名前": "低空/高空落下攻撃ダメージ",
                "数値": {
                    "1": "160%",
                    "2": "173%",
                    "3": "186%",
                    "4": "204%",
                    "5": "217%",
                    "6": "232%",
                    "7": "253%",
                    "8": "273%",
                    "9": "293%",
                    "10": "316%",
                    "11": "338%"
                }
            }
        ]
    },
    "元素スキル": {
        "名前": "エニグマティック·フェイント",
        "説明": "マントを翻してエニグマ·スラストを繰り出し、<span style=\"color: rgb(128, 255, 215)\">風元素ダメージ</span>を与える。<br>エニグマ·スラストが敵に命中した時、リネットのHPを回復する。回復量はリネットのHP上限によって決まる。その後の4秒間、1秒毎に一定値のHPを消費する。<br>一回押しと長押しによって、攻撃方法の異なるエニグマ·スラストを繰り出す。<br><br><span style=\"color: rgb(255, 215, 128)\">一回押し</span><br>エニグマ·スラストを素早く繰り出す。<br><br><span style=\"color: rgb(255, 215, 128)\">長押し</span><br>リネットは「ピルフィング·シャドウ」の姿で疾走し、近くの敵に「シャドウサイン」を付与する。継続時間中、進行方向を変えることができる。再び発動すると疾走状態を早期に終了できる。<br>疾走終了時、リネットはエニグマ·スラストを繰り出す。近くにシャドウサインを持つ敵がいる場合、エニグマ·スラストを繰り出す前に高速でその敵に接近する。<br><br>リネット自身が付与したシャドウサインを持つ敵は同時に最大1体まで存在可能。シャドウサインを持つ敵と離れすぎていると、そのシャドウサインは解除される。<br><br><span style=\"color: rgb(255, 215, 128)\">始原の力：ウーシア</span><br>リネットがエニグマ·スラストを繰り出す際、迸発の刃を召喚してウーシアを帯びた<span style=\"color: rgb(128, 255, 215)\">風元素ダメージ</span>を与える、一定間隔ごとに発動が可能。<br><br><em>「今から舞台に視線を戻し、ショーを見続けてみて。私が再び現れるのは、思いもよらぬ場所。」</em>",
        "icon_url": "images/characters/anemo_4_sword_Lynette/talent_2.png",
        "詳細": [
            {
                "名前": "エニグマ·スラストのダメージ",
                "数値": {
                    "1": "268.0%",
                    "2": "288.1%",
                    "3": "308.2%",
                    "4": "335.0%",
                    "5": "355.1%",
                    "6": "375.2%",
                    "7": "402.0%",
                    "8": "428.8%",
                    "9": "455.6%",
                    "10": "482.4%",
                    "11": "509.2%",
                    "12": "536.0%",
                    "13": "569.5%"
                }
            },
            {
                "名前": "迸発の刃のダメージ",
                "数値": {
                    "1": "31.2%",
                    "2": "33.5%",
                    "3": "35.9%",
                    "4": "39.0%",
                    "5": "41.3%",
                    "6": "43.7%",
                    "7": "46.8%",
                    "8": "49.9%",
                    "9": "53.0%",
                    "10": "56.2%",
                    "11": "59.3%",
                    "12": "62.4%",
                    "13": "66.3%"
                }
            },
            {
                "名前": "非表示_迸発の刃の間隔",
                "数値": 10
            },
            {
                "名前": "命中回復量",
                "種類": "HP回復",
                "数値": "25%HP上限"
            },
            {
                "名前": "非表示_HP消費",
                "種類": "HP消費",
                "数値": "6%現在HP"
            }
        ],
        "長押し最大継続時間": 2.5,
        "クールタイム": 12.0
    },
    "元素爆発": {
        "名前": "魔術·アストニシングシフト",
        "説明": "リネットがマントを高く掲げて<span style=\"color: #80FFD7\">風元素範囲ダメージ</span>を与え、驚くべき手法で巨大なビックラキャット·ボックスを作り出す！<br><br><span style=\"color: #FFD780\">ビックラキャット·ボックス</span><br>・持続的に周囲の敵を挑発し、攻撃を引き付ける。<br>・付近にいる敵に対し、周期的に<span style=\"color: #80FFD7\">風元素ダメージ</span>を与える。<br>・ビックラキャット·ボックスが<span style=\"color: #80C0FF\">水元素</span>/<span style=\"color: #FF9999\">炎元素</span>/<span style=\"color: #99FFFF\">氷元素</span>/<span style=\"color: #FFACFF\">雷元素</span>に接触すると、接触した元素の属性を獲得し、付近にいる敵に対して周期的に追加のリボンバレットを発射して、対応する元素ダメージを与える。<br>元素変化はスキル継続中に1回のみ発生する。<br><br><em>「そう、こっちをよく見て。これは私たちだけの、ミラクルタイム。」</em><br>",
        "icon_url": "images/characters/anemo_4_sword_Lynette/talent_3.png",
        "詳細": [
            {
                "名前": "スキルダメージ",
                "数値": {
                    "1": "83.2%",
                    "2": "89.4%",
                    "3": "95.7%",
                    "4": "104.0%",
                    "5": "110.2%",
                    "6": "116.5%",
                    "7": "124.8%",
                    "8": "133.1%",
                    "9": "141.4%",
                    "10": "149.8%",
                    "11": "158.1%",
                    "12": "166.4%",
                    "13": "176.8%"
                }
            },
            {
                "名前": "ビックラキャット·ボックスのダメージ",
                "数値": {
                    "1": "51.2%",
                    "2": "55.0%",
                    "3": "58.9%",
                    "4": "64.0%",
                    "5": "67.8%",
                    "6": "71.7%",
                    "7": "76.8%",
                    "8": "81.9%",
                    "9": "87.0%",
                    "10": "92.2%",
                    "11": "97.3%",
                    "12": "102.4%",
                    "13": "108.8%"
                }
            },
            {
                "条件": "元素変化=炎元素",
                "名前": "リボンバレットのダメージ",
                "数値": {
                    "1": "45.6%",
                    "2": "49.0%",
                    "3": "52.4%",
                    "4": "57.0%",
                    "5": "60.4%",
                    "6": "63.8%",
                    "7": "68.4%",
                    "8": "73.0%",
                    "9": "77.5%",
                    "10": "82.1%",
                    "11": "86.6%",
                    "12": "91.2%",
                    "13": "96.9%"
                },
                "元素": "炎"
            },
            {
                "条件": "元素変化=水元素",
                "名前": "リボンバレットのダメージ",
                "数値": {
                    "1": "45.6%",
                    "2": "49.0%",
                    "3": "52.4%",
                    "4": "57.0%",
                    "5": "60.4%",
                    "6": "63.8%",
                    "7": "68.4%",
                    "8": "73.0%",
                    "9": "77.5%",
                    "10": "82.1%",
                    "11": "86.6%",
                    "12": "91.2%",
                    "13": "96.9%"
                },
                "元素": "水"
            },
            {
                "条件": "元素変化=雷元素",
                "名前": "リボンバレットのダメージ",
                "数値": {
                    "1": "45.6%",
                    "2": "49.0%",
                    "3": "52.4%",
                    "4": "57.0%",
                    "5": "60.4%",
                    "6": "63.8%",
                    "7": "68.4%",
                    "8": "73.0%",
                    "9": "77.5%",
                    "10": "82.1%",
                    "11": "86.6%",
                    "12": "91.2%",
                    "13": "96.9%"
                },
                "元素": "雷"
            },
            {
                "条件": "元素変化=氷元素",
                "名前": "リボンバレットのダメージ",
                "数値": {
                    "1": "45.6%",
                    "2": "49.0%",
                    "3": "52.4%",
                    "4": "57.0%",
                    "5": "60.4%",
                    "6": "63.8%",
                    "7": "68.4%",
                    "8": "73.0%",
                    "9": "77.5%",
                    "10": "82.1%",
                    "11": "86.6%",
                    "12": "91.2%",
                    "13": "96.9%"
                },
                "元素": "氷"
            }
        ],
        "ビックラキャット・ボックスの継続時間": 12.0,
        "クールタイム": 18.0,
        "元素エネルギー": 70
    },
    "固有天賦": [
        {
            "名前": "巧妙なコンビネーション",
            "説明": "<span style=\"color: rgb(255, 215, 128)\">魔術·アストニシングシフト</span>を発動した後の10秒間、チーム内キャラクターの元素タイプが1/2/3/4種類の時、チーム全員の攻撃力がそれぞれ+8%/12%/16%/20%。",
            "icon_url": "images/characters/anemo_4_sword_Lynette/talent_4.png",
            "詳細": [
                {
                    "条件": "巧妙なコンビネーション 元素タイプ",
                    "種類": "攻撃力%",
                    "数値": 4
                },
                {
                    "条件": "巧妙なコンビネーション 元素タイプ@required_1-4種類",
                    "種類": "攻撃力%",
                    "数値": 4
                }
            ]
        },
        {
            "名前": "プロップは完備",
            "説明": "<span style=\"color: #FFD780\">魔術·アストニシングシフト</span>が召喚したビックラキャット·ボックスが元素変化を起こした後、リネットの元素爆発ダメージ+15%。効果は該当ビックラキャット·ボックスの継続時間終了まで継続する。",
            "icon_url": "images/characters/anemo_4_sword_Lynette/talent_5.png",
            "詳細": [
                {
                    "条件": "プロップは完備",
                    "種類": "元素爆発ダメージバフ",
                    "数値": 15
                }
            ]
        },
        {
            "名前": "場所法の記憶術",
            "説明": "ミニマップで周囲の<span style=\"color: #FFD780\">リカバリーオーブ</span>の位置を表示する。触れた時に回復する水中スタミナとHPの回復量+25%。",
            "icon_url": "images/characters/anemo_4_sword_Lynette/talent_6.png",
            "詳細": []
        }
    ],
    "命ノ星座": {
        "1": {
            "名前": "流影幻視の冷刃",
            "説明": "<span style=\"color: #FFD780\">エニグマティック·フェイント</span>のエニグマ·スラストがシャドウサインを持つ敵に命中した時、敵の位置にサイクロンを生成し、近くの敵を引き寄せる。",
            "icon_url": "images/characters/anemo_4_sword_Lynette/summaryList_1.png",
            "詳細": []
        },
        "2": {
            "名前": "千客万来の怪奇",
            "説明": "<span style=\"color: #FFD780\">魔術·アストニシングシフト</span>が召喚したビックラキャット·ボックスがリボンバレットを発射する時、追加でリボンバレットを1発撃つ。",
            "icon_url": "images/characters/anemo_4_sword_Lynette/summaryList_2.png",
            "詳細": []
        },
        "3": {
            "名前": "視覚認知の倒錯",
            "説明": "<span style=\"color: #FFD780\">魔術·アストニシングシフト</span>のスキルLv.+3。<br>最大Lv.15まで。",
            "icon_url": "images/characters/anemo_4_sword_Lynette/summaryList_3.png",
            "詳細": []
        },
        "4": {
            "名前": "暗黙霊犀の連携",
            "説明": "<span style=\"color: rgb(255, 215, 128)\">エニグマティック·フェイント</span>の使用可能回数+1。",
            "icon_url": "images/characters/anemo_4_sword_Lynette/summaryList_4.png",
            "詳細": []
        },
        "5": {
            "名前": "闇黒遮眼の遁法",
            "説明": "<span style=\"color: #FFD780\">エニグマティック·フェイント</span>のスキルLv.+3。<br>最大Lv.15まで。",
            "icon_url": "images/characters/anemo_4_sword_Lynette/summaryList_5.png",
            "詳細": []
        },
        "6": {
            "名前": "真意看破の双眸",
            "説明": "リネットが<span style=\"color: #FFD780\">エニグマティック·フェイント</span>のエニグマ·スラストを繰り出す時、<span style=\"color: #80FFD7\">風元素付与</span>を獲得し、<span style=\"color: #80FFD7\">風元素ダメージ</span>+20%、継続時間6秒。",
            "icon_url": "images/characters/anemo_4_sword_Lynette/summaryList_6.png",
            "詳細": [
                {
                    "条件": "真意看破の双眸",
                    "種類": "風元素付与"
                },
                {
                    "条件": "真意看破の双眸",
                    "種類": "風元素ダメージバフ",
                    "数値": 20
                }
            ]
        }
    },
    "チームバフ": [
        {
            "条件": "巧妙なコンビネーション",
            "種類": "攻撃力%",
            "数値": 4
        },
        {
            "条件": "巧妙なコンビネーション@1-4種類",
            "種類": "攻撃力%",
            "数値": 4
        }
    ],
    "おすすめセット": [
        {
            "武器": "西風剣",
            "聖遺物メイン効果3": "5_攻撃力%",
            "聖遺物メイン効果4": "5_風元素ダメージバフ",
            "聖遺物メイン効果5": "5_会心率",
            "聖遺物セット効果1": "翠緑の影",
            "聖遺物セット効果2": "翠緑の影",
            "聖遺物優先するサブ効果1": "会心ダメージ",
            "聖遺物優先するサブ効果2": "会心率",
            "聖遺物優先するサブ効果3": "攻撃力%"
        }
    ],
    "NEXT STEP": "元素爆発.スキルダメージ"
}