{
    "名前": "鹿野院平蔵",
    "説明": "天領奉行の天才少年探偵。直感が鋭く、洞察力に優れている。",
    "icon_url": "images/characters/face/anemo_4_catalyst_ShikanoinHeizou.png",
    "レアリティ": 4,
    "武器": "法器",
    "元素": "風",
    "baseInfo": {
        "名前": "鹿野院平蔵",
        "誕生日": "7月24日",
        "命ノ星座": "子鹿座",
        "称号": "乂安を願う者",
        "神の目": "風",
        "所属": "天領奉行",
        "中国語 CV": "林景",
        "英語 CV": "Kieran Regan",
        "日本語 CV": "井口祐一",
        "韓国語 CV": "정의진",
        "オリジナル料理": "唯一の真相",
        "実装バージョン": "2.8"
    },
    "region": "稲妻城",
    "ステータス": {
        "基礎HP": {
            "1+": 894,
            "20": 2296,
            "20+": 2963,
            "40": 4438,
            "40+": 4913,
            "50": 5651,
            "50+": 6283,
            "60": 7021,
            "60+": 7495,
            "70": 8233,
            "70+": 8707,
            "80": 9445,
            "80+": 9919,
            "90": 10657
        },
        "基礎攻撃力": {
            "1+": 19,
            "20": 48,
            "20+": 63,
            "40": 94,
            "40+": 104,
            "50": 119,
            "50+": 133,
            "60": 148,
            "60+": 158,
            "70": 174,
            "70+": 184,
            "80": 200,
            "80+": 210,
            "90": 225
        },
        "基礎防御力": {
            "1+": 57,
            "20": 147,
            "20+": 190,
            "40": 285,
            "40+": 315,
            "50": 363,
            "50+": 403,
            "60": 451,
            "60+": 481,
            "70": 528,
            "70+": 559,
            "80": 606,
            "80+": 637,
            "90": 684
        },
        "風元素ダメージバフ": {
            "1+": 0,
            "20": 0,
            "20+": 0,
            "40": 0,
            "40+": 6,
            "50": 6,
            "50+": 12,
            "60": 12,
            "60+": 12,
            "70": 12,
            "70+": 18,
            "80": 18,
            "80+": 24,
            "90": 24
        }
    },
    "オプション初期値": {
        "元素変化": 1
    },
    "通常攻撃": {
        "名前": "通常攻撃·不動流格闘術",
        "説明": "<span style=\"color:#FFD780FF\">通常攻撃</span><br/>強風が宿る強力な技で敵と格闘する。最大5段の連続攻撃を行い、<span style=\"color:#80FFD7FF\">風元素ダメージ</span>を与える。<br/><br/><span style=\"color:#FFD780FF\">重撃</span><br/>一定のスタミナを消費して砂撒脚を繰り出し、敵に<span style=\"color:#80FFD7FF\">風元素ダメージ</span>を与える。<br/><br/><span style=\"color:#FFD780FF\">落下攻撃</span><br/>空中から強風の力を凝集しながら落下し、地面に衝撃を与える。経路上の敵を攻撃し、落下時に<span style=\"color:#80FFD7FF\">風元素範囲ダメージ</span>を与える。",
        "詳細": [
            {
                "名前": "1段ダメージ",
                "数値": {
                    "1": "37.5%",
                    "2": "40.3%",
                    "3": "43.1%",
                    "4": "46.8%",
                    "5": "49.7%",
                    "6": "52.5%",
                    "7": "56.2%",
                    "8": "60%",
                    "9": "63.7%",
                    "10": "67.5%",
                    "11": "71.2%"
                }
            },
            {
                "名前": "2段ダメージ",
                "数値": {
                    "1": "36.9%",
                    "2": "39.6%",
                    "3": "42.4%",
                    "4": "46.1%",
                    "5": "48.8%",
                    "6": "51.6%",
                    "7": "55.3%",
                    "8": "59%",
                    "9": "62.7%",
                    "10": "66.3%",
                    "11": "70%"
                }
            },
            {
                "名前": "3段ダメージ",
                "数値": {
                    "1": "51.1%",
                    "2": "54.9%",
                    "3": "58.7%",
                    "4": "63.8%",
                    "5": "67.7%",
                    "6": "71.5%",
                    "7": "76.6%",
                    "8": "81.7%",
                    "9": "86.8%",
                    "10": "91.9%",
                    "11": "97%"
                }
            },
            {
                "名前": "4段ダメージ",
                "数値": {
                    "1": "14.8%+16.3%+19.2%",
                    "2": "15.9%+17.5%+20.7%",
                    "3": "17%+18.7%+22.1%",
                    "4": "18.5%+20.3%+24%",
                    "5": "19.6%+21.6%+25.5%",
                    "6": "20.7%+22.8%+26.9%",
                    "7": "22.8%+24.4%+28.8%",
                    "8": "23.7%+26%+30.8%",
                    "9": "25.1%+27.6%+32.7%",
                    "10": "26.6%+29.3%+34.6%",
                    "11": "28.1%+30.9%+36.5%"
                },
                "HIT数": 3
            },
            {
                "名前": "5段ダメージ",
                "数値": {
                    "1": "61.5%",
                    "2": "66.1%",
                    "3": "70.7%",
                    "4": "76.8%",
                    "5": "81.4%",
                    "6": "86%",
                    "7": "92.2%",
                    "8": "98.3%",
                    "9": "104.5%",
                    "10": "110.6%",
                    "11": "116.8%"
                }
            }
        ],
        "icon_url": "images/characters/anemo_4_catalyst_ShikanoinHeizou/talent_1.png"
    },
    "重撃": {
        "詳細": [
            {
                "名前": "重撃ダメージ",
                "数値": {
                    "1": "73%",
                    "2": "78.5%",
                    "3": "84%",
                    "4": "91.3%",
                    "5": "96.7%",
                    "6": "102.2%",
                    "7": "109.5%",
                    "8": "116.8%",
                    "9": "124.1%",
                    "10": "131.4%",
                    "11": "138.7%"
                }
            }
        ],
        "重撃スタミナ消費": 25
    },
    "落下攻撃": {
        "詳細": [
            {
                "名前": "落下期間のダメージ",
                "数値": {
                    "1": "56.8%",
                    "2": "61.5%",
                    "3": "66.1%",
                    "4": "72.7%",
                    "5": "77.3%",
                    "6": "82.6%",
                    "7": "89.9%",
                    "8": "97.1%",
                    "9": "104.4%",
                    "10": "112.3%",
                    "11": "120.3%"
                }
            },
            {
                "名前": "低空/高空落下攻撃ダメージ",
                "数値": {
                    "1": "114%",
                    "2": "123%",
                    "3": "132%",
                    "4": "145%",
                    "5": "155%",
                    "6": "165%",
                    "7": "180%",
                    "8": "194%",
                    "9": "209%",
                    "10": "225%",
                    "11": "240%"
                }
            },
            {
                "名前": "低空/高空落下攻撃ダメージ",
                "数値": {
                    "1": "142%",
                    "2": "153%",
                    "3": "165%",
                    "4": "182%",
                    "5": "193%",
                    "6": "206%",
                    "7": "224%",
                    "8": "243%",
                    "9": "261%",
                    "10": "281%",
                    "11": "300%"
                }
            }
        ]
    },
    "元素スキル": {
        "名前": "戮心拳",
        "説明": "<span style=\"color:#FFD780FF\">一回押し</span><br/>疾風を駆使して戮心拳を前方に打ち出し、<span style=\"color:#80FFD7FF\">風元素ダメージ</span>を与える。<br/><br/><span style=\"color:#FFD780FF\">長押し</span><br/>力を溜めて、より強力な一撃を繰り出す。溜めている間、戮心拳の威力をアップする「変格」効果を継続的に得る。元素スキルボタンを離した時、または力を溜め終わった時、前方に戮心拳を打ち出し、<span style=\"color:#80FFD7FF\">風元素ダメージ</span>を与える。<br/><br/><span style=\"color:#FFD780FF\">変格</span><br/>次の戮心拳のダメージをアップさせる、最大4層まで。<br/>「変格」効果を4層まで重ねると、「正論」効果が生み出され、次の戮心拳の与えるダメージがさらにアップし、影響範囲がより広くなる。<br/><br/><i>ただの力を込めた一撃にしか見えないが、犯人に罪を告白させ、悔い改めさせようという平蔵の思いが込められている。</i>",
        "詳細": [
            {
                "名前": "スキルダメージ",
                "数値": {
                    "1": "227.5%",
                    "2": "244.6%",
                    "3": "261.7%",
                    "4": "284.4%",
                    "5": "301.5%",
                    "6": "318.5%",
                    "7": "341.3%",
                    "8": "364%",
                    "9": "386.8%",
                    "10": "409.5%",
                    "11": "432.3%",
                    "12": "455%",
                    "13": "483.5%"
                }
            },
            {
                "条件": "変格@1-4層",
                "名前": "変格によるダメージアップ",
                "種類": "元素スキルダメージアップ",
                "数値": {
                    "1": "56.9%攻撃力",
                    "2": "61.2%攻撃力",
                    "3": "65.4%攻撃力",
                    "4": "71.1%攻撃力",
                    "5": "75.4%攻撃力",
                    "6": "79.6%攻撃力",
                    "7": "85.3%攻撃力",
                    "8": "91%攻撃力",
                    "9": "96.7%攻撃力",
                    "10": "102.4%攻撃力",
                    "11": "108.1%攻撃力",
                    "12": "113.8%攻撃力",
                    "13": "120.9%攻撃力"
                }
            },
            {
                "条件": "変格=4層",
                "名前": "正論によるダメージアップ",
                "種類": "元素スキルダメージアップ",
                "数値": {
                    "1": "113.8%攻撃力",
                    "2": "122.3%攻撃力",
                    "3": "130.8%攻撃力",
                    "4": "142.2%攻撃力",
                    "5": "150.7%攻撃力",
                    "6": "159.3%攻撃力",
                    "7": "170.6%攻撃力",
                    "8": "182%攻撃力",
                    "9": "193.4%攻撃力",
                    "10": "204.8%攻撃力",
                    "11": "216.1%攻撃力",
                    "12": "227.5%攻撃力",
                    "13": "241.7%攻撃力"
                }
            }
        ],
        "変格継続時間": 60,
        "クールタイム": 10,
        "icon_url": "images/characters/anemo_4_catalyst_ShikanoinHeizou/talent_2.png"
    },
    "元素爆発": {
        "名前": "廻風蹴",
        "説明": "空に跳ね上がり、不動流·真空弾を敵に蹴りつける。着弾時に爆発し、捕縛の風穴を生成する。近くの物体と敵を引き寄せ、<span style=\"color: rgb(128, 255, 215)\">風元素範囲ダメージ</span>を与える。<br>不動流·真空弾が<span style=\"color: rgb(128, 192, 255)\">水元素</span>/<span style=\"color: rgb(255, 153, 153)\">炎元素</span>/<span style=\"color: rgb(153, 255, 255)\">氷元素</span>/<span style=\"color: rgb(255, 172, 255)\">雷元素</span>付着状態の敵に命中すると、敵に「廻風真眼」効果を与える。この効果はしばらくすると爆発して消え去るが、その際敵に付着していた元素の範囲ダメージを与える。<br>不動流·真空弾は最大4体の敵に「廻風真眼」効果を付与できる。また、1体の敵が同時に複数の元素による「廻風真眼」効果を受けることはない。<br><br><em>風元素を一ヶ所に集めて蹴り出す独特な技は、犯行がバレた犯人が逃げ出しても、その背中にしっかり命中する。</em>",
        "詳細": [
            {
                "名前": "不動流·真空弾ダメージ",
                "数値": {
                    "1": "314.7%",
                    "2": "338.3%",
                    "3": "361.9%",
                    "4": "393.4%",
                    "5": "417%",
                    "6": "440.6%",
                    "7": "472%",
                    "8": "503.5%",
                    "9": "535%",
                    "10": "566.4%",
                    "11": "597.9%",
                    "12": "629.4%",
                    "13": "668.7%"
                }
            },
            {
                "条件": "元素変化=炎元素",
                "名前": "廻風真眼ダメージ",
                "数値": {
                    "1": "21.5%",
                    "2": "23.1%",
                    "3": "24.7%",
                    "4": "26.8%",
                    "5": "28.4%",
                    "6": "30%",
                    "7": "32.2%",
                    "8": "34.3%",
                    "9": "36.5%",
                    "10": "38.6%",
                    "11": "40.8%",
                    "12": "42.9%",
                    "13": "45.6%"
                },
                "元素": "炎"
            },
            {
                "条件": "元素変化=水元素",
                "名前": "廻風真眼ダメージ",
                "数値": {
                    "1": "21.5%",
                    "2": "23.1%",
                    "3": "24.7%",
                    "4": "26.8%",
                    "5": "28.4%",
                    "6": "30%",
                    "7": "32.2%",
                    "8": "34.3%",
                    "9": "36.5%",
                    "10": "38.6%",
                    "11": "40.8%",
                    "12": "42.9%",
                    "13": "45.6%"
                },
                "元素": "水"
            },
            {
                "条件": "元素変化=雷元素",
                "名前": "廻風真眼ダメージ",
                "数値": {
                    "1": "21.5%",
                    "2": "23.1%",
                    "3": "24.7%",
                    "4": "26.8%",
                    "5": "28.4%",
                    "6": "30%",
                    "7": "32.2%",
                    "8": "34.3%",
                    "9": "36.5%",
                    "10": "38.6%",
                    "11": "40.8%",
                    "12": "42.9%",
                    "13": "45.6%"
                },
                "元素": "雷"
            },
            {
                "条件": "元素変化=氷元素",
                "名前": "廻風真眼ダメージ",
                "数値": {
                    "1": "21.5%",
                    "2": "23.1%",
                    "3": "24.7%",
                    "4": "26.8%",
                    "5": "28.4%",
                    "6": "30%",
                    "7": "32.2%",
                    "8": "34.3%",
                    "9": "36.5%",
                    "10": "38.6%",
                    "11": "40.8%",
                    "12": "42.9%",
                    "13": "45.6%"
                },
                "元素": "氷"
            },
            {
                "条件": "元素変化=炎元素",
                "種類": "固有変数"
            },
            {
                "条件": "元素変化=水元素",
                "種類": "固有変数"
            },
            {
                "条件": "元素変化=雷元素",
                "種類": "固有変数"
            },
            {
                "条件": "元素変化=氷元素",
                "種類": "固有変数"
            }
        ],
        "クールタイム": 12,
        "元素エネルギー": 40,
        "icon_url": "images/characters/anemo_4_catalyst_ShikanoinHeizou/talent_3.png"
    },
    "固有天賦": [
        {
            "名前": "反論稽古",
            "説明": "鹿野院平蔵がフィールド上で拡散反応を起こした時、<span style=\"color:#FFD780FF\">戮心拳</span>の「変格」効果を1層獲得する。この効果は0.1秒毎に1回のみ発動可能。",
            "icon_url": "images/characters/anemo_4_catalyst_ShikanoinHeizou/talent_4.png"
        },
        {
            "名前": "因由勘破",
            "説明": "<span style=\"color:#FFD780FF\">戮心拳</span>が敵に命中すると、チーム全員（鹿野院平蔵自身を除く）の元素熟知+80、継続時間10秒。",
            "icon_url": "images/characters/anemo_4_catalyst_ShikanoinHeizou/talent_5.png"
        },
        {
            "名前": "罪より前に",
            "説明": "チーム内の自身のキャラクター全員がダッシュに消費するスタミナ-20%。<br/>同じ効果を持つ固有天賦との重ね掛け不可。",
            "icon_url": "images/characters/anemo_4_catalyst_ShikanoinHeizou/talent_6.png"
        }
    ],
    "命ノ星座": {
        "1": {
            "名前": "通称少年事件簿",
            "説明": "鹿野院平蔵が登場してから5秒間、通常攻撃の攻撃速度+15%、また<span style=\"color:#FFD780FF\">戮心拳</span>の「変格」効果を1層獲得する。この効果は10秒毎に1回のみ発動可能。",
            "icon_url": "images/characters/anemo_4_catalyst_ShikanoinHeizou/summaryList_1.png",
            "詳細": []
        },
        "2": {
            "名前": "真相究明捜査集",
            "説明": "<span style=\"color:#FFD780FF\">廻風蹴</span>で生成した捕縛の風穴による引き寄せ効果が強化され、継続時間が延長され1秒になる。",
            "icon_url": "images/characters/anemo_4_catalyst_ShikanoinHeizou/summaryList_2.png",
            "詳細": []
        },
        "3": {
            "名前": "暗号隠語難問集",
            "説明": "<span style=\"color:#FFD780FF\">戮心拳</span>のスキルLv.+3。<br/>最大Lv.15まで。",
            "icon_url": "images/characters/anemo_4_catalyst_ShikanoinHeizou/summaryList_3.png",
            "詳細": []
        },
        "4": {
            "名前": "荒唐無稽百物語",
            "説明": "一回の<span style=\"color:#FFD780FF\">廻風蹴</span>で発生した「廻風真眼」が初めて爆発する時、鹿野院平蔵自身の元素エネルギーを9回復する。その後、爆発するたびに追加で元素エネルギーを1.5回復する。<br/>この方法により一回の<span style=\"color:#FFD780FF\">廻風蹴</span>で回復できる元素エネルギーは、最大13.5まで。",
            "icon_url": "images/characters/anemo_4_catalyst_ShikanoinHeizou/summaryList_4.png",
            "詳細": []
        },
        "5": {
            "名前": "屏禁密室大図鑑",
            "説明": "<span style=\"color:#FFD780FF\">廻風蹴</span>のスキルLv.+3。<br/>最大Lv.15まで。",
            "icon_url": "images/characters/anemo_4_catalyst_ShikanoinHeizou/summaryList_5.png",
            "詳細": []
        },
        "6": {
            "名前": "奇想天外捕物帳",
            "説明": "<span style=\"color:#FFD780FF\">戮心拳</span>を発動する時、戮心拳の会心率が「変格」の層数ごとに4%アップする。「正論」効果が付与されている場合、戮心拳の会心ダメージは32%アップする。",
            "詳細": [
                {
                    "条件": "変格@1-4層",
                    "対象": "元素スキルダメージ",
                    "種類": "会心率",
                    "数値": 4
                },
                {
                    "条件": "変格=4層",
                    "対象": "元素スキルダメージ",
                    "種類": "会心ダメージ",
                    "数値": 32
                }
            ],
            "icon_url": "images/characters/anemo_4_catalyst_ShikanoinHeizou/summaryList_6.png"
        }
    },
    "おすすめセット": [
        {
            "武器": "天空の巻",
            "聖遺物メイン効果3": "5_攻撃力%",
            "聖遺物メイン効果4": "5_風元素ダメージバフ",
            "聖遺物メイン効果5": "5_会心率",
            "聖遺物セット効果1": "翠緑の影",
            "聖遺物セット効果2": "翠緑の影",
            "聖遺物優先するサブ効果1": "会心ダメージ",
            "聖遺物優先するサブ効果2": "会心率",
            "聖遺物優先するサブ効果3": "攻撃力%"
        },
        {
            "武器": "四風原典",
            "聖遺物メイン効果3": "5_攻撃力%",
            "聖遺物メイン効果4": "5_風元素ダメージバフ",
            "聖遺物メイン効果5": "5_会心率",
            "聖遺物セット効果1": "翠緑の影",
            "聖遺物セット効果2": "翠緑の影",
            "聖遺物優先するサブ効果1": "会心ダメージ",
            "聖遺物優先するサブ効果2": "会心率",
            "聖遺物優先するサブ効果3": "攻撃力%"
        },
        {
            "武器": "匣中日月",
            "聖遺物メイン効果3": "5_攻撃力%",
            "聖遺物メイン効果4": "5_風元素ダメージバフ",
            "聖遺物メイン効果5": "5_会心ダメージ",
            "聖遺物セット効果1": "翠緑の影",
            "聖遺物セット効果2": "翠緑の影",
            "聖遺物優先するサブ効果1": "会心率",
            "聖遺物優先するサブ効果2": "会心ダメージ",
            "聖遺物優先するサブ効果3": "攻撃力%"
        },
        {
            "武器": "万国諸海の図譜",
            "聖遺物メイン効果3": "5_攻撃力%",
            "聖遺物メイン効果4": "5_風元素ダメージバフ",
            "聖遺物メイン効果5": "5_会心率",
            "聖遺物セット効果1": "翠緑の影",
            "聖遺物セット効果2": "翠緑の影",
            "聖遺物優先するサブ効果1": "会心ダメージ",
            "聖遺物優先するサブ効果2": "会心率",
            "聖遺物優先するサブ効果3": "攻撃力%"
        },
        {
            "武器": "金珀·試作",
            "聖遺物メイン効果3": "5_攻撃力%",
            "聖遺物メイン効果4": "5_風元素ダメージバフ",
            "聖遺物メイン効果5": "5_会心率",
            "聖遺物セット効果1": "翠緑の影",
            "聖遺物セット効果2": "翠緑の影",
            "聖遺物優先するサブ効果1": "会心ダメージ",
            "聖遺物優先するサブ効果2": "会心率",
            "聖遺物優先するサブ効果3": "攻撃力%"
        },
        {
            "武器": "西風秘典",
            "聖遺物メイン効果3": "5_攻撃力%",
            "聖遺物メイン効果4": "5_風元素ダメージバフ",
            "聖遺物メイン効果5": "5_会心率",
            "聖遺物セット効果1": "翠緑の影",
            "聖遺物セット効果2": "翠緑の影",
            "聖遺物優先するサブ効果1": "会心率",
            "聖遺物優先するサブ効果2": "会心ダメージ",
            "聖遺物優先するサブ効果3": "攻撃力%"
        }
    ],
    "NEXT STEP": "元素スキル.スキルダメージ"
}