{
    "名前": "放浪者",
    "説明": "正体が謎に包まれた放浪者。<br>修験者のような身なりをしているが、それらしき言動は見られない。",
    "icon_url": "images/characters/face/anemo_5_catalyst_Wanderer.png",
    "レアリティ": 5,
    "武器": "法器",
    "元素": "風",
    "baseInfo": {
        "名称": "放浪者",
        "誕生日": "1月3日",
        "命ノ星座": "浪客座",
        "称号": "久世浮傾",
        "神の目": "風",
        "所属": "なし",
        "中国語 CV": "鹿喑",
        "英語 CV": "Patrick Pedraza",
        "日本語 CV": "柿原徹也",
        "韓国語 CV": "민승우",
        "オリジナル料理": "真味茶漬け",
        "実装バージョン": "3.3"
    },
    "region": "スメール",
    "ステータス": {
        "基礎HP": {
            "1+": 791,
            "20": 2053,
            "20+": 2731,
            "40": 4086,
            "40+": 4568,
            "50": 5256,
            "50+": 5899,
            "60": 6593,
            "60+": 7076,
            "70": 7777,
            "70+": 8259,
            "80": 8968,
            "80+": 9450,
            "90": 10164
        },
        "基礎攻撃力": {
            "1+": 26,
            "20": 66,
            "20+": 88,
            "40": 132,
            "40+": 148,
            "50": 170,
            "50+": 190,
            "60": 213,
            "60+": 228,
            "70": 251,
            "70+": 266,
            "80": 289,
            "80+": 305,
            "90": 328
        },
        "基礎防御力": {
            "1+": 47,
            "20": 123,
            "20+": 163,
            "40": 244,
            "40+": 273,
            "50": 314,
            "50+": 352,
            "60": 394,
            "60+": 423,
            "70": 465,
            "70+": 493,
            "80": 536,
            "80+": 564,
            "90": 607
        },
        "会心率": {
            "1+": 0,
            "20": 0,
            "20+": 0,
            "40": 0,
            "40+": 4.8,
            "50": 4.8,
            "50+": 9.6,
            "60": 9.6,
            "60+": 9.6,
            "70": 9.6,
            "70+": 14.4,
            "80": 14.4,
            "80+": 19.2,
            "90": 19.2
        }
    },
    "オプション初期値": {
        "拾玉得花 炎元素": false,
        "拾玉得花 氷元素": false
    },
    "通常攻撃": {
        "名前": "通常攻撃·幡舞鳴弦",
        "説明": "<span style=\"color: rgb(255, 215, 128)\">通常攻撃</span><br>風刃を放ち、最大3段の連続攻撃を行い、<span style=\"color: rgb(128, 255, 215)\">風元素ダメージ</span>を与える。<br><br><span style=\"color: rgb(255, 215, 128)\">重撃</span><br>一定のスタミナを消費し、短い詠唱をした後、前方に高圧気流を凝集して<span style=\"color: rgb(128, 255, 215)\">風元素範囲ダメージ</span>を与える。<br><br><span style=\"color: rgb(255, 215, 128)\">落下攻撃</span><br>空中から風元素の力を凝集させながら落下し、地面に衝撃を与える。経路上の敵を攻撃し、落下時に<span style=\"color: rgb(128, 255, 215)\">風元素範囲ダメージ</span>を与える。",
        "icon_url": "images/characters/anemo_5_catalyst_Wanderer/talent_1.png",
        "詳細": [
            {
                "名前": "1段ダメージ",
                "数値": {
                    "1": "68.7%",
                    "2": "74.3%",
                    "3": "79.9%",
                    "4": "87.9%",
                    "5": "93.5%",
                    "6": "99.9%",
                    "7": "108.7%",
                    "8": "117.5%",
                    "9": "126.2%",
                    "10": "135.8%",
                    "11": "145.4%"
                }
            },
            {
                "名前": "2段ダメージ",
                "数値": {
                    "1": "65.0%",
                    "2": "70.3%",
                    "3": "75.6%",
                    "4": "83.2%",
                    "5": "88.5%",
                    "6": "94.5%",
                    "7": "102.8%",
                    "8": "111.1%",
                    "9": "119.4%",
                    "10": "128.5%",
                    "11": "137.6%"
                }
            },
            {
                "名前": "3段ダメージ",
                "数値": {
                    "1": "47.6%+47.6%",
                    "2": "51.5%+51.5%",
                    "3": "55.4%+55.4%",
                    "4": "60.9%+60.9%",
                    "5": "64.8%+64.8%",
                    "6": "69.3%+69.3%",
                    "7": "75.3%+75.3%",
                    "8": "81.4%+81.4%",
                    "9": "87.5%+87.5%",
                    "10": "94.2%+94.2%",
                    "11": "100.8%+100.8%"
                },
                "HIT数": 2
            }
        ]
    },
    "重撃": {
        "詳細": [
            {
                "名前": "重撃ダメージ",
                "数値": {
                    "1": "132.1%",
                    "2": "142.0%",
                    "3": "151.9%",
                    "4": "165.1%",
                    "5": "175.0%",
                    "6": "184.9%",
                    "7": "198.1%",
                    "8": "211.3%",
                    "9": "224.5%",
                    "10": "237.7%",
                    "11": "251.0%"
                }
            }
        ]
    },
    "落下攻撃": {
        "詳細": [
            {
                "名前": "落下期間のダメージ",
                "種類": "落下攻撃ダメージ",
                "数値": {
                    "1": "56.8%",
                    "2": "61.5%",
                    "3": "66.1%",
                    "4": "72.7%",
                    "5": "77.3%",
                    "6": "82.6%",
                    "7": "89.9%",
                    "8": "97.1%",
                    "9": "104.4%",
                    "10": "112.3%",
                    "11": "120.3%"
                }
            },
            {
                "名前": "低空/高空落下攻撃ダメージ",
                "種類": "落下攻撃ダメージ",
                "数値": {
                    "1": "114%",
                    "2": "123%",
                    "3": "132%",
                    "4": "145%",
                    "5": "155%",
                    "6": "165%",
                    "7": "180%",
                    "8": "194%",
                    "9": "209%",
                    "10": "225%",
                    "11": "240%"
                }
            },
            {
                "名前": "低空/高空落下攻撃ダメージ",
                "種類": "落下攻撃ダメージ",
                "数値": {
                    "1": "142%",
                    "2": "153%",
                    "3": "165%",
                    "4": "182%",
                    "5": "193%",
                    "6": "206%",
                    "7": "224%",
                    "8": "243%",
                    "9": "261%",
                    "10": "281%",
                    "11": "300%"
                }
            }
        ]
    },
    "元素スキル": {
        "名前": "羽画·風姿華歌",
        "説明": "大気の力を凝集し、その力を借りて大地の束縛を振り払う。周囲に<span style=\"color: rgb(128, 255, 215)\">風元素ダメージ</span>を与え、空中に飛び上がり「児姿優風」状態に入る。<br><br><span style=\"color: rgb(255, 215, 128)\">児姿優風</span><br>この状態の時、放浪者は落下攻撃を行うことができない。また、通常攻撃と重撃はそれぞれ空居·不生断と空居·風刀界へと変わり、与えるダメージおよび影響範囲がアップする。これらのダメージは、それぞれ通常攻撃ダメージと重撃ダメージに見なされる。なお、空居·風刀界を行う際にスタミナは消費されない。<br>この状態の時、放浪者は空中を浮遊し続け、行動は以下の特性を持つ。<br>・持続的に「空居力」を消費し、浮遊状態を維持する。<br>・ダッシュすると、追加で空居力を消費して空中を素早く移動する。長押しによるダッシュは持続的に空居力を消費し、高速移動を維持する。この効果はダッシュに取って代わる。<br>・ジャンプすると、追加で空居力を消費して浮遊する高度を上げる。長押しによるジャンプは持続的に空居力を消費し、高度を上げ続ける。<br><br>空居力が尽きると、この状態は解除される。児姿優風の継続時間中に再び元素スキルを発動すると、この状態は解除される。<br><br><em>「浮世傾舞、秘すれば花。」</em>",
        "icon_url": "images/characters/anemo_5_catalyst_Wanderer/talent_2.png",
        "詳細": [
            {
                "名前": "スキルダメージ",
                "数値": {
                    "1": "95.2%",
                    "2": "102.3%",
                    "3": "109.5%",
                    "4": "119.0%",
                    "5": "126.1%",
                    "6": "133.3%",
                    "7": "142.8%",
                    "8": "152.3%",
                    "9": "161.8%",
                    "10": "171.4%",
                    "11": "180.9%",
                    "12": "190.4%",
                    "13": "202.3%"
                }
            },
            {
                "名前": "空居·不生断のダメージ",
                "条件": "児姿優風",
                "対象": "通常攻撃ダメージ",
                "種類": "別枠乗算",
                "数値": {
                    "1": "133.0",
                    "2": "135.0",
                    "3": "136.9",
                    "4": "139.5",
                    "5": "141.5",
                    "6": "143.5",
                    "7": "146.0",
                    "8": "148.6",
                    "9": "151.2",
                    "10": "153.7",
                    "11": "156.3",
                    "12": "158.9",
                    "13": "161.4"
                }
            },
            {
                "名前": "空居·風刀界のダメージ",
                "条件": "児姿優風",
                "対象": "重撃ダメージ",
                "種類": "別枠乗算",
                "数値": {
                    "1": "126.4",
                    "2": "128.0",
                    "3": "129.5",
                    "4": "131.6",
                    "5": "133.2",
                    "6": "134.8",
                    "7": "136.8",
                    "8": "138.9",
                    "9": "140.9",
                    "10": "143.0",
                    "11": "145.0",
                    "12": "147.1",
                    "13": "149.1"
                }
            },
            {
                "名前": "非表示_初期空居力",
                "数値": 100
            }
        ],
        "クールタイム": 6
    },
    "元素爆発": {
        "名前": "狂言·式楽伍番",
        "説明": "大気を圧縮し、あらゆる煩悩を塵とする空洞を生み出し<span style=\"color: rgb(128, 255, 215)\">風元素範囲ダメージ</span>を複数回与える。<br>元素スキル「羽画·風姿華歌」の児姿優風状態時、元素爆発を発動した後、児姿優風状態は解除される。<br><br><em>「仄仄と夜が明け、今昔の旧夢は塵影の如く、萩風の中に浮き沈む。」</em>",
        "icon_url": "images/characters/anemo_5_catalyst_Wanderer/talent_3.png",
        "詳細": [
            {
                "名前": "スキルダメージ",
                "数値": {
                    "1": "147.2%*5",
                    "2": "158.2%*5",
                    "3": "169.3%*5",
                    "4": "184.0%*5",
                    "5": "195.0%*5",
                    "6": "206.1%*5",
                    "7": "220.8%*5",
                    "8": "235.5%*5",
                    "9": "250.2%*5",
                    "10": "265.0%*5",
                    "11": "279.7%*5",
                    "12": "294.4%*5",
                    "13": "312.8%*5"
                },
                "HIT数": 5
            }
        ],
        "クールタイム": 15,
        "元素エネルギー": 60
    },
    "特殊通常攻撃": {
        "条件": "児姿優風",
        "詳細": [
            {
                "名前": "空居·不生断の1段ダメージ",
                "種類": "通常攻撃ダメージ",
                "数値": {
                    "1": "68.7%",
                    "2": "74.3%",
                    "3": "79.9%",
                    "4": "87.9%",
                    "5": "93.5%",
                    "6": "99.9%",
                    "7": "108.7%",
                    "8": "117.5%",
                    "9": "126.2%",
                    "10": "135.8%",
                    "11": "145.4%"
                }
            },
            {
                "名前": "空居·不生断の2段ダメージ",
                "種類": "通常攻撃ダメージ",
                "数値": {
                    "1": "65.0%",
                    "2": "70.3%",
                    "3": "75.6%",
                    "4": "83.2%",
                    "5": "88.5%",
                    "6": "94.5%",
                    "7": "102.8%",
                    "8": "111.1%",
                    "9": "119.4%",
                    "10": "128.5%",
                    "11": "137.6%"
                }
            },
            {
                "名前": "空居·不生断の3段ダメージ",
                "種類": "通常攻撃ダメージ",
                "数値": {
                    "1": "47.6%+47.6%",
                    "2": "51.5%+51.5%",
                    "3": "55.4%+55.4%",
                    "4": "60.9%+60.9%",
                    "5": "64.8%+64.8%",
                    "6": "69.3%+69.3%",
                    "7": "75.3%+75.3%",
                    "8": "81.4%+81.4%",
                    "9": "87.5%+87.5%",
                    "10": "94.2%+94.2%",
                    "11": "100.8%+100.8%"
                },
                "HIT数": 2
            },
            {
                "条件": "命ノ星座@6",
                "名前": "言祝·霞幕傾松風 1段ダメージ",
                "種類": "通常攻撃ダメージ",
                "数値": {
                    "1": "68.7%*0.4",
                    "2": "74.3%*0.4",
                    "3": "79.9%*0.4",
                    "4": "87.9%*0.4",
                    "5": "93.5%*0.4",
                    "6": "99.9%*0.4",
                    "7": "108.7%*0.4",
                    "8": "117.5%*0.4",
                    "9": "126.2%*0.4",
                    "10": "135.8%*0.4",
                    "11": "145.4%*0.4"
                }
            },
            {
                "条件": "命ノ星座@6",
                "名前": "言祝·霞幕傾松風 2段ダメージ",
                "種類": "通常攻撃ダメージ",
                "数値": {
                    "1": "65.0%*0.4",
                    "2": "70.3%*0.4",
                    "3": "75.6%*0.4",
                    "4": "83.2%*0.4",
                    "5": "88.5%*0.4",
                    "6": "94.5%*0.4",
                    "7": "102.8%*0.4",
                    "8": "111.1%*0.4",
                    "9": "119.4%*0.4",
                    "10": "128.5%*0.4",
                    "11": "137.6%*0.4"
                }
            },
            {
                "条件": "命ノ星座@6",
                "名前": "言祝·霞幕傾松風 3段ダメージ",
                "種類": "通常攻撃ダメージ",
                "数値": {
                    "1": "47.6%*0.4+47.6%*0.4",
                    "2": "51.5%*0.4+51.5%*0.4",
                    "3": "55.4%*0.4+55.4%*0.4",
                    "4": "60.9%*0.4+60.9%*0.4",
                    "5": "64.8%*0.4+64.8%*0.4",
                    "6": "69.3%*0.4+69.3%*0.4",
                    "7": "75.3%*0.4+75.3%*0.4",
                    "8": "81.4%*0.4+81.4%*0.4",
                    "9": "87.5%*0.4+87.5%*0.4",
                    "10": "94.2%*0.4+94.2%*0.4",
                    "11": "100.8%*0.4+100.8%*0.4"
                },
                "HIT数": 2
            }
        ]
    },
    "特殊重撃": {
        "条件": "児姿優風",
        "詳細": [
            {
                "名前": "空居·風刀界のダメージ",
                "種類": "重撃ダメージ",
                "数値": {
                    "1": "132.1%",
                    "2": "142.0%",
                    "3": "151.9%",
                    "4": "165.1%",
                    "5": "175.0%",
                    "6": "184.9%",
                    "7": "198.1%",
                    "8": "211.3%",
                    "9": "224.5%",
                    "10": "237.7%",
                    "11": "251.0%"
                }
            }
        ]
    },
    "特殊落下攻撃": {
        "条件": "児姿優風",
        "詳細": []
    },
    "固有天賦": [
        {
            "名前": "拾玉得花",
            "説明": "<span style=\"color: rgb(255, 215, 128)\">羽画·風姿華歌</span>を発動時、<span style=\"color: rgb(128, 192, 255)\">水元素</span>/<span style=\"color: rgb(255, 153, 153)\">炎元素</span>/<span style=\"color: rgb(153, 255, 255)\">氷元素</span>/<span style=\"color: rgb(255, 172, 255)\">雷元素</span>に触れると、触れた元素を基に現在の児姿優風状態に各種強化効果を与える。<br>・<span style=\"color: rgb(128, 192, 255)\">水元素</span>：空居力上限+20ポイント。<br>・<span style=\"color: rgb(255, 153, 153)\">炎元素</span>：攻撃力+30%。<br>・<span style=\"color: rgb(153, 255, 255)\">氷元素</span>：会心率+20%。<br>・<span style=\"color: rgb(255, 172, 255)\">雷元素</span>：通常攻撃および重撃が敵に命中した後、元素エネルギーが0.8ポイント回復する。この方式による元素エネルギー回復は、0.2秒毎に1回のみ可能。<br><br>同時に獲得できる元素タイプと対応する強化効果は最大2種類まで。",
            "icon_url": "images/characters/anemo_5_catalyst_Wanderer/talent_4.png",
            "詳細": [
                {
                    "条件": "拾玉得花 炎元素",
                    "種類": "攻撃力%",
                    "数値": 30
                },
                {
                    "条件": "拾玉得花 氷元素",
                    "種類": "会心率",
                    "数値": 20
                }
            ]
        },
        {
            "名前": "夢跡一風",
            "説明": "<span style=\"color: rgb(255, 215, 128)\">児姿優風</span>状態時、放浪者の空居·不生断または空居·風刀界が敵に命中すると、16%の確率で「傾落」効果を獲得できる。「傾落」効果：放浪者は現在の児姿優風状態で空中ダッシュをすると空居力を消費せず、代わりに傾落効果を解除する。また同時に風の矢を4本放ち、それぞれ攻撃力の35%に相当する<span style=\"color: #80FFD7\">風元素ダメージ</span>を与える。<br>空居·不生断および空居·風刀界で傾落効果が発動しなかった場合、次回の発動確率+12%。発動判定は0.1秒毎に1回のみ行われる。",
            "icon_url": "images/characters/anemo_5_catalyst_Wanderer/talent_5.png",
            "詳細": [
                {
                    "条件": "児姿優風",
                    "名前": "夢跡一風 ダメージ",
                    "種類": "その他ダメージ",
                    "数値": "35%攻撃力",
                    "元素": "風"
                }
            ]
        },
        {
            "名前": "廻色雲弦",
            "説明": "弓と法器を突破する時、消費するモラ-50%。",
            "icon_url": "images/characters/anemo_5_catalyst_Wanderer/talent_6.png",
            "詳細": []
        }
    ],
    "命ノ星座": {
        "1": {
            "名前": "初番·茂風流羽行",
            "説明": "<span style=\"color: rgb(255, 215, 128)\">児姿優風</span>状況時、放浪者の空居·不生断および空居·風刀界の攻撃速度+10%。<br>また、固有天賦「夢跡一風」により発射された風の矢は追加で攻撃力25%のダメージを与えられる。この効果は固有天賦「夢跡一風」を開放する必要がある。",
            "icon_url": "images/characters/anemo_5_catalyst_Wanderer/summaryList_1.png",
            "詳細": [
                {
                    "条件": "児姿優風",
                    "種類": "通常攻撃速度",
                    "数値": 10
                },
                {
                    "条件": "児姿優風",
                    "種類": "重撃速度",
                    "数値": 10
                },
                {
                    "条件": "児姿優風",
                    "種類": "その他ダメージアップ",
                    "対象": "その他ダメージ.夢跡一風 ダメージ",
                    "数値": "25%攻撃力"
                }
            ]
        },
        "2": {
            "名前": "弐番·箙島月白浪",
            "説明": "<span style=\"color: rgb(255, 215, 128)\">児姿優風</span>状態時、空居力の上限値と現在の空居力の差が1あるごとに<span style=\"color: rgb(255, 215, 128)\">狂言·式楽伍番</span>の与えるダメージが4%アップする。<br>この方式でアップできる狂言·式楽伍番のダメージは最大200%までとなる。",
            "icon_url": "images/characters/anemo_5_catalyst_Wanderer/summaryList_2.png",
            "詳細": [
                {
                    "条件": "弐番·箙島月白浪@+4-200/4%",
                    "種類": "元素爆発ダメージバフ",
                    "数値": 1
                }
            ]
        },
        "3": {
            "名前": "参番·久世舞夕顔",
            "説明": "<span style=\"color: rgb(255, 215, 128)\">狂言·式楽伍番</span>のスキルLv.+3。<br>最大Lv.15まで。",
            "icon_url": "images/characters/anemo_5_catalyst_Wanderer/summaryList_3.png",
            "詳細": []
        },
        "4": {
            "名前": "肆番·花月歌浮舟",
            "説明": "<span style=\"color: #FFD780\">羽画·風姿華歌</span>発動時、固有天賦「拾玉得花」で元素タイプと対応する強化効果を得ると、今回の発動で未獲得の強化効果をランダムで1つ獲得する。同時に獲得できる元素タイプと対応する強化効果は最大3種類まで。<br>固有天賦「拾玉得花」を解放する必要がある。",
            "icon_url": "images/characters/anemo_5_catalyst_Wanderer/summaryList_4.png",
            "詳細": []
        },
        "5": {
            "名前": "末番·今昔渡来殿",
            "説明": "<span style=\"color: rgb(255, 215, 128)\">羽画·風姿華歌</span>のスキルLv.+3。<br>最大Lv.15まで。",
            "icon_url": "images/characters/anemo_5_catalyst_Wanderer/summaryList_5.png",
            "詳細": []
        },
        "6": {
            "名前": "言祝·霞幕傾松風",
            "説明": "<span style=\"color: rgb(255, 215, 128)\">児姿優風</span>状態時、放浪者が自ら発動した空居·不生断が敵に命中すると、下記の効果を発動する。<br>・命中した位置に空居·不生断を追加で1回発動し、本来の40%分のダメージを与える。このダメージは通常攻撃ダメージとみなされる。<br>・放浪者の空居力が40ポイント未満の時、空居力を4ポイント回復する。この方式による空居力の回復は、0.2秒毎に1回のみ可能。また、1回の児姿優風の継続時間中に最大5回まで発動可能。",
            "icon_url": "images/characters/anemo_5_catalyst_Wanderer/summaryList_6.png",
            "詳細": []
        }
    },
    "おすすめセット": [
        {
            "武器": "トゥライトゥーラの記憶",
            "聖遺物メイン効果3": "5_攻撃力%",
            "聖遺物メイン効果4": "5_風元素ダメージバフ",
            "聖遺物メイン効果5": "5_会心率",
            "聖遺物セット効果1": "砂上の楼閣の史話",
            "聖遺物セット効果2": "砂上の楼閣の史話",
            "聖遺物優先するサブ効果1": "会心ダメージ",
            "聖遺物優先するサブ効果2": "会心率",
            "聖遺物優先するサブ効果3": "攻撃力%"
        },
        {
            "武器": "四風原典",
            "聖遺物メイン効果3": "5_攻撃力%",
            "聖遺物メイン効果4": "5_風元素ダメージバフ",
            "聖遺物メイン効果5": "5_会心ダメージ",
            "聖遺物セット効果1": "砂上の楼閣の史話",
            "聖遺物セット効果2": "砂上の楼閣の史話",
            "聖遺物優先するサブ効果1": "会心ダメージ",
            "聖遺物優先するサブ効果2": "会心率",
            "聖遺物優先するサブ効果3": "攻撃力%"
        },
        {
            "武器": "天空の巻",
            "聖遺物メイン効果3": "5_攻撃力%",
            "聖遺物メイン効果4": "5_風元素ダメージバフ",
            "聖遺物メイン効果5": "5_会心率",
            "聖遺物セット効果1": "砂上の楼閣の史話",
            "聖遺物セット効果2": "砂上の楼閣の史話",
            "聖遺物優先するサブ効果1": "会心ダメージ",
            "聖遺物優先するサブ効果2": "会心率",
            "聖遺物優先するサブ効果3": "攻撃力%"
        },
        {
            "武器": "浮世の錠",
            "聖遺物メイン効果3": "5_攻撃力%",
            "聖遺物メイン効果4": "5_風元素ダメージバフ",
            "聖遺物メイン効果5": "5_会心率",
            "聖遺物セット効果1": "砂上の楼閣の史話",
            "聖遺物セット効果2": "砂上の楼閣の史話",
            "聖遺物優先するサブ効果1": "会心ダメージ",
            "聖遺物優先するサブ効果2": "会心率",
            "聖遺物優先するサブ効果3": "攻撃力%"
        },
        {
            "武器": "流浪楽章",
            "聖遺物メイン効果3": "5_攻撃力%",
            "聖遺物メイン効果4": "5_風元素ダメージバフ",
            "聖遺物メイン効果5": "5_会心率",
            "聖遺物セット効果1": "砂上の楼閣の史話",
            "聖遺物セット効果2": "砂上の楼閣の史話",
            "聖遺物優先するサブ効果1": "会心ダメージ",
            "聖遺物優先するサブ効果2": "会心率",
            "聖遺物優先するサブ効果3": "攻撃力%"
        },
        {
            "武器": "匣中匣月",
            "聖遺物メイン効果3": "5_攻撃力%",
            "聖遺物メイン効果4": "5_風元素ダメージバフ",
            "聖遺物メイン効果5": "5_会心ダメージ",
            "聖遺物セット効果1": "砂上の楼閣の史話",
            "聖遺物セット効果2": "砂上の楼閣の史話",
            "聖遺物優先するサブ効果1": "会心ダメージ",
            "聖遺物優先するサブ効果2": "会心率",
            "聖遺物優先するサブ効果3": "攻撃力%"
        },
        {
            "武器": "ドドコの物語",
            "聖遺物メイン効果3": "5_攻撃力%",
            "聖遺物メイン効果4": "5_風元素ダメージバフ",
            "聖遺物メイン効果5": "5_会心率",
            "聖遺物セット効果1": "砂上の楼閣の史話",
            "聖遺物セット効果2": "砂上の楼閣の史話",
            "聖遺物優先するサブ効果1": "会心ダメージ",
            "聖遺物優先するサブ効果2": "会心率",
            "聖遺物優先するサブ効果3": "攻撃力%"
        },
        {
            "武器": "万国諸海の図譜",
            "聖遺物メイン効果3": "5_攻撃力%",
            "聖遺物メイン効果4": "5_風元素ダメージバフ",
            "聖遺物メイン効果5": "5_会心率",
            "聖遺物セット効果1": "砂上の楼閣の史話",
            "聖遺物セット効果2": "砂上の楼閣の史話",
            "聖遺物優先するサブ効果1": "会心ダメージ",
            "聖遺物優先するサブ効果2": "会心率",
            "聖遺物優先するサブ効果3": "攻撃力%"
        },
        {
            "武器": "白辰の輪",
            "聖遺物メイン効果3": "5_攻撃力%",
            "聖遺物メイン効果4": "5_風元素ダメージバフ",
            "聖遺物メイン効果5": "5_会心率",
            "聖遺物セット効果1": "砂上の楼閣の史話",
            "聖遺物セット効果2": "砂上の楼閣の史話",
            "聖遺物優先するサブ効果1": "会心ダメージ",
            "聖遺物優先するサブ効果2": "会心率",
            "聖遺物優先するサブ効果3": "攻撃力%"
        },
        {
            "武器": "トゥライトゥーラの記憶",
            "聖遺物メイン効果3": "5_攻撃力%",
            "聖遺物メイン効果4": "5_風元素ダメージバフ",
            "聖遺物メイン効果5": "5_会心率",
            "聖遺物セット効果1": "翠緑の影",
            "聖遺物セット効果2": "剣闘士のフィナーレ",
            "聖遺物優先するサブ効果1": "会心ダメージ",
            "聖遺物優先するサブ効果2": "会心率",
            "聖遺物優先するサブ効果3": "攻撃力%"
        },
        {
            "武器": "トゥライトゥーラの記憶",
            "聖遺物メイン効果3": "5_攻撃力%",
            "聖遺物メイン効果4": "5_風元素ダメージバフ",
            "聖遺物メイン効果5": "5_会心率",
            "聖遺物セット効果1": "翠緑の影",
            "聖遺物セット効果2": "砂上の楼閣の史話",
            "聖遺物優先するサブ効果1": "会心ダメージ",
            "聖遺物優先するサブ効果2": "会心率",
            "聖遺物優先するサブ効果3": "攻撃力%"
        }
    ],
    "NEXT STEP": "通常攻撃.空居·不生断の1段ダメージ"
}