{
    "名前": "七七",
    "説明": "薬舗「不卜廬」の薬採り兼弟子、紙のように白い顔色で不死身。口数が少なく、あまり表情がない。",
    "icon_url": "images/characters/face/cryo_5_sword_Qiqi.png",
    "レアリティ": 5,
    "武器": "片手剣",
    "元素": "氷",
    "baseInfo": {
        "名前": "七七",
        "誕生日": "3月3日",
        "命ノ星座": "法鈴座",
        "称号": "冷たき黄泉帰り",
        "神の目": "氷",
        "所属": "不卜廬",
        "中国語 CV": "宴宁",
        "英語 CV": "Christie Cate",
        "日本語 CV": "田村ゆかり",
        "韓国語 CV": "이슬",
        "オリジナル料理": "アシタナシ",
        "実装バージョン": "1.0"
    },
    "region": "璃月港",
    "ステータス": {
        "基礎HP": {
            "1+": 963,
            "20": 2498,
            "20+": 3323,
            "40": 4973,
            "40+": 5559,
            "50": 6396,
            "50+": 7178,
            "60": 8023,
            "60+": 8610,
            "70": 9463,
            "70+": 10050,
            "80": 10912,
            "80+": 11499,
            "90": 12368
        },
        "基礎攻撃力": {
            "1+": 22,
            "20": 58,
            "20+": 77,
            "40": 115,
            "40+": 129,
            "50": 148,
            "50+": 167,
            "60": 186,
            "60+": 200.0,
            "70": 220,
            "70+": 233,
            "80": 253,
            "80+": 267,
            "90": 287
        },
        "基礎防御力": {
            "1+": 72,
            "20": 186,
            "20+": 248,
            "40": 371,
            "40+": 415,
            "50": 477,
            "50+": 535,
            "60": 598,
            "60+": 642,
            "70": 706,
            "70+": 749,
            "80": 814,
            "80+": 857,
            "90": 922
        },
        "与える治療効果": {
            "1+": 0,
            "20": 0,
            "20+": 0,
            "40": 0,
            "40+": 5.5,
            "50": 5.5,
            "50+": 11.1,
            "60": 11.1,
            "60+": 11.1,
            "70": 11.1,
            "70+": 16.6,
            "80": 16.6,
            "80+": 22.2,
            "90": 22.2
        }
    },
    "オプション初期値": {
        "延命妙法 受ける治療効果+20%": false
    },
    "通常攻撃": {
        "名前": "通常攻撃·雲来古剣法",
        "説明": "<span style=\"color:#FFD780FF\">通常攻撃</span><br/>剣による最大5段の連続攻撃を行う。<br/><br/><span style=\"color:#FFD780FF\">重撃</span><br/>一定のスタミナを消費し、前方に斬撃を2回放つ。<br/><br/><span style=\"color:#FFD780FF\">落下攻撃</span><br/>空中から落下し地面に衝撃を与える。経路上の敵を攻撃し、落下時に範囲ダメージを与える。",
        "詳細": [
            {
                "名前": "1段ダメージ",
                "数値": {
                    "1": "37.8%",
                    "2": "40.8%",
                    "3": "43.9%",
                    "4": "48.3%",
                    "5": "51.4%",
                    "6": "54.9%",
                    "7": "59.7%",
                    "8": "64.5%",
                    "9": "69.4%",
                    "10": "74.6%",
                    "11": "79.9%"
                }
            },
            {
                "名前": "2段ダメージ",
                "数値": {
                    "1": "38.9%",
                    "2": "42.0%",
                    "3": "45.2%",
                    "4": "49.7%",
                    "5": "52.9%",
                    "6": "56.5%",
                    "7": "61.5%",
                    "8": "66.4%",
                    "9": "71.4%",
                    "10": "76.8%",
                    "11": "82.3%"
                }
            },
            {
                "名前": "3段ダメージ",
                "数値": {
                    "1": "24.2%+24.2%",
                    "2": "26.1%+26.1%",
                    "3": "28.1%+28.1%",
                    "4": "30.9%+30.9%",
                    "5": "32.9%+32.9%",
                    "6": "35.1%+35.1%",
                    "7": "38.2%+38.2%",
                    "8": "41.3%+41.3%",
                    "9": "44.4%+44.4%",
                    "10": "47.8%+47.8%",
                    "11": "51.1%+51.1%"
                },
                "HIT数": 2
            },
            {
                "名前": "4段ダメージ",
                "数値": {
                    "1": "24.7%+24.7%",
                    "2": "26.7%+26.7%",
                    "3": "28.7%+28.7%",
                    "4": "31.6%+31.6%",
                    "5": "33.6%+33.6%",
                    "6": "35.9%+35.9%",
                    "7": "39.0%+39.0%",
                    "8": "42.2%+42.2%",
                    "9": "45.3%+45.3%",
                    "10": "48.8%+48.8%",
                    "11": "52.2%+52.2%"
                },
                "HIT数": 2
            },
            {
                "名前": "5段ダメージ",
                "数値": {
                    "1": "63.0%",
                    "2": "68.2%",
                    "3": "73.3%",
                    "4": "80.6%",
                    "5": "85.8%",
                    "6": "91.6%",
                    "7": "99.7%",
                    "8": "108%",
                    "9": "116%",
                    "10": "125%",
                    "11": "133%"
                }
            }
        ],
        "icon_url": "images/characters/cryo_5_sword_Qiqi/talent_1.png"
    },
    "重撃": {
        "説明": [
            "一定のスタミナを消費し、前方に斬撃を2回放つ。"
        ],
        "詳細": [
            {
                "名前": "重撃ダメージ",
                "数値": {
                    "1": "64.3%+64.3%",
                    "2": "69.6%+69.6%",
                    "3": "74.8%+74.8%",
                    "4": "82.3%+82.3%",
                    "5": "87.5%+87.5%",
                    "6": "93.5%+93.5%",
                    "7": "102%+102%",
                    "8": "110%+110%",
                    "9": "118%+118%",
                    "10": "127%+127%",
                    "11": "136%+136%"
                },
                "HIT数": 2
            }
        ]
    },
    "落下攻撃": {
        "説明": "空中から落下し地面に衝撃を与える。経路上の敵を攻撃し、落下時に範囲ダメージを与える。",
        "詳細": [
            {
                "名前": "落下期間のダメージ",
                "種類": "落下攻撃ダメージ",
                "数値": {
                    "1": "63.9%",
                    "2": "69.1%",
                    "3": "74.3%",
                    "4": "81.8%",
                    "5": "87.0%",
                    "6": "92.9%",
                    "7": "101.1%",
                    "8": "109.3%",
                    "9": "117.5%",
                    "10": "126.4%",
                    "11": "135.3%"
                }
            },
            {
                "名前": "低空/高空落下攻撃ダメージ",
                "種類": "落下攻撃ダメージ",
                "数値": {
                    "1": "128%",
                    "2": "138%",
                    "3": "149%",
                    "4": "164%",
                    "5": "174%",
                    "6": "186%",
                    "7": "202%",
                    "8": "219%",
                    "9": "235%",
                    "10": "253%",
                    "11": "271%"
                }
            },
            {
                "名前": "低空/高空落下攻撃ダメージ",
                "種類": "落下攻撃ダメージ",
                "数値": {
                    "1": "160%",
                    "2": "173%",
                    "3": "186%",
                    "4": "204%",
                    "5": "217%",
                    "6": "232%",
                    "7": "253%",
                    "8": "273%",
                    "9": "293%",
                    "10": "316%",
                    "11": "338%"
                }
            }
        ]
    },
    "元素スキル": {
        "名前": "仙法·寒病鬼差",
        "説明": "氷血がお札となり、寒病鬼差を召喚し、周囲の敵に<span style=\"color: rgb(153, 255, 255)\">氷元素ダメージ</span>を与える。<br><br><span style=\"color: rgb(255, 215, 128)\">寒病鬼差</span><br>・七七の通常攻撃と重撃が命中した時、チーム内の自身のキャラクター全員または付近の味方のHPを回復する。回復量は七七の攻撃力によって決まる。<br>・一定時間の間隔で、出場している自身のキャラクターのHPを回復する。<br>・キャラクターと共に行動し、経路上の敵に<span style=\"color: rgb(153, 255, 255)\">氷元素ダメージ</span>を与える。<br><br><em>「こいつらは温度の上昇による腐敗を防止するためだよ…うん、白先生のあの高い薬剤のことを言ってるのだ。」</em>",
        "詳細": [
            {
                "名前": "スキルダメージ",
                "数値": {
                    "1": "96%",
                    "2": "103%",
                    "3": "110%",
                    "4": "120%",
                    "5": "127%",
                    "6": "134%",
                    "7": "144%",
                    "8": "154%",
                    "9": "163%",
                    "10": "173%",
                    "11": "182%",
                    "12": "192%",
                    "13": "204%"
                }
            },
            {
                "名前": "命中による回復量",
                "種類": "HP回復",
                "数値": {
                    "1": "10.56%攻撃力+67",
                    "2": "11.35%攻撃力+74",
                    "3": "12.14%攻撃力+81",
                    "4": "13.20%攻撃力+89",
                    "5": "13.99%攻撃力+98%",
                    "6": "14.78%攻撃力+107",
                    "7": "15.84%攻撃力+116",
                    "8": "16.90%攻撃力+126",
                    "9": "17.95%攻撃力+137",
                    "10": "19.01%攻撃力+148",
                    "11": "20.06%攻撃力+160",
                    "12": "21.12%攻撃力+172",
                    "13": "22.44%攻撃力+185"
                }
            },
            {
                "名前": "継続回復量",
                "種類": "HP回復",
                "数値": {
                    "1": "69.60%攻撃力+451",
                    "2": "74.82%攻撃力+496",
                    "3": "80.04%攻撃力+544",
                    "4": "87.00%攻撃力+597",
                    "5": "92.22%攻撃力+653",
                    "6": "97.44%攻撃力+713",
                    "7": "104.40%攻撃力+777",
                    "8": "111.36%攻撃力+845",
                    "9": "118.32%攻撃力+916",
                    "10": "125.28%攻撃力+991",
                    "11": "132.24%攻撃力+1070",
                    "12": "139.2%攻撃力+1153",
                    "13": "147.9%攻撃力+1239"
                }
            },
            {
                "名前": "寒病鬼差ダメージ",
                "数値": {
                    "1": "36.0%",
                    "2": "38.7%",
                    "3": "41.4%",
                    "4": "45.0%",
                    "5": "47.7%",
                    "6": "50.4%",
                    "7": "54.0%",
                    "8": "57.6%",
                    "9": "61.2%",
                    "10": "64.8%",
                    "11": "68.4%",
                    "12": "72%",
                    "13": "76.5%"
                }
            }
        ],
        "icon_url": "images/characters/cryo_5_sword_Qiqi/talent_2.png"
    },
    "元素爆発": {
        "名前": "仙法·救苦度厄",
        "説明": "体内に封印された仙力を解放し、度厄のお札で付近の敵にマークをつけ、<span style=\"color:#99FFFFFF\">氷元素ダメージ</span>を与える。<br/><br/><span style=\"color:#FFD780FF\">度厄のお札</span><br/>度厄のお札に影響された敵にダメージを与えた時、そのキャラクター自身のHPを回復する。<br/><br/><i>「本名、救苦度厄真君、起死回骸童子。」</i><br/><i>——だが七七はこの言葉を思い出せない。</i>",
        "詳細": [
            {
                "名前": "スキルダメージ",
                "数値": {
                    "1": "285%",
                    "2": "306%",
                    "3": "328%",
                    "4": "356%",
                    "5": "377%",
                    "6": "399%",
                    "7": "427%",
                    "8": "456%",
                    "9": "484%",
                    "10": "513%",
                    "11": "541.12%",
                    "12": "569.6%",
                    "13": "605.2%"
                }
            },
            {
                "名前": "回復量",
                "種類": "HP回復",
                "数値": {
                    "1": "90.0%攻撃力+577",
                    "2": "96.8%攻撃力+635",
                    "3": "104%攻撃力+698",
                    "4": "113%攻撃力+765",
                    "5": "119%攻撃力+837",
                    "6": "126%攻撃力+914",
                    "7": "135%攻撃力+996",
                    "8": "144%攻撃力+1083",
                    "9": "153%攻撃力+1174",
                    "10": "162%攻撃力+1270",
                    "11": "171%攻撃力+1371",
                    "12": "180%攻撃力+1477",
                    "13": "191.25%攻撃力+1588"
                }
            }
        ],
        "クールタイム": 20,
        "元素エネルギー": 80,
        "icon_url": "images/characters/cryo_5_sword_Qiqi/talent_3.png"
    },
    "固有天賦": [
        {
            "名前": "延命妙法",
            "種類": "固有天賦",
            "説明": "<span style=\"color:#FFD780FF\">仙法·寒病鬼差</span>状態時のキャラクターが元素反応を起こした時、受ける治療効果+20%、継続時間8秒。",
            "詳細": [
                {
                    "条件": "延命妙法 受ける治療効果+20%",
                    "種類": "受ける治療効果",
                    "数値": 20
                }
            ],
            "icon_url": "images/characters/cryo_5_sword_Qiqi/talent_4.png"
        },
        {
            "名前": "玉籤偶開",
            "種類": "固有天賦",
            "説明": "七七の通常攻撃と重撃が敵に命中した時、50%の確率で敵に度厄のお札を1枚付与する、継続時間6秒、30秒毎に1回のみ発動可能。",
            "icon_url": "images/characters/cryo_5_sword_Qiqi/talent_5.png"
        },
        {
            "名前": "往事記憶",
            "種類": "固有天賦",
            "説明": "ミニマップで周囲の<span style=\"color:#FFD780FF\">璃月地域の特産</span>の位置を表示する。",
            "icon_url": "images/characters/cryo_5_sword_Qiqi/talent_6.png"
        }
    ],
    "命ノ星座": {
        "1": {
            "名前": "寒苦回向",
            "説明": "度厄のお札マークがついている敵に寒病鬼差が命中した時、七七の元素エネルギーを2回復する。",
            "icon_url": "images/characters/cryo_5_sword_Qiqi/summaryList_1.png",
            "詳細": []
        },
        "2": {
            "名前": "氷寒蝕骨",
            "説明": "<span style=\"color:#99FFFFFF\">氷元素</span>の影響を受けた敵に、七七の通常攻撃と重撃の与えるダメージ+15%。",
            "詳細": [
                {
                    "条件": "氷寒蝕骨 通常攻撃と重撃ダメージ+15%",
                    "種類": "通常攻撃ダメージバフ",
                    "数値": 15
                },
                {
                    "条件": "氷寒蝕骨 通常攻撃と重撃ダメージ+15%",
                    "種類": "重撃ダメージバフ",
                    "数値": 15
                }
            ],
            "icon_url": "images/characters/cryo_5_sword_Qiqi/summaryList_2.png"
        },
        "3": {
            "名前": "昇天宝誥",
            "説明": "<span style=\"color: rgb(255, 215, 128)\">仙法·救苦度厄</span>のスキルLv.+3。<br>最大Lv.15まで。",
            "icon_url": "images/characters/cryo_5_sword_Qiqi/summaryList_3.png",
            "詳細": []
        },
        "4": {
            "名前": "天威圧衆",
            "説明": "度厄のお札マークがついている敵の攻撃力-20%。",
            "icon_url": "images/characters/cryo_5_sword_Qiqi/summaryList_4.png",
            "詳細": []
        },
        "5": {
            "名前": "紅蓮開花",
            "説明": "<span style=\"color: rgb(255, 215, 128)\">仙法·寒病鬼差</span>のスキルLv.+3。<br>最大Lv.15まで。",
            "icon_url": "images/characters/cryo_5_sword_Qiqi/summaryList_5.png",
            "詳細": []
        },
        "6": {
            "名前": "起死回骸",
            "説明": "<span style=\"color: rgb(255, 215, 128)\">仙法·救苦度厄</span>を発動する時、近くにいるチーム内全ての戦闘不能状態のキャラクターを復活し、HPを50%まで回復させる。<br>この効果は15分毎に1回のみ発動可能。",
            "icon_url": "images/characters/cryo_5_sword_Qiqi/summaryList_6.png",
            "詳細": []
        }
    },
    "おすすめセット": [
        {
            "武器": "風鷹剣",
            "聖遺物メイン効果3": "5_攻撃力%",
            "聖遺物メイン効果4": "5_物理ダメージバフ",
            "聖遺物メイン効果5": "5_会心率",
            "聖遺物セット効果1": "血染めの騎士道",
            "聖遺物セット効果2": "蒼白の炎",
            "聖遺物優先するサブ効果1": "会心ダメージ",
            "聖遺物優先するサブ効果2": "会心率",
            "聖遺物優先するサブ効果3": "攻撃力%"
        },
        {
            "武器": "磐岩結緑",
            "聖遺物メイン効果3": "5_攻撃力%",
            "聖遺物メイン効果4": "5_物理ダメージバフ",
            "聖遺物メイン効果5": "5_会心ダメージ",
            "聖遺物セット効果1": "血染めの騎士道",
            "聖遺物セット効果2": "蒼白の炎",
            "聖遺物優先するサブ効果1": "会心率",
            "聖遺物優先するサブ効果2": "会心ダメージ",
            "聖遺物優先するサブ効果3": "攻撃力%"
        },
        {
            "武器": "祭礼の剣",
            "聖遺物メイン効果3": "5_攻撃力%",
            "聖遺物メイン効果4": "5_物理ダメージバフ",
            "聖遺物メイン効果5": "5_会心率",
            "聖遺物セット効果1": "蒼白の炎",
            "聖遺物セット効果2": "蒼白の炎",
            "聖遺物優先するサブ効果1": "会心ダメージ",
            "聖遺物優先するサブ効果2": "会心率",
            "聖遺物優先するサブ効果3": "攻撃力%"
        },
        {
            "武器": "黒剣",
            "聖遺物メイン効果3": "5_攻撃力%",
            "聖遺物メイン効果4": "5_物理ダメージバフ",
            "聖遺物メイン効果5": "5_会心ダメージ",
            "聖遺物セット効果1": "血染めの騎士道",
            "聖遺物セット効果2": "蒼白の炎",
            "聖遺物優先するサブ効果1": "会心率",
            "聖遺物優先するサブ効果2": "会心ダメージ",
            "聖遺物優先するサブ効果3": "攻撃力%"
        },
        {
            "武器": "斬岩·試作",
            "聖遺物メイン効果3": "5_攻撃力%",
            "聖遺物メイン効果4": "5_物理ダメージバフ",
            "聖遺物メイン効果5": "5_会心率",
            "聖遺物セット効果1": "血染めの騎士道",
            "聖遺物セット効果2": "蒼白の炎",
            "聖遺物優先するサブ効果1": "会心ダメージ",
            "聖遺物優先するサブ効果2": "会心率",
            "聖遺物優先するサブ効果3": "攻撃力%"
        }
    ]
}