{
    "名前": "重雲",
    "説明": "妖魔退治一族の方士少年、自身の「純陽の体」を抑えるためにいろいろ苦労している。",
    "icon_url": "images/characters/face/cryo_4_claymore_Chongyun.png",
    "レアリティ": 4,
    "武器": "両手剣",
    "元素": "氷",
    "baseInfo": {
        "名前": "重雲",
        "誕生日": "9月7日",
        "命ノ星座": "乾坤鋒座",
        "称号": "雪消の跡",
        "神の目": "氷",
        "所属": "天衡方士",
        "中国語 CV": "kinsen",
        "英語 CV": "Beau Bridgland",
        "日本語 CV": "斉藤壮馬",
        "韓国語 CV": "양정화",
        "オリジナル料理": "山幸の冷やし麺",
        "実装バージョン": "1.0",
        "七聖召喚のカード": "$[{\"ep_id\":3176,\"icon\":\"https://upload-static.hoyoverse.com/hoyolab-wiki/2022/12/01/194600931/bffac6cdb7bf11846a00283924b7b617_2725498842060376714.png\",\"amount\":0,\"name\":\"重雲\",\"menuId\":\"17\"}]$"
    },
    "region": "璃月港",
    "ステータス": {
        "基礎HP": {
            "1+": 921,
            "20": 2366,
            "20+": 3054,
            "40": 4574,
            "40+": 5063,
            "50": 5824,
            "50+": 6475,
            "60": 7236,
            "60+": 7725,
            "70": 8485,
            "70+": 8974,
            "80": 9734,
            "80+": 10223,
            "90": 10984
        },
        "基礎攻撃力": {
            "1+": 19,
            "20": 48,
            "20+": 62,
            "40": 93,
            "40+": 103,
            "50": 118,
            "50+": 131,
            "60": 147,
            "60+": 157,
            "70": 172,
            "70+": 182,
            "80": 197,
            "80+": 208,
            "90": 223
        },
        "基礎防御力": {
            "1+": 54,
            "20": 140,
            "20+": 180,
            "40": 270,
            "40+": 299,
            "50": 344,
            "50+": 382,
            "60": 427,
            "60+": 456,
            "70": 501,
            "70+": 530,
            "80": 575,
            "80+": 603,
            "90": 648
        },
        "攻撃力%": {
            "1+": 0,
            "20": 0,
            "20+": 0,
            "40": 0,
            "40+": 6,
            "50": 6,
            "50+": 12,
            "60": 12,
            "60+": 12,
            "70": 12,
            "70+": 18,
            "80": 18,
            "80+": 24,
            "90": 24
        }
    },
    "通常攻撃": {
        "名前": "通常攻撃·滅邪四式",
        "説明": "<span style=\"color:#FFD780FF\">通常攻撃</span><br/>最大4段の連続攻撃を行う。<br/><br/><span style=\"color:#FFD780FF\">重撃</span><br/>持続的にスタミナを消費し、大剣を振り回して周囲の敵を攻撃する。<br/>重撃が終了した時に、さらに強力な攻撃を1回放つ。<br/><br/><span style=\"color:#FFD780FF\">落下攻撃</span><br/>空中から落下し地面に衝撃を与える。経路上の敵を攻撃し、落下時に範囲ダメージを与える。",
        "詳細": [
            {
                "名前": "1段ダメージ",
                "数値": {
                    "1": "70.0%",
                    "2": "75.7%",
                    "3": "81.4%",
                    "4": "89.5%",
                    "5": "95.2%",
                    "6": "102%",
                    "7": "111%",
                    "8": "120%",
                    "9": "129%",
                    "10": "138%",
                    "11": "148%"
                }
            },
            {
                "名前": "2段ダメージ",
                "数値": {
                    "1": "63.1%",
                    "2": "68.3%",
                    "3": "73.4%",
                    "4": "80.7%",
                    "5": "85.9%",
                    "6": "91.8%",
                    "7": "99.8%",
                    "8": "108%",
                    "9": "116%",
                    "10": "125%",
                    "11": "134%"
                }
            },
            {
                "名前": "3段ダメージ",
                "数値": {
                    "1": "80.3%",
                    "2": "86.9%",
                    "3": "93.4%",
                    "4": "103%",
                    "5": "109%",
                    "6": "117%",
                    "7": "127%",
                    "8": "137%",
                    "9": "148%",
                    "10": "159%",
                    "11": "170%"
                }
            },
            {
                "名前": "4段ダメージ",
                "数値": {
                    "1": "101%",
                    "2": "109%",
                    "3": "118%",
                    "4": "129%",
                    "5": "138%",
                    "6": "147%",
                    "7": "160%",
                    "8": "173%",
                    "9": "186%",
                    "10": "200%",
                    "11": "214%"
                }
            },
            {
                "条件": "命ノ星座@1",
                "名前": "釈凌詠氷 ダメージ",
                "種類": "追加ダメージ",
                "数値": "50%",
                "元素": "氷"
            }
        ],
        "icon_url": "images/characters/cryo_4_claymore_Chongyun/talent_1.png"
    },
    "重撃": {
        "説明": [
            "継続的にスタミナを消費し、大剣を振り回し周囲の敵を攻撃する。",
            "重撃が終了したときに、さらに強力な攻撃を1回放つ。"
        ],
        "詳細": [
            {
                "名前": "連続重撃ダメージ",
                "数値": {
                    "1": "56.3%",
                    "2": "60.9%",
                    "3": "65.4%",
                    "4": "72.0%",
                    "5": "76.6%",
                    "6": "81.8%",
                    "7": "89.0%",
                    "8": "96.2%",
                    "9": "103%",
                    "10": "111%",
                    "11": "119%"
                }
            },
            {
                "名前": "重撃終了ダメージ",
                "数値": {
                    "1": "102%",
                    "2": "110%",
                    "3": "118%",
                    "4": "130%",
                    "5": "138%",
                    "6": "148%",
                    "7": "161%",
                    "8": "174%",
                    "9": "187%",
                    "10": "201%",
                    "11": "215%"
                }
            }
        ]
    },
    "落下攻撃": {
        "説明": "空中から落下し地面に衝撃を与える。経路上の敵を攻撃し、落下時に範囲ダメージを与える。",
        "詳細": [
            {
                "名前": "落下期間のダメージ",
                "種類": "落下攻撃ダメージ",
                "数値": {
                    "1": "74.6%",
                    "2": "80.7%",
                    "3": "86.7%",
                    "4": "95.4%",
                    "5": "101.5%",
                    "6": "108.4%",
                    "7": "118%",
                    "8": "127.5%",
                    "9": "137%",
                    "10": "147.4%",
                    "11": "158%"
                }
            },
            {
                "名前": "低空/高空落下攻撃ダメージ",
                "種類": "落下攻撃ダメージ",
                "数値": {
                    "1": "149%",
                    "2": "161%",
                    "3": "173%",
                    "4": "191%",
                    "5": "203%",
                    "6": "217%",
                    "7": "236%",
                    "8": "255%",
                    "9": "274%",
                    "10": "295%",
                    "11": "316%"
                }
            },
            {
                "名前": "低空/高空落下攻撃ダメージ",
                "種類": "落下攻撃ダメージ",
                "数値": {
                    "1": "186%",
                    "2": "201%",
                    "3": "217%",
                    "4": "238%",
                    "5": "253%",
                    "6": "271%",
                    "7": "295%",
                    "8": "318%",
                    "9": "342%",
                    "10": "368%",
                    "11": "394%"
                }
            }
        ]
    },
    "元素スキル": {
        "名前": "霊刃·重華積霜",
        "説明": "巨大な剣を振って地面を叩き、前方の円形範囲内に氷爆を起こし、敵に<span style=\"color:#99FFFFFF\">氷元素ダメージ</span>を与える。<br/>その後、氷爆による寒気が重華積霜エリアになり、エリア内の片手剣、両手剣、長柄武器キャラクターは<span style=\"color:#99FFFFFF\">氷元素付与</span>を獲得する。<br/><br/><i>「珠玉が鳴り、世界は静まる。川は止まり、雲は霜となる。如法開壇、妖魔退散。」</i>",
        "詳細": [
            {
                "名前": "スキルダメージ",
                "数値": {
                    "1": "172%",
                    "2": "185%",
                    "3": "198%",
                    "4": "215%",
                    "5": "228%",
                    "6": "241%",
                    "7": "258%",
                    "8": "275%",
                    "9": "292%",
                    "10": "310%",
                    "11": "327%",
                    "12": "344%",
                    "13": "365%"
                }
            },
            {
                "条件": "重華積霜エリア",
                "種類": "氷元素付与"
            },
            {
                "名前": "追氷剣訣 霊刃ダメージ",
                "数値": "元素スキル#スキルダメージ"
            }
        ],
        "エリア継続時間": 10,
        "クールタイム": 15,
        "icon_url": "images/characters/cryo_4_claymore_Chongyun/talent_2.png"
    },
    "元素爆発": {
        "名前": "霊刃·雲開星落",
        "説明": "印を結び、前方の空中に3本の巨大霊刃を召喚する。霊刃は短時間内に1本ずつ地面に落ちて爆裂する。<br/>霊刃が爆裂する時、<span style=\"color:#99FFFFFF\">氷元素範囲ダメージ</span>を与え、敵を吹き飛ばす。<br/><br/><i>「卓越した剣が天地を行き交い、寒光がつららとなる。如律令！」</i>",
        "詳細": [
            {
                "名前": "スキルダメージ",
                "数値": {
                    "1": "142%",
                    "2": "153%",
                    "3": "164%",
                    "4": "178%",
                    "5": "189%",
                    "6": "199%",
                    "7": "214%",
                    "8": "228%",
                    "9": "242%",
                    "10": "256%",
                    "11": "271%",
                    "12": "285%",
                    "13": "303%"
                }
            }
        ],
        "クールタイム": 12,
        "元素エネルギー": 40,
        "icon_url": "images/characters/cryo_4_claymore_Chongyun/talent_3.png"
    },
    "固有天賦": [
        {
            "名前": "吐納真定",
            "種類": "固有天賦",
            "説明": "<span style=\"color: rgb(255, 215, 128)\">霊刃·重華積霜</span>エリア内にいる時、片手剣、両手剣、長柄武器キャラクターの通常攻撃の攻撃速度+8%。",
            "icon_url": "images/characters/cryo_4_claymore_Chongyun/talent_4.png"
        },
        {
            "名前": "追氷剣訣",
            "種類": "固有天賦",
            "説明": "<span style=\"color: rgb(255, 215, 128)\">霊刃·重華積霜</span>エリアが消えた時、自動的に付近の敵を攻撃する霊刃を召喚し、霊刃·重華積霜のスキルダメージ100%分の<span style=\"color: rgb(153, 255, 255)\">氷元素範囲ダメージ</span>を与える。命中した敵の<span style=\"color: rgb(153, 255, 255)\">氷元素耐性</span>-10%、継続時間8秒。",
            "詳細": [
                {
                    "条件": "追氷剣訣 氷元素耐性-10%",
                    "種類": "敵氷元素耐性",
                    "数値": -10
                }
            ],
            "icon_url": "images/characters/cryo_4_claymore_Chongyun/talent_5.png"
        },
        {
            "名前": "雲遊山海",
            "種類": "固有天賦",
            "説明": "璃月の探索任務の所要時間-25%。",
            "icon_url": "images/characters/cryo_4_claymore_Chongyun/talent_6.png"
        }
    ],
    "命ノ星座": {
        "1": {
            "名前": "釈凌詠氷",
            "説明": "通常攻撃の最後の一撃が前方に3つの氷の刃を放ち、経路上の敵に重雲の攻撃力50%分の<span style=\"color:#99FFFFFF\">氷元素ダメージ</span>を与える。",
            "icon_url": "images/characters/cryo_4_claymore_Chongyun/summaryList_1.png",
            "詳細": []
        },
        "2": {
            "名前": "周天の回転",
            "説明": "<span style=\"color: rgb(255, 215, 128)\">霊刃·重華積霜</span>エリア内で発動した元素スキルと元素爆発のクールタイム-15%。",
            "icon_url": "images/characters/cryo_4_claymore_Chongyun/summaryList_2.png",
            "詳細": []
        },
        "3": {
            "名前": "雲の果てに光あり",
            "説明": "<span style=\"color: rgb(255, 215, 128)\">霊刃·雲開星落</span>のスキルLv.+3。<br>最大Lv.15まで。",
            "icon_url": "images/characters/cryo_4_claymore_Chongyun/summaryList_3.png",
            "詳細": []
        },
        "4": {
            "名前": "浮雲霜天",
            "説明": "重雲の攻撃が<span style=\"color:#99FFFFFF\">氷元素</span>の影響を受けた敵に命中した時、自身の元素エネルギーを1回復する。<br/>この効果は2秒毎に1回のみ発動可能。",
            "icon_url": "images/characters/cryo_4_claymore_Chongyun/summaryList_4.png",
            "詳細": []
        },
        "5": {
            "名前": "真道の正理",
            "説明": "<span style=\"color: rgb(255, 215, 128)\">霊刃·重華積霜</span>のスキルLv.+3。<br>最大Lv.15まで。",
            "icon_url": "images/characters/cryo_4_claymore_Chongyun/summaryList_5.png",
            "詳細": []
        },
        "6": {
            "名前": "四霊の捧げ",
            "説明": "HPの割合が重雲より低い敵に<span style=\"color: rgb(255, 215, 128)\">霊刃·雲開星落</span>が命中した時、ダメージ+15%。<br>また、スキル発動時さらに追加で霊刃を1本を召喚する。",
            "詳細": [
                {
                    "条件": "四霊の捧げ 霊刃·雲開星落ダメージ+15%",
                    "対象": "元素爆発ダメージ",
                    "種類": "元素爆発ダメージバフ",
                    "数値": 15
                }
            ],
            "icon_url": "images/characters/cryo_4_claymore_Chongyun/summaryList_6.png"
        }
    },
    "おすすめセット": [
        {
            "武器": "狼の末路",
            "聖遺物メイン効果3": "5_攻撃力%",
            "聖遺物メイン効果4": "5_氷元素ダメージバフ",
            "聖遺物メイン効果5": "5_会心率",
            "聖遺物セット効果1": "氷風を彷徨う勇士",
            "聖遺物セット効果2": "剣闘士のフィナーレ",
            "聖遺物優先するサブ効果1": "会心ダメージ",
            "聖遺物優先するサブ効果2": "会心率",
            "聖遺物優先するサブ効果3": "攻撃力%"
        },
        {
            "武器": "祭礼の大剣",
            "聖遺物メイン効果3": "5_攻撃力%",
            "聖遺物メイン効果4": "5_氷元素ダメージバフ",
            "聖遺物メイン効果5": "5_会心率",
            "聖遺物セット効果1": "氷風を彷徨う勇士",
            "聖遺物セット効果2": "剣闘士のフィナーレ",
            "聖遺物優先するサブ効果1": "会心ダメージ",
            "聖遺物優先するサブ効果2": "会心率",
            "聖遺物優先するサブ効果3": "攻撃力%"
        },
        {
            "武器": "螭龍の剣",
            "聖遺物メイン効果3": "5_攻撃力%",
            "聖遺物メイン効果4": "5_氷元素ダメージバフ",
            "聖遺物メイン効果5": "5_会心ダメージ",
            "聖遺物セット効果1": "氷風を彷徨う勇士",
            "聖遺物セット効果2": "旧貴族のしつけ",
            "聖遺物優先するサブ効果1": "会心率",
            "聖遺物優先するサブ効果2": "会心ダメージ",
            "聖遺物優先するサブ効果3": "攻撃力%"
        },
        {
            "武器": "銜玉の海皇",
            "聖遺物メイン効果3": "5_攻撃力%",
            "聖遺物メイン効果4": "5_氷元素ダメージバフ",
            "聖遺物メイン効果5": "5_会心率",
            "聖遺物セット効果1": "絶縁の旗印",
            "聖遺物セット効果2": "絶縁の旗印",
            "聖遺物優先するサブ効果1": "会心ダメージ",
            "聖遺物優先するサブ効果2": "会心率",
            "聖遺物優先するサブ効果3": "攻撃力%"
        },
        {
            "武器": "古華·試作",
            "聖遺物メイン効果3": "5_攻撃力%",
            "聖遺物メイン効果4": "5_氷元素ダメージバフ",
            "聖遺物メイン効果5": "5_会心率",
            "聖遺物セット効果1": "旧貴族のしつけ",
            "聖遺物セット効果2": "旧貴族のしつけ",
            "聖遺物優先するサブ効果1": "会心ダメージ",
            "聖遺物優先するサブ効果2": "会心率",
            "聖遺物優先するサブ効果3": "攻撃力%"
        },
        {
            "武器": "狼の末路",
            "聖遺物メイン効果3": "5_攻撃力%",
            "聖遺物メイン効果4": "5_氷元素ダメージバフ",
            "聖遺物メイン効果5": "5_会心率",
            "聖遺物セット効果1": "氷風を彷徨う勇士",
            "聖遺物セット効果2": "氷風を彷徨う勇士",
            "聖遺物優先するサブ効果1": "会心ダメージ",
            "聖遺物優先するサブ効果2": "会心率",
            "聖遺物優先するサブ効果3": "攻撃力%"
        }
    ],
    "NEXT STEP": "元素爆発.スキルダメージ"
}