{
    "名前": "アーロイ",
    "レアリティ": 5,
    "武器": "弓",
    "元素": "氷",
    "ステータス": {
        "基礎HP": {
            "80": 9616,
            "80+": 10133,
            "90": 10899
        },
        "基礎攻撃力": {
            "80": 206,
            "80+": 217,
            "90": 234
        },
        "基礎防御力": {
            "80": 597,
            "80+": 629,
            "90": 676
        },
        "氷元素ダメージバフ": {
            "80": 21.6,
            "80+": 28.8,
            "90": 28.8
        }
    },
    "オプション初期値": {
        "アイスラッシュ状態1秒毎 氷元素ダメージ+": 5
    },
    "通常攻撃": {
        "名前": "通常攻撃・ラピッドファイア",
        "説明": "最大4段の連続射撃を行う。",
        "詳細": [
            {
                "名前": "1段ダメージ",
                "数値": {
                    "1": "21.1%+23.8%",
                    "2": "22.6%+25.4%",
                    "3": "24.0%+27.0%",
                    "4": "25.9%+29.2%",
                    "5": "27.4%+30.8%",
                    "6": "29.0%+32.7%",
                    "7": "31.2%+35.1%",
                    "8": "33.4%+37.5%",
                    "9": "35.5%+40.0%",
                    "10": "37.7%+42.4%",
                    "11": "39.84%+44.82%"
                },
                "HIT数": 2
            },
            {
                "名前": "2段ダメージ",
                "数値": {
                    "1": "43.1%",
                    "2": "46.1%",
                    "3": "49.0%",
                    "4": "52.9%",
                    "5": "55.9%",
                    "6": "59.3%",
                    "7": "63.7%",
                    "8": "68.1%",
                    "9": "72.5%",
                    "10": "76.9%",
                    "11": "81.34%"
                }
            },
            {
                "名前": "3段ダメージ",
                "数値": {
                    "1": "52.8%",
                    "2": "56.4%",
                    "3": "60.0%",
                    "4": "64.8%",
                    "5": "68.4%",
                    "6": "72.6%",
                    "7": "78.0%",
                    "8": "83.4%",
                    "9": "88.8%",
                    "10": "94.2%",
                    "11": "99.6%"
                }
            },
            {
                "名前": "4段ダメージ",
                "数値": {
                    "1": "65.6%",
                    "2": "70.1%",
                    "3": "74.6%",
                    "4": "80.6%",
                    "5": "85.0%",
                    "6": "90.3%",
                    "7": "97.0%",
                    "8": "103.7%",
                    "9": "110.4%",
                    "10": "117.1%",
                    "11": "123.84%"
                }
            }
        ]
    },
    "重撃": {
        "説明": [
            "ダメージがより高く、より正確な狙い撃ちを発動する。",
            "照準時、氷霜の寒気が矢先に付着する。寒気に満ちた矢は敵に氷元素ダメージを与える。"
        ],
        "詳細": [
            {
                "名前": "狙い撃ち",
                "数値": {
                    "1": "43.9%",
                    "2": "47.4%",
                    "3": "51.0%",
                    "4": "56.1%",
                    "5": "59.7%",
                    "6": "63.8%",
                    "7": "69.4%",
                    "8": "75.0%",
                    "9": "80.6%",
                    "10": "86.7%",
                    "11": "92.8%"
                }
            },
            {
                "名前": "フルチャージ狙い撃ち",
                "元素": "氷",
                "数値": {
                    "1": "124%",
                    "2": "133%",
                    "3": "143%",
                    "4": "155%",
                    "5": "164%",
                    "6": "174%",
                    "7": "186%",
                    "8": "198%",
                    "9": "211%",
                    "10": "223%",
                    "11": "236%"
                }
            }
        ]
    },
    "落下攻撃": {
        "説明": "空中からの矢の雨を放ち、凄まじいスピードで落下し地面に衝撃を与え、落下時に範囲ダメージを与える。",
        "詳細": [
            {
                "名前": "落下期間のダメージ",
                "種類": "落下攻撃ダメージ",
                "数値": {
                    "1": "56.8%",
                    "2": "61.5%",
                    "3": "66.1%",
                    "4": "72.7%",
                    "5": "77.3%",
                    "6": "82.6%",
                    "7": "89.9%",
                    "8": "97.1%",
                    "9": "104.4%",
                    "10": "112.3%",
                    "11": "120.3%"
                }
            },
            {
                "名前": "低空落下攻撃ダメージ",
                "種類": "落下攻撃ダメージ",
                "数値": {
                    "1": "114%",
                    "2": "123%",
                    "3": "132%",
                    "4": "145%",
                    "5": "155%",
                    "6": "165%",
                    "7": "180%",
                    "8": "194%",
                    "9": "209%",
                    "10": "225%",
                    "11": "240%"
                }
            },
            {
                "名前": "高空落下攻撃ダメージ",
                "種類": "落下攻撃ダメージ",
                "数値": {
                    "1": "142%",
                    "2": "153%",
                    "3": "165%",
                    "4": "182%",
                    "5": "193%",
                    "6": "206%",
                    "7": "224%",
                    "8": "243%",
                    "9": "261%",
                    "10": "281%",
                    "11": "300%"
                }
            }
        ]
    },
    "元素スキル": {
        "名前": "凍てついた大地",
        "説明": [
            "目標方向へ氷の爆弾を投げる、命中後に爆発し氷元素ダメージを与える。爆発後、氷の爆弾は複数の冷凍爆弾に分裂する。",
            "冷凍爆弾は敵に触れる、または一定時間後に爆発し、氷元素ダメージを与える。",
            "氷の爆弾または冷凍爆弾が敵に命中すると、敵の攻撃力がダウンし、アーロイに「コイル」効果を1層与える。",
            "コイル効果は0.1秒毎に最大1層獲得可能。",
            "**コイル**",
            "・層数を基準に、アーロイの通常攻撃ダメージをアップさせる。",
            "・コイルを4層所有する時、アーロイのコイル効果は全てクリアされ、「アイスラッシュ」を獲得する。",
            "通常攻撃ダメージをさらにアップさせ、通常攻撃が氷元素ダメージに変化する。",
            "アイスラッシュ状態継続時間中、アーロイはコイル効果を獲得できなくなる。",
            "戦闘状態が解除されてから30秒後、コイル効果はクリアされる。"
        ],
        "詳細": [
            {
                "名前": "氷の爆弾ダメージ",
                "数値": {
                    "1": "178%",
                    "2": "191%",
                    "3": "204%",
                    "4": "222%",
                    "5": "235%",
                    "6": "249%",
                    "7": "266%",
                    "8": "284%",
                    "9": "302%",
                    "10": "320%"
                }
            },
            {
                "名前": "冷凍爆弾ダメージ",
                "数値": {
                    "1": "40.0%",
                    "2": "43.0%",
                    "3": "46.0%",
                    "4": "50.0%",
                    "5": "53.0%",
                    "6": "56.0%",
                    "7": "60.0%",
                    "8": "64.0%",
                    "9": "68.0%",
                    "10": "72.0%"
                }
            },
            {
                "条件": "コイル@1-3層^アイスラッシュ",
                "種類": "通常攻撃ダメージアップ",
                "数値": {
                    "1": "5.85%攻撃力",
                    "2": "6.2%攻撃力",
                    "3": "6.54%攻撃力",
                    "4": "7%攻撃力",
                    "5": "7.35%攻撃力",
                    "6": "7.7%攻撃力",
                    "7": "8.16%攻撃力",
                    "8": "8.61%攻撃力",
                    "9": "9.07%攻撃力",
                    "10": "9.52%攻撃力"
                }
            },
            {
                "条件": "アイスラッシュ^コイル",
                "対象": "通常攻撃ダメージ",
                "種類": "別枠乗算",
                "数値": {
                    "1": 129.2,
                    "2": 131.0,
                    "3": 132.7,
                    "4": 135.0,
                    "5": 136.8,
                    "6": 138.5,
                    "7": 140.8,
                    "8": 143.1,
                    "9": 145.3,
                    "10": 147.6
                }
            },
            {
                "条件": "アイスラッシュ^コイル",
                "対象": "通常攻撃ダメージ",
                "種類": "氷元素付与"
            }
        ]
    },
    "元素爆発": {
        "名前": "ドーンプロフェシー",
        "説明": [
            "目標方向へ氷元素に満ちた動力源を投げ、弓矢で爆発させることにより氷元素範囲ダメージを与える。"
        ],
        "詳細": [
            {
                "名前": "スキルダメージ",
                "数値": {
                    "1": "359%",
                    "2": "386%",
                    "3": "413%",
                    "4": "449%",
                    "5": "476%",
                    "6": "503%",
                    "7": "539%",
                    "8": "575%",
                    "9": "611%",
                    "10": "647%"
                }
            }
        ],
        "クールタイム": 12,
        "元素エネルギー": 40
    },
    "固有天賦": [
        {
            "種類": "固有天賦",
            "名前": "戦闘オーバーライド",
            "説明": [
                "アーロイが凍てついた大地のコイル効果を獲得した時、アーロイの攻撃力+16%、周囲にいるチーム内他のキャラクターの攻撃力+8%、持続時間10秒。"
            ],
            "詳細": [
                {
                    "条件": "コイル効果獲得後(10秒)攻撃力+16%",
                    "種類": "攻撃力%",
                    "数値": 16
                }
            ]
        },
        {
            "種類": "固有天賦",
            "名前": "強打",
            "説明": [
                "アーロイは凍てついた大地のアイスラッシュ状態にある時、1秒毎に氷元素ダメージ+3.5%、この方式での氷元素ダメージアップ効果は35%まで。"
            ],
            "詳細": [
                {
                    "条件": "アイスラッシュ&アイスラッシュ状態1秒毎 氷元素ダメージ+@3.5-35%",
                    "種類": "氷元素ダメージバフ",
                    "数値": 1
                }
            ]
        },
        {
            "種類": "固有天賦",
            "名前": "まあまあ落ち着け",
            "説明": "アーロイがチーム内にいる時、チーム内の自身のキャラクターが鳥肉、獣肉、冷製鮮肉をドロップする動物に近づいても気付かれなくなる。"
        }
    ],
    "おすすめセット": [
        {
            "武器": "冬極の白星",
            "聖遺物メイン効果3": "5_攻撃力%",
            "聖遺物メイン効果4": "5_氷元素ダメージバフ",
            "聖遺物メイン効果5": "5_会心ダメージ",
            "聖遺物セット効果1": "氷風を彷徨う勇士",
            "聖遺物セット効果2": "氷風を彷徨う勇士",
            "聖遺物優先するサブ効果1": "会心率",
            "聖遺物優先するサブ効果2": "会心ダメージ",
            "聖遺物優先するサブ効果3": "攻撃力%"
        },
        {
            "武器": "弓蔵",
            "聖遺物メイン効果3": "5_攻撃力%",
            "聖遺物メイン効果4": "5_氷元素ダメージバフ",
            "聖遺物メイン効果5": "5_会心率",
            "聖遺物セット効果1": "氷風を彷徨う勇士",
            "聖遺物セット効果2": "氷風を彷徨う勇士",
            "聖遺物優先するサブ効果1": "攻撃力%",
            "聖遺物優先するサブ効果2": "会心ダメージ",
            "聖遺物優先するサブ効果3": null
        },
        {
            "武器": "破魔の弓",
            "聖遺物メイン効果3": "5_攻撃力%",
            "聖遺物メイン効果4": "5_氷元素ダメージバフ",
            "聖遺物メイン効果5": "5_会心率",
            "聖遺物セット効果1": "氷風を彷徨う勇士",
            "聖遺物セット効果2": "氷風を彷徨う勇士",
            "聖遺物優先するサブ効果1": "攻撃力%",
            "聖遺物優先するサブ効果2": "会心ダメージ",
            "聖遺物優先するサブ効果3": null
        },
        {
            "武器": "祭礼の弓",
            "聖遺物メイン効果3": "5_元素チャージ効率",
            "聖遺物メイン効果4": "5_氷元素ダメージバフ",
            "聖遺物メイン効果5": "5_会心率",
            "聖遺物セット効果1": "絶縁の旗印",
            "聖遺物セット効果2": "絶縁の旗印",
            "聖遺物優先するサブ効果1": "攻撃力%",
            "聖遺物優先するサブ効果2": "会心ダメージ",
            "聖遺物優先するサブ効果3": null
        }
    ]
}