{
    "名前": "フレミネ",
    "説明": "潜水の道を極めた寡黙な少年。氷のように近づきがたい外見の下に、一点の瑕もない純粋な心を秘めている。",
    "icon_url": "images/characters/face/cryo_4_claymore_Freminet.png",
    "レアリティ": 4,
    "武器": "両手剣",
    "元素": "氷",
    "baseInfo": {
        "和名 / 英名": "フレミネ / Freminet",
        "誕生日": "9月24日",
        "命ノ星座": "オートマタ座",
        "称号": "夢想の海を沈んで",
        "神の目": "氷",
        "所属": "ブーフ·ド·エテの館",
        "中国語 CV": "锦鲤",
        "英語 CV": "Paul Castro Jr.",
        "日本語 CV": "土岐隼一",
        "韓国語 CV": "이주승"
    },
    "region": "フォンテーヌ",
    "ステータス": {
        "基礎HP": {
            "1+": 1012,
            "20": 2600,
            "20+": 3356,
            "40": 5027,
            "40+": 5564,
            "50": 6400,
            "50+": 7117,
            "60": 7953,
            "60+": 8490,
            "70": 9325,
            "70+": 9862,
            "80": 10698,
            "80+": 11235,
            "90": 12071
        },
        "基礎攻撃力": {
            "1+": 22,
            "20": 55,
            "20+": 71,
            "40": 106,
            "40+": 118,
            "50": 135,
            "50+": 151,
            "60": 168,
            "60+": 180,
            "70": 197,
            "70+": 208,
            "80": 226,
            "80+": 237,
            "90": 255
        },
        "基礎防御力": {
            "1+": 59,
            "20": 153,
            "20+": 197,
            "40": 295,
            "40+": 327,
            "50": 376,
            "50+": 418,
            "60": 467,
            "60+": 498,
            "70": 547,
            "70+": 579,
            "80": 628,
            "80+": 659,
            "90": 708
        },
        "攻撃力%": {
            "1+": 0.0,
            "20": 0.0,
            "20+": 0.0,
            "40": 0.0,
            "40+": 6.0,
            "50": 6.0,
            "50+": 12.0,
            "60": 12.0,
            "60+": 12.0,
            "70": 12.0,
            "70+": 18.0,
            "80": 18.0,
            "80+": 24.0,
            "90": 24.0
        }
    },
    "通常攻撃": {
        "名前": "通常攻撃·潜流の剣",
        "説明": "<span style=\"color: #FFD780\">通常攻撃</span><br>最大4段の連続攻撃を行う。<br><br><span style=\"color: #FFD780\">重撃</span><br>持続的にスタミナを消費し、大剣を振り回して周囲の敵を攻撃する。<br>重撃が終了した時に、さらに強力な攻撃を1回放つ。<br><br><span style=\"color: #FFD780\">落下攻撃</span><br>空中から落下し地面に衝撃を与える。経路上の敵を攻撃し、落下時に範囲ダメージを与える。",
        "icon_url": "images/characters/cryo_4_claymore_Freminet/talent_1.png",
        "詳細": [
            {
                "名前": "1段ダメージ",
                "数値": {
                    "1": "84.2%",
                    "2": "91.1%",
                    "3": "98.0%",
                    "4": "107.7%",
                    "5": "114.6%",
                    "6": "122.4%",
                    "7": "133.2%",
                    "8": "144.0%",
                    "9": "154.8%",
                    "10": "166.5%",
                    "11": "178.3%",
                    "12": "190.0%",
                    "13": "201.8%",
                    "14": "213.5%"
                }
            },
            {
                "名前": "2段ダメージ",
                "数値": {
                    "1": "80.7%",
                    "2": "87.2%",
                    "3": "93.8%",
                    "4": "103.2%",
                    "5": "109.8%",
                    "6": "117.3%",
                    "7": "127.6%",
                    "8": "137.9%",
                    "9": "148.2%",
                    "10": "159.5%",
                    "11": "170.7%",
                    "12": "182.0%",
                    "13": "193.2%",
                    "14": "204.5%"
                }
            },
            {
                "名前": "3段ダメージ",
                "数値": {
                    "1": "101.9%",
                    "2": "110.2%",
                    "3": "118.5%",
                    "4": "130.3%",
                    "5": "138.6%",
                    "6": "148.1%",
                    "7": "161.2%",
                    "8": "174.2%",
                    "9": "187.2%",
                    "10": "201.4%",
                    "11": "215.7%",
                    "12": "229.9%",
                    "13": "244.1%",
                    "14": "258.3%"
                }
            },
            {
                "名前": "4段ダメージ",
                "数値": {
                    "1": "123.8%",
                    "2": "133.9%",
                    "3": "144.0%",
                    "4": "158.4%",
                    "5": "168.4%",
                    "6": "179.9%",
                    "7": "195.8%",
                    "8": "211.6%",
                    "9": "227.5%",
                    "10": "244.7%",
                    "11": "262.0%",
                    "12": "279.3%",
                    "13": "296.6%",
                    "14": "313.8%"
                }
            }
        ]
    },
    "重撃": {
        "詳細": [
            {
                "名前": "連続重撃ダメージ",
                "数値": {
                    "1": "62.5%",
                    "2": "67.6%",
                    "3": "72.7%",
                    "4": "80.0%",
                    "5": "85.1%",
                    "6": "90.9%",
                    "7": "98.9%",
                    "8": "106.9%",
                    "9": "114.9%",
                    "10": "123.6%",
                    "11": "132.3%",
                    "12": "141.0%",
                    "13": "149.8%",
                    "14": "158.5%"
                }
            },
            {
                "名前": "重撃終了ダメージ",
                "数値": {
                    "1": "113%",
                    "2": "122%",
                    "3": "132%",
                    "4": "145%",
                    "5": "154%",
                    "6": "164%",
                    "7": "179%",
                    "8": "193%",
                    "9": "208%",
                    "10": "224%",
                    "11": "239%",
                    "12": "255%",
                    "13": "271%",
                    "14": "287%"
                }
            }
        ],
        "重撃スタミナ消費": "毎秒40.0",
        "最大継続時間": 5.0
    },
    "落下攻撃": {
        "詳細": [
            {
                "名前": "落下期間のダメージ",
                "数値": {
                    "1": "74.6%",
                    "2": "80.7%",
                    "3": "86.7%",
                    "4": "95.4%",
                    "5": "101.5%",
                    "6": "108.4%",
                    "7": "118.0%",
                    "8": "127.5%",
                    "9": "137.0%",
                    "10": "147.4%",
                    "11": "157.8%",
                    "12": "168.3%",
                    "13": "178.7%",
                    "14": "189.1%"
                }
            },
            {
                "名前": "低空/高空落下攻撃ダメージ",
                "数値": {
                    "1": "149%",
                    "2": "161%",
                    "3": "173%",
                    "4": "191%",
                    "5": "203%",
                    "6": "217%",
                    "7": "236%",
                    "8": "255%",
                    "9": "274%",
                    "10": "295%",
                    "11": "316%",
                    "12": "336%",
                    "13": "357%",
                    "14": "378%"
                }
            },
            {
                "名前": "低空/高空落下攻撃ダメージ",
                "数値": {
                    "1": "186%",
                    "2": "201%",
                    "3": "217%",
                    "4": "238%",
                    "5": "253%",
                    "6": "271%",
                    "7": "295%",
                    "8": "318%",
                    "9": "342%",
                    "10": "368%",
                    "11": "394%",
                    "12": "420%",
                    "13": "466%",
                    "14": "472%"
                }
            }
        ]
    },
    "元素スキル": {
        "名前": "プレッシャー·フロウ",
        "説明": "斬り上げ攻撃を繰り出し、<span style=\"color: rgb(153, 255, 255)\">氷元素ダメージ</span>を与え、継続時間10秒のペールスタイマー状態に入る。<br><span style=\"color: #FFD780\">ペールスタイマー</span>状態時、元素スキルは高圧粉砕へと変わる。<br><br><span style=\"color: rgb(255, 215, 128)\">高圧粉砕</span><br>ペールスタイマーの圧力ランクに応じて異なる攻撃を行い、ペールスタイマー状態を解除する。<br>・ランク0：縦斬りを繰り出し、<span style=\"color: rgb(153, 255, 255)\">氷元素ダメージ</span>を与える。<br>・ランク1~3：縦斬りを繰り出し、ペールスと協同攻撃を行い、<span style=\"color: rgb(153, 255, 255)\">氷元素ダメージ</span>と物理ダメージを与える。ダメージは圧力ランクに応じて変化する。<br>・ランク4：圧力で満たされたペールスの力を借り、物理ダメージを与える。この時、「通常攻撃·潜流の剣」は高圧粉砕に切り替わる。<br><br>ペールスタイマー<br>フレミネが通常攻撃を行う際に霜寒を放ち、<span style=\"color: rgb(153, 255, 255)\">氷元素ダメージ</span>を与え、ペールスタイマーの圧力ランクを上昇させる。<br>なお、与える<span style=\"color: rgb(153, 255, 255)\">氷元素ダメージ</span>は元素スキルダメージと見なされる。<br><br><span style=\"color: rgb(255, 215, 128)\">アルケー：プネウマ</span><br>斬り上げ攻撃を発動した後、斬り上げ攻撃を行う霊息の棘が生成され、プネウマを帯びた<span style=\"color: rgb(153, 255, 255)\">氷元素ダメージ</span>を与える、一定間隔ごとに発動が可能。<br><br><em>相手の命を奪うのではなく、相手の行動を阻止する。これはある意味において、「生存」のために選んだ戦略でもある。</em><br><em>「ペールス…次は頼んだ。」</em>",
        "icon_url": "images/characters/cryo_4_claymore_Freminet/talent_2.png",
        "詳細": [
            {
                "名前": "斬り上げ攻撃のダメージ",
                "数値": {
                    "1": "83.0%",
                    "2": "89.3%",
                    "3": "95.5%",
                    "4": "103.8%",
                    "5": "110.0%",
                    "6": "116.3%",
                    "7": "124.6%",
                    "8": "132.9%",
                    "9": "141.2%",
                    "10": "149.5%",
                    "11": "157.8%",
                    "12": "166.1%",
                    "13": "176.5%"
                }
            },
            {
                "名前": "霜寒のダメージ",
                "数値": {
                    "1": "7.2%",
                    "2": "7.7%",
                    "3": "8.2%",
                    "4": "9.0%",
                    "5": "9.5%",
                    "6": "10.0%",
                    "7": "10.7%",
                    "8": "11.5%",
                    "9": "12.2%",
                    "10": "12.9%",
                    "11": "13.6%",
                    "12": "14.3%",
                    "13": "15.2%"
                }
            },
            {
                "条件": "潜猟モード",
                "種類": "元素スキルダメージアップ",
                "対象": "元素スキルダメージ.霜寒のダメージ",
                "数値": {
                    "1": "7.2%攻撃力",
                    "2": "7.7%攻撃力",
                    "3": "8.2%攻撃力",
                    "4": "9.0%攻撃力",
                    "5": "9.5%攻撃力",
                    "6": "10.0%攻撃力",
                    "7": "10.7%攻撃力",
                    "8": "11.5%攻撃力",
                    "9": "12.2%攻撃力",
                    "10": "12.9%攻撃力",
                    "11": "13.6%攻撃力",
                    "12": "14.3%攻撃力",
                    "13": "15.2%攻撃力"
                }
            },
            {
                "名前": "ランク0の高圧粉砕ダメージ",
                "数値": {
                    "1": "200.5%",
                    "2": "215.5%",
                    "3": "230.6%",
                    "4": "250.6%",
                    "5": "265.6%",
                    "6": "280.7%",
                    "7": "300.7%",
                    "8": "320.8%",
                    "9": "340.8%",
                    "10": "360.9%",
                    "11": "380.9%",
                    "12": "401.0%",
                    "13": "426.0%"
                }
            },
            {
                "名前": "ランク1の高圧粉砕ダメージ",
                "数値": {
                    "1": "100.2%",
                    "2": "107.8%",
                    "3": "115.3%",
                    "4": "125.3%",
                    "5": "132.8%",
                    "6": "140.3%",
                    "7": "150.4%",
                    "8": "160.4%",
                    "9": "170.4%",
                    "10": "180.4%",
                    "11": "190.5%",
                    "12": "200.5%",
                    "13": "213.0%"
                }
            },
            {
                "名前": "ランク1の高圧粉砕ダメージ",
                "数値": {
                    "1": "48.7%",
                    "2": "52.3%",
                    "3": "56.0%",
                    "4": "60.9%",
                    "5": "64.5%",
                    "6": "68.2%",
                    "7": "73.0%",
                    "8": "77.9%",
                    "9": "82.8%",
                    "10": "87.6%",
                    "11": "92.5%",
                    "12": "97.4%",
                    "13": "103.5%"
                },
                "元素": "物理"
            },
            {
                "名前": "ランク2の高圧粉砕ダメージ",
                "数値": {
                    "1": "70.2%",
                    "2": "75.4%",
                    "3": "80.7%",
                    "4": "87.7%",
                    "5": "93.0%",
                    "6": "98.2%",
                    "7": "105.3%",
                    "8": "112.3%",
                    "9": "119.3%",
                    "10": "126.3%",
                    "11": "133.3%",
                    "12": "140.3%",
                    "13": "149.1%"
                }
            },
            {
                "名前": "ランク2の高圧粉砕ダメージ",
                "数値": {
                    "1": "85.2%",
                    "2": "91.6%",
                    "3": "98.0%",
                    "4": "106.5%",
                    "5": "112.9%",
                    "6": "119.3%",
                    "7": "127.8%",
                    "8": "136.3%",
                    "9": "144.8%",
                    "10": "153.4%",
                    "11": "161.9%",
                    "12": "170.4%",
                    "13": "181.1%"
                },
                "元素": "物理"
            },
            {
                "名前": "ランク3の高圧粉砕ダメージ",
                "数値": {
                    "1": "40.1%",
                    "2": "43.1%",
                    "3": "46.1%",
                    "4": "50.1%",
                    "5": "53.1%",
                    "6": "56.1%",
                    "7": "60.1%",
                    "8": "64.2%",
                    "9": "68.2%",
                    "10": "72.2%",
                    "11": "76.2%",
                    "12": "80.2%",
                    "13": "80.2%"
                }
            },
            {
                "名前": "ランク3の高圧粉砕ダメージ",
                "数値": {
                    "1": "121.7%",
                    "2": "130.8%",
                    "3": "140.0%",
                    "4": "152.2%",
                    "5": "161.3%",
                    "6": "170.4%",
                    "7": "182.6%",
                    "8": "194.8%",
                    "9": "206.9%",
                    "10": "219.1%",
                    "11": "231.3%",
                    "12": "243.4%",
                    "13": "258.7%"
                },
                "元素": "物理"
            },
            {
                "名前": "ランク4の高圧粉砕ダメージ",
                "数値": {
                    "1": "243.4%",
                    "2": "261.7%",
                    "3": "280.0%",
                    "4": "304.3%",
                    "5": "322.6%",
                    "6": "340.8%",
                    "7": "365.2%",
                    "8": "389.5%",
                    "9": "413.8%",
                    "10": "438.2%",
                    "11": "462.5%",
                    "12": "486.9%",
                    "13": "517.3%"
                },
                "元素": "物理"
            },
            {
                "名前": "霊息の棘のダメージ",
                "数値": {
                    "1": "14.4%",
                    "2": "15.5%",
                    "3": "16.6%",
                    "4": "18.0%",
                    "5": "19.1%",
                    "6": "20.2%",
                    "7": "21.6%",
                    "8": "23.0%",
                    "9": "24.5%",
                    "10": "25.9%",
                    "11": "27.4%",
                    "12": "28.8%",
                    "13": "30.6%"
                }
            }
        ],
        "霊息の棘の間隔": 9.0,
        "クールタイム": 10.0
    },
    "元素爆発": {
        "名前": "シャドウハンターの奇襲",
        "説明": "触れることのできない寒気を放ち、<span style=\"color: rgb(153, 255, 255)\">氷元素範囲ダメージ</span>を与え、元素スキル「プレッシャー·フロウ」のクールタイムをリセットし、継続時間10秒の潜猟モードに入る。<br><br>潜猟モード状態時、フレミネの中断耐性がアップし、元素スキル「プレッシャー·フロウ」は以下の強化効果を獲得する。<br>・クールタイム-70%。<br>・通常攻撃を行う時、追加でペールスタイマーの圧力ランクを1ランクアップさせ、通常攻撃による霜寒の与えるダメージが元の200%分となる。<br><br>この効果はフレミネが退場する時に解除される。<br><br><em>「今は…余計な雑音なんて必要ない。」</em>",
        "icon_url": "images/characters/cryo_4_claymore_Freminet/talent_3.png",
        "詳細": [
            {
                "名前": "スキルダメージ",
                "数値": {
                    "1": "318.4%",
                    "2": "342.3%",
                    "3": "366.2%",
                    "4": "398.0%",
                    "5": "421.9%",
                    "6": "445.8%",
                    "7": "477.6%",
                    "8": "509.4%",
                    "9": "541.3%",
                    "10": "573.1%"
                }
            }
        ],
        "継続時間": 10.0,
        "クールタイム": 15.0,
        "元素エネルギー": 60
    },
    "固有天賦": [
        {
            "名前": "飽和潜水",
            "説明": "<span style=\"color: #FFD780\">プレッシャー·フロウ·高圧粉砕</span>を発動する時、ペールスタイマーの圧力ランクが4未満の場合、プレッシャー·フロウのクールタイム-1秒。",
            "icon_url": "images/characters/cryo_4_claymore_Freminet/talent_4.png",
            "詳細": []
        },
        {
            "名前": "並流式冷却装置",
            "説明": "フレミネが敵に氷砕き反応を起こした後、<span style=\"color: rgb(255, 215, 128)\">プレッシャー·フロウ·高圧粉砕</span>の与えるダメージ+40%、継続時間5秒。",
            "icon_url": "images/characters/cryo_4_claymore_Freminet/talent_5.png",
            "詳細": [
                {
                    "条件": "並流式冷却装置",
                    "対象": "元素スキルダメージ.ランク0の高圧粉砕ダメージ",
                    "種類": "与えるダメージ",
                    "数値": 40
                },
                {
                    "条件": "並流式冷却装置",
                    "対象": "元素スキルダメージ.ランク1の高圧粉砕ダメージ",
                    "種類": "与えるダメージ",
                    "数値": 40
                },
                {
                    "条件": "並流式冷却装置",
                    "対象": "元素スキルダメージ.ランク2の高圧粉砕ダメージ",
                    "種類": "与えるダメージ",
                    "数値": 40
                },
                {
                    "条件": "並流式冷却装置",
                    "対象": "元素スキルダメージ.ランク3の高圧粉砕ダメージ",
                    "種類": "与えるダメージ",
                    "数値": 40
                },
                {
                    "条件": "並流式冷却装置",
                    "対象": "元素スキルダメージ.ランク4の高圧粉砕ダメージ",
                    "種類": "与えるダメージ",
                    "数値": 40
                }
            ]
        },
        {
            "名前": "深海ナビゲート",
            "説明": "チーム内の自身キャラクター全員の水中スタミナ消費-35%。<br>同じ効果を持つ固有天賦との重ね掛け不可。",
            "icon_url": "images/characters/cryo_4_claymore_Freminet/talent_6.png",
            "詳細": []
        }
    ],
    "命ノ星座": {
        "1": {
            "名前": "深海と泡沫の夢",
            "説明": "<span style=\"color: #FFD780\">プレッシャー·フロウ·高圧粉砕</span>の会心率+15%。",
            "icon_url": "images/characters/cryo_4_claymore_Freminet/summaryList_1.png",
            "詳細": [
                {
                    "対象": "元素スキルダメージ.ランク0の高圧粉砕ダメージ",
                    "種類": "会心率",
                    "数値": 15
                },
                {
                    "対象": "元素スキルダメージ.ランク1の高圧粉砕ダメージ",
                    "種類": "会心率",
                    "数値": 15
                },
                {
                    "対象": "元素スキルダメージ.ランク2の高圧粉砕ダメージ",
                    "種類": "会心率",
                    "数値": 15
                },
                {
                    "対象": "元素スキルダメージ.ランク3の高圧粉砕ダメージ",
                    "種類": "会心率",
                    "数値": 15
                },
                {
                    "対象": "元素スキルダメージ.ランク4の高圧粉砕ダメージ",
                    "種類": "会心率",
                    "数値": 15
                }
            ]
        },
        "2": {
            "名前": "ペンギンと豊穣の国",
            "説明": "<span style=\"color: #FFD780\">プレッシャー·フロウ·高圧粉砕</span>を発動すると、フレミネの元素エネルギーが2ポイント回復する。ランク4の高圧粉砕を発動すると、元素エネルギーの回復量が3ポイントに変わる。",
            "icon_url": "images/characters/cryo_4_claymore_Freminet/summaryList_2.png",
            "詳細": []
        },
        "3": {
            "名前": "潜流と白い砂の歌",
            "説明": "<span style=\"color: #FFD780\">通常攻撃·潜流の剣</span>のスキルLv.+3。<br>最大Lv.15まで。",
            "icon_url": "images/characters/cryo_4_claymore_Freminet/summaryList_3.png",
            "詳細": []
        },
        "4": {
            "名前": "雪の月とあし笛の舞",
            "説明": "フレミネが敵に凍結、氷砕き、超伝導反応を起こした後、攻撃力+9%、継続時間6秒、最大2重まで。この効果は0.3秒毎に1回のみ発動可能。",
            "icon_url": "images/characters/cryo_4_claymore_Freminet/summaryList_4.png",
            "詳細": [
                {
                    "条件": "雪の月とあし笛の舞@第1-2重",
                    "種類": "攻撃力%",
                    "数値": 9
                }
            ]
        },
        "5": {
            "名前": "暖炉と談笑の夜",
            "説明": "<span style=\"color: #FFD780\">プレッシャー·フロウ</span>のスキルLv.+3。<br>最大Lv.15まで。",
            "icon_url": "images/characters/cryo_4_claymore_Freminet/summaryList_5.png",
            "詳細": []
        },
        "6": {
            "名前": "目覚めと決意の刻",
            "説明": "フレミネが敵に凍結、氷砕き、超伝導反応を起こした後、会心ダメージ+12%、継続時間6秒、最大3重まで。この効果は0.3秒毎に1回のみ発動可能。",
            "icon_url": "images/characters/cryo_4_claymore_Freminet/summaryList_6.png",
            "詳細": [
                {
                    "条件": "目覚めと決意の刻@第1-3重",
                    "種類": "会心ダメージ",
                    "数値": 12
                }
            ]
        }
    },
    "おすすめセット": [
        {
            "武器": "狼の末路",
            "聖遺物メイン効果3": "5_攻撃力%",
            "聖遺物メイン効果4": "5_氷元素ダメージバフ",
            "聖遺物メイン効果5": "5_会心ダメージ",
            "聖遺物セット効果1": "氷風を彷徨う勇士",
            "聖遺物セット効果2": "氷風を彷徨う勇士",
            "聖遺物優先するサブ効果1": "会心率",
            "聖遺物優先するサブ効果2": "会心ダメージ",
            "聖遺物優先するサブ効果3": "攻撃力%"
        },
        {
            "武器": "松韻の響く頃",
            "聖遺物メイン効果3": "5_攻撃力%",
            "聖遺物メイン効果4": "5_物理ダメージバフ",
            "聖遺物メイン効果5": "5_会心率",
            "聖遺物セット効果1": "蒼白の炎",
            "聖遺物セット効果2": "蒼白の炎",
            "聖遺物優先するサブ効果1": "会心ダメージ",
            "聖遺物優先するサブ効果2": "会心率",
            "聖遺物優先するサブ効果3": "攻撃力%"
        }
    ]
}