{
    "名前": "レイラ",
    "説明": "理論占星学を専攻するルタワヒスト学院の学生。時々夢遊状態になる。寝不足が長期にわたり続いており、睡眠障害に悩まされている。",
    "icon_url": "images/characters/face/cryo_4_sword_Layla.png",
    "レアリティ": 4,
    "武器": "片手剣",
    "元素": "氷",
    "baseInfo": {
        "名称": "レイラ",
        "誕生日": "12月19日",
        "命ノ星座": "夜鶯座",
        "称号": "綺思と夜星",
        "神の目": "氷",
        "所属": "ルタワヒスト学院",
        "中国語 CV": "侯小菲",
        "英語 CV": "Ashely Biski",
        "日本語 CV": "富田美憂",
        "韓国語 CV": "강새봄",
        "オリジナル料理": "安眠へのデザイア",
        "実装バージョン": "3.2"
    },
    "region": "スメール",
    "ステータス": {
        "基礎HP": {
            "1+": 930,
            "20": 2389,
            "20+": 3084,
            "40": 4619,
            "40+": 5113,
            "50": 5881,
            "50+": 6540,
            "60": 7308,
            "60+": 7801,
            "70": 8569,
            "70+": 9062,
            "80": 9831,
            "80+": 10324,
            "90": 11092
        },
        "基礎攻撃力": {
            "1+": 18,
            "20": 47,
            "20+": 60,
            "40": 90,
            "40+": 100,
            "50": 115,
            "50+": 128,
            "60": 143,
            "60+": 153,
            "70": 168,
            "70+": 177,
            "80": 192,
            "80+": 202,
            "90": 217
        },
        "基礎防御力": {
            "1+": 55,
            "20": 141,
            "20+": 182,
            "40": 273,
            "40+": 302,
            "50": 347,
            "50+": 386,
            "60": 432,
            "60+": 461,
            "70": 506,
            "70+": 535,
            "80": 581,
            "80+": 610,
            "90": 655
        },
        "HP%": {
            "1+": 0.0,
            "20": 0.0,
            "20+": 0.0,
            "40": 0.0,
            "40+": 6.0,
            "50": 6.0,
            "50+": 12.0,
            "60": 12.0,
            "60+": 12.0,
            "70": 12.0,
            "70+": 18.0,
            "80": 18.0,
            "80+": 24.0,
            "90": 24.0
        }
    },
    "通常攻撃": {
        "名前": "通常攻撃·煌めく軌跡の剣",
        "説明": "<span style=\"color: #FFD780\">通常攻擊</span><br>剣による最大3段の連続攻撃を行う。<br><br><span style=\"color: #FFD780\">重撃</span><br>一定のスタミナを消費し、前方に斬撃を2回放つ。<br><br><span style=\"color: #FFD780\">落下攻擊</span><br>空中から落下し地面に衝撃を与える。経路上の敵を攻撃し、落下時に範囲ダメージを与える。",
        "icon_url": "images/characters/cryo_4_sword_Layla/talent_1.png",
        "詳細": [
            {
                "名前": "1段ダメージ",
                "数値": {
                    "1": "51.2%",
                    "2": "55.4%",
                    "3": "59.6%",
                    "4": "65.5%",
                    "5": "69.7%",
                    "6": "74.4%",
                    "7": "81.0%",
                    "8": "87.5%",
                    "9": "94.1%",
                    "10": "101.2%"
                }
            },
            {
                "名前": "2段ダメージ",
                "数値": {
                    "1": "48.5%",
                    "2": "52.4%",
                    "3": "56.4%",
                    "4": "62.0%",
                    "5": "66.0%",
                    "6": "70.5%",
                    "7": "76.7%",
                    "8": "82.9%",
                    "9": "89.1%",
                    "10": "95.8%"
                }
            },
            {
                "名前": "3段ダメージ",
                "数値": {
                    "1": "73.0%",
                    "2": "78.9%",
                    "3": "84.9%",
                    "4": "93.3%",
                    "5": "99.3%",
                    "6": "106.1%",
                    "7": "115.4%",
                    "8": "124.7%",
                    "9": "134.1%",
                    "10": "144.3%"
                }
            }
        ]
    },
    "重撃": {
        "詳細": [
            {
                "名前": "重撃ダメージ",
                "数値": {
                    "1": "47.7%+52.5%",
                    "2": "51.6%+56.8%",
                    "3": "55.5%+61.1%",
                    "4": "61.1%+67.2%",
                    "5": "64.9%+71.5%",
                    "6": "69.4%+76.4%",
                    "7": "75.5%+83.1%",
                    "8": "81.6%+89.8%",
                    "9": "87.7%+96.5%",
                    "10": "94.4%+103.9%"
                },
                "HIT数": 2
            }
        ]
    },
    "落下攻撃": {
        "詳細": [
            {
                "名前": "落下期間のダメージ",
                "種類": "落下攻撃ダメージ",
                "数値": {
                    "1": "63.9%",
                    "2": "69.1%",
                    "3": "74.3%",
                    "4": "81.8%",
                    "5": "87.0%",
                    "6": "92.9%",
                    "7": "101.1%",
                    "8": "109.3%",
                    "9": "117.5%",
                    "10": "126.4%",
                    "11": "135.3%"
                }
            },
            {
                "名前": "低空/高空落下攻撃ダメージ",
                "種類": "落下攻撃ダメージ",
                "数値": {
                    "1": "128%",
                    "2": "138%",
                    "3": "149%",
                    "4": "164%",
                    "5": "174%",
                    "6": "186%",
                    "7": "202%",
                    "8": "219%",
                    "9": "235%",
                    "10": "253%",
                    "11": "271%"
                }
            },
            {
                "名前": "低空/高空落下攻撃ダメージ",
                "種類": "落下攻撃ダメージ",
                "数値": {
                    "1": "160%",
                    "2": "173%",
                    "3": "186%",
                    "4": "204%",
                    "5": "217%",
                    "6": "232%",
                    "7": "253%",
                    "8": "273%",
                    "9": "293%",
                    "10": "316%",
                    "11": "338%"
                }
            }
        ]
    },
    "元素スキル": {
        "名前": "垂裳凛然の夜",
        "説明": "安眠天幕シールドを展開し、<span style=\"color: rgb(153, 255, 255)\">氷元素範囲ダメージ</span>を与える。<br>安眠天幕シールドのダメージ吸収量はレイラのHP上限によって決まり、<span style=\"color: rgb(153, 255, 255)\">氷元素ダメージ</span>に対しては250%の吸収効果を持つ。またシールド生成時、レイラに短時間の<span style=\"color: rgb(153, 255, 255)\">氷元素付着</span>を与える。<br><br><span style=\"color: rgb(255, 215, 128)\">夜星と飛星</span><br>安眠天幕シールドは継続している間、1.5秒ごとにシールドに寄り添う夜星を1つ生成する。このシールド状態のキャラクターが元素スキルを発動すると夜星が2つ生成され、0.3秒ごとにこの方法で夜星を最大1回生成できる。また、同時に存在できる夜星の上限は4つとなる。<br>安眠天幕シールドの夜星が4つになり、かつ近くに敵がいる場合、夜星は自動索敵する飛星に変わって順次発射され、命中した敵に<span style=\"color: rgb(153, 255, 255)\">氷元素ダメージ</span>を与える。<br>安眠天幕シールドの継続時間が終了、またはシールドが破壊された時、夜星は共に消える。夜星がすでに飛星に変わって発射を開始していた場合、飛星はそのラウンドの発射が終了するまで存在し続ける。<br><br>1ラウンドの飛星が全部発射されるまで、新しい夜星は生成されない。<br><br><em>「あたしとこの子は見ず知らずの熟練職人同士のように、同じ座布団に座って、同じ夢の花を刺繍している。」</em>",
        "icon_url": "images/characters/cryo_4_sword_Layla/talent_2.png",
        "詳細": [
            {
                "名前": "スキルダメージ",
                "数値": {
                    "1": "12.8%",
                    "2": "13.8%",
                    "3": "14.7%",
                    "4": "16.0%",
                    "5": "17.0%",
                    "6": "17.9%",
                    "7": "19.2%",
                    "8": "20.5%",
                    "9": "21.8%",
                    "10": "23.0%",
                    "11": "25.6%",
                    "12": "27.2%",
                    "13": "27.2%"
                }
            },
            {
                "名前": "飛星ダメージ",
                "数値": {
                    "1": "14.7%",
                    "2": "15.8%",
                    "3": "16.9%",
                    "4": "18.4%",
                    "5": "19.5%",
                    "6": "20.6%",
                    "7": "22.1%",
                    "8": "23.6%",
                    "9": "25.0%",
                    "10": "26.5%",
                    "11": "29.4%",
                    "12": "31.3%",
                    "13": "31.3%"
                }
            },
            {
                "名前": "シールド基礎吸収量",
                "種類": "シールド",
                "数値": {
                    "1": "10.8%HP上限+1040",
                    "2": "11.6%HP上限+1144",
                    "3": "12.4%HP上限+1257",
                    "4": "13.5%HP上限+1378",
                    "5": "14.3%HP上限+1508",
                    "6": "15.1%HP上限+1646",
                    "7": "16.2%HP上限+1794",
                    "8": "17.3%HP上限+1950",
                    "9": "18.4%HP上限+2114",
                    "10": "19.4%HP上限+2288",
                    "11": "21.6%HP上限+2660",
                    "12": "23%HP上限+2860",
                    "13": "23%HP上限+2860"
                }
            }
        ],
        "継続時間": 12,
        "クールタイム": 12
    },
    "元素爆発": {
        "名前": "星流揺籠の夢",
        "説明": "眠りを誘う夢の天球を放ち、領域内の敵に星光弾を連続発射して、<span style=\"color: rgb(153, 255, 255)\">氷元素ダメージ</span>を与える。<br>星光弾が命中すると、近くの安眠天幕シールドに夜星を1つ生成させる。各安眠天幕シールドはこの方法を通して、0.5秒ごとに最大1つの夜星を獲得できる。<br><br><em>「眠れ、眠れ。たくさんの星の軌跡が君の夢の中にあり、たくさんの運命が君のまどろんだ目の前に現れることを、あたしは知っている。」</em>",
        "icon_url": "images/characters/cryo_4_sword_Layla/talent_3.png",
        "詳細": [
            {
                "名前": "星光弾ダメージ",
                "数値": {
                    "1": "4.6%HP上限",
                    "2": "5%HP上限",
                    "3": "5.3%HP上限",
                    "4": "5.8%HP上限",
                    "5": "6.2%HP上限",
                    "6": "6.5%HP上限",
                    "7": "7%HP上限",
                    "8": "7.4%HP上限",
                    "9": "7.9%HP上限",
                    "10": "8.4%HP上限",
                    "11": "9.3%HP上限",
                    "12": "9.9%HP上限",
                    "13": "9.9%HP上限"
                }
            }
        ],
        "継続時間": 12,
        "クールタイム": 12,
        "元素エネルギー": 40
    },
    "固有天賦": [
        {
            "名前": "降って湧いた光のように",
            "説明": "<span style=\"color: #FFD780\">安眠天幕シールド</span>が存在している間、夜星を1つ獲得するたびに深眠効果を発動する。<br><br>・安眠天幕シールド状態のキャラクターは、そのシールド強化+6%。<br>・この効果は最大4層まで重ね掛けでき、安眠天幕シールドが消えるまで有効。",
            "icon_url": "images/characters/cryo_4_sword_Layla/talent_4.png",
            "詳細": [
                {
                    "条件": "深眠効果@1-4重",
                    "種類": "シールド強化",
                    "数値": 6
                }
            ]
        },
        {
            "名前": "熟睡妨害禁止！",
            "説明": "<span style=\"color: #FFD780\">垂裳凛然の夜</span>が発射した飛星によるダメージ量が、レイラのHP上限の1.5%分アップする。",
            "icon_url": "images/characters/cryo_4_sword_Layla/talent_5.png",
            "詳細": [
                {
                    "種類": "元素スキルダメージアップ",
                    "対象": "元素スキルダメージ.飛星ダメージ",
                    "数値": "1.5%HP上限"
                }
            ]
        },
        {
            "名前": "重なる影の夢兆",
            "説明": "キャラクター天賦素材を合成する時、10%の確率でアイテムを2倍獲得する。",
            "icon_url": "images/characters/cryo_4_sword_Layla/talent_6.png",
            "詳細": []
        }
    ],
    "命ノ星座": {
        "1": {
            "名前": "果てなき夢の領士",
            "説明": "<span style=\"color: #FFD780\">垂裳凛然の夜</span>の安眠天幕シールドのダメージ吸収量+20%。<br>また、垂裳凛然の夜を発動する際、安眠天幕シールド状態ではない周囲のチーム全員にダメージを吸収するシールドを生成する。ダメージ吸収量は安眠天幕シールドの35%分、継続時間12秒、<span style=\"color: #99FFFF\">氷元素ダメージ</span>に対しては250%の吸収効果を持つ。",
            "icon_url": "images/characters/cryo_4_sword_Layla/summaryList_1.png",
            "詳細": [
                {
                    "対象": "シールド.シールド基礎吸収量",
                    "種類": "別枠乗算",
                    "数値": "120"
                }
            ]
        },
        "2": {
            "名前": "便りと共に還る星影",
            "説明": "<span style=\"color: #FFD780\">垂裳凛然の夜</span>が発射した飛星が敵に命中すると、レイラの元素エネルギーを1ポイント回復させる。<br>この方法を通して、各飛星はレイラの元素エネルギーを最大で1回のみ回復できる。",
            "icon_url": "images/characters/cryo_4_sword_Layla/summaryList_2.png",
            "詳細": []
        },
        "3": {
            "名前": "秘密を見せる長夜",
            "説明": "<span style=\"color: #FFD780\">垂裳凛然の夜</span>のスキルLv.+3。<br>最大Lv.15まで。",
            "icon_url": "images/characters/cryo_4_sword_Layla/summaryList_3.png",
            "詳細": []
        },
        "4": {
            "名前": "啓示を照らす星芒",
            "説明": "<span style=\"color: #FFD780\">垂裳凛然の夜</span>が1ラウンドの飛星を発射し始める時、周囲のチーム全員に「啓明」効果を付与し、通常攻撃と重撃によるダメージをレイラのHP上限の5%分アップする。<br>「啓明」効果は最大で3秒間継続でき、通常攻撃や重撃ダメージを与えた0.05秒後に解除される。",
            "icon_url": "images/characters/cryo_4_sword_Layla/summaryList_4.png",
            "詳細": [
                {
                    "条件": "啓示を照らす星芒",
                    "種類": "通常攻撃ダメージアップ",
                    "数値": "5%HP上限"
                },
                {
                    "条件": "啓示を照らす星芒",
                    "種類": "重撃ダメージアップ",
                    "数値": "5%HP上限"
                }
            ]
        },
        "5": {
            "名前": "浮流の時に夢みるように",
            "説明": "<span style=\"color: #FFD780\">星流揺籠の夢</span>のスキルLv.+3。<br>最大Lv.15まで。",
            "icon_url": "images/characters/cryo_4_sword_Layla/summaryList_5.png",
            "詳細": []
        },
        "6": {
            "名前": "夜彩は輝く灯火のように",
            "説明": "<span style=\"color: #FFD780\">垂裳凛然の夜</span>の飛星によるダメージ+40%、<span style=\"color: #FFD780\">星流揺籠の夢</span>の星光弾によるダメージ+40%。<br>また、垂裳凛然の夜による夜星の生成間隔が20%短縮する。",
            "icon_url": "images/characters/cryo_4_sword_Layla/summaryList_6.png",
            "詳細": [
                {
                    "種類": "元素スキルダメージバフ",
                    "対象": "元素スキルダメージ.飛星ダメージ",
                    "数値": 40
                },
                {
                    "種類": "元素爆発ダメージバフ",
                    "対象": "元素爆発ダメージ.星光弾ダメージ",
                    "数値": 40
                }
            ]
        }
    },
    "おすすめセット": [
        {
            "武器": "聖顕の鍵",
            "聖遺物メイン効果3": "5_HP%",
            "聖遺物メイン効果4": "5_HP%",
            "聖遺物メイン効果5": "5_HP%",
            "聖遺物セット効果1": "千岩牢固",
            "聖遺物セット効果2": "千岩牢固",
            "聖遺物優先するサブ効果1": "元素チャージ効率",
            "聖遺物優先するサブ効果2": "HP%"
        },
        {
            "武器": "磐岩結緑",
            "聖遺物メイン効果3": "5_HP%",
            "聖遺物メイン効果4": "5_氷元素ダメージバフ",
            "聖遺物メイン効果5": "5_会心ダメージ",
            "聖遺物セット効果1": "氷風を彷徨う勇士",
            "聖遺物セット効果2": "氷風を彷徨う勇士",
            "聖遺物優先するサブ効果1": "会心ダメージ",
            "聖遺物優先するサブ効果2": "会心率",
            "聖遺物優先するサブ効果3": "HP%"
        },
        {
            "武器": "西風剣",
            "聖遺物メイン効果3": "5_HP%",
            "聖遺物メイン効果4": "5_HP%",
            "聖遺物メイン効果5": "5_会心率",
            "聖遺物セット効果1": "氷風を彷徨う勇士",
            "聖遺物セット効果2": "氷風を彷徨う勇士",
            "聖遺物優先するサブ効果1": "HP%",
            "聖遺物優先するサブ効果2": "会心率",
            "聖遺物優先するサブ効果3": "会心ダメージ"
        },
        {
            "武器": "腐植の剣",
            "聖遺物メイン効果3": "5_HP%",
            "聖遺物メイン効果4": "5_HP%",
            "聖遺物メイン効果5": "5_HP%",
            "聖遺物セット効果1": "旧貴族のしつけ",
            "聖遺物セット効果2": "旧貴族のしつけ",
            "聖遺物優先するサブ効果1": "会心率",
            "聖遺物優先するサブ効果2": "会心ダメージ",
            "聖遺物優先するサブ効果3": "HP%"
        },
        {
            "武器": "黎明の神剣",
            "聖遺物メイン効果3": "5_HP%",
            "聖遺物メイン効果4": "5_HP%",
            "聖遺物メイン効果5": "5_HP%",
            "聖遺物セット効果1": "千岩牢固",
            "聖遺物セット効果2": "千岩牢固",
            "聖遺物優先するサブ効果1": "元素チャージ効率",
            "聖遺物優先するサブ効果2": "HP%",
            "聖遺物優先するサブ効果3": "会心率"
        }
    ],
    "チームバフ": [
        {
            "条件": "第4重 啓示を照らす星芒",
            "種類": "通常攻撃ダメージアップ",
            "数値": "5%HP上限"
        },
        {
            "条件": "第4重 啓示を照らす星芒",
            "種類": "重撃ダメージアップ",
            "数値": "5%HP上限"
        }
    ],
    "NEXT STEP": "元素スキル.飛星ダメージ"
}