{
    "名前": "神里綾香",
    "レアリティ": 5,
    "武器": "片手剣",
    "元素": "氷",
    "ステータス": {
        "基礎HP": {
            "80": 11345,
            "80+": 11954,
            "90": 12858
        },
        "基礎攻撃力": {
            "80": 302,
            "80+": 318,
            "90": 342
        },
        "基礎防御力": {
            "80": 692,
            "80+": 729,
            "90": 784
        },
        "会心ダメージ": {
            "80": 28.8,
            "80+": 38.4,
            "90": 38.4
        }
    },
    "固有変数": {
        "神里流・霜滅 斬撃HIT数": 0
    },
    "オプション初期値": {
        "神里流・霜滅 斬撃HIT数": 10
    },
    "通常攻撃": {
        "名前": "通常攻撃・神里流・傾き",
        "説明": "剣による最大5段の連続攻撃を行う。",
        "詳細": [
            {
                "名前": "1段ダメージ",
                "数値": {
                    "1": "45.73%",
                    "2": "49.45%",
                    "3": "53.17%",
                    "4": "58.49%",
                    "5": "62.21%",
                    "6": "66.46%",
                    "7": "72.31%",
                    "8": "78.16%",
                    "9": "84.01%",
                    "10": "90.39%",
                    "11": "96.77%"
                }
            },
            {
                "名前": "2段ダメージ",
                "数値": {
                    "1": "48.68%",
                    "2": "52.65%",
                    "3": "56.61%",
                    "4": "62.27%",
                    "5": "66.23%",
                    "6": "70.76%",
                    "7": "76.99%",
                    "8": "83.22%",
                    "9": "89.44%",
                    "10": "96.24%",
                    "11": "103.03%"
                }
            },
            {
                "名前": "3段ダメージ",
                "数値": {
                    "1": "62.62%",
                    "2": "67.72%",
                    "3": "72.82%",
                    "4": "80.1%",
                    "5": "85.19%",
                    "6": "91.02%",
                    "7": "99.03%",
                    "8": "107.04%",
                    "9": "115.05%",
                    "10": "123.79%",
                    "11": "132.53%"
                }
            },
            {
                "名前": "4段ダメージ",
                "数値": {
                    "1": "22.65%*3",
                    "2": "24.49%*3",
                    "3": "26.33%*3",
                    "4": "28.97%*3",
                    "5": "30.81%*3",
                    "6": "32.92%*3",
                    "7": "35.81%*3",
                    "8": "38.71%*3",
                    "9": "41.61%*3",
                    "10": "44.77%*3",
                    "11": "47.93%*3"
                },
                "HIT数": 3
            },
            {
                "名前": "5段ダメージ",
                "数値": {
                    "1": "78.18%",
                    "2": "84.55%",
                    "3": "90.91%",
                    "4": "100.0%",
                    "5": "106.36%",
                    "6": "113.64%",
                    "7": "123.64%",
                    "8": "133.64%",
                    "9": "143.64%",
                    "10": "154.55%",
                    "11": "165.45%"
                }
            }
        ]
    },
    "重撃": {
        "説明": "一定のスタミナを消費し、居合で連続した剣風を放つ。",
        "詳細": [
            {
                "名前": "重撃ダメージ",
                "種類": "重撃ダメージ",
                "数値": {
                    "1": "55.13%*3",
                    "2": "59.61%*3",
                    "3": "64.1%*3",
                    "4": "70.51%*3",
                    "5": "75.0%*3",
                    "6": "80.13%*3",
                    "7": "87.18%*3",
                    "8": "94.23%*3",
                    "9": "101.28%*3",
                    "10": "108.97%*3",
                    "11": "116.66%*3"
                },
                "HIT数": 3
            }
        ],
        "重撃スタミナ消費": 20
    },
    "落下攻撃": {
        "説明": "空中から落下し地面に衝撃を与える。経路上の敵を攻撃し、落下時に広範囲ダメージを与える。",
        "詳細": [
            {
                "名前": "落下期間のダメージ",
                "種類": "落下攻撃ダメージ",
                "数値": {
                    "1": "63.93%",
                    "2": "69.14%",
                    "3": "74.34%",
                    "4": "81.77%",
                    "5": "86.98%",
                    "6": "92.93%",
                    "7": "101.1%",
                    "8": "109.28%",
                    "9": "117.46%",
                    "10": "126.38%",
                    "11": "135.3%"
                }
            },
            {
                "名前": "低空落下攻撃ダメージ",
                "種類": "落下攻撃ダメージ",
                "数値": {
                    "1": "127.84%",
                    "2": "138.24%",
                    "3": "148.65%",
                    "4": "163.51%",
                    "5": "173.92%",
                    "6": "185.81%",
                    "7": "202.16%",
                    "8": "218.51%",
                    "9": "234.86%",
                    "10": "252.7%",
                    "11": "270.54%"
                }
            },
            {
                "名前": "高空落下攻撃ダメージ",
                "種類": "落下攻撃ダメージ",
                "数値": {
                    "1": "159.68%",
                    "2": "172.67%",
                    "3": "185.67%",
                    "4": "204.24%",
                    "5": "217.23%",
                    "6": "232.09%",
                    "7": "253.51%",
                    "8": "272.93%",
                    "9": "293.36%",
                    "10": "315.64%",
                    "11": "337.92%"
                }
            }
        ]
    },
    "元素スキル": {
        "名前": "神里流・氷華",
        "説明": [
            "氷の華を咲かせ、周囲の敵をノックバックし、氷元素範囲ダメージを与える。",
            "「晴雲と朧月の夜、霧のような執念を抱え、心は遠くへと旅立った。」"
        ],
        "詳細": [
            {
                "名前": "スキルダメージ",
                "数値": {
                    "1": "239.2%",
                    "2": "257.14%",
                    "3": "275.08%",
                    "4": "299%",
                    "5": "316.94%",
                    "6": "334.88%",
                    "7": "358.8%",
                    "8": "382.72%",
                    "9": "406.64%",
                    "10": "430.56%",
                    "11": "454.48%",
                    "12": "478.4%",
                    "13": "508.3%"
                }
            }
        ],
        "クールタイム": 10
    },
    "元素爆発": {
        "名前": "神里流・霜滅",
        "説明": [
            "艶やか立ち姿で氷霜を集め、持続的に前進する霜見雪関扉を発動する。",
            "**霜見雪関扉**",
            "・鋭い刃のような霜風で敵に斬撃を与え続け、氷元素ダメージを与える。",
            "継続時間終了時に咲き、氷元素範囲ダメージを与える。",
            "「雪が吹き鷺を濡らすと、溜まり積もった思いが霜のようになり、重くなった胸の底が悼みに駆られます。」"
        ],
        "詳細": [
            {
                "名前": "斬撃ダメージ",
                "数値": {
                    "1": "112.3%",
                    "2": "120.72%",
                    "3": "129.15%",
                    "4": "140.38%",
                    "5": "148.8%",
                    "6": "157.22%",
                    "7": "168.45%",
                    "8": "179.68%",
                    "9": "190.91%",
                    "10": "202.14%",
                    "11": "212.14%",
                    "12": "224.6%",
                    "13": "238.64%"
                }
            },
            {
                "名前": "咲きダメージ",
                "数値": {
                    "1": "168.45%",
                    "2": "181.08%",
                    "3": "193.72%",
                    "4": "210.56%",
                    "5": "223.2%",
                    "6": "235.83%",
                    "7": "252.68%",
                    "8": "269.52%",
                    "9": "286.36%",
                    "10": "303.21%",
                    "11": "320.05%",
                    "12": "336.9%",
                    "13": "357.96%"
                }
            },
            {
                "名前": "合計",
                "種類": "他所基準ダメージ",
                "数値": "元素爆発#斬撃ダメージ*神里流・霜滅 斬撃HIT数+元素爆発#咲きダメージ"
            },
            {
                "条件": "命ノ星座@2",
                "名前": "斬撃ダメージ(小)",
                "数値": {
                    "1": "112.3%*0.2",
                    "2": "120.72%*0.2",
                    "3": "129.15%*0.2",
                    "4": "140.38%*0.2",
                    "5": "148.8%*0.2",
                    "6": "157.22%*0.2",
                    "7": "168.45%*0.2",
                    "8": "179.68%*0.2",
                    "9": "190.91%*0.2",
                    "10": "202.14%*0.2",
                    "11": "212.14%*0.2",
                    "12": "224.6%*0.2",
                    "13": "238.64%*0.2"
                }
            },
            {
                "条件": "命ノ星座@2",
                "名前": "咲きダメージ(小)",
                "数値": {
                    "1": "168.45%*0.2",
                    "2": "181.08%*0.2",
                    "3": "193.72%*0.2",
                    "4": "210.56%*0.2",
                    "5": "223.2%*0.2",
                    "6": "235.83%*0.2",
                    "7": "252.68%*0.2",
                    "8": "269.52%*0.2",
                    "9": "286.36%*0.2",
                    "10": "303.21%*0.2",
                    "11": "320.05%*0.2",
                    "12": "336.9%*0.2",
                    "13": "357.96%*0.2"
                }
            },
            {
                "条件": "神里流・霜滅 斬撃HIT数@1-19回",
                "種類": "固有変数"
            }
        ],
        "継続時間": 5,
        "クールタイム": 20,
        "元素エネルギー": 80
    },
    "その他戦闘天賦": [
        {
            "名前": "神里流・霰歩",
            "説明": [
                "ダッシュの代わりに発動する",
                "氷流に隠れて激流となり、スタミナを消費して素早く移動する。霧歩状態の神里綾華は水面上を高速移動できる。",
                "霰歩が終了し、姿を現した時に、下記の効果が発動される。",
                "・氷霜の力を放ち、周囲の敵に氷元素付着を与える。",
                "・氷の力を剣に集中させ、一定時間氷元素付与を獲得する。",
                "「雫が羽を湿らせて一瞬で消えてしまうのに、白鷺は水に踏み入れただけでなぜ怨言を吐くのでしょう？」"
            ],
            "詳細": [
                {
                    "条件": "霰歩終了後(5秒)氷元素付与",
                    "種類": "氷元素付与",
                    "継続時間": 5
                }
            ]
        }
    ],
    "固有天賦": [
        {
            "種類": "固有天賦",
            "名前": "天つ罪・国つ罪の鎮詞",
            "説明": [
                "神里流・氷華を発動した後の6秒間、神里綾華の通常攻撃と重撃のダメージ+30%。"
            ],
            "詳細": [
                {
                    "条件": "神里流・氷華発動後(6秒)通常攻撃と重撃ダメージ+30%",
                    "種類": "通常攻撃ダメージバフ",
                    "数値": 30
                },
                {
                    "条件": "神里流・氷華発動後(6秒)通常攻撃と重撃ダメージ+30%",
                    "種類": "重撃ダメージバフ",
                    "数値": 30
                }
            ]
        },
        {
            "種類": "固有天賦",
            "名前": "寒空の宣命祝詞",
            "説明": [
                "神里流・霰歩終了後に発生する氷が敵に命中すると、神里綾華は下記効果を獲得する。",
                "・スタミナを10ポイント獲得する。",
                "・氷元素ダメージ+18%、継続時間10秒。"
            ],
            "詳細": [
                {
                    "条件": "神里流・霰歩命中後(10秒)氷元素ダメージ+18%",
                    "種類": "氷元素ダメージバフ",
                    "数値": 18
                }
            ]
        },
        {
            "種類": "固有天賦",
            "名前": "鑑査の心得",
            "説明": "武器突破素材を合成する時、10%の確率でアイテムを2倍獲得する。"
        }
    ],
    "命ノ星座": {
        "1": {
            "名前": "霜枯れの墨染櫻",
            "説明": "神里綾華の通常攻撃または重撃が敵に氷元素ダメージを与えた時、50%の確率で神里流・氷華のクールタイム-0.3秒。この効果は0.1秒毎に1回のみ発動可能。"
        },
        "2": {
            "名前": "三重雪関扉",
            "説明": "神里流・霜滅発動時、追加で2つの小さい霜見雪関扉を放ち、それぞれ本来の20%分のダメージを与える。"
        },
        "3": {
            "名前": "花白錦画紙吹雪",
            "説明": [
                "神里流・霜滅のスキルLv+3。",
                "最大Lv.15まで。"
            ]
        },
        "4": {
            "名前": "栄枯盛衰",
            "説明": "神里流・霜滅の霜見雪関扉のダメージを受けた敵の防御力-30%、継続時間6秒。",
            "詳細": [
                {
                    "条件": "神里流・霜滅命中後(6秒)防御力-30%",
                    "種類": "敵防御力",
                    "数値": -30,
                    "継続時間": 6
                }
            ]
        },
        "5": {
            "名前": "花雲鐘入月",
            "説明": [
                "神里流・氷華のスキルLv+3。",
                "最大Lv.15まで。"
            ]
        },
        "6": {
            "名前": "間水月",
            "説明": "10秒毎に、神里綾華は「薄氷の舞」状態を獲得し、重撃ダメージが298%アップする。重撃が敵に命中してから0.5秒後、「薄氷の舞」の効果はクリアされ、クールタイムのカウントが開始される。",
            "詳細": [
                {
                    "条件": "薄氷の舞 重撃ダメージ+298%",
                    "種類": "重撃ダメージバフ",
                    "数値": 298
                }
            ]
        }
    },
    "おすすめセット": [
        {
            "武器": "霧切の廻光",
            "聖遺物メイン効果3": "5_攻撃力%",
            "聖遺物メイン効果4": "5_氷元素ダメージバフ",
            "聖遺物メイン効果5": "5_会心率",
            "聖遺物セット効果1": "氷風を彷徨う勇士",
            "聖遺物セット効果2": "氷風を彷徨う勇士",
            "聖遺物優先するサブ効果1": "会心ダメージ",
            "聖遺物優先するサブ効果2": "会心率",
            "聖遺物優先するサブ効果3": "攻撃力%"
        },
        {
            "武器": "霧切の廻光",
            "聖遺物メイン効果3": "5_攻撃力%",
            "聖遺物メイン効果4": "5_氷元素ダメージバフ",
            "聖遺物メイン効果5": "5_会心率",
            "聖遺物セット効果1": "絶縁の旗印",
            "聖遺物セット効果2": "絶縁の旗印",
            "聖遺物優先するサブ効果1": "会心ダメージ",
            "聖遺物優先するサブ効果2": "会心率",
            "聖遺物優先するサブ効果3": "攻撃力%"
        },
        {
            "武器": "磐岩結緑",
            "聖遺物メイン効果3": "5_攻撃力%",
            "聖遺物メイン効果4": "5_氷元素ダメージバフ",
            "聖遺物メイン効果5": "5_会心ダメージ",
            "聖遺物セット効果1": "氷風を彷徨う勇士",
            "聖遺物セット効果2": "氷風を彷徨う勇士",
            "聖遺物優先するサブ効果1": "会心ダメージ",
            "聖遺物優先するサブ効果2": "攻撃力%",
            "聖遺物優先するサブ効果3": "会心率"
        },
        {
            "武器": "磐岩結緑",
            "聖遺物メイン効果3": "5_攻撃力%",
            "聖遺物メイン効果4": "5_氷元素ダメージバフ",
            "聖遺物メイン効果5": "5_会心率",
            "聖遺物セット効果1": "絶縁の旗印",
            "聖遺物セット効果2": "絶縁の旗印",
            "聖遺物優先するサブ効果1": "会心ダメージ",
            "聖遺物優先するサブ効果2": "攻撃力%",
            "聖遺物優先するサブ効果3": "会心率"
        },
        {
            "武器": "斬山の刃",
            "聖遺物メイン効果3": "5_攻撃力%",
            "聖遺物メイン効果4": "5_氷元素ダメージバフ",
            "聖遺物メイン効果5": "5_会心率",
            "聖遺物セット効果1": "氷風を彷徨う勇士",
            "聖遺物セット効果2": "氷風を彷徨う勇士",
            "聖遺物優先するサブ効果1": "会心ダメージ",
            "聖遺物優先するサブ効果2": "会心率",
            "聖遺物優先するサブ効果3": "攻撃力%"
        },
        {
            "武器": "斬山の刃",
            "聖遺物メイン効果3": "5_攻撃力%",
            "聖遺物メイン効果4": "5_氷元素ダメージバフ",
            "聖遺物メイン効果5": "5_会心率",
            "聖遺物セット効果1": "絶縁の旗印",
            "聖遺物セット効果2": "絶縁の旗印",
            "聖遺物優先するサブ効果1": "会心ダメージ",
            "聖遺物優先するサブ効果2": "会心率",
            "聖遺物優先するサブ効果3": "攻撃力%"
        },
        {
            "武器": "天目影打",
            "聖遺物メイン効果3": "5_攻撃力%",
            "聖遺物メイン効果4": "5_氷元素ダメージバフ",
            "聖遺物メイン効果5": "5_会心率",
            "聖遺物セット効果1": "氷風を彷徨う勇士",
            "聖遺物セット効果2": "氷風を彷徨う勇士",
            "聖遺物優先するサブ効果1": "会心ダメージ",
            "聖遺物優先するサブ効果2": "会心率",
            "聖遺物優先するサブ効果3": "攻撃力%"
        },
        {
            "武器": "天目影打",
            "聖遺物メイン効果3": "5_攻撃力%",
            "聖遺物メイン効果4": "5_氷元素ダメージバフ",
            "聖遺物メイン効果5": "5_会心率",
            "聖遺物セット効果1": "絶縁の旗印",
            "聖遺物セット効果2": "絶縁の旗印",
            "聖遺物優先するサブ効果1": "会心ダメージ",
            "聖遺物優先するサブ効果2": "会心率",
            "聖遺物優先するサブ効果3": "攻撃力%"
        },
        {
            "武器": "黒岩の長剣",
            "聖遺物メイン効果3": "5_攻撃力%",
            "聖遺物メイン効果4": "5_氷元素ダメージバフ",
            "聖遺物メイン効果5": "5_会心率",
            "聖遺物セット効果1": "氷風を彷徨う勇士",
            "聖遺物セット効果2": "氷風を彷徨う勇士",
            "聖遺物優先するサブ効果1": "会心ダメージ",
            "聖遺物優先するサブ効果2": "会心率",
            "聖遺物優先するサブ効果3": "攻撃力%"
        },
        {
            "武器": "黒岩の長剣",
            "聖遺物メイン効果3": "5_攻撃力%",
            "聖遺物メイン効果4": "5_氷元素ダメージバフ",
            "聖遺物メイン効果5": "5_会心率",
            "聖遺物セット効果1": "絶縁の旗印",
            "聖遺物セット効果2": "絶縁の旗印",
            "聖遺物優先するサブ効果1": "会心ダメージ",
            "聖遺物優先するサブ効果2": "会心率",
            "聖遺物優先するサブ効果3": "攻撃力%"
        }
    ]
}