{
    "名前": "申鶴",
    "レアリティ": 5,
    "武器": "長柄武器",
    "元素": "氷",
    "ステータス": {
        "基礎HP": {
            "80": 11463,
            "80+": 12080,
            "90": 12993
        },
        "基礎攻撃力": {
            "80": 268,
            "80+": 283,
            "90": 304
        },
        "基礎防御力": {
            "80": 732,
            "80+": 772,
            "90": 830
        },
        "攻撃力%": {
            "80": 21.6,
            "80+": 28.8,
            "90": 28.8
        }
    },
    "オプション初期値": {
        "仰霊威召将役呪長押し後(15秒)通常攻撃、重撃、落下攻撃ダメージ+15%": false
    },
    "通常攻撃": {
        "名前": "通常攻撃・踏辰摂斗",
        "説明": "槍による最大5段の連続攻撃を行う。",
        "詳細": [
            {
                "名前": "1段ダメージ",
                "数値": {
                    "1": "43.26%",
                    "2": "46.78%",
                    "3": "50.3%",
                    "4": "55.33%",
                    "5": "58.85%",
                    "6": "62.88%",
                    "7": "68.41%",
                    "8": "73.94%",
                    "9": "79.47%",
                    "10": "85.51%",
                    "11": "91.55%"
                }
            },
            {
                "名前": "2段ダメージ",
                "数値": {
                    "1": "40.25%",
                    "2": "43.52%",
                    "3": "46.8%",
                    "4": "51.48%",
                    "5": "54.76%",
                    "6": "58.5%",
                    "7": "63.65%",
                    "8": "68.8%",
                    "9": "73.94%",
                    "10": "79.56%",
                    "11": "85.18%"
                }
            },
            {
                "名前": "3段ダメージ",
                "数値": {
                    "1": "53.32%",
                    "2": "57.66%",
                    "3": "62%",
                    "4": "68.2%",
                    "5": "72.54%",
                    "6": "77.5%",
                    "7": "84.32%",
                    "8": "91.14%",
                    "9": "97.96%",
                    "10": "105.4%",
                    "11": "112.84%"
                }
            },
            {
                "名前": "4段ダメージ",
                "数値": {
                    "1": "26.32%+26.32%",
                    "2": "28.46%+28.46%",
                    "3": "30.6%+30.6%",
                    "4": "33.66%+33.66%",
                    "5": "35.8%+35.8%",
                    "6": "38.25%+38.25%",
                    "7": "41.62%+41.62%",
                    "8": "44.98%+44.98%",
                    "9": "48.35%+48.35%",
                    "10": "52.02%+52.02%",
                    "11": "55.69%+55.69%"
                },
                "HIT数": 2
            },
            {
                "名前": "5段ダメージ",
                "数値": {
                    "1": "65.62%",
                    "2": "70.96%",
                    "3": "76.3%",
                    "4": "83.93%",
                    "5": "89.27%",
                    "6": "95.38%",
                    "7": "103.77%",
                    "8": "112.16%",
                    "9": "120.55%",
                    "10": "129.71%",
                    "11": "138.87%"
                }
            }
        ]
    },
    "重撃": {
        "説明": "一定のスタミナを消費して前方に突進し、経路上の敵にダメージを与える。",
        "詳細": [
            {
                "名前": "重撃ダメージ",
                "数値": {
                    "1": "110.67%",
                    "2": "119.68%",
                    "3": "128.69%",
                    "4": "141.56%",
                    "5": "150.57%",
                    "6": "160.86%",
                    "7": "175.02%",
                    "8": "189.17%",
                    "9": "203.33%",
                    "10": "218.77%",
                    "11": "234.22%"
                }
            }
        ]
    },
    "落下攻撃": {
        "説明": "空中から落下し地面に衝撃を与える。経路上の敵を攻撃し、落下時に範囲ダメージを与える。",
        "詳細": [
            {
                "名前": "落下期間のダメージ",
                "種類": "落下攻撃ダメージ",
                "数値": {
                    "1": "63.93%",
                    "2": "69.14%",
                    "3": "74.34%",
                    "4": "81.77%",
                    "5": "86.98%",
                    "6": "92.93%",
                    "7": "101.1%",
                    "8": "109.28%",
                    "9": "117.46%",
                    "10": "126.38%",
                    "11": "135.3%"
                }
            },
            {
                "名前": "低空落下攻撃ダメージ",
                "種類": "落下攻撃ダメージ",
                "数値": {
                    "1": "127.84%",
                    "2": "138.24%",
                    "3": "148.65%",
                    "4": "163.51%",
                    "5": "173.92%",
                    "6": "185.81%",
                    "7": "202.16%",
                    "8": "218.51%",
                    "9": "234.86%",
                    "10": "252.7%",
                    "11": "270.54%"
                }
            },
            {
                "名前": "高空落下攻撃ダメージ",
                "種類": "落下攻撃ダメージ",
                "数値": {
                    "1": "159.68%",
                    "2": "172.67%",
                    "3": "185.67%",
                    "4": "204.24%",
                    "5": "217.23%",
                    "6": "232.09%",
                    "7": "253.51%",
                    "8": "272.93%",
                    "9": "293.36%",
                    "10": "315.64%",
                    "11": "337.92%"
                }
            }
        ]
    },
    "元素スキル": {
        "名前": "仰霊威召将役呪",
        "説明": [
            "銀の霜露を凝集させ、すべての妖魔を一掃する。",
            "周囲のチーム全員に「氷翎」効果を付与する。また一回押しと長押しによって、攻撃方法の異なる氷元素ダメージを与える。",
            "**一回押し**",
            "「籙霊」と共に前方へ突進し、経路上の敵に氷元素ダメージを与える。",
            "**長押し**",
            "「籙霊」に律令を下し、氷元素範囲ダメージを与える。",
            "**氷翎**",
            "通常攻撃、重撃、落下攻撃、元素スキル、元素爆発が氷元素ダメージを与える時、申鶴自身の攻撃力を基準にダメージがアップする。",
            "「氷翎」効果は継続時間の終了、または規定回数の発動後に消失する。長押しで「氷翎」効果を付与した場合、発動回数が増え、継続時間がより長くなる。",
            "一回の氷元素ダメージが複数の敵に命中した場合は、その敵の数に応じて発動回数が消費される。「氷翎」の発動回数は、付与されたキャラクターごとに計算される。",
            "*「霊力に偽りなし。令を背負いて、神女は馳せる。」*"
        ],
        "詳細": [
            {
                "名前": "一回押しスキルダメージ",
                "数値": {
                    "1": "139%",
                    "2": "150%",
                    "3": "160%",
                    "4": "174%",
                    "5": "184%",
                    "6": "195%",
                    "7": "209%",
                    "8": "223%",
                    "9": "237%",
                    "10": "251%",
                    "11": "264%",
                    "12": "278%",
                    "13": "296%"
                }
            },
            {
                "名前": "長押しスキルダメージ",
                "数値": {
                    "1": "188.8%",
                    "2": "203.0%",
                    "3": "217.1%",
                    "4": "236.0%",
                    "5": "250%",
                    "6": "264.3%",
                    "7": "283.2%",
                    "8": "302.1%",
                    "9": "321.0%",
                    "10": "339.8%",
                    "11": "358.7%",
                    "12": "377.6%",
                    "13": "401.2%"
                }
            },
            {
                "条件": "氷翎",
                "種類": "氷元素ダメージアップ",
                "数値": {
                    "1": "45.7%攻撃力",
                    "2": "49.1%攻撃力",
                    "3": "52.5%攻撃力",
                    "4": "57.1%攻撃力",
                    "5": "60.5%攻撃力",
                    "6": "63.9%攻撃力",
                    "7": "68.5%攻撃力",
                    "8": "73.1%攻撃力",
                    "9": "77.6%攻撃力",
                    "10": "82.2%攻撃力",
                    "11": "86.8%攻撃力",
                    "12": "91.3%攻撃力",
                    "13": "97.0%攻撃力"
                }
            },
            {
                "名前": "ダメージアップ",
                "種類": "表示",
                "数値": {
                    "1": "45.7%攻撃力",
                    "2": "49.1%攻撃力",
                    "3": "52.5%攻撃力",
                    "4": "57.1%攻撃力",
                    "5": "60.5%攻撃力",
                    "6": "63.9%攻撃力",
                    "7": "68.5%攻撃力",
                    "8": "73.1%攻撃力",
                    "9": "77.6%攻撃力",
                    "10": "82.2%攻撃力",
                    "11": "86.8%攻撃力",
                    "12": "91.3%攻撃力",
                    "13": "97.0%攻撃力"
                }
            }
        ],
        "クールタイム": "一回押し10.0秒/長押し15.0秒",
        "継続時間": "一回押し10.0秒/長押し15.0秒"
    },
    "元素爆発": {
        "名前": "神女遣霊真訣",
        "説明": [
            "力を解放した「籙霊」が俗世を駆け、氷元素範囲ダメージを与える。",
            "「籙霊」は領域を形成し、中にいるすべての敵の氷元素耐性と物理耐性をダウンさせ、持続的に氷元素ダメージを与える。",
            "「虚構に囚われた者では、仙道は悟れない。天地の変化を観察し、因果の法則を理解してこそ、初めてその本質を理解できる。」"
        ],
        "詳細": [
            {
                "名前": "スキルダメージ",
                "数値": {
                    "1": "101%",
                    "2": "108%",
                    "3": "116%",
                    "4": "126%",
                    "5": "134%",
                    "6": "141%",
                    "7": "151%",
                    "8": "161%",
                    "9": "171%",
                    "10": "181%",
                    "11": "192%",
                    "12": "202%",
                    "13": "214%"
                }
            },
            {
                "条件": "神女遣霊真訣領域内",
                "種類": "敵氷元素耐性",
                "数値": {
                    "1": -6,
                    "2": -7,
                    "3": -8,
                    "4": -9,
                    "5": -10,
                    "6": -11,
                    "7": -12,
                    "8": -13,
                    "9": -14,
                    "10": -15,
                    "11": -15,
                    "12": -15,
                    "13": -15
                }
            },
            {
                "条件": "神女遣霊真訣領域内",
                "種類": "敵物理耐性",
                "数値": {
                    "1": -6,
                    "2": -7,
                    "3": -8,
                    "4": -9,
                    "5": -10,
                    "6": -11,
                    "7": -12,
                    "8": -13,
                    "9": -14,
                    "10": -15,
                    "11": -15,
                    "12": -15,
                    "13": -15
                }
            },
            {
                "名前": "継続ダメージ",
                "数値": {
                    "1": "33.1%",
                    "2": "35.6%",
                    "3": "38.1%",
                    "4": "41.4%",
                    "5": "43.9%",
                    "6": "46.4%",
                    "7": "49.7%",
                    "8": "53.0%",
                    "9": "56.3%",
                    "10": "59.6%",
                    "11": "62.9%",
                    "12": "66.2%",
                    "13": "70.4%"
                }
            }
        ],
        "継続時間": 12,
        "クールタイム": 20,
        "元素エネルギー": 80
    },
    "固有天賦": [
        {
            "種類": "固有天賦",
            "名前": "大洞弥羅尊法",
            "説明": [
                "神女遣霊真訣の領域にいるフィールドキャラクターの氷元素ダメージ+15%"
            ],
            "詳細": [
                {
                    "条件": "神女遣霊真訣領域内",
                    "種類": "氷元素ダメージバフ",
                    "数値": 15
                }
            ]
        },
        {
            "種類": "固有天賦",
            "名前": "縛霊通真法印",
            "説明": [
                "申鶴が仰霊威召将役呪を発動すると、周囲チーム全員に下記効果を与える。",
                "・一回押しの場合、元素スキルおよび元素爆発ダメージ+15%、持続時間10秒。",
                "・長押しの場合、通常攻撃、重撃、落下攻撃ダメージ+15%、継続時間15秒。"
            ],
            "詳細": [
                {
                    "条件": "仰霊威召将役呪一回押し後(10秒)元素スキルおよび元素爆発ダメージ+15%",
                    "種類": "元素スキルダメージバフ",
                    "数値": 15
                },
                {
                    "条件": "仰霊威召将役呪一回押し後(10秒)元素スキルおよび元素爆発ダメージ+15%",
                    "種類": "元素爆発ダメージバフ",
                    "数値": 15
                },
                {
                    "条件": "仰霊威召将役呪長押し後(15秒)通常攻撃、重撃、落下攻撃ダメージ+15%",
                    "種類": "通常攻撃ダメージバフ",
                    "数値": 15
                },
                {
                    "条件": "仰霊威召将役呪長押し後(15秒)通常攻撃、重撃、落下攻撃ダメージ+15%",
                    "種類": "重撃ダメージバフ",
                    "数値": 15
                },
                {
                    "条件": "仰霊威召将役呪長押し後(15秒)通常攻撃、重撃、落下攻撃ダメージ+15%",
                    "種類": "落下攻撃ダメージバフ",
                    "数値": 15
                }
            ]
        },
        {
            "種類": "固有天賦",
            "名前": "往来通暁",
            "説明": "璃月で20時間かかる探索任務を完了した時、獲得する報酬+25%。"
        }
    ],
    "命ノ星座": {
        "1": {
            "名前": "心斎",
            "説明": [
                "仰霊威召将役呪の使用回数+1"
            ]
        },
        "2": {
            "名前": "定蒙",
            "説明": [
                "神女遣霊真訣の継続時間+6秒。領域内フィールドキャラクターが与える氷元素ダメージの会心ダメージ+15%。"
            ],
            "詳細": [
                {
                    "条件": "神女遣霊真訣領域内",
                    "対象": "氷元素ダメージ",
                    "種類": "会心ダメージ",
                    "数値": 15
                }
            ]
        },
        "3": {
            "名前": "潜虚",
            "説明": [
                "仰霊威召将役呪のスキルLv.+3。",
                "最大Lv.15まで。"
            ]
        },
        "4": {
            "名前": "洞観",
            "説明": [
                "申鶴自身によって「氷翎」効果を付与されたキャラクターが、「氷翎」のダメージアップ効果を発動すると、申鶴は「霜霄訣」を一層獲得する。",
                "申鶴が仰霊威召将役呪を発動した時、「霜霄訣」をすべて消費する。消費した層数１につき、その時発動した仰霊威召将役呪のダメージ+5%。この効果は最大50回まで重ね掛け可能、継続時間60秒。"
            ],
            "詳細": [
                {
                    "条件": "霜霄訣@1-50層",
                    "種類": "元素スキルダメージバフ",
                    "数値": 5
                }
            ]
        },
        "5": {
            "名前": "化神",
            "説明": [
                "神女遣霊真訣のスキルLv.+3。",
                "最大Lv.15まで。"
            ]
        },
        "6": {
            "名前": "忘玄",
            "説明": [
                "キャラクターが通常攻撃および重撃で「氷翎」効果を発動した時、「氷翎」の発動回数が消費されなくなる。"
            ]
        }
    },
    "おすすめセット": [
        {
            "武器": "息災",
            "聖遺物メイン効果3": "5_攻撃力%",
            "聖遺物メイン効果4": "5_攻撃力%",
            "聖遺物メイン効果5": "5_攻撃力%",
            "聖遺物セット効果1": "剣闘士のフィナーレ",
            "聖遺物セット効果2": "追憶のしめ縄",
            "聖遺物優先するサブ効果1": "元素チャージ効率",
            "聖遺物優先するサブ効果2": "会心率",
            "聖遺物優先するサブ効果3": "会心ダメージ"
        },
        {
            "武器": "千岩長槍",
            "聖遺物メイン効果3": "5_攻撃力%",
            "聖遺物メイン効果4": "5_攻撃力%",
            "聖遺物メイン効果5": "5_攻撃力%",
            "聖遺物セット効果1": "剣闘士のフィナーレ",
            "聖遺物セット効果2": "追憶のしめ縄",
            "聖遺物優先するサブ効果1": "元素チャージ効率",
            "聖遺物優先するサブ効果2": "会心率",
            "聖遺物優先するサブ効果3": "会心ダメージ"
        },
        {
            "武器": "西風長槍",
            "聖遺物メイン効果3": "5_攻撃力%",
            "聖遺物メイン効果4": "5_攻撃力%",
            "聖遺物メイン効果5": "5_会心率",
            "聖遺物セット効果1": "剣闘士のフィナーレ",
            "聖遺物セット効果2": "追憶のしめ縄",
            "聖遺物優先するサブ効果1": "元素チャージ効率",
            "聖遺物優先するサブ効果2": "会心率",
            "聖遺物優先するサブ効果3": "攻撃力%"
        }
    ]
}