{
    "名前": "ガイア",
    "説明": "異国の顔を持つ剣士、西風騎士団の頭脳派である。",
    "icon_url": "images/characters/face/cryo_4_sword_Kaeya.png",
    "レアリティ": 4,
    "武器": "片手剣",
    "元素": "氷",
    "baseInfo": {
        "名前": "ガイア",
        "誕生日": "11月30日",
        "命ノ星座": "孔雀羽座",
        "称号": "寒風の剣士",
        "神の目": "氷",
        "所属": "西風騎士団",
        "中国語 CV": "孙晔",
        "英語 CV": "Josey Montana McCoy",
        "日本語 CV": "鳥海浩輔",
        "韓国語 CV": "정주원",
        "オリジナル料理": "フルーティーな串焼き",
        "実装バージョン": "1.0",
        "七聖召喚のカード": "$[{\"ep_id\":3175,\"icon\":\"https://upload-static.hoyoverse.com/hoyolab-wiki/2022/12/01/194600931/a4641f3c8a186e2948662aa255638a9c_5809583609174930384.png\",\"amount\":0,\"name\":\"ガイア\",\"menuId\":\"17\"}]$"
    },
    "region": "モンド城",
    "ステータス": {
        "基礎HP": {
            "1+": 976,
            "20": 2506,
            "20+": 3235,
            "40": 4846,
            "40+": 5364,
            "50": 6170,
            "50+": 6860,
            "60": 7666,
            "60+": 8184.0,
            "70": 8989,
            "70+": 9507,
            "80": 10312,
            "80+": 10830,
            "90": 11636
        },
        "基礎攻撃力": {
            "1+": 19,
            "20": 48,
            "20+": 62,
            "40": 93,
            "40+": 103,
            "50": 118,
            "50+": 131,
            "60": 147,
            "60+": 157,
            "70": 172,
            "70+": 182,
            "80": 198,
            "80+": 208,
            "90": 223
        },
        "基礎防御力": {
            "1+": 66,
            "20": 171,
            "20+": 220,
            "40": 330,
            "40+": 365,
            "50": 420,
            "50+": 467,
            "60": 522,
            "60+": 557,
            "70": 612,
            "70+": 647,
            "80": 702,
            "80+": 737,
            "90": 792
        },
        "元素チャージ効率": {
            "1+": 0,
            "20": 0,
            "20+": 0,
            "40": 0,
            "40+": 6.7,
            "50": 6.7,
            "50+": 13.3,
            "60": 13.3,
            "60+": 13.3,
            "70": 13.3,
            "70+": 20,
            "80": 20,
            "80+": 26.7,
            "90": 26.7
        }
    },
    "通常攻撃": {
        "名前": "通常攻撃·儀典の剣術",
        "説明": "<span style=\"color:#FFD780FF\">通常攻撃</span><br/>剣による最大5段の連続攻撃を行う。<br/><br/><span style=\"color:#FFD780FF\">重撃</span><br/>一定のスタミナを消費し、前方に斬撃を2回放つ。<br/><br/><span style=\"color:#FFD780FF\">落下攻撃</span><br/>空中から落下し地面に衝撃を与える。経路上の敵を攻撃し、落下時に範囲ダメージを与える。",
        "詳細": [
            {
                "名前": "1段ダメージ",
                "数値": {
                    "1": "53.7%",
                    "2": "58.1%",
                    "3": "62.5%",
                    "4": "68.8%",
                    "5": "73.1%",
                    "6": "78.1%",
                    "7": "85.0%",
                    "8": "91.9%",
                    "9": "98.7%",
                    "10": "106.2%",
                    "11": "114.8%"
                }
            },
            {
                "名前": "2段ダメージ",
                "数値": {
                    "1": "51.7%",
                    "2": "55.9%",
                    "3": "60.1%",
                    "4": "66.1%",
                    "5": "70.3%",
                    "6": "75.1%",
                    "7": "81.7%",
                    "8": "88.3%",
                    "9": "95.0%",
                    "10": "102.2%",
                    "11": "110.4%"
                }
            },
            {
                "名前": "3段ダメージ",
                "数値": {
                    "1": "65.3%",
                    "2": "70.6%",
                    "3": "75.9%",
                    "4": "83.5%",
                    "5": "88.8%",
                    "6": "94.9%",
                    "7": "103%",
                    "8": "112%",
                    "9": "119.9%",
                    "10": "129%",
                    "11": "139.5%"
                }
            },
            {
                "名前": "4段ダメージ",
                "数値": {
                    "1": "70.9%",
                    "2": "76.6%",
                    "3": "82.4%",
                    "4": "90.6%",
                    "5": "96.4%",
                    "6": "103%",
                    "7": "112%",
                    "8": "121%",
                    "9": "130.2%",
                    "10": "140%",
                    "11": "151.4%"
                }
            },
            {
                "名前": "5段ダメージ",
                "数値": {
                    "1": "88.2%",
                    "2": "95.4%",
                    "3": "103%",
                    "4": "113%",
                    "5": "120%",
                    "6": "128%",
                    "7": "140%",
                    "8": "151%",
                    "9": "162.1%",
                    "10": "174.4%",
                    "11": "188.5%"
                }
            }
        ],
        "icon_url": "images/characters/cryo_4_sword_Kaeya/talent_1.png"
    },
    "重撃": {
        "説明": [
            "一定のスタミナを消費し、前方に2回斬撃する。"
        ],
        "詳細": [
            {
                "名前": "重撃ダメージ",
                "数値": {
                    "1": "55.0%+73.1%",
                    "2": "59.5%+79.1%",
                    "3": "64.0%+85.0%",
                    "4": "70.4%+93.5%",
                    "5": "74.9%+99.5%",
                    "6": "80.0%+106%",
                    "7": "87.0%+116%",
                    "8": "94.1%+125%",
                    "9": "101.1%+134.3%",
                    "10": "108.8%+144.5%",
                    "11": "117.6%+156.2%"
                },
                "HIT数": 2
            }
        ]
    },
    "落下攻撃": {
        "説明": "空中から落下し地面に衝撃を与える。経路上の敵を攻撃し、落下時に範囲ダメージを与える。",
        "詳細": [
            {
                "名前": "落下期間のダメージ",
                "種類": "落下攻撃ダメージ",
                "数値": {
                    "1": "63.9%",
                    "2": "69.1%",
                    "3": "74.3%",
                    "4": "81.8%",
                    "5": "87.0%",
                    "6": "92.9%",
                    "7": "101.1%",
                    "8": "109.3%",
                    "9": "117.5%",
                    "10": "126.4%",
                    "11": "135.3%"
                }
            },
            {
                "名前": "低空/高空落下攻撃ダメージ",
                "種類": "落下攻撃ダメージ",
                "数値": {
                    "1": "128%",
                    "2": "138%",
                    "3": "149%",
                    "4": "164%",
                    "5": "174%",
                    "6": "186%",
                    "7": "202%",
                    "8": "219%",
                    "9": "235%",
                    "10": "253%",
                    "11": "271%"
                }
            },
            {
                "名前": "低空/高空落下攻撃ダメージ",
                "種類": "落下攻撃ダメージ",
                "数値": {
                    "1": "160%",
                    "2": "173%",
                    "3": "186%",
                    "4": "204%",
                    "5": "217%",
                    "6": "232%",
                    "7": "253%",
                    "8": "273%",
                    "9": "293%",
                    "10": "316%",
                    "11": "338%"
                }
            }
        ]
    },
    "元素スキル": {
        "名前": "霜の襲撃",
        "説明": "急速に凍結する寒気を放ち、前方の敵に<span style=\"color:#99FFFFFF\">氷元素ダメージ</span>を与える。<br/><br/><i>優しくて親切なガイアだが、本当は誰にも溶かすことができない固い氷である。</i>",
        "詳細": [
            {
                "名前": "スキルダメージ",
                "数値": {
                    "1": "191%",
                    "2": "206%",
                    "3": "220%",
                    "4": "239%",
                    "5": "253%",
                    "6": "268%",
                    "7": "287%",
                    "8": "306%",
                    "9": "325%",
                    "10": "344%",
                    "11": "363%",
                    "12": "382%",
                    "13": "406%"
                }
            }
        ],
        "クールタイム": 6,
        "icon_url": "images/characters/cryo_4_sword_Kaeya/talent_2.png"
    },
    "元素爆発": {
        "名前": "凛冽なる輪舞",
        "説明": "空気中の霜を凝集させ、自身を囲む氷柱を3本召喚する。<br/>スキル継続中、氷柱はキャラクターと共に動き、経路上の敵に<span style=\"color:#99FFFFFF\">氷元素ダメージ</span>を与える。<br/><br/><i>親切な笑顔と優しい言葉、そしてその二つに隠された無情の氷霜、それらは全てガイアの武器である。</i>",
        "詳細": [
            {
                "名前": "スキルダメージ",
                "数値": {
                    "1": "77.6%",
                    "2": "83.4%",
                    "3": "89.2%",
                    "4": "97%",
                    "5": "103%",
                    "6": "109%",
                    "7": "116%",
                    "8": "124%",
                    "9": "132%",
                    "10": "140%",
                    "11": "147%",
                    "12": "155%",
                    "13": "164.9%"
                }
            }
        ],
        "継続時間": 8,
        "クールタイム": 15,
        "元素エネルギー": 60,
        "icon_url": "images/characters/cryo_4_sword_Kaeya/talent_3.png"
    },
    "固有天賦": [
        {
            "名前": "冷血の剣",
            "種類": "固有天賦",
            "説明": "<span style=\"color:#FFD780FF\">霜の襲撃</span>が敵1体に命中する度、攻撃力15%分のHPを回復する。",
            "icon_url": "images/characters/cryo_4_sword_Kaeya/talent_4.png"
        },
        {
            "名前": "氷淵の心",
            "種類": "固有天賦",
            "説明": "<span style=\"color:#FFD780FF\">霜の襲撃</span>が敵を<span style=\"color:#99FFFFFF\">凍結</span>状態にした場合、凍結された敵から追加の元素粒子が落ちる。<br/>1回の霜襲は2つの元素粒子が追加で発生する。",
            "icon_url": "images/characters/cryo_4_sword_Kaeya/talent_5.png"
        },
        {
            "名前": "秘められた実力",
            "種類": "固有天賦",
            "説明": "チーム内の自身のキャラクター全員がダッシュに消費するスタミナ-20%。<br/>同じ効果を持つ固有天賦との重ね掛け不可。",
            "icon_url": "images/characters/cryo_4_sword_Kaeya/talent_6.png"
        }
    ],
    "命ノ星座": {
        "1": {
            "名前": "優れた血筋",
            "説明": "<span style=\"color:#99FFFFFF\">氷元素</span>の影響を受けた敵に対して、ガイアの通常攻撃と重撃の会心率+15%。",
            "詳細": [
                {
                    "条件": "優れた血筋 通常攻撃と重撃の会心率+15%",
                    "対象": "通常攻撃ダメージ",
                    "種類": "会心率",
                    "数値": 15
                },
                {
                    "条件": "優れた血筋 通常攻撃と重撃の会心率+15%",
                    "対象": "重撃ダメージ",
                    "種類": "会心率",
                    "数値": 15
                }
            ],
            "icon_url": "images/characters/cryo_4_sword_Kaeya/summaryList_1.png"
        },
        "2": {
            "名前": "無尽なる霜舞",
            "説明": "<span style=\"color:#FFD780FF\">凛冽なる輪舞</span>継続中に敵を撃破した時、継続時間+2.5秒。最大15秒まで。",
            "icon_url": "images/characters/cryo_4_sword_Kaeya/summaryList_2.png",
            "詳細": []
        },
        "3": {
            "名前": "凛冽なる戯れ",
            "説明": "<span style=\"color:#FFD780FF\">霜の襲撃</span>のスキルLv.+3。<br/>最大Lv.15まで。",
            "icon_url": "images/characters/cryo_4_sword_Kaeya/summaryList_3.png",
            "詳細": []
        },
        "4": {
            "名前": "極寒の口付け",
            "説明": "ガイアのHPが20%未満の時、下記の効果が発動される。<br/>ダメージ吸収量がHP上限の30%に値するシールドを生成する。持続時間20秒。<br/>このシールドは<span style=\"color:#99FFFFFF\">氷元素ダメージ</span>に対して250%の吸収効果がある。<br/>この効果は60秒毎に1回のみ発動可能。",
            "詳細": [
                {
                    "条件": "極寒の口付け",
                    "名前": "極寒の口付け 吸収量",
                    "種類": "シールド",
                    "数値": "30%HP上限",
                    "元素": "氷"
                }
            ],
            "icon_url": "images/characters/cryo_4_sword_Kaeya/summaryList_4.png"
        },
        "5": {
            "名前": "冷たい抱擁",
            "説明": "<span style=\"color:#FFD780FF\">凛冽なる輪舞</span>のスキルLv.+3。<br/>最大Lv.15まで。",
            "icon_url": "images/characters/cryo_4_sword_Kaeya/summaryList_5.png",
            "詳細": []
        },
        "6": {
            "名前": "輪旋の氷",
            "説明": "<span style=\"color:#FFD780FF\">凛冽なる輪舞</span>の氷柱が1本追加され、発動時に元素エネルギーが15回復する。",
            "icon_url": "images/characters/cryo_4_sword_Kaeya/summaryList_6.png",
            "詳細": []
        }
    },
    "おすすめセット": [
        {
            "武器": "磐岩結緑",
            "聖遺物メイン効果3": "5_攻撃力%",
            "聖遺物メイン効果4": "5_氷元素ダメージバフ",
            "聖遺物メイン効果5": "5_会心ダメージ",
            "聖遺物セット効果1": "氷風を彷徨う勇士",
            "聖遺物セット効果2": "氷風を彷徨う勇士",
            "聖遺物優先するサブ効果1": "会心ダメージ",
            "聖遺物優先するサブ効果2": "会心率",
            "聖遺物優先するサブ効果3": "攻撃力%"
        },
        {
            "武器": "黒剣",
            "聖遺物メイン効果3": "5_攻撃力%",
            "聖遺物メイン効果4": "5_氷元素ダメージバフ",
            "聖遺物メイン効果5": "5_会心ダメージ",
            "聖遺物セット効果1": "氷風を彷徨う勇士",
            "聖遺物セット効果2": "氷風を彷徨う勇士",
            "聖遺物優先するサブ効果1": "会心ダメージ",
            "聖遺物優先するサブ効果2": "会心率",
            "聖遺物優先するサブ効果3": "攻撃力%"
        },
        {
            "武器": "斬岩·試作",
            "聖遺物メイン効果3": "5_攻撃力%",
            "聖遺物メイン効果4": "5_物理ダメージバフ",
            "聖遺物メイン効果5": "5_会心率",
            "聖遺物セット効果1": "氷風を彷徨う勇士",
            "聖遺物セット効果2": "氷風を彷徨う勇士",
            "聖遺物優先するサブ効果1": "会心ダメージ",
            "聖遺物優先するサブ効果2": "会心率",
            "聖遺物優先するサブ効果3": "攻撃力%"
        },
        {
            "武器": "天目影打",
            "聖遺物メイン効果3": "5_攻撃力%",
            "聖遺物メイン効果4": "5_物理ダメージバフ",
            "聖遺物メイン効果5": "5_会心率",
            "聖遺物セット効果1": "氷風を彷徨う勇士",
            "聖遺物セット効果2": "氷風を彷徨う勇士",
            "聖遺物優先するサブ効果1": "会心ダメージ",
            "聖遺物優先するサブ効果2": "会心率",
            "聖遺物優先するサブ効果3": "攻撃力%"
        }
    ]
}