{
    "名前": "甘雨",
    "レアリティ": 5,
    "武器": "弓",
    "元素": "氷",
    "ステータス": {
        "基礎HP": {
            "80": 8643,
            "80+": 9108,
            "90": 9797
        },
        "基礎攻撃力": {
            "80": 295,
            "80+": 311,
            "90": 335
        },
        "基礎防御力": {
            "80": 556,
            "80+": 586,
            "90": 630
        },
        "会心ダメージ": {
            "80": 28.8,
            "80+": 38.4,
            "90": 38.4
        }
    },
    "オプション初期値": {
        "降衆天華エリア内 氷元素ダメージ+20%": false,
        "降衆天華エリア内3秒毎 受けるダメージ": 0
    },
    "通常攻撃": {
        "名前": "通常攻撃・流天射術",
        "説明": "最大6段の連続攻撃を行う。",
        "詳細": [
            {
                "名前": "1段ダメージ",
                "数値": {
                    "1": "31.73%",
                    "2": "34.32%",
                    "3": "36.9%",
                    "4": "40.59%",
                    "5": "43.17%",
                    "6": "46.13%",
                    "7": "50.18%",
                    "8": "54.24%",
                    "9": "58.3%",
                    "10": "62.73%",
                    "11": "67.8%"
                }
            },
            {
                "名前": "2段ダメージ",
                "数値": {
                    "1": "35.6%",
                    "2": "38.5%",
                    "3": "41.4%",
                    "4": "45.54%",
                    "5": "48.44%",
                    "6": "51.75%",
                    "7": "56.3%",
                    "8": "60.86%",
                    "9": "65.41%",
                    "10": "70.38%",
                    "11": "76.07%"
                }
            },
            {
                "名前": "3段ダメージ",
                "数値": {
                    "1": "45.49%",
                    "2": "49.2%",
                    "3": "52.9%",
                    "4": "58.19%",
                    "5": "61.89%",
                    "6": "66.13%",
                    "7": "71.94%",
                    "8": "77.76%",
                    "9": "83.58%",
                    "10": "89.93%",
                    "11": "97.2%"
                }
            },
            {
                "名前": "4段ダメージ",
                "数値": {
                    "1": "45.49%",
                    "2": "49.2%",
                    "3": "52.9%",
                    "4": "58.19%",
                    "5": "61.89%",
                    "6": "66.13%",
                    "7": "71.94%",
                    "8": "77.76%",
                    "9": "83.58%",
                    "10": "89.93%",
                    "11": "97.2%"
                }
            },
            {
                "名前": "5段ダメージ",
                "数値": {
                    "1": "48.25%",
                    "2": "52.17%",
                    "3": "56.1%",
                    "4": "61.71%",
                    "5": "65.64%",
                    "6": "70.13%",
                    "7": "76.3%",
                    "8": "82.47%",
                    "9": "88.64%",
                    "10": "95.37%",
                    "11": "103.08%"
                }
            },
            {
                "名前": "6段ダメージ",
                "数値": {
                    "1": "57.62%",
                    "2": "62.31%",
                    "3": "67.0%",
                    "4": "73.7%",
                    "5": "78.39%",
                    "6": "83.75%",
                    "7": "91.12%",
                    "8": "98.49%",
                    "9": "105.86%",
                    "10": "113.9%",
                    "11": "123.11%"
                }
            }
        ]
    },
    "重撃": {
        "説明": [
            "ダメージがより高く、より精確な狙い撃ちを発動する。",
            "照準時、氷寒の気が矢先に集まり、攻撃と共に発射される。チャージ時間により、異なる効果を発動する。",
            "・1段チャージ：氷寒の気が集まった矢を放ち、氷元素ダメージを与える。",
            "・2段チャージ：霜華の矢を放ち、氷元素ダメージを与える。命中後、霜華満開が発生し、さらに氷元素範囲ダメージを与える。"
        ],
        "詳細": [
            {
                "名前": "狙い撃ち",
                "数値": {
                    "1": "43.86%",
                    "2": "47.43%",
                    "3": "51.0%",
                    "4": "56.1%",
                    "5": "59.67%",
                    "6": "63.75%",
                    "7": "69.36%",
                    "8": "74.97%",
                    "9": "80.58%",
                    "10": "86.7%",
                    "11": "92.82%"
                }
            },
            {
                "名前": "1段チャージ狙い撃ち",
                "元素": "氷",
                "数値": {
                    "1": "124%",
                    "2": "133.3%",
                    "3": "142.6%",
                    "4": "155%",
                    "5": "164.3%",
                    "6": "173.6%",
                    "7": "186%",
                    "8": "198.4%",
                    "9": "210.8%",
                    "10": "223.2%",
                    "11": "235.6%"
                }
            },
            {
                "名前": "霜華の矢の命中ダメージ",
                "元素": "氷",
                "数値": {
                    "1": "128%",
                    "2": "137.6%",
                    "3": "147.2%",
                    "4": "160%",
                    "5": "169.6%",
                    "6": "179.2%",
                    "7": "192%",
                    "8": "204.8%",
                    "9": "217.6%",
                    "10": "230.4%",
                    "11": "243.2%"
                }
            },
            {
                "名前": "霜華の矢・霜華満開ダメージ",
                "元素": "氷",
                "数値": {
                    "1": "217.6%",
                    "2": "233.92%",
                    "3": "250.24%",
                    "4": "272%",
                    "5": "288.32%",
                    "6": "304.64%",
                    "7": "326.4%",
                    "8": "348.16%",
                    "9": "369.92%",
                    "10": "391.68%",
                    "11": "413.44%"
                },
                "適用条件": [
                    {
                        "名前": "[アモスの弓]0.1秒毎 通常攻撃と重撃ダメージ+",
                        "種類": "selectedIndex",
                        "数値": "+3",
                        "説明": [
                            "霜華の矢・霜華満開ダメージはアモスの弓 一心不乱の通常攻撃と重撃ダメージ+を0.3秒分加算する"
                        ]
                    }
                ]
            }
        ]
    },
    "落下攻撃": {
        "説明": "空中から矢の雨を放ち凄まじいスピードで落下し地面に衝撃を与え、落下時に範囲ダメージを与える。",
        "詳細": [
            {
                "名前": "落下期間のダメージ",
                "種類": "落下攻撃ダメージ",
                "数値": {
                    "1": "56.83%",
                    "2": "61.45%",
                    "3": "66.08%",
                    "4": "72.69%",
                    "5": "77.31%",
                    "6": "82.6%",
                    "7": "89.87%",
                    "8": "97.14%",
                    "9": "104.41%",
                    "10": "112.34%",
                    "11": "120.27%"
                }
            },
            {
                "名前": "低空落下攻撃ダメージ",
                "種類": "落下攻撃ダメージ",
                "数値": {
                    "1": "113.63%",
                    "2": "122.88%",
                    "3": "132.13%",
                    "4": "145.35%",
                    "5": "154.59%",
                    "6": "165.17%",
                    "7": "179.7%",
                    "8": "194.23%",
                    "9": "208.77%",
                    "10": "224.62%",
                    "11": "240.48%"
                }
            },
            {
                "名前": "高空落下攻撃ダメージ",
                "種類": "落下攻撃ダメージ",
                "数値": {
                    "1": "141.93%",
                    "2": "153.49%",
                    "3": "165.04%",
                    "4": "181.54%",
                    "5": "193.1%",
                    "6": "206.3%",
                    "7": "224.45%",
                    "8": "242.61%",
                    "9": "260.76%",
                    "10": "280.57%",
                    "11": "300.37%"
                }
            }
        ]
    },
    "元素スキル": {
        "名前": "山沢麟跡",
        "説明": [
            "一度の氷蓮を残して後退し、全ての魑魅魍魎から離れ、氷元素範囲ダメージを与える。",
            "**氷蓮**",
            "・持続的に周囲の敵を挑発し、攻撃を引き付ける。",
            "・耐久度は甘雨のHP上限によって決まる。",
            "・破壊された時または継続時間終了後に激しく開花し、氷元素範囲ダメージを与える。",
            "「私を見かけたと？それは気のせいでしょう。その時間はまだ残業中です。」"
        ],
        "詳細": [
            {
                "名前": "HP継承",
                "種類": "元素創造物HP",
                "数値": {
                    "1": "120%HP上限",
                    "2": "129%HP上限",
                    "3": "138%HP上限",
                    "4": "150%HP上限",
                    "5": "159%HP上限",
                    "6": "168%HP上限",
                    "7": "180%HP上限",
                    "8": "192%HP上限",
                    "9": "204%HP上限",
                    "10": "216%HP上限",
                    "11": "228%HP上限",
                    "12": "240%HP上限",
                    "13": "255%HP上限"
                }
            },
            {
                "名前": "スキルダメージ",
                "数値": {
                    "1": "132%",
                    "2": "141.9%",
                    "3": "151.8%",
                    "4": "165%",
                    "5": "174.9%",
                    "6": "184.8%",
                    "7": "198%",
                    "8": "211.2%",
                    "9": "224.4%",
                    "10": "237.6%",
                    "11": "250.8%",
                    "12": "264%",
                    "13": "280.5%"
                }
            }
        ],
        "継続時間": 6,
        "クールタイム": 10
    },
    "元素爆発": {
        "名前": "降衆天華",
        "説明": [
            "待機中の雪霜を集め、退魔の氷霊珠を召喚する。",
            "氷霊珠が存在している間、持続的に氷柱を降らし、範囲内の敵に氷元素ダメージを与える。",
            "*甘雨は甘い雨を降らすことができる。だが、邪魔者や外道にとってその甘い雨は、寒苦の雨でもある。*"
        ],
        "詳細": [
            {
                "名前": "氷柱ダメージ",
                "数値": {
                    "1": "70.27%",
                    "2": "75.54%",
                    "3": "80.81%",
                    "4": "87.84%",
                    "5": "93.11%",
                    "6": "98.38%",
                    "7": "105.41%",
                    "8": "112.44%",
                    "9": "119.46%",
                    "10": "126.49%",
                    "11": "133.52%",
                    "12": "140.54%",
                    "13": "149.33%"
                }
            }
        ],
        "継続時間": 15,
        "クールタイム": 15,
        "元素エネルギー": 60
    },
    "固有天賦": [
        {
            "種類": "固有天賦",
            "名前": "唯一の心",
            "説明": [
                "霜華の矢を放った後の5秒以内に放たれた霜華の矢と霜華満開の会心率+20%"
            ],
            "詳細": [
                {
                    "条件": "霜華の矢から5秒以内の霜華の矢と霜華満開の会心率+20%",
                    "種類": "会心率",
                    "対象": "重撃ダメージ.霜華の矢の命中ダメージ",
                    "数値": 20
                },
                {
                    "条件": "霜華の矢から5秒以内の霜華の矢と霜華満開の会心率+20%",
                    "種類": "会心率",
                    "対象": "重撃ダメージ.霜華の矢・霜華満開ダメージ",
                    "数値": 20
                }
            ]
        },
        {
            "種類": "固有天賦",
            "名前": "天地安泰",
            "説明": [
                "降衆天華エリア内のキャラクターの氷元素ダメージ+20%"
            ],
            "詳細": [
                {
                    "条件": "降衆天華エリア内 氷元素ダメージ+20%",
                    "種類": "氷元素ダメージバフ",
                    "数値": 20
                }
            ]
        },
        {
            "種類": "固有天賦",
            "名前": "弓蔵待命",
            "説明": "弓を鍛造する時、消費した鉱石の15%が返還される。"
        }
    ],
    "命ノ星座": {
        "1": {
            "名前": "飲露",
            "説明": [
                "二段チャージ重撃の霜華の矢または霜華満開が命中した時、敵の氷元素耐性-15%。継続時間6秒。",
                "命中時に甘雨の元素エネルギーを2回復。二段チャージの重撃による元素エネルギーの回復効果は、1回の重撃で1度のみ発動可能。"
            ],
            "詳細": [
                {
                    "条件": "霜華の矢または霜華満開命中後(6秒)氷元素耐性-15%",
                    "種類": "敵氷元素耐性",
                    "数値": -15,
                    "継続時間": 6
                }
            ]
        },
        "2": {
            "名前": "獲麟",
            "説明": "山沢麟跡の発動回数+1。"
        },
        "3": {
            "名前": "雲行",
            "説明": [
                "降衆天華のスキルLv.+3。",
                "最大Lv.15まで。"
            ]
        },
        "4": {
            "名前": "西狩",
            "説明": [
                "降衆天華エリア内、敵の受けるダメージが増加する。",
                "受けるダメージの増加量は初期が5%、3秒毎に5%上昇し、最大25%まで上昇する。",
                "エリアを出た後、継続時間3秒。"
            ],
            "詳細": [
                {
                    "条件": "降衆天華エリア内3秒毎 受けるダメージ@5-25%",
                    "種類": "与えるダメージ",
                    "数値": 1,
                    "継続時間": 3
                }
            ]
        },
        "5": {
            "名前": "折草",
            "説明": [
                "山沢麟跡のスキルLv.+3。",
                "最大Lv.15まで。"
            ]
        },
        "6": {
            "名前": "履虫",
            "説明": "山沢麟跡を発動すると、30秒以内に放つ最初の霜華の矢が、チャージせずに発動可能になる。"
        }
    },
    "おすすめセット": [
        {
            "武器": "アモスの弓",
            "聖遺物メイン効果3": "5_攻撃力%",
            "聖遺物メイン効果4": "5_氷元素ダメージバフ",
            "聖遺物メイン効果5": "5_会心ダメージ",
            "聖遺物セット効果1": "氷風を彷徨う勇士",
            "聖遺物セット効果2": "氷風を彷徨う勇士",
            "聖遺物優先するサブ効果1": "会心率",
            "聖遺物優先するサブ効果2": "会心ダメージ",
            "聖遺物優先するサブ効果3": "攻撃力%"
        },
        {
            "武器": "破魔の弓",
            "聖遺物メイン効果3": "5_攻撃力%",
            "聖遺物メイン効果4": "5_氷元素ダメージバフ",
            "聖遺物メイン効果5": "5_会心ダメージ",
            "聖遺物セット効果1": "氷風を彷徨う勇士",
            "聖遺物セット効果2": "氷風を彷徨う勇士",
            "聖遺物優先するサブ効果1": "会心率",
            "聖遺物優先するサブ効果2": "会心ダメージ",
            "聖遺物優先するサブ効果3": "攻撃力%"
        },
        {
            "武器": "澹月・試作",
            "聖遺物メイン効果3": "5_攻撃力%",
            "聖遺物メイン効果4": "5_氷元素ダメージバフ",
            "聖遺物メイン効果5": "5_会心ダメージ",
            "聖遺物セット効果1": "氷風を彷徨う勇士",
            "聖遺物セット効果2": "氷風を彷徨う勇士",
            "聖遺物優先するサブ効果1": "会心率",
            "聖遺物優先するサブ効果2": "会心ダメージ",
            "聖遺物優先するサブ効果3": "攻撃力%"
        },
        {
            "武器": "アモスの弓",
            "聖遺物メイン効果3": "5_攻撃力%",
            "聖遺物メイン効果4": "5_氷元素ダメージバフ",
            "聖遺物メイン効果5": "5_会心率",
            "聖遺物セット効果1": "大地を流浪する楽団",
            "聖遺物セット効果2": "大地を流浪する楽団",
            "聖遺物優先するサブ効果1": "会心率",
            "聖遺物優先するサブ効果2": "会心ダメージ",
            "聖遺物優先するサブ効果3": "攻撃力%"
        },
        {
            "武器": "天空の翼",
            "聖遺物メイン効果3": "5_攻撃力%",
            "聖遺物メイン効果4": "5_氷元素ダメージバフ",
            "聖遺物メイン効果5": "5_会心ダメージ",
            "聖遺物セット効果1": "絶縁の旗印",
            "聖遺物セット効果2": "絶縁の旗印",
            "聖遺物優先するサブ効果1": "会心率",
            "聖遺物優先するサブ効果2": "会心ダメージ",
            "聖遺物優先するサブ効果3": "攻撃力%"
        }
    ]
}