{
    "名前": "エウルア",
    "レアリティ": 5,
    "武器": "両手剣",
    "元素": "氷",
    "ステータス": {
        "基礎HP": {
            "80": 11669,
            "80+": 12296,
            "90": 13226
        },
        "基礎攻撃力": {
            "80": 302,
            "80+": 318,
            "90": 342
        },
        "基礎防御力": {
            "80": 662,
            "80+": 698,
            "90": 751
        },
        "会心ダメージ": {
            "80": 28.8,
            "80+": 38.4,
            "90": 38.4
        }
    },
    "固有変数": {
        "光臨の剣のエネルギー": 0
    },
    "オプション初期値": {
        "冷酷な心": 0,
        "光臨の剣のエネルギー": 10,
        "敵のHP50%未満 光臨の剣のダメージ+25%": false
    },
    "通常攻撃": {
        "名前": "通常攻撃・西風剣術・旧貴族",
        "説明": "最大5段の連続攻撃を行う。",
        "詳細": [
            {
                "名前": "1段ダメージ",
                "数値": {
                    "1": "89.73%",
                    "2": "97.04%",
                    "3": "104.34%",
                    "4": "114.77%",
                    "5": "122.08%",
                    "6": "130.43%",
                    "7": "141.9%",
                    "8": "153.48%",
                    "9": "164.86%",
                    "10": "177.38%",
                    "11": "191.72%"
                }
            },
            {
                "名前": "2段ダメージ",
                "数値": {
                    "1": "93.55%",
                    "2": "101.17%",
                    "3": "108.78%",
                    "4": "119.66%",
                    "5": "127.27%",
                    "6": "135.98%",
                    "7": "147.94%",
                    "8": "159.91%",
                    "9": "171.87%",
                    "10": "184.93%",
                    "11": "199.88%"
                }
            },
            {
                "名前": "3段ダメージ",
                "数値": {
                    "1": "56.8%+56.8%",
                    "2": "61.42%+61.42%",
                    "3": "66.05%+66.05%",
                    "4": "72.65%+72.65%",
                    "5": "77.27%+77.27%",
                    "6": "82.56%+82.56%",
                    "7": "89.82%+89.82%",
                    "8": "97.09%+97.09%",
                    "9": "104.35%+104.35%",
                    "10": "112.28%+112.28%",
                    "11": "121.36%+121.36%"
                },
                "HIT数": 2
            },
            {
                "名前": "4段ダメージ",
                "数値": {
                    "1": "112.64%",
                    "2": "121.81%",
                    "3": "130.98%",
                    "4": "144.08%",
                    "5": "153.25%",
                    "6": "163.73%",
                    "7": "178.13%",
                    "8": "192.54%",
                    "9": "206.97%",
                    "10": "222.67%",
                    "11": "240.68%"
                }
            },
            {
                "名前": "5段ダメージ",
                "数値": {
                    "1": "71.83%+71.83%",
                    "2": "77.68%+77.68%",
                    "3": "83.53%+83.53%",
                    "4": "91.88%+91.88%",
                    "5": "97.73%+97.73%",
                    "6": "104.41%+104.41%",
                    "7": "113.6%+113.6%",
                    "8": "122.79%+122.79%",
                    "9": "131.97%+131.97%",
                    "10": "142%+142%",
                    "11": "153.48%+153.48%"
                },
                "HIT数": 2
            }
        ]
    },
    "重撃": {
        "説明": [
            "持続的にスタミナを消費し、素早い連続攻撃を発動する。",
            "重撃が終了した時に、更に強力な攻撃を1回放つ。"
        ],
        "詳細": [
            {
                "名前": "連続重撃ダメージ",
                "数値": {
                    "1": "68.8%",
                    "2": "74.4%",
                    "3": "80%",
                    "4": "88%",
                    "5": "93.6%",
                    "6": "100%",
                    "7": "108.8%",
                    "8": "117.6%",
                    "9": "126.4%",
                    "10": "136%",
                    "11": "147%"
                }
            },
            {
                "名前": "重撃終了ダメージ",
                "数値": {
                    "1": "124.4%",
                    "2": "134.52%",
                    "3": "144.65%",
                    "4": "159.12%",
                    "5": "169.24%",
                    "6": "180.81%",
                    "7": "196.72%",
                    "8": "212.64%",
                    "9": "228.55%",
                    "10": "245.91%",
                    "11": "265.79%"
                }
            }
        ]
    },
    "落下攻撃": {
        "説明": "空中から落下し地面に衝撃を与える。経路上の敵を攻撃し、落下時に範囲ダメージを与える。",
        "詳細": [
            {
                "名前": "落下期間のダメージ",
                "種類": "落下攻撃ダメージ",
                "数値": {
                    "1": "74.59%",
                    "2": "80.66%",
                    "3": "86.73%",
                    "4": "95.4%",
                    "5": "101.47%",
                    "6": "108.41%",
                    "7": "117.95%",
                    "8": "127.49%",
                    "9": "137.03%",
                    "10": "147.44%",
                    "11": "159.37%"
                }
            },
            {
                "名前": "低空落下攻撃ダメージ",
                "種類": "落下攻撃ダメージ",
                "数値": {
                    "1": "149.14%",
                    "2": "161.28%",
                    "3": "173.42%",
                    "4": "190.77%",
                    "5": "202.91%",
                    "6": "216.78%",
                    "7": "235.86%",
                    "8": "254.93%",
                    "9": "274.01%",
                    "10": "294.82%",
                    "11": "318.67%"
                }
            },
            {
                "名前": "高空落下攻撃ダメージ",
                "種類": "落下攻撃ダメージ",
                "数値": {
                    "1": "186.29%",
                    "2": "201.45%",
                    "3": "216.62%",
                    "4": "238.28%",
                    "5": "253.44%",
                    "6": "270.77%",
                    "7": "294.6%",
                    "8": "318.42%",
                    "9": "342.25%",
                    "10": "368.25%",
                    "11": "398.03%"
                }
            }
        ]
    },
    "元素スキル": {
        "名前": "氷潮の渦",
        "説明": [
            "極寒の氷気、素早い剣舞。",
            "**一回押し**",
            "素早く剣を振り、氷元素ダメージを与える。敵に命中すると、エウルアは冷酷な心を1つ獲得する。最大2つまで、0.3秒毎に1回のみ発動可能。",
            "**冷酷な心**",
            "エウルアの防御力と中断耐性をアップさせる。",
            "**長押し**",
            "冷酷な心を全て消費し、大剣を振り前方の敵に氷元素範囲ダメージを与える。",
            "冷酷な心を消費すると、周囲の敵の物理耐性及び氷元素耐性をダウンさせる。",
            "消費した冷酷な心1つにつき氷渦の剣1本に変化し、近くの敵に氷元素ダメージを与える。",
            "「波花はこのように渦を巻き、高貴な冠を飲み込んだ。そして、冷たき波のしぶきに黄金の冠が映る。その一粒一粒が、光り輝いていた。」"
        ],
        "詳細": [
            {
                "名前": "一回押しダメージ",
                "数値": {
                    "1": "146.4%",
                    "2": "157.38%",
                    "3": "168.36%",
                    "4": "183%",
                    "5": "193.98%",
                    "6": "204.96%",
                    "7": "219.6%",
                    "8": "234.24%",
                    "9": "248.88%",
                    "10": "263.52%",
                    "11": "278.16%",
                    "12": "292.8%",
                    "13": "311.1%"
                }
            },
            {
                "名前": "長押しダメージ",
                "数値": {
                    "1": "245.6%",
                    "2": "264.02%",
                    "3": "282.44%",
                    "4": "307%",
                    "5": "325.42%",
                    "6": "343.84%",
                    "7": "368.4%",
                    "8": "392.96%",
                    "9": "417.52%",
                    "10": "442.08%",
                    "11": "466.64%",
                    "12": "491.2%",
                    "13": "521.9%"
                }
            },
            {
                "名前": "氷渦の剣ダメージ",
                "数値": {
                    "1": "96%",
                    "2": "103.2%",
                    "3": "110.4%",
                    "4": "120%",
                    "5": "127.2%",
                    "6": "134.4%",
                    "7": "144%",
                    "8": "153.6%",
                    "9": "163.2%",
                    "10": "172.8%",
                    "11": "182.4%",
                    "12": "192%",
                    "13": "204%"
                }
            },
            {
                "条件": "冷酷な心消費後(7秒)物理と氷元素耐性ダウン",
                "種類": "敵物理耐性",
                "数値": {
                    "1": -16,
                    "2": -17,
                    "3": -18,
                    "4": -19,
                    "5": -20,
                    "6": -21,
                    "7": -22,
                    "8": -23,
                    "9": -24,
                    "10": -25,
                    "11": -25,
                    "12": -25,
                    "13": -25
                }
            },
            {
                "条件": "冷酷な心消費後(7秒)物理と氷元素耐性ダウン",
                "種類": "敵氷元素耐性",
                "数値": {
                    "1": -16,
                    "2": -17,
                    "3": -18,
                    "4": -19,
                    "5": -20,
                    "6": -21,
                    "7": -22,
                    "8": -23,
                    "9": -24,
                    "10": -25,
                    "11": -25,
                    "12": -25,
                    "13": -25
                }
            },
            {
                "名前": "光臨の剣の欠片",
                "元素": "物理",
                "数値": {
                    "1": "367.05%*0.5",
                    "2": "396.92%*0.5",
                    "3": "426.8%*0.5",
                    "4": "469.48%*0.5",
                    "5": "499.36%*0.5",
                    "6": "533.5%*0.5",
                    "7": "580.45%*0.5",
                    "8": "627.4%*0.5",
                    "9": "674.34%*0.5",
                    "10": "725.56%*0.5",
                    "11": "784.25%*0.5",
                    "12": "853.26%*0.5",
                    "13": "922.27%*0.5"
                },
                "ダメージバフ": "元素爆発ダメージバフ"
            },
            {
                "条件": "冷酷な心@1-2",
                "種類": "防御力%",
                "数値": 30
            }
        ]
    },
    "元素爆発": {
        "名前": "氷浪の光剣",
        "説明": [
            "大剣を力強く振り、周囲の敵に氷元素ダメージを与え、7秒間自身に付き従う光臨の剣を創造する。",
            "光臨の剣の継続時間中、エウルアは中断耐性がアップする。",
            "また、通常攻撃、元素スキルまたは元素爆発が敵にダメージを与えた時光臨の剣にエネルギーが蓄積される。",
            "エネルギーは0.1秒につき、1つのみ溜めることが可能。",
            "継続時間終了後、光臨の剣は爆発し周囲の敵に物理ダメージを与える。",
            "このダメージは光臨の剣に蓄積されたエネルギー量によって決まる。",
            "エウルアが退場した時、光臨の剣は直ちに爆発する。",
            "*落ちぶれるのは簡単なこと。それでもなお、彼女はこの潮流を凍結させ、止めようとする。*"
        ],
        "詳細": [
            {
                "名前": "スキルダメージ",
                "数値": {
                    "1": "245.6%",
                    "2": "264.02%",
                    "3": "282.44%",
                    "4": "307%",
                    "5": "325.42%",
                    "6": "343.84%",
                    "7": "368.4%",
                    "8": "392.96%",
                    "9": "417.52%",
                    "10": "442.08%",
                    "11": "466.64%",
                    "12": "491.2%",
                    "13": "521.9%"
                }
            },
            {
                "名前": "光臨の剣",
                "元素": "物理",
                "数値": {
                    "1": "367.05%",
                    "2": "396.92%",
                    "3": "426.8%",
                    "4": "469.48%",
                    "5": "499.36%",
                    "6": "533.5%",
                    "7": "580.45%",
                    "8": "627.4%",
                    "9": "674.34%",
                    "10": "725.56%",
                    "11": "784.25%",
                    "12": "853.26%",
                    "13": "922.27%"
                }
            },
            {
                "条件": "光臨の剣のエネルギー@1-30重",
                "対象": "元素爆発ダメージ.光臨の剣",
                "種類": "元素爆発ダメージアップ",
                "元素": "物理",
                "数値": {
                    "1": "74.99%攻撃力",
                    "2": "81.1%攻撃力",
                    "3": "87.2%攻撃力",
                    "4": "95.92%攻撃力",
                    "5": "102.02%攻撃力",
                    "6": "109.0%攻撃力",
                    "7": "118.59%攻撃力",
                    "8": "128.18%攻撃力",
                    "9": "137.78%攻撃力",
                    "10": "148.24%攻撃力",
                    "11": "160.23%攻撃力",
                    "12": "174.33%攻撃力",
                    "13": "188.43%攻撃力"
                }
            }
        ],
        "クールタイム": 20,
        "元素エネルギー": 80
    },
    "固有天賦": [
        {
            "名前": "氷の残剣",
            "種類": "固有天賦",
            "説明": [
                "長押しで氷潮の渦を発動した時、一度に冷酷な心を2つ消費すると、直ちに爆発する光臨の剣の欠片を創造する。",
                "光臨の剣の欠片は、氷浪の光剣で創造される光臨の剣の基礎ダメージ50%分の物理ダメージを与える。"
            ]
        },
        {
            "名前": "戦意の表れ",
            "種類": "固有天賦",
            "説明": [
                "氷浪の光剣を発動した時、氷潮の渦のクールタイムがリセットされ、冷酷な心を1つ獲得する。"
            ]
        },
        {
            "名前": "貴族の省察",
            "種類": "固有天賦",
            "説明": "キャラクター天賦素材を合成する時、10%の確率でアイテムを2倍獲得する。"
        }
    ],
    "命ノ星座": {
        "1": {
            "名前": "潮の幻像",
            "説明": [
                "氷潮の渦の冷酷な心を消費するとエウルアの物理ダメージ+30%、継続時間6秒",
                "冷酷な心を1つ消費する毎に継続時間+6秒、最大18秒まで。"
            ],
            "詳細": [
                {
                    "条件": "冷酷な心消費後(1つ6秒)物理ダメージ+30%",
                    "種類": "物理ダメージバフ",
                    "数値": 30
                }
            ]
        },
        "2": {
            "名前": "波花の淑女",
            "説明": [
                "氷彫の渦の長押しのクールタイムを短縮し、一回押しと同じクールタイムにする。"
            ]
        },
        "3": {
            "名前": "ローレンスの血統",
            "説明": [
                "氷浪の光剣のスキルLv+3。",
                "最大Lv.15まで。"
            ]
        },
        "4": {
            "名前": "劣等感との戦い",
            "説明": [
                "HP50%未満の敵に対する光臨の剣のダメージ+25%"
            ],
            "詳細": [
                {
                    "条件": "敵のHP50%未満 光臨の剣のダメージ+25%",
                    "対象": "元素爆発ダメージ.光臨の剣",
                    "種類": "与えるダメージ",
                    "数値": 25
                }
            ]
        },
        "5": {
            "名前": "騎士の素質",
            "説明": [
                "氷潮の渦のスキルLv.+3。",
                "最大Lv.15まで"
            ]
        },
        "6": {
            "名前": "高貴なる者の義務",
            "説明": [
                "氷浪の光剣で創造した光臨の剣は、直ちにエネルギーを5つ獲得する。通常攻撃、元素スキルまたは元素爆発によりエネルギーを獲得する際、50%の確率でさらに1つ獲得する。"
            ]
        }
    },
    "おすすめセット": [
        {
            "武器": "松韻の響く頃",
            "聖遺物メイン効果3": "5_攻撃力%",
            "聖遺物メイン効果4": "5_物理ダメージバフ",
            "聖遺物メイン効果5": "5_会心率",
            "聖遺物セット効果1": "血染めの騎士道",
            "聖遺物セット効果2": "蒼白の炎",
            "聖遺物優先するサブ効果1": "会心率",
            "聖遺物優先するサブ効果2": "会心ダメージ",
            "聖遺物優先するサブ効果3": "攻撃力%"
        },
        {
            "武器": "狼の末路",
            "聖遺物メイン効果3": "5_攻撃力%",
            "聖遺物メイン効果4": "5_物理ダメージバフ",
            "聖遺物メイン効果5": "5_会心率",
            "聖遺物セット効果1": "血染めの騎士道",
            "聖遺物セット効果2": "蒼白の炎",
            "聖遺物優先するサブ効果1": "会心率",
            "聖遺物優先するサブ効果2": "会心ダメージ",
            "聖遺物優先するサブ効果3": "攻撃力%"
        },
        {
            "武器": "無工の剣",
            "聖遺物メイン効果3": "5_攻撃力%",
            "聖遺物メイン効果4": "5_物理ダメージバフ",
            "聖遺物メイン効果5": "5_会心率",
            "聖遺物セット効果1": "血染めの騎士道",
            "聖遺物セット効果2": "蒼白の炎",
            "聖遺物優先するサブ効果1": "会心率",
            "聖遺物優先するサブ効果2": "会心ダメージ",
            "聖遺物優先するサブ効果3": "攻撃力%"
        },
        {
            "武器": "螭龍の剣",
            "聖遺物メイン効果3": "5_攻撃力%",
            "聖遺物メイン効果4": "5_物理ダメージバフ",
            "聖遺物メイン効果5": "5_会心ダメージ",
            "聖遺物セット効果1": "血染めの騎士道",
            "聖遺物セット効果2": "蒼白の炎",
            "聖遺物優先するサブ効果1": "会心率",
            "聖遺物優先するサブ効果2": "会心ダメージ",
            "聖遺物優先するサブ効果3": "攻撃力%"
        },
        {
            "武器": "銜玉の海皇",
            "聖遺物メイン効果3": "5_攻撃力%",
            "聖遺物メイン効果4": "5_物理ダメージバフ",
            "聖遺物メイン効果5": "5_会心率",
            "聖遺物セット効果1": "血染めの騎士道",
            "聖遺物セット効果2": "蒼白の炎",
            "聖遺物優先するサブ効果1": "会心率",
            "聖遺物優先するサブ効果2": "会心ダメージ",
            "聖遺物優先するサブ効果3": "攻撃力%"
        },
        {
            "武器": "雪葬の星銀",
            "聖遺物メイン効果3": "5_攻撃力%",
            "聖遺物メイン効果4": "5_物理ダメージバフ",
            "聖遺物メイン効果5": "5_会心率",
            "聖遺物セット効果1": "血染めの騎士道",
            "聖遺物セット効果2": "蒼白の炎",
            "聖遺物優先するサブ効果1": "会心率",
            "聖遺物優先するサブ効果2": "会心ダメージ",
            "聖遺物優先するサブ効果3": "攻撃力%"
        },
        {
            "武器": "松韻の響く頃",
            "聖遺物メイン効果3": "5_攻撃力%",
            "聖遺物メイン効果4": "5_物理ダメージバフ",
            "聖遺物メイン効果5": "5_会心率",
            "聖遺物セット効果1": "蒼白の炎",
            "聖遺物セット効果2": "蒼白の炎",
            "聖遺物優先するサブ効果1": "会心率",
            "聖遺物優先するサブ効果2": "会心ダメージ",
            "聖遺物優先するサブ効果3": "攻撃力%"
        }
    ]
}