{
    "名前": "ロサリア",
    "説明": "身にまとう服装以外、何ひとつとして聖職者とは思えないシスター。冷たい言動の中には、相手を見透かす鋭さが隠されている。また、いつも一人で行動をしている。",
    "icon_url": "images/characters/face/cryo_4_polearm_Rosaria.png",
    "レアリティ": 4,
    "武器": "長柄武器",
    "元素": "氷",
    "baseInfo": {
        "名前": "ロサリア",
        "誕生日": "1月24日",
        "命ノ星座": "荊冠座",
        "称号": "荊冠の恩典",
        "神の目": "氷",
        "所属": "西風教会",
        "中国語 CV": "张安琪",
        "英語 CV": "Elizabeth Maxwell",
        "日本語 CV": "加隈亜衣",
        "韓国語 CV": "김보나",
        "オリジナル料理": "ヴァーディクトディナー",
        "実装バージョン": "1.4"
    },
    "region": "モンド城",
    "ステータス": {
        "基礎HP": {
            "1+": 1030,
            "20": 2647,
            "20+": 3417,
            "40": 5118,
            "40+": 5665,
            "50": 6516,
            "50+": 7245,
            "60": 8096,
            "60+": 8643,
            "70": 9493,
            "70+": 10040,
            "80": 10891,
            "80+": 11438,
            "90": 12289
        },
        "基礎攻撃力": {
            "1+": 20,
            "20": 52,
            "20+": 67,
            "40": 100,
            "40+": 111,
            "50": 127,
            "50+": 141,
            "60": 158,
            "60+": 169,
            "70": 185,
            "70+": 196,
            "80": 213,
            "80+": 223,
            "90": 240
        },
        "基礎防御力": {
            "1+": 60,
            "20": 153,
            "20+": 197,
            "40": 296,
            "40+": 327,
            "50": 376,
            "50+": 418,
            "60": 468,
            "60+": 499,
            "70": 548,
            "70+": 580,
            "80": 629,
            "80+": 661,
            "90": 710
        },
        "攻撃力%": {
            "1+": 0,
            "20": 0,
            "20+": 0,
            "40": 0,
            "40+": 6,
            "50": 6,
            "50+": 12,
            "60": 12,
            "60+": 12,
            "70": 12,
            "70+": 18,
            "80": 18,
            "80+": 24,
            "90": 24
        }
    },
    "通常攻撃": {
        "名前": "通常攻撃·教会槍術",
        "説明": "<span style=\"color:#FFD780FF\">通常攻撃</span><br/>槍による最大5段の連続攻撃を行う。<br/><br/><span style=\"color:#FFD780FF\">重撃</span><br/>一定のスタミナを消費して前方に突進し、経路上の敵にダメージを与える。<br/><br/><span style=\"color:#FFD780FF\">落下攻撃</span><br/>空中から落下し地面に衝撃を与える。経路上の敵を攻撃し、落下時に範囲ダメージを与える。",
        "詳細": [
            {
                "名前": "1段ダメージ",
                "数値": {
                    "1": "52.5%",
                    "2": "56.7%",
                    "3": "61.0%",
                    "4": "67.1%",
                    "5": "71.4%",
                    "6": "76.3%",
                    "7": "83.0%",
                    "8": "89.7%",
                    "9": "96.4%",
                    "10": "103.7%",
                    "11": "111.0%"
                }
            },
            {
                "名前": "2段ダメージ",
                "数値": {
                    "1": "51.6%",
                    "2": "55.8%",
                    "3": "60.0%",
                    "4": "66.0%",
                    "5": "70.2%",
                    "6": "75.0%",
                    "7": "81.6%",
                    "8": "88.2%",
                    "9": "94.8%",
                    "10": "102.0%",
                    "11": "109.2%"
                }
            },
            {
                "名前": "3段ダメージ",
                "数値": {
                    "1": "31.8%*2",
                    "2": "34.4%*2",
                    "3": "37.0%*2",
                    "4": "40.7%*2",
                    "5": "43.3%*2",
                    "6": "46.3%*2",
                    "7": "50.3%*2",
                    "8": "54.4%*2",
                    "9": "58.5%*2",
                    "10": "62.9%*2",
                    "11": "67.3%*2"
                },
                "HIT数": 2
            },
            {
                "名前": "4段ダメージ",
                "数値": {
                    "1": "69.7%",
                    "2": "75.3%",
                    "3": "81.0%",
                    "4": "89.1%",
                    "5": "94.8%",
                    "6": "101.3%",
                    "7": "110.2%",
                    "8": "119.1%",
                    "9": "128.0%",
                    "10": "137.7%",
                    "11": "147.4%"
                }
            },
            {
                "名前": "5段ダメージ",
                "数値": {
                    "1": "41.6%+43.0%",
                    "2": "45.0%+46.5%",
                    "3": "48.4%+50.0%",
                    "4": "53.2%+55.0%",
                    "5": "56.6%+58.5%",
                    "6": "60.5%+62.5%",
                    "7": "65.8%+68.0%",
                    "8": "71.1%+73.5%",
                    "9": "76.5%+79.0%",
                    "10": "82.3%+85.0%",
                    "11": "88.1%+91.0%"
                },
                "HIT数": 2
            }
        ],
        "icon_url": "images/characters/cryo_4_polearm_Rosaria/talent_1.png"
    },
    "重撃": {
        "説明": "一定のスタミナを消費して前方に突進し、経路上の敵にダメージを与える。",
        "詳細": [
            {
                "名前": "重撃ダメージ",
                "種類": "重撃ダメージ",
                "数値": {
                    "1": "137%",
                    "2": "148%",
                    "3": "159%",
                    "4": "175%",
                    "5": "186%",
                    "6": "199%",
                    "7": "216%",
                    "8": "234%",
                    "9": "251%",
                    "10": "270%",
                    "11": "289%"
                }
            }
        ],
        "重撃スタミナ消費": 25
    },
    "落下攻撃": {
        "説明": "空中から落下し地面に衝撃を与える。経路上の敵を攻撃し、落下時に範囲ダメージを与える。",
        "詳細": [
            {
                "名前": "落下期間のダメージ",
                "種類": "落下攻撃ダメージ",
                "数値": {
                    "1": "63.9%",
                    "2": "69.1%",
                    "3": "74.3%",
                    "4": "81.8%",
                    "5": "87.0%",
                    "6": "92.9%",
                    "7": "101.1%",
                    "8": "109.3%",
                    "9": "117.5%",
                    "10": "126.4%",
                    "11": "135.3%"
                }
            },
            {
                "名前": "低空/高空落下攻撃ダメージ",
                "種類": "落下攻撃ダメージ",
                "数値": {
                    "1": "128%",
                    "2": "138%",
                    "3": "149%",
                    "4": "164%",
                    "5": "174%",
                    "6": "186%",
                    "7": "202%",
                    "8": "219%",
                    "9": "235%",
                    "10": "253%",
                    "11": "271%"
                }
            },
            {
                "名前": "低空/高空落下攻撃ダメージ",
                "種類": "落下攻撃ダメージ",
                "数値": {
                    "1": "160%",
                    "2": "173%",
                    "3": "186%",
                    "4": "204%",
                    "5": "217%",
                    "6": "232%",
                    "7": "253%",
                    "8": "273%",
                    "9": "293%",
                    "10": "316%",
                    "11": "338%"
                }
            }
        ]
    },
    "元素スキル": {
        "名前": "罪喰いの懺悔",
        "説明": "素早く敵の背後に回り込み、長槍で突きと振り降ろしを繰り出すことで、<span style=\"color:#99FFFFFF\">氷元素ダメージ</span>を与える。<br/>このスキルは、大きな体形を持つ敵の背後に回り込むことはできない。<br/><br/><i>シスターロサリアへの懺悔で赦罪されることはない。それどころか、罪が深ければ深いほど、下される氷寒の罰はより骨の髄まで染み込むものになるだろう。</i>",
        "詳細": [
            {
                "名前": "スキルダメージ",
                "数値": {
                    "1": "58%+136%",
                    "2": "63%+146%",
                    "3": "67%+156%",
                    "4": "73%+170%",
                    "5": "77%+180%",
                    "6": "82%+190%",
                    "7": "88%+204%",
                    "8": "93%+218%",
                    "9": "99%+231%",
                    "10": "105%+245%",
                    "11": "111%+258%",
                    "12": "117%+272%",
                    "13": "124%+289%"
                },
                "HIT数": 2
            }
        ],
        "クールタイム": 6,
        "icon_url": "images/characters/cryo_4_polearm_Rosaria/talent_2.png"
    },
    "元素爆発": {
        "名前": "臨終の聖礼",
        "説明": "ロサリア専属の祈りの儀式。武器を振り周囲の敵を攻撃した後、極寒を蓄積した氷槍を地面に差し込み、<span style=\"color:#99FFFFFF\">氷元素ダメージ</span>を与える。<br/>氷槍が存在している間、定期的に冷気を発散し、近くの敵に<span style=\"color:#99FFFFFF\">氷元素ダメージ</span>を与える。<br/><br/><i>審判は非常に面倒である故、直接臨終の祈りを実行する。ロサリアは端から風神を信仰していないため、これを容易に行うことができる。</i>",
        "詳細": [
            {
                "名前": "スキルダメージ",
                "数値": {
                    "1": "104%+152%",
                    "2": "112%+163%",
                    "3": "120%+175%",
                    "4": "130%+190%",
                    "5": "138%+201%",
                    "6": "146%+213%",
                    "7": "156%+228%",
                    "8": "166%+243%",
                    "9": "177%+258%",
                    "10": "187%+274%",
                    "11": "198%+289%",
                    "12": "208%+304%",
                    "13": "221%+323%"
                },
                "HIT数": 2
            },
            {
                "名前": "氷槍継続ダメージ",
                "数値": {
                    "1": "132%",
                    "2": "142%",
                    "3": "152%",
                    "4": "165%",
                    "5": "175%",
                    "6": "185%",
                    "7": "198%",
                    "8": "211%",
                    "9": "224%",
                    "10": "238%",
                    "11": "251%",
                    "12": "264%",
                    "13": "280.5%"
                }
            }
        ],
        "継続時間": 8,
        "クールタイム": 15,
        "元素エネルギー": 60,
        "icon_url": "images/characters/cryo_4_polearm_Rosaria/talent_3.png"
    },
    "固有天賦": [
        {
            "名前": "懺悔に耳を傾ける幻影",
            "種類": "固有天賦",
            "説明": "<span style=\"color:#FFD780FF\">罪喰いの懺悔</span>で敵の背後から攻撃すると、ロサリアの会心率+12%、継続時間5秒。",
            "詳細": [
                {
                    "条件": "懺悔に耳を傾ける幻影 会心率+12%",
                    "種類": "会心率",
                    "数値": 12
                }
            ],
            "icon_url": "images/characters/cryo_4_polearm_Rosaria/talent_4.png"
        },
        {
            "名前": "影から支える暗色",
            "種類": "固有天賦",
            "説明": [
                "臨終の聖礼発動時、自身の会心率の15%分、チーム全員(ロサリア自身を除く)の会心率をアップさせる、継続時間10秒。",
                "この方法で獲得できる会心率アップ効果は、最大15%まで。"
            ]
        },
        {
            "名前": "夜行",
            "種類": "固有天賦",
            "説明": "夜間（18時から6時まで）になると、チーム内の自身のキャラクター全員の移動速度+10%。<br>この効果は秘境、征討領域、深境螺旋では発動されない。また、同じ効果を持つ固有天賦との重ね掛け不可。",
            "icon_url": "images/characters/cryo_4_polearm_Rosaria/talent_6.png"
        },
        {
            "名前": "陰から支える暗色",
            "説明": "<span style=\"color:#FFD780FF\">臨終の聖礼</span>発動時、自身の会心率の15%分、周囲のチーム全員（ロサリア自身を除く）の会心率をアップさせる、継続時間10秒。<br/>この方法で獲得できる会心率アップ効果は、最大15%まで。",
            "icon_url": "images/characters/cryo_4_polearm_Rosaria/talent_5.png",
            "詳細": []
        }
    ],
    "命ノ星座": {
        "1": {
            "名前": "罪の導き",
            "説明": "ロサリアの攻撃で会心が発生すると、攻撃速度+10%、通常攻撃のダメージ+10%、継続時間4秒。",
            "詳細": [
                {
                    "条件": "罪の導き 攻撃速度と通常攻撃ダメージ+10%",
                    "種類": "通常攻撃ダメージバフ",
                    "数値": 10
                }
            ],
            "icon_url": "images/characters/cryo_4_polearm_Rosaria/summaryList_1.png"
        },
        "2": {
            "名前": "無福の地",
            "説明": "<span style=\"color:#FFD780FF\">臨終の聖礼</span>で創られる氷槍の継続時間+4秒。",
            "icon_url": "images/characters/cryo_4_polearm_Rosaria/summaryList_2.png",
            "詳細": []
        },
        "3": {
            "名前": "懺悔の儀",
            "説明": "<span style=\"color:#FFD780FF\">罪喰いの懺悔</span>のスキルLv.+3。<br/>最大Lv.15まで。",
            "icon_url": "images/characters/cryo_4_polearm_Rosaria/summaryList_3.png",
            "詳細": []
        },
        "4": {
            "名前": "苦痛の恩典",
            "説明": "<span style=\"color:#FFD780FF\">罪喰いの懺悔</span>で会心が発生すると、ロサリア自身の元素エネルギーが5回復する。<br/>この効果は、1回の罪喰いの懺悔で1度のみ発動可能。",
            "icon_url": "images/characters/cryo_4_polearm_Rosaria/summaryList_4.png",
            "詳細": []
        },
        "5": {
            "名前": "臨終の祈り",
            "説明": "<span style=\"color:#FFD780FF\">臨終の聖礼</span>のスキルLv.+3。<br/>最大Lv.15まで。",
            "icon_url": "images/characters/cryo_4_polearm_Rosaria/summaryList_5.png",
            "詳細": []
        },
        "6": {
            "名前": "代行裁判",
            "説明": "<span style=\"color:#FFD780FF\">臨終の聖礼</span>の攻撃が敵に命中すると、敵の物理耐性-20%、継続時間10秒。",
            "詳細": [
                {
                    "条件": "代行裁判 物理耐性-20%",
                    "種類": "敵物理耐性",
                    "数値": -20
                }
            ],
            "icon_url": "images/characters/cryo_4_polearm_Rosaria/summaryList_6.png"
        }
    },
    "おすすめセット": [
        {
            "武器": "和璞鳶",
            "聖遺物メイン効果3": "5_攻撃力%",
            "聖遺物メイン効果4": "5_氷元素ダメージバフ",
            "聖遺物メイン効果5": "5_会心率",
            "聖遺物セット効果1": "氷風を彷徨う勇士",
            "聖遺物セット効果2": "氷風を彷徨う勇士",
            "聖遺物優先するサブ効果1": "会心率",
            "聖遺物優先するサブ効果2": "会心ダメージ",
            "聖遺物優先するサブ効果3": "攻撃力%"
        },
        {
            "武器": "天空の脊",
            "聖遺物メイン効果3": "5_攻撃力%",
            "聖遺物メイン効果4": "5_物理ダメージバフ",
            "聖遺物メイン効果5": "5_会心率",
            "聖遺物セット効果1": "剣闘士のフィナーレ",
            "聖遺物セット効果2": "剣闘士のフィナーレ",
            "聖遺物優先するサブ効果1": "会心率",
            "聖遺物優先するサブ効果2": "会心ダメージ",
            "聖遺物優先するサブ効果3": "攻撃力%"
        },
        {
            "武器": "流月の針",
            "聖遺物メイン効果3": "5_攻撃力%",
            "聖遺物メイン効果4": "5_物理ダメージバフ",
            "聖遺物メイン効果5": "5_会心率",
            "聖遺物セット効果1": "血染めの騎士道",
            "聖遺物セット効果2": "蒼白の炎",
            "聖遺物優先するサブ効果1": "会心率",
            "聖遺物優先するサブ効果2": "会心ダメージ",
            "聖遺物優先するサブ効果3": "攻撃力%"
        },
        {
            "武器": "ドラゴンスピア",
            "聖遺物メイン効果3": "5_攻撃力%",
            "聖遺物メイン効果4": "5_物理ダメージバフ",
            "聖遺物メイン効果5": "5_会心率",
            "聖遺物セット効果1": "血染めの騎士道",
            "聖遺物セット効果2": "蒼白の炎",
            "聖遺物優先するサブ効果1": "会心率",
            "聖遺物優先するサブ効果2": "会心ダメージ",
            "聖遺物優先するサブ効果3": "攻撃力%"
        },
        {
            "武器": "死闘の槍",
            "聖遺物メイン効果3": "5_攻撃力%",
            "聖遺物メイン効果4": "5_氷元素ダメージバフ",
            "聖遺物メイン効果5": "5_会心率",
            "聖遺物セット効果1": "旧貴族のしつけ",
            "聖遺物セット効果2": "旧貴族のしつけ",
            "聖遺物優先するサブ効果1": "会心ダメージ",
            "聖遺物優先するサブ効果2": "会心率",
            "聖遺物優先するサブ効果3": "攻撃力%"
        },
        {
            "武器": "西風長槍",
            "聖遺物メイン効果3": "5_攻撃力%",
            "聖遺物メイン効果4": "5_氷元素ダメージバフ",
            "聖遺物メイン効果5": "5_会心率",
            "聖遺物セット効果1": "絶縁の旗印",
            "聖遺物セット効果2": "絶縁の旗印",
            "聖遺物優先するサブ効果1": "会心率",
            "聖遺物優先するサブ効果2": "会心ダメージ",
            "聖遺物優先するサブ効果3": "攻撃力%"
        }
    ],
    "NEXT STEP": "元素爆発.氷槍継続ダメージ"
}