{
    "名前": "神里綾華",
    "説明": "稲妻「社奉行」神里家の令嬢。容姿端麗で品行方正な人物。",
    "icon_url": "images/characters/face/cryo_5_sword_KamisatoAyaka.png",
    "レアリティ": 5,
    "武器": "片手剣",
    "元素": "氷",
    "baseInfo": {
        "名前": "神里綾華",
        "誕生日": "9月28日",
        "命ノ星座": "雪鶴座",
        "称号": "白鷺氷華",
        "神の目": "氷",
        "所属": "社奉行",
        "中国語 CV": "小N",
        "英語 CV": "Erica Mendez",
        "日本語 CV": "早見沙織",
        "韓国語 CV": "이유리",
        "オリジナル料理": "「紅炉一点雪」",
        "実装バージョン": "2.0",
        "七聖召喚のカード": "$[{\"ep_id\":3177,\"icon\":\"https://upload-static.hoyoverse.com/hoyolab-wiki/2022/12/01/169177528/211461a497211dfc0494d14820e78a9e_2311437167302396757.png\",\"amount\":0,\"name\":\"神里綾華\",\"menuId\":\"17\"}]$"
    },
    "region": "稲妻城",
    "ステータス": {
        "基礎HP": {
            "1+": 1001,
            "20": 2597,
            "20+": 3455,
            "40": 5170,
            "40+": 5779,
            "50": 6649,
            "50+": 7462,
            "60": 8341,
            "60+": 8951,
            "70": 9838,
            "70+": 10448,
            "80": 11345,
            "80+": 11954,
            "90": 12858
        },
        "基礎攻撃力": {
            "1+": 27,
            "20": 69,
            "20+": 92,
            "40": 138,
            "40+": 154,
            "50": 177,
            "50+": 198,
            "60": 222,
            "60+": 238,
            "70": 262,
            "70+": 278,
            "80": 302,
            "80+": 318,
            "90": 342
        },
        "基礎防御力": {
            "1+": 61,
            "20": 158,
            "20+": 211,
            "40": 315,
            "40+": 352,
            "50": 405,
            "50+": 455,
            "60": 509,
            "60+": 546,
            "70": 600,
            "70+": 637,
            "80": 692,
            "80+": 729,
            "90": 784
        },
        "会心ダメージ": {
            "1+": 0,
            "20": 0,
            "20+": 0,
            "40": 0,
            "40+": 9.6,
            "50": 9.6,
            "50+": 19.2,
            "60": 19.2,
            "60+": 19.2,
            "70": 19.2,
            "70+": 28.8,
            "80": 28.8,
            "80+": 38.4,
            "90": 38.4
        }
    },
    "固有変数": {
        "神里流·霜滅 斬撃HIT数": 0
    },
    "オプション初期値": {
        "神里流·霜滅 斬撃HIT数": 10
    },
    "通常攻撃": {
        "名前": "通常攻撃·神里流·傾き",
        "説明": "<span style=\"color:#FFD780FF\">通常攻撃</span><br/>剣による最大5段の連続攻撃を行う。<br/><br/><span style=\"color:#FFD780FF\">重撃</span><br/>一定のスタミナを消費し、居合で連続した剣風を放つ。<br/><br/><span style=\"color:#FFD780FF\">落下攻撃</span><br/>空中から落下し地面に衝撃を与える。経路上の敵を攻撃し、落下時に広範囲ダメージを与える。",
        "詳細": [
            {
                "名前": "1段ダメージ",
                "数値": {
                    "1": "45.73%",
                    "2": "49.45%",
                    "3": "53.17%",
                    "4": "58.49%",
                    "5": "62.21%",
                    "6": "66.46%",
                    "7": "72.31%",
                    "8": "78.16%",
                    "9": "84.01%",
                    "10": "90.39%",
                    "11": "96.77%"
                }
            },
            {
                "名前": "2段ダメージ",
                "数値": {
                    "1": "48.68%",
                    "2": "52.65%",
                    "3": "56.61%",
                    "4": "62.27%",
                    "5": "66.23%",
                    "6": "70.76%",
                    "7": "76.99%",
                    "8": "83.22%",
                    "9": "89.44%",
                    "10": "96.24%",
                    "11": "103.03%"
                }
            },
            {
                "名前": "3段ダメージ",
                "数値": {
                    "1": "62.62%",
                    "2": "67.72%",
                    "3": "72.82%",
                    "4": "80.1%",
                    "5": "85.19%",
                    "6": "91.02%",
                    "7": "99.03%",
                    "8": "107.04%",
                    "9": "115.05%",
                    "10": "123.79%",
                    "11": "132.53%"
                }
            },
            {
                "名前": "4段ダメージ",
                "数値": {
                    "1": "22.65%*3",
                    "2": "24.49%*3",
                    "3": "26.33%*3",
                    "4": "28.97%*3",
                    "5": "30.81%*3",
                    "6": "32.92%*3",
                    "7": "35.81%*3",
                    "8": "38.71%*3",
                    "9": "41.61%*3",
                    "10": "44.77%*3",
                    "11": "47.93%*3"
                },
                "HIT数": 3
            },
            {
                "名前": "5段ダメージ",
                "数値": {
                    "1": "78.18%",
                    "2": "84.55%",
                    "3": "90.91%",
                    "4": "100.0%",
                    "5": "106.36%",
                    "6": "113.64%",
                    "7": "123.64%",
                    "8": "133.64%",
                    "9": "143.64%",
                    "10": "154.55%",
                    "11": "165.45%"
                }
            }
        ],
        "icon_url": "images/characters/cryo_5_sword_KamisatoAyaka/talent_1.png"
    },
    "重撃": {
        "説明": "一定のスタミナを消費し、居合で連続した剣風を放つ。",
        "詳細": [
            {
                "名前": "重撃ダメージ",
                "種類": "重撃ダメージ",
                "数値": {
                    "1": "55.13%*3",
                    "2": "59.61%*3",
                    "3": "64.1%*3",
                    "4": "70.51%*3",
                    "5": "75.0%*3",
                    "6": "80.13%*3",
                    "7": "87.18%*3",
                    "8": "94.23%*3",
                    "9": "101.28%*3",
                    "10": "108.97%*3",
                    "11": "116.66%*3"
                },
                "HIT数": 3
            }
        ],
        "重撃スタミナ消費": 20
    },
    "落下攻撃": {
        "説明": "空中から落下し地面に衝撃を与える。経路上の敵を攻撃し、落下時に広範囲ダメージを与える。",
        "詳細": [
            {
                "名前": "落下期間のダメージ",
                "種類": "落下攻撃ダメージ",
                "数値": {
                    "1": "63.93%",
                    "2": "69.14%",
                    "3": "74.34%",
                    "4": "81.77%",
                    "5": "86.98%",
                    "6": "92.93%",
                    "7": "101.1%",
                    "8": "109.28%",
                    "9": "117.46%",
                    "10": "126.38%",
                    "11": "135.3%"
                }
            },
            {
                "名前": "低空/高空落下攻撃ダメージ",
                "種類": "落下攻撃ダメージ",
                "数値": {
                    "1": "127.84%",
                    "2": "138.24%",
                    "3": "148.65%",
                    "4": "163.51%",
                    "5": "173.92%",
                    "6": "185.81%",
                    "7": "202.16%",
                    "8": "218.51%",
                    "9": "234.86%",
                    "10": "252.7%",
                    "11": "270.54%"
                }
            },
            {
                "名前": "低空/高空落下攻撃ダメージ",
                "種類": "落下攻撃ダメージ",
                "数値": {
                    "1": "159.68%",
                    "2": "172.67%",
                    "3": "185.67%",
                    "4": "204.24%",
                    "5": "217.23%",
                    "6": "232.09%",
                    "7": "253.51%",
                    "8": "272.93%",
                    "9": "293.36%",
                    "10": "315.64%",
                    "11": "337.92%"
                }
            }
        ]
    },
    "元素スキル": {
        "名前": "神里流·氷華",
        "説明": "氷の華を咲かせ、周囲の敵をノックバックし<span style=\"color:#99FFFFFF\">氷元素範囲ダメージ</span>を与える。<br/><br/><i>「晴雲と朧月の夜、霧のような執念を抱え、心は遠くへと旅立った。」</i>",
        "詳細": [
            {
                "名前": "スキルダメージ",
                "数値": {
                    "1": "239.2%",
                    "2": "257.14%",
                    "3": "275.08%",
                    "4": "299%",
                    "5": "316.94%",
                    "6": "334.88%",
                    "7": "358.8%",
                    "8": "382.72%",
                    "9": "406.64%",
                    "10": "430.56%",
                    "11": "454.48%",
                    "12": "478.4%",
                    "13": "508.3%"
                }
            }
        ],
        "クールタイム": 10,
        "icon_url": "images/characters/cryo_5_sword_KamisatoAyaka/talent_2.png"
    },
    "元素爆発": {
        "名前": "神里流·霜滅",
        "説明": "艶やかな立ち姿で氷霜を集め、持続的に前進する霜見雪関扉を発動する。<br><br><span style=\"color: rgb(255, 215, 128)\">霜見雪関扉</span><br>・鋭い刃のような霜風で敵に斬撃を与え続け、<span style=\"color: rgb(153, 255, 255)\">氷元素ダメージ</span>を与える。<br>・継続時間終了時に咲き、<span style=\"color: rgb(153, 255, 255)\">氷元素範囲ダメージ</span>を与える。<br><br><em>「雪が吹き鷺を濡らすと、溜まり積もった思いが霜のようになり、重くなった胸の底が悼みに駆られます。」</em>",
        "詳細": [
            {
                "名前": "斬撃ダメージ",
                "数値": {
                    "1": "112.3%",
                    "2": "120.72%",
                    "3": "129.15%",
                    "4": "140.38%",
                    "5": "148.8%",
                    "6": "157.22%",
                    "7": "168.45%",
                    "8": "179.68%",
                    "9": "190.91%",
                    "10": "202.14%",
                    "11": "212.14%",
                    "12": "224.6%",
                    "13": "238.64%"
                }
            },
            {
                "名前": "咲きダメージ",
                "数値": {
                    "1": "168.45%",
                    "2": "181.08%",
                    "3": "193.72%",
                    "4": "210.56%",
                    "5": "223.2%",
                    "6": "235.83%",
                    "7": "252.68%",
                    "8": "269.52%",
                    "9": "286.36%",
                    "10": "303.21%",
                    "11": "320.05%",
                    "12": "336.9%",
                    "13": "357.96%"
                }
            },
            {
                "名前": "合計ダメージ",
                "種類": "他所基準ダメージ",
                "数値": "元素爆発#斬撃ダメージ*神里流·霜滅 斬撃HIT数+元素爆発#咲きダメージ"
            },
            {
                "条件": "命ノ星座@2",
                "名前": "斬撃ダメージ(小)",
                "種類": "他所基準ダメージ",
                "数値": "元素爆発#斬撃ダメージ*0.2"
            },
            {
                "条件": "命ノ星座@2",
                "名前": "咲きダメージ(小)",
                "種類": "他所基準ダメージ",
                "数値": "元素爆発#咲きダメージ*0.2"
            },
            {
                "条件": "神里流·霜滅 斬撃HIT数@1-19回",
                "種類": "固有変数"
            }
        ],
        "継続時間": 5,
        "クールタイム": 20,
        "元素エネルギー": 80,
        "icon_url": "images/characters/cryo_5_sword_KamisatoAyaka/talent_4.png"
    },
    "その他戦闘天賦": [
        {
            "名前": "神里流·霰歩",
            "説明": "<span style=\"color: rgb(255, 215, 128)\">ダッシュの代わりに発動する</span><br>氷流に隠れて激流となり、スタミナを消費して素早く移動する。<br><br>霰歩状態の神里綾華は水面上を高速移動できる。<br>霰歩が終了し、姿を現した時に、下記の効果が発動される。<br>・氷霜の力を放ち、周囲の敵に<span style=\"color: rgb(153, 255, 255)\">氷元素付着</span>を与える。<br>・氷の力を剣に集中させ、一定時間<span style=\"color: rgb(153, 255, 255)\">氷元素付与</span>を獲得する。<br><br><em>「雫が羽を湿らせて一瞬で消えてしまうのに、白鷺は水に踏み入れただけでなぜ怨言を吐くのでしょう？」</em>",
            "詳細": [
                {
                    "条件": "神里流·霰歩 氷元素付与",
                    "種類": "氷元素付与",
                    "継続時間": 5
                }
            ],
            "icon_url": "images/characters/cryo_5_sword_KamisatoAyaka/talent_3.png"
        }
    ],
    "固有天賦": [
        {
            "種類": "固有天賦",
            "名前": "天つ罪·国つ罪の鎮詞",
            "説明": "<span style=\"color: rgb(255, 215, 128)\">神里流·氷華</span>を発動した後の6秒間、神里綾華の通常攻撃と重撃のダメージ+30%。",
            "詳細": [
                {
                    "条件": "天つ罪·国つ罪の鎮詞 通常攻撃と重撃ダメージ+30%",
                    "種類": "通常攻撃ダメージバフ",
                    "数値": 30
                },
                {
                    "条件": "天つ罪·国つ罪の鎮詞 通常攻撃と重撃ダメージ+30%",
                    "種類": "重撃ダメージバフ",
                    "数値": 30
                }
            ],
            "icon_url": "images/characters/cryo_5_sword_KamisatoAyaka/talent_5.png"
        },
        {
            "種類": "固有天賦",
            "名前": "寒空の宣命祝詞",
            "説明": "<span style=\"color: rgb(255, 215, 128)\">神里流·霰歩</span>終了後に発生する氷が敵に命中すると、神里綾華は下記効果を獲得する。<br>・スタミナを10ポイント回復する。<br>・<span style=\"color: rgb(153, 255, 255)\">氷元素ダメージ</span>+18%、継続時間10秒。",
            "詳細": [
                {
                    "条件": "寒空の宣命祝詞 氷元素ダメージ+18%",
                    "種類": "氷元素ダメージバフ",
                    "数値": 18
                }
            ],
            "icon_url": "images/characters/cryo_5_sword_KamisatoAyaka/talent_6.png"
        },
        {
            "種類": "固有天賦",
            "名前": "鑑査の心得",
            "説明": "武器突破素材を合成する時、10%の確率でアイテムを2倍獲得する。",
            "icon_url": "images/characters/cryo_5_sword_KamisatoAyaka/talent_7.png"
        },
        {
            "名前": "天つ罪·国つ罪の鎮詞",
            "説明": "<span style=\"color:#FFD780FF\">神里流·氷華</span>を発動した後の6秒間、神里綾華の通常攻撃と重撃のダメージ+30%。",
            "icon_url": "images/characters/cryo_5_sword_KamisatoAyaka/const_talent_0.png",
            "詳細": []
        }
    ],
    "命ノ星座": {
        "1": {
            "名前": "霜枯れの墨染櫻",
            "説明": "神里綾華の通常攻撃または重撃が敵に<span style=\"color: rgb(153, 255, 255)\">氷元素ダメージ</span>を与えた時、50%の確率で<span style=\"color: rgb(255, 215, 128)\">神里流·氷華</span>のクールタイム-0.3秒。この効果は0.1秒毎に1回のみ発動可能。",
            "icon_url": "images/characters/cryo_5_sword_KamisatoAyaka/summaryList_1.png",
            "詳細": []
        },
        "2": {
            "名前": "三重雪関扉",
            "説明": "<span style=\"color: rgb(255, 215, 128)\">神里流·霜滅</span>発動時、追加で2つの小さい霜見雪関扉を放ち、それぞれ本来の20%分のダメージを与える。",
            "icon_url": "images/characters/cryo_5_sword_KamisatoAyaka/summaryList_2.png",
            "詳細": []
        },
        "3": {
            "名前": "花白錦画紙吹雪",
            "説明": "<span style=\"color: rgb(255, 215, 128)\">神里流·霜滅</span>のスキルLv.+3。<br>最大Lv.15まで。",
            "icon_url": "images/characters/cryo_5_sword_KamisatoAyaka/summaryList_3.png",
            "詳細": []
        },
        "4": {
            "名前": "栄枯盛衰",
            "説明": "<span style=\"color: rgb(255, 215, 128)\">神里流·霜滅</span>の霜見雪関扉のダメージを受けた敵の防御力-30%、継続時間6秒。",
            "詳細": [
                {
                    "条件": "栄枯盛衰 防御力-30%",
                    "種類": "敵防御力",
                    "数値": -30,
                    "継続時間": 6
                }
            ],
            "icon_url": "images/characters/cryo_5_sword_KamisatoAyaka/summaryList_4.png"
        },
        "5": {
            "名前": "花雲鐘入月",
            "説明": "<span style=\"color: rgb(255, 215, 128)\">神里流·氷華</span>のスキルLv.+3。<br>最大Lv.15まで。",
            "icon_url": "images/characters/cryo_5_sword_KamisatoAyaka/summaryList_5.png",
            "詳細": []
        },
        "6": {
            "名前": "間水月",
            "説明": "10秒毎に、神里綾華は「薄氷の舞」状態を獲得し、重撃ダメージが298%アップする。重撃が敵に命中してから0.5秒後、「薄氷の舞」の効果はクリアされ、クールタイムのカウントが開始される。",
            "詳細": [
                {
                    "条件": "間水月 重撃ダメージ+298%",
                    "種類": "重撃ダメージバフ",
                    "数値": 298
                }
            ],
            "icon_url": "images/characters/cryo_5_sword_KamisatoAyaka/summaryList_6.png"
        }
    },
    "おすすめセット": [
        {
            "武器": "霧切の廻光",
            "聖遺物メイン効果3": "5_攻撃力%",
            "聖遺物メイン効果4": "5_氷元素ダメージバフ",
            "聖遺物メイン効果5": "5_会心率",
            "聖遺物セット効果1": "氷風を彷徨う勇士",
            "聖遺物セット効果2": "氷風を彷徨う勇士",
            "聖遺物優先するサブ効果1": "会心ダメージ",
            "聖遺物優先するサブ効果2": "会心率",
            "聖遺物優先するサブ効果3": "攻撃力%"
        },
        {
            "武器": "霧切の廻光",
            "聖遺物メイン効果3": "5_攻撃力%",
            "聖遺物メイン効果4": "5_氷元素ダメージバフ",
            "聖遺物メイン効果5": "5_会心率",
            "聖遺物セット効果1": "絶縁の旗印",
            "聖遺物セット効果2": "絶縁の旗印",
            "聖遺物優先するサブ効果1": "会心ダメージ",
            "聖遺物優先するサブ効果2": "会心率",
            "聖遺物優先するサブ効果3": "攻撃力%"
        },
        {
            "武器": "磐岩結緑",
            "聖遺物メイン効果3": "5_攻撃力%",
            "聖遺物メイン効果4": "5_氷元素ダメージバフ",
            "聖遺物メイン効果5": "5_会心ダメージ",
            "聖遺物セット効果1": "氷風を彷徨う勇士",
            "聖遺物セット効果2": "氷風を彷徨う勇士",
            "聖遺物優先するサブ効果1": "会心ダメージ",
            "聖遺物優先するサブ効果2": "攻撃力%",
            "聖遺物優先するサブ効果3": "会心率"
        },
        {
            "武器": "磐岩結緑",
            "聖遺物メイン効果3": "5_攻撃力%",
            "聖遺物メイン効果4": "5_氷元素ダメージバフ",
            "聖遺物メイン効果5": "5_会心率",
            "聖遺物セット効果1": "絶縁の旗印",
            "聖遺物セット効果2": "絶縁の旗印",
            "聖遺物優先するサブ効果1": "会心ダメージ",
            "聖遺物優先するサブ効果2": "攻撃力%",
            "聖遺物優先するサブ効果3": "会心率"
        },
        {
            "武器": "斬山の刃",
            "聖遺物メイン効果3": "5_攻撃力%",
            "聖遺物メイン効果4": "5_氷元素ダメージバフ",
            "聖遺物メイン効果5": "5_会心率",
            "聖遺物セット効果1": "氷風を彷徨う勇士",
            "聖遺物セット効果2": "氷風を彷徨う勇士",
            "聖遺物優先するサブ効果1": "会心ダメージ",
            "聖遺物優先するサブ効果2": "会心率",
            "聖遺物優先するサブ効果3": "攻撃力%"
        },
        {
            "武器": "斬山の刃",
            "聖遺物メイン効果3": "5_攻撃力%",
            "聖遺物メイン効果4": "5_氷元素ダメージバフ",
            "聖遺物メイン効果5": "5_会心率",
            "聖遺物セット効果1": "絶縁の旗印",
            "聖遺物セット効果2": "絶縁の旗印",
            "聖遺物優先するサブ効果1": "会心ダメージ",
            "聖遺物優先するサブ効果2": "会心率",
            "聖遺物優先するサブ効果3": "攻撃力%"
        },
        {
            "武器": "天目影打",
            "聖遺物メイン効果3": "5_攻撃力%",
            "聖遺物メイン効果4": "5_氷元素ダメージバフ",
            "聖遺物メイン効果5": "5_会心率",
            "聖遺物セット効果1": "氷風を彷徨う勇士",
            "聖遺物セット効果2": "氷風を彷徨う勇士",
            "聖遺物優先するサブ効果1": "会心ダメージ",
            "聖遺物優先するサブ効果2": "会心率",
            "聖遺物優先するサブ効果3": "攻撃力%"
        },
        {
            "武器": "天目影打",
            "聖遺物メイン効果3": "5_攻撃力%",
            "聖遺物メイン効果4": "5_氷元素ダメージバフ",
            "聖遺物メイン効果5": "5_会心率",
            "聖遺物セット効果1": "絶縁の旗印",
            "聖遺物セット効果2": "絶縁の旗印",
            "聖遺物優先するサブ効果1": "会心ダメージ",
            "聖遺物優先するサブ効果2": "会心率",
            "聖遺物優先するサブ効果3": "攻撃力%"
        },
        {
            "武器": "黒岩の長剣",
            "聖遺物メイン効果3": "5_攻撃力%",
            "聖遺物メイン効果4": "5_氷元素ダメージバフ",
            "聖遺物メイン効果5": "5_会心率",
            "聖遺物セット効果1": "氷風を彷徨う勇士",
            "聖遺物セット効果2": "氷風を彷徨う勇士",
            "聖遺物優先するサブ効果1": "会心ダメージ",
            "聖遺物優先するサブ効果2": "会心率",
            "聖遺物優先するサブ効果3": "攻撃力%"
        },
        {
            "武器": "黒岩の長剣",
            "聖遺物メイン効果3": "5_攻撃力%",
            "聖遺物メイン効果4": "5_氷元素ダメージバフ",
            "聖遺物メイン効果5": "5_会心率",
            "聖遺物セット効果1": "絶縁の旗印",
            "聖遺物セット効果2": "絶縁の旗印",
            "聖遺物優先するサブ効果1": "会心ダメージ",
            "聖遺物優先するサブ効果2": "会心率",
            "聖遺物優先するサブ効果3": "攻撃力%"
        }
    ],
    "NEXT STEP": "元素爆発.斬撃ダメージ"
}