{
    "名前": "甘雨",
    "説明": "月海亭の秘書、その身には仙獣「麒麟」の血が流れている。",
    "icon_url": "images/characters/face/cryo_5_bow_Ganyu.png",
    "レアリティ": 5,
    "武器": "弓",
    "元素": "氷",
    "baseInfo": {
        "名前": "甘雨",
        "誕生日": "12月2日",
        "命ノ星座": "仙麟座",
        "称号": "循々守月",
        "神の目": "氷",
        "所属": "月海亭",
        "中国語 CV": "林簌",
        "英語 CV": "Jennifer Losi",
        "日本語 CV": "上田麗奈",
        "韓国語 CV": "김선혜",
        "オリジナル料理": "盛世太平",
        "実装バージョン": "1.2",
        "七聖召喚のカード": "$[{\"ep_id\":3172,\"icon\":\"https://upload-static.hoyoverse.com/hoyolab-wiki/2022/11/30/194600931/e5c7d702f8033c4361f3b25a7f0b8b30_2784336233241941594.png\",\"amount\":0,\"name\":\"甘雨\",\"menuId\":\"17\"}]$"
    },
    "region": "璃月港",
    "ステータス": {
        "基礎HP": {
            "1+": 763,
            "20": 1978,
            "20+": 2632,
            "40": 3939,
            "40+": 4403,
            "50": 5066,
            "50+": 5686,
            "60": 6355,
            "60+": 6820.0,
            "70": 7495,
            "70+": 7960.0,
            "80": 8643,
            "80+": 9108.0,
            "90": 9797
        },
        "基礎攻撃力": {
            "1+": 26,
            "20": 68,
            "20+": 90,
            "40": 135,
            "40+": 151,
            "50": 173,
            "50+": 194,
            "60": 217,
            "60+": 233,
            "70": 256,
            "70+": 272,
            "80": 295,
            "80+": 311,
            "90": 335
        },
        "基礎防御力": {
            "1+": 49,
            "20": 127,
            "20+": 169,
            "40": 253,
            "40+": 283,
            "50": 326,
            "50+": 366,
            "60": 409,
            "60+": 439,
            "70": 482,
            "70+": 512,
            "80": 556,
            "80+": 586,
            "90": 630
        },
        "会心ダメージ": {
            "1+": 0,
            "20": 0,
            "20+": 0,
            "40": 0,
            "40+": 9.6,
            "50": 9.6,
            "50+": 19.2,
            "60": 19.2,
            "60+": 19.2,
            "70": 19.2,
            "70+": 28.8,
            "80": 28.8,
            "80+": 38.4,
            "90": 38.4
        }
    },
    "オプション初期値": {
        "天地安泰 氷元素ダメージ+20%": false,
        "西狩 与えるダメージ": 0
    },
    "通常攻撃": {
        "名前": "通常攻撃·流天射術",
        "説明": "<span style=\"color: rgb(255, 215, 128)\">通常攻撃</span><br>最大6段の連続射撃を行う。<br><br><span style=\"color: rgb(255, 215, 128)\">重撃</span><br>ダメージがより高く、より精確な<span style=\"color: rgb(255, 215, 128)\">狙い撃ち</span>を発動する。<br>照準時、氷寒の気が矢先に集まり、攻撃と共に発射される。チャージの時間により、異なる効果を発動する。<br>・1段チャージ：氷寒の気が集まった矢を放ち、<span style=\"color: rgb(153, 255, 255)\">氷元素ダメージ</span>を与える。<br>・2段チャージ：霜華の矢を放ち、<span style=\"color: rgb(153, 255, 255)\">氷元素ダメージ</span>を与える。命中後、霜華満開が発生し、さらに<span style=\"color: rgb(153, 255, 255)\">氷元素範囲ダメージ</span>を与える。<br><br><span style=\"color: rgb(255, 215, 128)\">落下攻撃</span><br>空中から矢の雨を放ち、凄まじいスピードで落下し地面に衝撃を与え、落下時に範囲ダメージを与える。",
        "詳細": [
            {
                "名前": "1段ダメージ",
                "数値": {
                    "1": "31.73%",
                    "2": "34.32%",
                    "3": "36.9%",
                    "4": "40.59%",
                    "5": "43.17%",
                    "6": "46.13%",
                    "7": "50.18%",
                    "8": "54.24%",
                    "9": "58.3%",
                    "10": "62.73%",
                    "11": "67.8%"
                }
            },
            {
                "名前": "2段ダメージ",
                "数値": {
                    "1": "35.6%",
                    "2": "38.5%",
                    "3": "41.4%",
                    "4": "45.54%",
                    "5": "48.44%",
                    "6": "51.75%",
                    "7": "56.3%",
                    "8": "60.86%",
                    "9": "65.41%",
                    "10": "70.38%",
                    "11": "76.07%"
                }
            },
            {
                "名前": "3段ダメージ",
                "数値": {
                    "1": "45.49%",
                    "2": "49.2%",
                    "3": "52.9%",
                    "4": "58.19%",
                    "5": "61.89%",
                    "6": "66.13%",
                    "7": "71.94%",
                    "8": "77.76%",
                    "9": "83.58%",
                    "10": "89.93%",
                    "11": "97.2%"
                }
            },
            {
                "名前": "4段ダメージ",
                "数値": {
                    "1": "45.49%",
                    "2": "49.2%",
                    "3": "52.9%",
                    "4": "58.19%",
                    "5": "61.89%",
                    "6": "66.13%",
                    "7": "71.94%",
                    "8": "77.76%",
                    "9": "83.58%",
                    "10": "89.93%",
                    "11": "97.2%"
                }
            },
            {
                "名前": "5段ダメージ",
                "数値": {
                    "1": "48.25%",
                    "2": "52.17%",
                    "3": "56.1%",
                    "4": "61.71%",
                    "5": "65.64%",
                    "6": "70.13%",
                    "7": "76.3%",
                    "8": "82.47%",
                    "9": "88.64%",
                    "10": "95.37%",
                    "11": "103.08%"
                }
            },
            {
                "名前": "6段ダメージ",
                "数値": {
                    "1": "57.62%",
                    "2": "62.31%",
                    "3": "67.0%",
                    "4": "73.7%",
                    "5": "78.39%",
                    "6": "83.75%",
                    "7": "91.12%",
                    "8": "98.49%",
                    "9": "105.86%",
                    "10": "113.9%",
                    "11": "123.11%"
                }
            }
        ],
        "icon_url": "images/characters/cryo_5_bow_Ganyu/talent_1.png"
    },
    "重撃": {
        "説明": [
            "ダメージがより高く、より精確な狙い撃ちを発動する。",
            "照準時、氷寒の気が矢先に集まり、攻撃と共に発射される。チャージ時間により、異なる効果を発動する。",
            "·1段チャージ：氷寒の気が集まった矢を放ち、氷元素ダメージを与える。",
            "·2段チャージ：霜華の矢を放ち、氷元素ダメージを与える。命中後、霜華満開が発生し、さらに氷元素範囲ダメージを与える。"
        ],
        "詳細": [
            {
                "名前": "狙い撃ち",
                "数値": {
                    "1": "43.86%",
                    "2": "47.43%",
                    "3": "51.0%",
                    "4": "56.1%",
                    "5": "59.67%",
                    "6": "63.75%",
                    "7": "69.36%",
                    "8": "74.97%",
                    "9": "80.58%",
                    "10": "86.7%",
                    "11": "92.82%"
                }
            },
            {
                "名前": "1段チャージ狙い撃ち",
                "元素": "氷",
                "数値": {
                    "1": "124%",
                    "2": "133.3%",
                    "3": "142.6%",
                    "4": "155%",
                    "5": "164.3%",
                    "6": "173.6%",
                    "7": "186%",
                    "8": "198.4%",
                    "9": "210.8%",
                    "10": "223.2%",
                    "11": "235.6%"
                }
            },
            {
                "名前": "霜華の矢の命中ダメージ",
                "元素": "氷",
                "数値": {
                    "1": "128%",
                    "2": "137.6%",
                    "3": "147.2%",
                    "4": "160%",
                    "5": "169.6%",
                    "6": "179.2%",
                    "7": "192%",
                    "8": "204.8%",
                    "9": "217.6%",
                    "10": "230.4%",
                    "11": "243.2%"
                }
            },
            {
                "名前": "霜華の矢·霜華満開ダメージ",
                "元素": "氷",
                "数値": {
                    "1": "217.6%",
                    "2": "233.92%",
                    "3": "250.24%",
                    "4": "272%",
                    "5": "288.32%",
                    "6": "304.64%",
                    "7": "326.4%",
                    "8": "348.16%",
                    "9": "369.92%",
                    "10": "391.68%",
                    "11": "413.44%"
                },
                "適用条件": [
                    {
                        "名前": "[アモスの弓]通常攻撃と重撃ダメージ",
                        "数値": "+3",
                        "説明": "霜華の矢·霜華満開ダメージは霜華の矢の命中ダメージから0.3秒程度遅れて発生する前提で計算する。"
                    },
                    {
                        "名前": "[弾弓]通常攻撃と重撃ダメージ",
                        "数値": 0,
                        "説明": "霜華の矢·霜華満開ダメージは霜華の矢の命中ダメージから0.3秒程度遅れて発生する前提で計算する。"
                    }
                ]
            }
        ]
    },
    "落下攻撃": {
        "説明": "空中から矢の雨を放ち凄まじいスピードで落下し地面に衝撃を与え、落下時に範囲ダメージを与える。",
        "詳細": [
            {
                "名前": "落下期間のダメージ",
                "種類": "落下攻撃ダメージ",
                "数値": {
                    "1": "56.83%",
                    "2": "61.45%",
                    "3": "66.08%",
                    "4": "72.69%",
                    "5": "77.31%",
                    "6": "82.6%",
                    "7": "89.87%",
                    "8": "97.14%",
                    "9": "104.41%",
                    "10": "112.34%",
                    "11": "120.27%"
                }
            },
            {
                "名前": "低空/高空落下攻撃ダメージ",
                "種類": "落下攻撃ダメージ",
                "数値": {
                    "1": "113.63%",
                    "2": "122.88%",
                    "3": "132.13%",
                    "4": "145.35%",
                    "5": "154.59%",
                    "6": "165.17%",
                    "7": "179.7%",
                    "8": "194.23%",
                    "9": "208.77%",
                    "10": "224.62%",
                    "11": "240.48%"
                }
            },
            {
                "名前": "低空/高空落下攻撃ダメージ",
                "種類": "落下攻撃ダメージ",
                "数値": {
                    "1": "141.93%",
                    "2": "153.49%",
                    "3": "165.04%",
                    "4": "181.54%",
                    "5": "193.1%",
                    "6": "206.3%",
                    "7": "224.45%",
                    "8": "242.61%",
                    "9": "260.76%",
                    "10": "280.57%",
                    "11": "300.37%"
                }
            }
        ]
    },
    "元素スキル": {
        "名前": "山沢麟跡",
        "説明": "一輪の氷蓮を残して後退し、全ての魑魅魍魎から離れ、<span style=\"color: rgb(153, 255, 255)\">氷元素範囲ダメージ</span>を与える。<br><br><span style=\"color: rgb(255, 215, 128)\">氷蓮</span><br>・持続的に周囲の敵を挑発し、攻撃を引き付ける。<br>・耐久度は甘雨のHP上限によって決まる。<br>・破壊された時または継続時間終了後に激しく開花し、<span style=\"color: rgb(153, 255, 255)\">氷元素範囲ダメージ</span>を与える。<br><br><em>「私を見かけたと？それは気のせいでしょう。その時間はまだ残業中です。」</em>",
        "詳細": [
            {
                "名前": "HP継承",
                "種類": "元素創造物HP",
                "数値": {
                    "1": "120%HP上限",
                    "2": "129%HP上限",
                    "3": "138%HP上限",
                    "4": "150%HP上限",
                    "5": "159%HP上限",
                    "6": "168%HP上限",
                    "7": "180%HP上限",
                    "8": "192%HP上限",
                    "9": "204%HP上限",
                    "10": "216%HP上限",
                    "11": "228%HP上限",
                    "12": "240%HP上限",
                    "13": "255%HP上限"
                }
            },
            {
                "名前": "スキルダメージ",
                "数値": {
                    "1": "132%",
                    "2": "141.9%",
                    "3": "151.8%",
                    "4": "165%",
                    "5": "174.9%",
                    "6": "184.8%",
                    "7": "198%",
                    "8": "211.2%",
                    "9": "224.4%",
                    "10": "237.6%",
                    "11": "250.8%",
                    "12": "264%",
                    "13": "280.5%"
                }
            }
        ],
        "継続時間": 6,
        "クールタイム": 10,
        "icon_url": "images/characters/cryo_5_bow_Ganyu/talent_2.png"
    },
    "元素爆発": {
        "名前": "降衆天華",
        "説明": "大気中の霜雪を集め、退魔の氷霊珠を召喚する。<br/>氷霊珠が存在している間、持続的に氷柱を降らし、範囲内の敵に<span style=\"color:#99FFFFFF\">氷元素ダメージ</span>を与える。<br/><br/><i>甘雨は甘い雨を降らすことができる。だが、邪魔者や外道にとってその甘い雨は、寒苦の雨でもある。</i>",
        "詳細": [
            {
                "名前": "氷柱ダメージ",
                "数値": {
                    "1": "70.27%",
                    "2": "75.54%",
                    "3": "80.81%",
                    "4": "87.84%",
                    "5": "93.11%",
                    "6": "98.38%",
                    "7": "105.41%",
                    "8": "112.44%",
                    "9": "119.46%",
                    "10": "126.49%",
                    "11": "133.52%",
                    "12": "140.54%",
                    "13": "149.33%"
                }
            }
        ],
        "継続時間": 15,
        "クールタイム": 15,
        "元素エネルギー": 60,
        "icon_url": "images/characters/cryo_5_bow_Ganyu/talent_3.png"
    },
    "固有天賦": [
        {
            "種類": "固有天賦",
            "名前": "唯一の心",
            "説明": "霜華の矢を放った後の5秒以内に放たれた霜華の矢と霜華満開の会心率+20%。",
            "詳細": [
                {
                    "条件": "唯一の心 霜華の矢と霜華満開の会心率+20%",
                    "種類": "会心率",
                    "対象": "重撃ダメージ.霜華の矢の命中ダメージ",
                    "数値": 20
                },
                {
                    "条件": "唯一の心 霜華の矢と霜華満開の会心率+20%",
                    "種類": "会心率",
                    "対象": "重撃ダメージ.霜華の矢·霜華満開ダメージ",
                    "数値": 20
                }
            ],
            "icon_url": "images/characters/cryo_5_bow_Ganyu/talent_4.png"
        },
        {
            "種類": "固有天賦",
            "名前": "天地安泰",
            "説明": "<span style=\"color:#FFD780FF\">降衆天華</span>エリア内のキャラクターの<span style=\"color:#99FFFFFF\">氷元素ダメージ</span>+20%。",
            "詳細": [
                {
                    "条件": "天地安泰 氷元素ダメージ+20%",
                    "種類": "氷元素ダメージバフ",
                    "数値": 20
                }
            ],
            "icon_url": "images/characters/cryo_5_bow_Ganyu/talent_5.png"
        },
        {
            "種類": "固有天賦",
            "名前": "弓蔵待命",
            "説明": "弓を鍛造する時、消費した鉱石の15%が返還される。",
            "icon_url": "images/characters/cryo_5_bow_Ganyu/talent_6.png"
        }
    ],
    "命ノ星座": {
        "1": {
            "名前": "飲露",
            "説明": "二段チャージ重撃の霜華の矢または霜華満開が命中した時、敵の<span style=\"color:#99FFFFFF\">氷元素耐性</span>-15%、継続時間6秒。<br/>命中時に甘雨の元素エネルギーを2回復。二段チャージの重撃による元素エネルギーの回復効果は、1回の重撃で1度のみ発動可能。",
            "詳細": [
                {
                    "条件": "飲露 氷元素耐性-15%",
                    "種類": "敵氷元素耐性",
                    "数値": -15,
                    "継続時間": 6
                }
            ],
            "icon_url": "images/characters/cryo_5_bow_Ganyu/summaryList_1.png"
        },
        "2": {
            "名前": "獲麟",
            "説明": "<span style=\"color:#FFD780FF\">山沢麟跡</span>の使用可能回数+1。",
            "icon_url": "images/characters/cryo_5_bow_Ganyu/summaryList_2.png",
            "詳細": []
        },
        "3": {
            "名前": "雲行",
            "説明": "<span style=\"color:#FFD780FF\">降衆天華</span>のスキルLv.+3。<br/>最大Lv.15まで。",
            "icon_url": "images/characters/cryo_5_bow_Ganyu/summaryList_3.png",
            "詳細": []
        },
        "4": {
            "名前": "西狩",
            "説明": "<span style=\"color:#FFD780FF\">降衆天華</span>エリア内、敵の受けるダメージがアップする。<br/>受けるダメージのアップ量は初期が5%、3秒毎に5%アップし、最大25%までアップできる。<br/>敵がエリアを出た後、エリアによる効果は3秒続く。",
            "詳細": [
                {
                    "条件": "西狩 与えるダメージ@+5-25%",
                    "種類": "与えるダメージ",
                    "数値": 1,
                    "継続時間": 3
                }
            ],
            "icon_url": "images/characters/cryo_5_bow_Ganyu/summaryList_4.png"
        },
        "5": {
            "名前": "折草",
            "説明": "<span style=\"color:#FFD780FF\">山沢麟跡</span>のスキルLv.+3。<br/>最大Lv.15まで。",
            "icon_url": "images/characters/cryo_5_bow_Ganyu/summaryList_5.png",
            "詳細": []
        },
        "6": {
            "名前": "履虫",
            "説明": "<span style=\"color:#FFD780FF\">山沢麟跡</span>を発動すると、30秒以内に放つ最初の霜華の矢が、チャージせずに発動可能になる。",
            "icon_url": "images/characters/cryo_5_bow_Ganyu/summaryList_6.png",
            "詳細": []
        }
    },
    "おすすめセット": [
        {
            "武器": "アモスの弓",
            "聖遺物メイン効果3": "5_攻撃力%",
            "聖遺物メイン効果4": "5_氷元素ダメージバフ",
            "聖遺物メイン効果5": "5_会心ダメージ",
            "聖遺物セット効果1": "氷風を彷徨う勇士",
            "聖遺物セット効果2": "氷風を彷徨う勇士",
            "聖遺物優先するサブ効果1": "会心率",
            "聖遺物優先するサブ効果2": "会心ダメージ",
            "聖遺物優先するサブ効果3": "攻撃力%"
        },
        {
            "武器": "破魔の弓",
            "聖遺物メイン効果3": "5_攻撃力%",
            "聖遺物メイン効果4": "5_氷元素ダメージバフ",
            "聖遺物メイン効果5": "5_会心ダメージ",
            "聖遺物セット効果1": "氷風を彷徨う勇士",
            "聖遺物セット効果2": "氷風を彷徨う勇士",
            "聖遺物優先するサブ効果1": "会心率",
            "聖遺物優先するサブ効果2": "会心ダメージ",
            "聖遺物優先するサブ効果3": "攻撃力%"
        },
        {
            "武器": "澹月·試作",
            "聖遺物メイン効果3": "5_攻撃力%",
            "聖遺物メイン効果4": "5_氷元素ダメージバフ",
            "聖遺物メイン効果5": "5_会心ダメージ",
            "聖遺物セット効果1": "氷風を彷徨う勇士",
            "聖遺物セット効果2": "氷風を彷徨う勇士",
            "聖遺物優先するサブ効果1": "会心率",
            "聖遺物優先するサブ効果2": "会心ダメージ",
            "聖遺物優先するサブ効果3": "攻撃力%"
        },
        {
            "武器": "アモスの弓",
            "聖遺物メイン効果3": "5_攻撃力%",
            "聖遺物メイン効果4": "5_氷元素ダメージバフ",
            "聖遺物メイン効果5": "5_会心率",
            "聖遺物セット効果1": "大地を流浪する楽団",
            "聖遺物セット効果2": "大地を流浪する楽団",
            "聖遺物優先するサブ効果1": "会心率",
            "聖遺物優先するサブ効果2": "会心ダメージ",
            "聖遺物優先するサブ効果3": "攻撃力%"
        },
        {
            "武器": "天空の翼",
            "聖遺物メイン効果3": "5_攻撃力%",
            "聖遺物メイン効果4": "5_氷元素ダメージバフ",
            "聖遺物メイン効果5": "5_会心ダメージ",
            "聖遺物セット効果1": "絶縁の旗印",
            "聖遺物セット効果2": "絶縁の旗印",
            "聖遺物優先するサブ効果1": "会心率",
            "聖遺物優先するサブ効果2": "会心ダメージ",
            "聖遺物優先するサブ効果3": "攻撃力%"
        }
    ],
    "NEXT STEP": "重撃.霜華の矢·霜華満開ダメージ"
}