{
    "名前": "ミカ",
    "説明": "平凡な家庭に生まれた若い騎士。小隊では「前進測量士」を担当している。控えめで慎重な性格の持ち主。",
    "icon_url": "images/characters/face/cryo_4_polearm_Mika.png",
    "レアリティ": 4,
    "武器": "長柄武器",
    "元素": "氷",
    "baseInfo": {
        "名称": "ミカ",
        "誕生日": "8月11日",
        "命ノ星座": "森鳩座",
        "称号": "霜晴の測量",
        "神の目": "氷",
        "所属": "西風騎士団",
        "中国語 CV": "<span style=\"color: rgba(255, 255, 255, 0.65)\">邓宥希</span>",
        "英語 CV": "<span style=\"color: rgba(255, 255, 255, 0.65)\">Robb Moreira</span>",
        "日本語 CV": "<span style=\"color: rgba(255, 255, 255, 0.65)\">三瓶由布子</span>",
        "韓国語 CV": "<span style=\"color: rgba(255, 255, 255, 0.65)\">윤은서</span>",
        "オリジナル料理": "測量士エッグバーガー",
        "実装バージョン": "<span style=\"color: rgba(255, 255, 255, 0.65)\">3.5</span>"
    },
    "region": "モンド城",
    "ステータス": {
        "基礎HP": {
            "1+": 1049,
            "20": 2694,
            "20+": 3477,
            "40": 5208,
            "40+": 5765,
            "50": 6631,
            "50+": 7373,
            "60": 8239,
            "60+": 8796,
            "70": 9661,
            "70+": 10217,
            "80": 11083,
            "80+": 11640,
            "90": 12506
        },
        "基礎攻撃力": {
            "1+": 19,
            "20": 48,
            "20+": 62,
            "40": 93,
            "40+": 103,
            "50": 118,
            "50+": 132,
            "60": 147,
            "60+": 157,
            "70": 173,
            "70+": 182,
            "80": 198,
            "80+": 208,
            "90": 223
        },
        "基礎防御力": {
            "1+": 60,
            "20": 154,
            "20+": 198,
            "40": 297,
            "40+": 329,
            "50": 378,
            "50+": 420,
            "60": 470,
            "60+": 502,
            "70": 551,
            "70+": 583,
            "80": 632,
            "80+": 664,
            "90": 713
        },
        "HP%": {
            "1+": 0.0,
            "20": 0.0,
            "20+": 0.0,
            "40": 0.0,
            "40+": 6.0,
            "50": 6.0,
            "50+": 12.0,
            "60": 12.0,
            "60+": 12.0,
            "70": 12.0,
            "70+": 18.0,
            "80": 18.0,
            "80+": 24.0,
            "90": 24.0
        }
    },
    "通常攻撃": {
        "名前": "通常攻撃·西風槍術·鏑矢",
        "説明": "<span style=\"color: rgb(255, 215, 128)\">通常攻撃</span><br>クロスボウと槍の組み合わせによる最大5段の連続攻撃を行う。<br><br><span style=\"color: rgb(255, 215, 128)\">重撃</span><br>一定のスタミナを消費して前方に突進し、経路上の敵にダメージを与える。<br><br><span style=\"color: #FFD780\">落下攻撃</span><br>空中から落下し地面に衝撃を与える。経路上の敵を攻撃し、落下時に範囲ダメージを与える。",
        "icon_url": "images/characters/cryo_4_polearm_Mika/talent_1.png",
        "詳細": [
            {
                "名前": "1段ダメージ",
                "数値": {
                    "1": "43.3%",
                    "2": "46.8%",
                    "3": "50.3%",
                    "4": "55.3%",
                    "5": "58.9%",
                    "6": "62.9%",
                    "7": "68.4%",
                    "8": "73.9%",
                    "9": "79.5%",
                    "10": "85.5%",
                    "11": "91.6%"
                }
            },
            {
                "名前": "2段ダメージ",
                "数値": {
                    "1": "41.5%",
                    "2": "44.9%",
                    "3": "48.3%",
                    "4": "53.1%",
                    "5": "56.5%",
                    "6": "60.3%",
                    "7": "65.6%",
                    "8": "70.9%",
                    "9": "76.2%",
                    "10": "82.0%",
                    "11": "87.8%"
                }
            },
            {
                "名前": "3段ダメージ",
                "数値": {
                    "1": "54.5%",
                    "2": "58.9%",
                    "3": "63.4%",
                    "4": "69.7%",
                    "5": "74.1%",
                    "6": "79.2%",
                    "7": "86.2%",
                    "8": "93.2%",
                    "9": "100.1%",
                    "10": "107.7%",
                    "11": "115.3%"
                }
            },
            {
                "名前": "4段ダメージ",
                "数値": {
                    "1": "27.6%+27.6%",
                    "2": "29.9%+29.9%",
                    "3": "32.1%+32.1%",
                    "4": "35.3%+35.3%",
                    "5": "37.6%+37.6%",
                    "6": "40.1%+40.1%",
                    "7": "43.7%+43.7%",
                    "8": "47.2%+47.2%",
                    "9": "50.7%+50.7%",
                    "10": "54.6%+54.6%",
                    "11": "58.4%+58.4%"
                },
                "HIT数": 2
            },
            {
                "名前": "5段ダメージ",
                "数値": {
                    "1": "70.9%",
                    "2": "76.6%",
                    "3": "82.4%",
                    "4": "90.7%",
                    "5": "96.4%",
                    "6": "103.0%",
                    "7": "112.1%",
                    "8": "121.1%",
                    "9": "130.2%",
                    "10": "140.1%",
                    "11": "150.0%"
                }
            }
        ]
    },
    "重撃": {
        "詳細": [
            {
                "名前": "重撃ダメージ",
                "数値": {
                    "1": "112.7%",
                    "2": "121.9%",
                    "3": "131.1%",
                    "4": "144.2%",
                    "5": "153.4%",
                    "6": "163.9%",
                    "7": "178.3%",
                    "8": "192.7%",
                    "9": "207.1%",
                    "10": "222.9%",
                    "11": "238.6%"
                }
            }
        ]
    },
    "落下攻撃": {
        "詳細": [
            {
                "名前": "落下期間のダメージ",
                "数値": {
                    "1": "63.9%",
                    "2": "69.1%",
                    "3": "74.3%",
                    "4": "81.8%",
                    "5": "87.0%",
                    "6": "92.9%",
                    "7": "101.1%",
                    "8": "109.3%",
                    "9": "117.5%",
                    "10": "126.4%",
                    "11": "135.3%"
                }
            },
            {
                "名前": "低空/高空落下攻撃ダメージ",
                "種類": "落下攻撃ダメージ",
                "数値": {
                    "1": "128%",
                    "2": "138%",
                    "3": "149%",
                    "4": "164%",
                    "5": "174%",
                    "6": "186%",
                    "7": "202%",
                    "8": "219%",
                    "9": "235%",
                    "10": "253%",
                    "11": "271%"
                }
            },
            {
                "名前": "低空/高空落下攻撃ダメージ",
                "種類": "落下攻撃ダメージ",
                "数値": {
                    "1": "160%",
                    "2": "173%",
                    "3": "186%",
                    "4": "204%",
                    "5": "217%",
                    "6": "232%",
                    "7": "253%",
                    "8": "273%",
                    "9": "293%",
                    "10": "316%",
                    "11": "338%"
                }
            }
        ]
    },
    "元素スキル": {
        "名前": "スターフロストスワール",
        "説明": "クロスボウを利用して敵を攻撃し、周囲チーム全員に霊風状態を付与する。霊風状態中のキャラクターがフィールド上にいる時、攻撃速度がアップする。<br>一回押しと長押しによって発生する効果が変わる。<br><br><span style=\"color: rgb(255, 215, 128)\">一回押し</span><br>敵を貫く流霜の矢を素早く放って、命中した敵に<span style=\"color: rgb(153, 255, 255)\">氷元素ダメージ</span>を与える。<br><br><span style=\"color: rgb(255, 215, 128)\">長押し</span><br>照準モードに入り、ロックした敵1体に氷星のビーコンを放って、<span style=\"color: rgb(153, 255, 255)\">氷元素ダメージ</span>を与える。<span style=\"color: rgb(219, 222, 225)\">氷星のビーコンは命中した後に上昇して爆発し</span>、周囲にいる最大3体の他の敵に氷星のシャードを発射して、<span style=\"color: rgb(153, 255, 255)\">氷元素ダメージ</span>を与える。<br><br><em>霜天の下、それは星芒なり。</em>",
        "icon_url": "images/characters/cryo_4_polearm_Mika/talent_2.png",
        "詳細": [
            {
                "名前": "流霜の矢のダメージ",
                "数値": {
                    "1": "67.20%",
                    "2": "72.24%",
                    "3": "77.28%",
                    "4": "84.00%",
                    "5": "89.04%",
                    "6": "94.08%",
                    "7": "100.80%",
                    "8": "107.52%",
                    "9": "114.24%",
                    "10": "120.96%",
                    "11": "127.68%",
                    "12": "134.40%",
                    "13": "142.80%"
                }
            },
            {
                "名前": "氷星のビーコンのダメージ",
                "数値": {
                    "1": "84.00%",
                    "2": "90.30%",
                    "3": "96.60%",
                    "4": "105.00%",
                    "5": "111.30%",
                    "6": "117.60%",
                    "7": "126.00%",
                    "8": "134.40%",
                    "9": "142.80%",
                    "10": "151.20%",
                    "11": "159.60%",
                    "12": "168.00%",
                    "13": "178.50%"
                }
            },
            {
                "名前": "氷星の欠片のダメージ",
                "数値": {
                    "1": "25.20%",
                    "2": "27.09%",
                    "3": "28.98%",
                    "4": "31.50%",
                    "5": "33.39%",
                    "6": "35.28%",
                    "7": "37.80%",
                    "8": "40.32%",
                    "9": "42.84%",
                    "10": "45.36%",
                    "11": "47.88%",
                    "12": "50.40%",
                    "13": "53.55%"
                }
            },
            {
                "名前": "攻撃速度アップ",
                "種類": "表示",
                "数値": {
                    "1": 13,
                    "2": 14,
                    "3": 15,
                    "4": 16,
                    "5": 17,
                    "6": 18,
                    "7": 19,
                    "8": 20,
                    "9": 21,
                    "10": 22,
                    "11": 23,
                    "12": 24,
                    "13": 25
                }
            }
        ],
        "霊風の継続時間": 12.0,
        "クールタイム": 15.0
    },
    "元素爆発": {
        "名前": "スカイフェザーソング",
        "説明": "騎士団の祈祷で仲間を鼓舞し、勇往邁進の力を導き出して周囲のチーム全員のHPを回復して鷹の羽状態を付与する。回復量はミカのHP上限によって決まる。<br><br><span style=\"color: #FFD780\">鷹の羽</span><br>鷹の羽状態にあるフィールド上キャラクターの通常攻撃が敵に命中すると、ミカは該当キャラクターのHPを回復する、回復量はミカのHP上限によって決まる。<br>この状態にあるキャラクターは、短期間に最大1回だけこの方法でHPを回復できる。<br><br><em>「窮地の中に希望を抱き、順調な時は警戒を怠らぬ…何故なら、その純白の羽根は、やがて彷徨う旅者を導くからだ。」</em>",
        "icon_url": "images/characters/cryo_4_polearm_Mika/talent_3.png",
        "詳細": [
            {
                "名前": "発動時の回復量",
                "種類": "HP回復",
                "数値": {
                    "1": "12.2%HP上限+1172",
                    "2": "13.1%HP上限+1289",
                    "3": "14.0%HP上限+1416",
                    "4": "15.2%HP上限+1553",
                    "5": "16.1%HP上限+1700",
                    "6": "17.0%HP上限+1856",
                    "7": "18.3%HP上限+2022",
                    "8": "19.5%HP上限+2198",
                    "9": "20.7%HP上限+2383",
                    "10": "21.9%HP上限+2579",
                    "11": "23.1%HP上限+2783",
                    "12": "24.3%HP上限+2998",
                    "13": "25.9%HP上限+3223"
                }
            },
            {
                "名前": "鷹の羽の回復量",
                "種類": "HP回復",
                "数値": {
                    "1": "2.4%HP上限+234",
                    "2": "2.6%HP上限+257",
                    "3": "2.8%HP上限+283",
                    "4": "3.0%HP上限+310",
                    "5": "3.2%HP上限+339",
                    "6": "3.4%HP上限+370",
                    "7": "3.6%HP上限+404",
                    "8": "3.9%HP上限+439",
                    "9": "4.1%HP上限+476",
                    "10": "4.4%HP上限+515",
                    "11": "4.6%HP上限+555",
                    "12": "4.9%HP上限+598",
                    "13": "5.2%HP上限+643"
                }
            },
            {
                "名前": "非表示_鷹の羽の回復間隔",
                "種類": "表示",
                "数値": 2.5
            }
        ],
        "鷹の羽の継続時間": 15.0,
        "クールタイム": 18.0,
        "元素エネルギー": 70
    },
    "固有天賦": [
        {
            "名前": "速射牽制",
            "説明": "次の状況において、<span style=\"color: rgb(255, 215, 128)\">スターフロストスワール</span>の霊風状態に偵察効果を追加し、フィールド上キャラクターの物理ダメージ+10%。<br>・流霜の矢が複数の敵に命中すると、2体目以降、敵1体につき1層ずつ偵察効果が追加される。<br>・氷星のシャードが敵に命中した時、1層の偵察効果が生成される。各氷星のシャードにつき1回のみ発動可能。<br><br>霊風状態の偵察効果は最大3層まで重ね掛け可能。継続時間中、スターフロストスワールを再発動すると、既存の霊風状態とその偵察効果が先にクリアされる。",
            "icon_url": "images/characters/cryo_4_polearm_Mika/talent_4.png",
            "詳細": [
                {
                    "条件": "霊風状態&偵察効果@1-5層",
                    "種類": "物理ダメージバフ",
                    "数値": 10
                }
            ]
        },
        {
            "名前": "地形測量",
            "説明": "<span style=\"color: #FFD780\">スカイフェザーソング</span>の鷹の羽状態と、<span style=\"color: #FFD780\">スターフロストスワール</span>の霊風状態が同時に付与されているフィールド上キャラクターが攻撃をして会心を発生させた時、霊風状態は固有天賦「速射牽制」の偵察効果を1層生成する。1回の霊風状態の継続時間中、この方法で生成できる偵察効果は1層まで。<br>また、霊風状態における偵察効果の重ね掛け層数の上限+1。<br>固有天賦「速射牽制」を解放する必要がある。",
            "icon_url": "images/characters/cryo_4_polearm_Mika/talent_5.png",
            "詳細": []
        },
        {
            "名前": "デマケーション",
            "説明": "ミニマップで周囲の<span style=\"color: #FFD780\">モンド地域の特産</span>の位置を表示する。",
            "icon_url": "images/characters/cryo_4_polearm_Mika/talent_6.png",
            "詳細": []
        }
    ],
    "命ノ星座": {
        "1": {
            "名前": "逢遇の因縁",
            "説明": "<span style=\"color: #FFD780\">スターフロストスワール</span>による霊風状態は、<span style=\"color: #FFD780\">スカイフェザーソング</span>の鷹の羽状態のHP回復間隔を短縮できるようになる。なお、短縮する割合は霊風状態による攻撃速度アップの割合と同一。",
            "icon_url": "images/characters/cryo_4_polearm_Mika/summaryList_1.png",
            "詳細": []
        },
        "2": {
            "名前": "同行の旅路",
            "説明": "<span style=\"color: rgb(255, 215, 128)\">スターフロストスワール</span>の流霜の矢が最初に敵に命中した時、または氷星のビーコンが敵に命中した時、固有天賦「速射牽制」の偵察効果が1層生成される。<br>固有天賦「速射牽制」を解放する必要がある。",
            "icon_url": "images/characters/cryo_4_polearm_Mika/summaryList_2.png",
            "詳細": []
        },
        "3": {
            "名前": "遊撃の心得",
            "説明": "<span style=\"color: #FFD780\">スカイフェザーソング</span>のスキルLv.+3。<br>最大Lv.15まで。",
            "icon_url": "images/characters/cryo_4_polearm_Mika/summaryList_3.png",
            "詳細": []
        },
        "4": {
            "名前": "霜晴の祈念",
            "説明": "ミカ自身による<span style=\"color: #FFD780\">スカイフェザーソング</span>の鷹の羽状態がチームにいるキャラクターのHPを回復した時、ミカの元素エネルギーを3回復する。1回のスカイフェザーソングの鷹の羽状態で、元素エネルギーは最大5回まで回復できる。",
            "icon_url": "images/characters/cryo_4_polearm_Mika/summaryList_4.png",
            "詳細": []
        },
        "5": {
            "名前": "道標の鳴鏑",
            "説明": "<span style=\"color: #FFD780\">スターフロストスワール</span>のスキルLv.+3。<br>最大Lv.15まで。",
            "icon_url": "images/characters/cryo_4_polearm_Mika/summaryList_5.png",
            "詳細": []
        },
        "6": {
            "名前": "臨機の策応",
            "説明": "<span style=\"color: #FFD780\">スターフロストスワール</span>の霊風状態における偵察効果の重ね掛け層数の上限+1。固有天賦「速射牽制」を解放する必要がある。<br>また、霊風状態にあるフィールド上キャラクターは、物理ダメージの会心ダメージ+60%。",
            "icon_url": "images/characters/cryo_4_polearm_Mika/summaryList_6.png",
            "詳細": [
                {
                    "条件": "霊風状態",
                    "種類": "物理ダメージ会心ダメージ",
                    "数値": 60
                }
            ]
        }
    },
    "おすすめセット": [
        {
            "武器": "西風長槍",
            "聖遺物メイン効果3": "5_HP%",
            "聖遺物メイン効果4": "5_HP%",
            "聖遺物メイン効果5": "5_会心率",
            "聖遺物セット効果1": "旧貴族のしつけ",
            "聖遺物セット効果2": "旧貴族のしつけ",
            "聖遺物優先するサブ効果1": "会心率",
            "聖遺物優先するサブ効果2": "元素チャージ効率",
            "聖遺物優先するサブ効果3": "HP%"
        }
    ],
    "チームバフ": [
        {
            "条件": "霊風状態&偵察効果@1-5層",
            "種類": "物理ダメージバフ",
            "数値": 10
        },
        {
            "条件": "霊風状態&C6 臨機の策応",
            "種類": "物理ダメージ会心ダメージ",
            "数値": 60
        }
    ],
    "オプション初期値": {
        "偵察効果": 1
    }
}