{
    "名前": "ナヒーダ",
    "説明": "スラサタンナ聖処に幽棲する籠の中の鳥。夢の中でしか世界を眺めることができない。",
    "icon_url": "images/characters/face/dendro_5_catalyst_Nahida.png",
    "レアリティ": 5,
    "武器": "法器",
    "元素": "草",
    "baseInfo": {
        "名称": "ナヒーダ",
        "誕生日": "10月27日",
        "命ノ星座": "知恵の主座",
        "称号": "白草浄華",
        "神の心": "草",
        "所属": "スメールシティ",
        "中国語 CV": "花玲",
        "英語 CV": "Kimberly Anne Campbell",
        "日本語 CV": "田村ゆかり",
        "韓国語 CV": "박시윤",
        "魔神としての名前": "<span class=\"wk-shady\">ブエル</span>",
        "オリジナル料理": "ハルヴァマズダ",
        "実装バージョン": "3.2"
    },
    "region": "スメール",
    "ステータス": {
        "基礎HP": {
            "1+": 807,
            "20": 2092,
            "20+": 2784,
            "40": 4165,
            "40+": 4656,
            "50": 5357,
            "50+": 6012,
            "60": 6721,
            "60+": 7212,
            "70": 7926,
            "70+": 8418,
            "80": 9140,
            "80+": 9632,
            "90": 10360
        },
        "基礎攻撃力": {
            "1+": 24,
            "20": 61,
            "20+": 81,
            "40": 120,
            "40+": 135,
            "50": 155,
            "50+": 174,
            "60": 229,
            "60+": 243,
            "70": 229,
            "70+": 243,
            "80": 264,
            "80+": 278,
            "90": 299
        },
        "基礎防御力": {
            "1+": 49,
            "20": 127,
            "20+": 169,
            "40": 253,
            "40+": 283,
            "50": 326,
            "50+": 366,
            "60": 482,
            "60+": 512,
            "70": 482,
            "70+": 512,
            "80": 556,
            "80+": 586,
            "90": 630
        },
        "元素熟知": {
            "1+": 0,
            "20": 0,
            "20+": 0,
            "40": 0,
            "40+": 29,
            "50": 29,
            "50+": 58,
            "60": 58,
            "60+": 58,
            "70": 58,
            "70+": 86,
            "80": 86,
            "80+": 115,
            "90": 115
        }
    },
    "オプション初期値": {
        "[チーム]炎元素キャラクター": 1,
        "[チーム]雷元素キャラクター": 1,
        "[チーム]水元素キャラクター": 1
    },
    "通常攻撃": {
        "名前": "通常攻撃·行相",
        "説明": "<span style=\"color: rgb(255, 215, 128)\">通常攻撃</span><br>前方に最大4段の連続攻撃を行い、<span style=\"color: rgb(153, 255, 136)\">草元素ダメージ</span>を与える。<br><br><span style=\"color: rgb(255, 215, 128)\">重撃</span><br>一定のスタミナを消費し、短い詠唱をした後、前方エリアに<span style=\"color: rgb(153, 255, 136)\">草元素範囲ダメージ</span>を与える。<br><br><span style=\"color: #FFD780\">落下攻撃</span><br>空中から草元素の力を凝集させながら落下し、地面に衝撃を与える。経路上の敵を攻撃し、落下時に<span style=\"color: rgb(153, 255, 136)\">草元素範囲ダメージ</span>を与える。",
        "icon_url": "images/characters/dendro_5_catalyst_Nahida/talent_1.png",
        "詳細": [
            {
                "名前": "1段ダメージ",
                "数値": {
                    "1": "40.3%",
                    "2": "43.3%",
                    "3": "46.4%",
                    "4": "50.4%",
                    "5": "53.4%",
                    "6": "56.4%",
                    "7": "60.5%",
                    "8": "64.5%",
                    "9": "68.5%",
                    "10": "72.6%",
                    "11": "76.6%"
                }
            },
            {
                "名前": "2段ダメージ",
                "数値": {
                    "1": "37.0%",
                    "2": "39.8%",
                    "3": "42.5%",
                    "4": "46.2%",
                    "5": "49.0%",
                    "6": "51.8%",
                    "7": "55.5%",
                    "8": "59.2%",
                    "9": "62.9%",
                    "10": "66.6%",
                    "11": "70.3%"
                }
            },
            {
                "名前": "3段ダメージ",
                "数値": {
                    "1": "45.9%",
                    "2": "49.3%",
                    "3": "52.8%",
                    "4": "57.3%",
                    "5": "60.8%",
                    "6": "64.2%",
                    "7": "68.8%",
                    "8": "73.4%",
                    "9": "78.0%",
                    "10": "82.6%",
                    "11": "87.2%"
                }
            },
            {
                "名前": "4段ダメージ",
                "数値": {
                    "1": "58.4%",
                    "2": "62.8%",
                    "3": "67.2%",
                    "4": "73.0%",
                    "5": "77.4%",
                    "6": "81.8%",
                    "7": "87.6%",
                    "8": "93.5%",
                    "9": "99.3%",
                    "10": "105.1%",
                    "11": "111.0%"
                }
            }
        ]
    },
    "重撃": {
        "詳細": [
            {
                "名前": "重撃ダメージ",
                "数値": {
                    "1": "132.0%",
                    "2": "141.9%",
                    "3": "151.8%",
                    "4": "165.0%",
                    "5": "174.9%",
                    "6": "184.8%",
                    "7": "198.0%",
                    "8": "211.2%",
                    "9": "224.4%",
                    "10": "237.6%",
                    "11": "250.8%"
                }
            }
        ]
    },
    "落下攻撃": {
        "詳細": [
            {
                "名前": "落下期間のダメージ",
                "種類": "落下攻撃ダメージ",
                "数値": {
                    "1": "56.8%",
                    "2": "61.5%",
                    "3": "66.1%",
                    "4": "72.7%",
                    "5": "77.3%",
                    "6": "82.6%",
                    "7": "89.9%",
                    "8": "97.1%",
                    "9": "104.4%",
                    "10": "112.3%",
                    "11": "120.3%"
                }
            },
            {
                "名前": "低空/高空落下攻撃ダメージ",
                "種類": "落下攻撃ダメージ",
                "数値": {
                    "1": "114%",
                    "2": "123%",
                    "3": "132%",
                    "4": "145%",
                    "5": "155%",
                    "6": "165%",
                    "7": "180%",
                    "8": "194%",
                    "9": "209%",
                    "10": "225%",
                    "11": "240%"
                }
            },
            {
                "名前": "低空/高空落下攻撃ダメージ",
                "種類": "落下攻撃ダメージ",
                "数値": {
                    "1": "142%",
                    "2": "153%",
                    "3": "165%",
                    "4": "182%",
                    "5": "193%",
                    "6": "206%",
                    "7": "224%",
                    "8": "243%",
                    "9": "261%",
                    "10": "281%",
                    "11": "300%"
                }
            }
        ]
    },
    "元素スキル": {
        "名前": "所聞遍計",
        "説明": "自身を中心に草木の纏縛を発動し、<span style=\"color: rgb(153, 255, 136)\">草元素範囲ダメージ</span>を与え、命中した最大8体の敵に蘊種印を付与する。<br>長押しによって攻撃方法が変わる。<br><br><span style=\"color: rgb(255, 215, 128)\">長押し</span><br>照準モードに入り、一定範囲内にいる一定数の敵を選定する。照準モード終了後、選定された敵に<span style=\"color: rgb(153, 255, 136)\">草元素ダメージ</span>を与え、蘊種印を付与する。&nbsp;<br>照準モードは最大5秒継続でき、最大8体の敵を選定できる。<br><br><span style=\"color: rgb(255, 215, 128)\">蘊種印&nbsp;</span><br>蘊種印状態の敵は、一定の距離内でお互いにリンクするようになる。&nbsp;<br>蘊種印状態の敵に元素反応を起こす、または該当の敵が草原核によるダメージ(烈開花、超開花を含む)を受けた後、ナヒーダは攻撃力と元素熟知を基に、該当の敵およびその敵とリンクしたすべての相手に滅浄三業を繰り出し、<span style=\"color: rgb(153, 255, 136)\">草元素ダメージ</span>を与える。&nbsp;<br>滅浄三業は短時間内に1回のみ発動可能。<br><br><em>草木の神は空蔵から諸法実相を悟る。故に三際因縁起滅の機を究尽できる。</em>",
        "icon_url": "images/characters/dendro_5_catalyst_Nahida/talent_2.png",
        "詳細": [
            {
                "名前": "一回押しダメージ",
                "数値": {
                    "1": "98.4%",
                    "2": "105.8%",
                    "3": "113.2%",
                    "4": "123.0%",
                    "5": "130.4%",
                    "6": "137.8%",
                    "7": "147.6%",
                    "8": "157.44%",
                    "9": "167.28%",
                    "10": "177.12%",
                    "11": "186.96%",
                    "12": "196.8%",
                    "13": "209.1%"
                }
            },
            {
                "名前": "長押しダメージ",
                "数値": {
                    "1": "130.4%",
                    "2": "140.2%",
                    "3": "150.0%",
                    "4": "163.0%",
                    "5": "172.8%",
                    "6": "182.6%",
                    "7": "195.6%",
                    "8": "208.64%",
                    "9": "221.68%",
                    "10": "234.72%",
                    "11": "247.76%",
                    "12": "260.8%",
                    "13": "277.1%"
                }
            },
            {
                "名前": "滅浄三業ダメージ",
                "数値": {
                    "1": "103.2%攻撃力+206.4%元素熟知",
                    "2": "110.9%攻撃力+221.9%元素熟知",
                    "3": "118.7%攻撃力+237.4%元素熟知",
                    "4": "129.0%攻撃力+258.0%元素熟知",
                    "5": "136.7%攻撃力+273.5%元素熟知",
                    "6": "144.5%攻撃力+289%元素熟知",
                    "7": "154.8%攻撃力+309.6%元素熟知",
                    "8": "165.12%攻撃力+330.24%元素熟知",
                    "9": "175.44%攻撃力+350.88%元素熟知",
                    "10": "185.76%攻撃力+371.52%元素熟知",
                    "11": "196.08%攻撃力+392.16%元素熟知",
                    "12": "206.4%攻撃力+412.8%元素熟知",
                    "13": "219.3%攻撃力+438.6%元素熟知"
                }
            }
        ],
        "滅浄三業の発動間隔": 2.5,
        "蘊種印の継続時間": 25.0,
        "一回押しクールタイム": 5.0,
        "長押しクールタイム": 6.0
    },
    "元素爆発": {
        "名前": "心景幻成",
        "説明": "夢想の殿堂を顕現し、領域「摩耶の宮殿」を展開する。<br><br>領域展開時、チーム内に以下の元素タイプのキャラクターがいる場合、それぞれ異なる効果を発動する。<br>・<span style=\"color: rgb(255, 153, 153)\">炎元素</span>：ナヒーダが摩耶の宮殿にいる時、元素スキル「所聞遍計」の滅浄三業によるダメージがアップする。<br>・<span style=\"color: rgb(255, 172, 255)\">雷元素</span>：ナヒーダが摩耶の宮殿にいる時、元素スキル「所聞遍計」の滅浄三業の発動間隔を短縮する。<br>・<span style=\"color: rgb(128, 192, 255)\">水元素</span>：摩耶の宮殿の継続時間を延長する。&nbsp;<br><br>領域展開時、上記元素タイプのキャラクターが2名以上いる場合、対応する効果はさらにアップする。<br><br>ナヒーダが待機中でも、該当チームが摩耶の宮殿範囲内にいる限り、上記の効果を受けることができる。<br><br><em>知恵の神にとって、森羅万象もただの逆さになった幻の摩耶の夢に過ぎないのかもしれない。</em>",
        "icon_url": "images/characters/dendro_5_catalyst_Nahida/talent_3.png",
        "詳細": [
            {
                "名前": "炎：ダメージアップ",
                "条件": "摩耶の宮殿&[チーム]炎元素キャラクター=1名",
                "対象": "元素スキルダメージ.滅浄三業ダメージ",
                "種類": "元素スキルダメージバフ",
                "数値": {
                    "1": 14.9,
                    "2": 16.0,
                    "3": 17.1,
                    "4": 18.6,
                    "5": 19.7,
                    "6": 20.8,
                    "7": 22.3,
                    "8": 23.8,
                    "9": 25.3,
                    "10": 26.8,
                    "11": 28.3,
                    "12": 29.8,
                    "13": 31.6
                }
            },
            {
                "名前": "炎：ダメージアップ",
                "条件": "摩耶の宮殿&[チーム]炎元素キャラクター=2名",
                "対象": "元素スキルダメージ.滅浄三業ダメージ",
                "種類": "元素スキルダメージバフ",
                "数値": {
                    "1": 22.3,
                    "2": 24.0,
                    "3": 25.7,
                    "4": 27.9,
                    "5": 29.6,
                    "6": 31.2,
                    "7": 33.5,
                    "8": 35.7,
                    "9": 37.9,
                    "10": 40.2,
                    "11": 42.4,
                    "12": 44.6,
                    "13": 47.4
                }
            },
            {
                "名前": "雷：間隔短縮",
                "条件": "摩耶の宮殿&[チーム]雷元素キャラクター=1名",
                "対象": "元素スキルダメージ.滅浄三業の発動間隔",
                "種類": "元素スキル強化",
                "数値": {
                    "1": -0.25,
                    "2": -0.27,
                    "3": -0.29,
                    "4": -0.31,
                    "5": -0.33,
                    "6": -0.35,
                    "7": -0.37,
                    "8": -0.4,
                    "9": -0.42,
                    "10": -0.45,
                    "11": -0.47,
                    "12": -0.5,
                    "13": -0.53
                }
            },
            {
                "名前": "雷：間隔短縮",
                "条件": "摩耶の宮殿&[チーム]雷元素キャラクター=2名",
                "対象": "元素スキルダメージ.滅浄三業の発動間隔",
                "種類": "元素スキル強化",
                "数値": {
                    "1": -0.37,
                    "2": -0.4,
                    "3": -0.43,
                    "4": -0.47,
                    "5": -0.49,
                    "6": -0.52,
                    "7": -0.56,
                    "8": -0.6,
                    "9": -0.63,
                    "10": -0.67,
                    "11": -0.71,
                    "12": -0.74,
                    "13": -0.79
                }
            },
            {
                "名前": "水：継続時間延長",
                "条件": "摩耶の宮殿&[チーム]水元素キャラクター=1名",
                "対象": "元素爆発ダメージ.継続時間",
                "種類": "元素爆発強化",
                "数値": {
                    "1": "+3.34",
                    "2": "+3.59",
                    "3": "+3.85",
                    "4": "+4.18",
                    "5": "+4.43",
                    "6": "+4.68",
                    "7": "+5.02",
                    "8": "+5.35",
                    "9": "+5.68",
                    "10": "+6.02",
                    "11": "+6.35",
                    "12": "+6.69",
                    "13": "+7.11"
                }
            },
            {
                "名前": "水：継続時間延長",
                "条件": "摩耶の宮殿&[チーム]水元素キャラクター=2名",
                "対象": "元素爆発ダメージ.継続時間",
                "種類": "元素爆発強化",
                "数値": {
                    "1": "+5.02",
                    "2": "+5.39",
                    "3": "+5.77",
                    "4": "+6.27",
                    "5": "+6.65",
                    "6": "+7.02",
                    "7": "+7.52",
                    "8": "+8.03",
                    "9": "+8.53",
                    "10": "+9.03",
                    "11": "+9.53",
                    "12": "+10.03",
                    "13": "+10.66"
                }
            }
        ],
        "継続時間": 15,
        "クールタイム": 13.5,
        "元素エネルギー": 50
    },
    "固有天賦": [
        {
            "名前": "浄善摂受明論",
            "説明": "<span style=\"color: #FFD780\">心景幻成</span>発動時、摩耶の宮殿は下記効果を獲得する。<br>チーム内にいる元素熟知の最も高いキャラクターを参照し、その元素熟知の25%を基にフィールド上の領域内キャラクターの元素熟知をアップする。<br>この方法でアップできる元素熟知は最大250までとなる。",
            "icon_url": "images/characters/dendro_5_catalyst_Nahida/talent_4.png",
            "詳細": [
                {
                    "条件": "摩耶の宮殿&出場中",
                    "種類": "元素熟知V1",
                    "数値": "25%元素熟知TOP",
                    "上限": 250
                }
            ]
        },
        {
            "名前": "慧明縁覚智論",
            "説明": "ナヒーダの元素熟知が200を超えている時、その200を超えた分の元素熟知の数値1につき、<span style=\"color: #FFD780\">所聞遍計</span>の滅浄三業によるダメージ+0.1％、会心率+0.03％。<br>この方法でアップできる滅浄三業のダメージは最大80％、会心率は最大24％までとなる。",
            "icon_url": "images/characters/dendro_5_catalyst_Nahida/talent_5.png",
            "詳細": [
                {
                    "対象": "元素スキルダメージ.滅浄三業ダメージ",
                    "種類": "元素スキルダメージバフ",
                    "数値": "元素熟知-200*0.1",
                    "上限": 80
                },
                {
                    "対象": "元素スキルダメージ.滅浄三業·破業障 ダメージ",
                    "種類": "元素スキルダメージバフ",
                    "数値": "元素熟知-200*0.1",
                    "上限": 80
                },
                {
                    "対象": "元素スキルダメージ.滅浄三業ダメージ",
                    "種類": "会心率",
                    "数値": "元素熟知-200*0.03",
                    "上限": 24
                },
                {
                    "対象": "元素スキルダメージ.滅浄三業·破業障 ダメージ",
                    "種類": "会心率",
                    "数値": "元素熟知-200*0.03",
                    "上限": 24
                }
            ]
        },
        {
            "名前": "諸相随念浄行",
            "説明": "ナヒーダは<span style=\"color: rgb(255, 215, 128)\">所聞遍計</span>を通して、一定範囲内の一部採取物を調べることができる。<br>他の効果もあるかもしれない…",
            "icon_url": "images/characters/dendro_5_catalyst_Nahida/talent_6.png",
            "詳細": []
        }
    ],
    "命ノ星座": {
        "1": {
            "名前": "心識蘊蔵の種",
            "説明": "<span style=\"color: rgb(255, 215, 128)\">摩耶の宮殿</span>を展開し、チーム内特定の元素タイプのキャラクター数をカウントする際、炎元素、雷元素、水元素のキャラクター数がそれぞれ+1される。",
            "icon_url": "images/characters/dendro_5_catalyst_Nahida/summaryList_1.png",
            "詳細": []
        },
        "2": {
            "名前": "正覚善見の根",
            "説明": "ナヒーダ自身が発動した<span style=\"color: rgb(255, 215, 128)\">蘊種印</span>状態にある敵は、下記の効果の影響を受ける。<br>・燃焼、開花、超開花、烈開花反応によるダメージを受けると、一定の確率で会心が発生する。なお会心率は20％、会心ダメージは100％に固定される。<br>・原激化、超激化、または草激化反応を受けた後の8秒間、防御力-30％。",
            "icon_url": "images/characters/dendro_5_catalyst_Nahida/summaryList_2.png",
            "詳細": [
                {
                    "条件": "蘊種印状態の敵",
                    "種類": "燃焼ダメージ会心率",
                    "数値": 20
                },
                {
                    "条件": "蘊種印状態の敵",
                    "種類": "燃焼ダメージ会心ダメージ",
                    "数値": 100
                },
                {
                    "条件": "蘊種印状態の敵",
                    "種類": "開花ダメージ会心率",
                    "数値": 20
                },
                {
                    "条件": "蘊種印状態の敵",
                    "種類": "開花ダメージ会心ダメージ",
                    "数値": 100
                },
                {
                    "条件": "蘊種印状態の敵",
                    "種類": "烈開花ダメージ会心率",
                    "数値": 20
                },
                {
                    "条件": "蘊種印状態の敵",
                    "種類": "烈開花ダメージ会心ダメージ",
                    "数値": 100
                },
                {
                    "条件": "蘊種印状態の敵",
                    "種類": "超開花ダメージ会心率",
                    "数値": 20
                },
                {
                    "条件": "蘊種印状態の敵",
                    "種類": "超開花ダメージ会心ダメージ",
                    "数値": 100
                },
                {
                    "条件": "蘊種印状態の敵&原激化、超激化、草激化反応を受けた敵",
                    "種類": "敵防御力",
                    "数値": -30
                }
            ]
        },
        "3": {
            "名前": "薫習成就の芽",
            "説明": "<span style=\"color: #FFD780\">所聞遍計</span>のスキルLV.+3。<br>最大Lv.+15まで。",
            "icon_url": "images/characters/dendro_5_catalyst_Nahida/summaryList_3.png",
            "詳細": []
        },
        "4": {
            "名前": "比量現行の茎",
            "説明": "近くに<span style=\"color: rgb(255, 215, 128)\">所聞遍計</span>の蘊種印状態にある敵が1/2/3/4体またはそれ以上いる時、ナヒーダの元素熟知が100/120/140/160アップする。",
            "icon_url": "images/characters/dendro_5_catalyst_Nahida/summaryList_4.png",
            "詳細": [
                {
                    "条件": "蘊種印状態の敵=1体",
                    "種類": "元素熟知",
                    "数値": 100
                },
                {
                    "条件": "蘊種印状態の敵=2体",
                    "種類": "元素熟知",
                    "数値": 120
                },
                {
                    "条件": "蘊種印状態の敵=3体",
                    "種類": "元素熟知",
                    "数値": 140
                },
                {
                    "条件": "蘊種印状態の敵=4体以上",
                    "種類": "元素熟知",
                    "数値": 160
                }
            ]
        },
        "5": {
            "名前": "妙諦破愚の葉",
            "説明": "<span style=\"color: rgb(255, 215, 128)\">心景幻成</span>のスキルLV.+3。<br>最大Lv.+15まで。",
            "icon_url": "images/characters/dendro_5_catalyst_Nahida/summaryList_5.png",
            "詳細": []
        },
        "6": {
            "名前": "大辯円成の実",
            "説明": "<span style=\"color: rgb(255, 215, 128)\">心景幻成</span>発動後、ナヒーダの通常攻撃や重撃が<span style=\"color: rgb(255, 215, 128)\">所聞遍計</span>の蘊種印状態の敵に命中すると、該当の敵およびその敵とリンクしているすべての相手に滅浄三業·破業障を発動し、ナヒーダの攻撃力200％と元素熟知400％を基に、<span style=\"color: rgb(153, 255, 136)\">草元素ダメージ</span>を与える。<br>滅浄三業·破業障によるダメージは元素スキルダメージと見なされ、0.2秒ごとに1回のみ発動可能。<br>この効果は最大で10秒間継続でき、ナヒーダが滅浄三業·破業障を6回発動した後に解除される。",
            "icon_url": "images/characters/dendro_5_catalyst_Nahida/summaryList_6.png",
            "詳細": [
                {
                    "名前": "滅浄三業·破業障 ダメージ",
                    "種類": "元素スキルダメージ",
                    "数値": "200%攻撃力+400%元素熟知",
                    "元素": "草"
                }
            ]
        }
    },
    "おすすめセット": [
        {
            "武器": "千夜に浮かぶ夢",
            "聖遺物メイン効果3": "5_元素熟知",
            "聖遺物メイン効果4": "5_草元素ダメージバフ",
            "聖遺物メイン効果5": "5_会心率",
            "聖遺物セット効果1": "金メッキの夢",
            "聖遺物セット効果2": "金メッキの夢",
            "聖遺物優先するサブ効果1": "元素熟知",
            "聖遺物優先するサブ効果2": "会心ダメージ",
            "聖遺物優先するサブ効果3": "会心率"
        },
        {
            "武器": "千夜に浮かぶ夢",
            "聖遺物メイン効果3": "5_元素熟知",
            "聖遺物メイン効果4": "5_元素熟知",
            "聖遺物メイン効果5": "5_会心率",
            "聖遺物セット効果1": "深林の記憶",
            "聖遺物セット効果2": "深林の記憶",
            "聖遺物優先するサブ効果1": "元素熟知",
            "聖遺物優先するサブ効果2": "会心ダメージ",
            "聖遺物優先するサブ効果3": "会心率"
        },
        {
            "武器": "神楽の真意",
            "聖遺物メイン効果3": "5_元素熟知",
            "聖遺物メイン効果4": "5_元素熟知",
            "聖遺物メイン効果5": "5_会心率",
            "聖遺物セット効果1": "金メッキの夢",
            "聖遺物セット効果2": "金メッキの夢",
            "聖遺物優先するサブ効果1": "元素熟知",
            "聖遺物優先するサブ効果2": "会心ダメージ",
            "聖遺物優先するサブ効果3": "会心率"
        },
        {
            "武器": "彷徨える星",
            "聖遺物メイン効果3": "5_元素熟知",
            "聖遺物メイン効果4": "5_元素熟知",
            "聖遺物メイン効果5": "5_会心率",
            "聖遺物セット効果1": "金メッキの夢",
            "聖遺物セット効果2": "金メッキの夢",
            "聖遺物優先するサブ効果1": "元素熟知",
            "聖遺物優先するサブ効果2": "会心ダメージ",
            "聖遺物優先するサブ効果3": "会心率"
        },
        {
            "武器": "彷徨える星",
            "聖遺物メイン効果3": "5_元素熟知",
            "聖遺物メイン効果4": "5_元素熟知",
            "聖遺物メイン効果5": "5_元素熟知",
            "聖遺物セット効果1": "深林の記憶",
            "聖遺物セット効果2": "深林の記憶",
            "聖遺物優先するサブ効果1": "会心率",
            "聖遺物優先するサブ効果2": "会心ダメージ",
            "聖遺物優先するサブ効果3": "元素熟知"
        },
        {
            "武器": "匣中日月",
            "聖遺物メイン効果3": "5_元素熟知",
            "聖遺物メイン効果4": "5_元素熟知",
            "聖遺物メイン効果5": "5_元素熟知",
            "聖遺物セット効果1": "金メッキの夢",
            "聖遺物セット効果2": "金メッキの夢",
            "聖遺物優先するサブ効果1": "会心ダメージ",
            "聖遺物優先するサブ効果2": "会心率",
            "聖遺物優先するサブ効果3": "元素熟知"
        },
        {
            "武器": "匣中日月",
            "聖遺物メイン効果3": "5_元素熟知",
            "聖遺物メイン効果4": "5_元素熟知",
            "聖遺物メイン効果5": "5_元素熟知",
            "聖遺物セット効果1": "深林の記憶",
            "聖遺物セット効果2": "深林の記憶",
            "聖遺物優先するサブ効果1": "会心率",
            "聖遺物優先するサブ効果2": "会心ダメージ",
            "聖遺物優先するサブ効果3": "元素熟知"
        },
        {
            "武器": "祭礼の断片",
            "聖遺物メイン効果3": "5_元素熟知",
            "聖遺物メイン効果4": "5_元素熟知",
            "聖遺物メイン効果5": "5_会心率",
            "聖遺物セット効果1": "金メッキの夢",
            "聖遺物セット効果2": "金メッキの夢",
            "聖遺物優先するサブ効果1": "元素熟知",
            "聖遺物優先するサブ効果2": "会心率",
            "聖遺物優先するサブ効果3": "会心ダメージ"
        },
        {
            "武器": "祭礼の断片",
            "聖遺物メイン効果3": "5_元素熟知",
            "聖遺物メイン効果4": "5_元素熟知",
            "聖遺物メイン効果5": "5_元素熟知",
            "聖遺物セット効果1": "深林の記憶",
            "聖遺物セット効果2": "深林の記憶",
            "聖遺物優先するサブ効果1": "会心率",
            "聖遺物優先するサブ効果2": "会心ダメージ",
            "聖遺物優先するサブ効果3": "元素熟知"
        },
        {
            "武器": "流浪楽章",
            "聖遺物メイン効果3": "5_元素熟知",
            "聖遺物メイン効果4": "5_元素熟知",
            "聖遺物メイン効果5": "5_会心率",
            "聖遺物セット効果1": "金メッキの夢",
            "聖遺物セット効果2": "金メッキの夢",
            "聖遺物優先するサブ効果1": "元素熟知",
            "聖遺物優先するサブ効果2": "会心率",
            "聖遺物優先するサブ効果3": "会心ダメージ"
        },
        {
            "武器": "万国諸海の図譜",
            "聖遺物メイン効果3": "5_元素熟知",
            "聖遺物メイン効果4": "5_元素熟知",
            "聖遺物メイン効果5": "5_元素熟知",
            "聖遺物セット効果1": "金メッキの夢",
            "聖遺物セット効果2": "金メッキの夢",
            "聖遺物優先するサブ効果1": "会心ダメージ",
            "聖遺物優先するサブ効果2": "会心率",
            "聖遺物優先するサブ効果3": "元素熟知"
        },
        {
            "武器": "魔導緒論",
            "聖遺物メイン効果3": "5_元素熟知",
            "聖遺物メイン効果4": "5_元素熟知",
            "聖遺物メイン効果5": "5_元素熟知",
            "聖遺物セット効果1": "金メッキの夢",
            "聖遺物セット効果2": "金メッキの夢",
            "聖遺物優先するサブ効果1": "会心ダメージ",
            "聖遺物優先するサブ効果2": "会心率",
            "聖遺物優先するサブ効果3": "元素熟知"
        }
    ],
    "チームバフ": [
        {
            "条件": "浄善摂受明論",
            "種類": "元素熟知V1",
            "数値": "25%元素熟知TOP",
            "上限": 250
        },
        {
            "条件": "C2 正等善見の根 元素反応",
            "種類": "燃焼ダメージ会心率",
            "数値": 20
        },
        {
            "条件": "C2 正等善見の根 元素反応",
            "種類": "燃焼ダメージ会心ダメージ",
            "数値": 100
        },
        {
            "条件": "C2 正等善見の根 元素反応",
            "種類": "開花ダメージ会心率",
            "数値": 20
        },
        {
            "条件": "C2 正等善見の根 元素反応",
            "種類": "開花ダメージ会心ダメージ",
            "数値": 100
        },
        {
            "条件": "C2 正等善見の根 元素反応",
            "種類": "烈開花ダメージ会心率",
            "数値": 20
        },
        {
            "条件": "C2 正等善見の根 元素反応",
            "種類": "烈開花ダメージ会心ダメージ",
            "数値": 100
        },
        {
            "条件": "C2 正等善見の根 元素反応",
            "種類": "超開花ダメージ会心率",
            "数値": 20
        },
        {
            "条件": "C2 正等善見の根 元素反応",
            "種類": "超開花ダメージ会心ダメージ",
            "数値": 100
        },
        {
            "条件": "C2 正等善見の根 敵防御力",
            "種類": "敵防御力",
            "数値": -30
        }
    ],
    "NEXT STEP": "元素スキル.滅浄三業ダメージ"
}