{
    "名前": "白朮",
    "説明": "薬舗「不卜廬」の店主。「長生」という名の白蛇を体に乗せている。薬に精通しており、いつも深く考えを巡らせているが、他人が彼の思考を読み取ることは難しい。",
    "icon_url": "images/characters/face/dendro_5_catalyst_Baizhu.png",
    "レアリティ": 5,
    "武器": "法器",
    "元素": "草",
    "baseInfo": {
        "和名 / 英名": "白朮 / Baizhu",
        "誕生日": "4月25日",
        "命ノ星座": "懸壺座",
        "称号": "遵生合和",
        "神の目": "草",
        "所属": "不卜盧",
        "中国語 CV": "秦且歌 &amp; 王晓彤",
        "英語 CV": "Sean Durrie &amp; Xanthe Huynh",
        "日本語 CV": "遊佐浩二 &amp; 庄子裕衣",
        "韓国語 CV": "이호산 &amp; 장미"
    },
    "region": "璃月港",
    "ステータス": {
        "基礎HP": {
            "1+": 1039,
            "20": 2695,
            "20+": 3586,
            "40": 5366,
            "40+": 5999,
            "50": 6902,
            "50+": 7747,
            "60": 8659,
            "60+": 9292,
            "70": 10213,
            "70+": 10846,
            "80": 11777,
            "80+": 12410,
            "90": 13348
        },
        "基礎攻撃力": {
            "1+": 15,
            "20": 39,
            "20+": 52,
            "40": 78,
            "40+": 87,
            "50": 100,
            "50+": 112,
            "60": 125,
            "60+": 134,
            "70": 148,
            "70+": 157,
            "80": 170,
            "80+": 179,
            "90": 193
        },
        "基礎防御力": {
            "1+": 39,
            "20": 101,
            "20+": 134,
            "40": 201,
            "40+": 225,
            "50": 258,
            "50+": 290,
            "60": 324,
            "60+": 348,
            "70": 382,
            "70+": 406,
            "80": 441,
            "80+": 464,
            "90": 500
        },
        "HP%": {
            "1+": 0.0,
            "20": 0.0,
            "20+": 0.0,
            "40": 0.0,
            "40+": 7.2,
            "50": 7.2,
            "50+": 14.4,
            "60": 14.4,
            "60+": 14.4,
            "70": 14.4,
            "70+": 21.6,
            "80": 21.6,
            "80+": 28.8,
            "90": 28.8
        }
    },
    "通常攻撃": {
        "名前": "通常攻撃·金匱鍼解",
        "説明": "<span style=\"color: #FFD780\">通常攻撃</span><br>前方に最大4段の連続攻撃を行い、<span style=\"color: #99FF88\">草元素ダメージ</span>を与える。<br><br><span style=\"color: #FFD780\">重撃</span><br>一定のスタミナを消費し、短い詠唱をした後、前方のエリアに<span style=\"color: #99FF88\">草元素範囲ダメージ</span>を与える。<br><br><span style=\"color: #FFD780\">落下攻撃</span><br>空中から草元素の力を凝集させながら落下し、地面に衝撃を与える。経路上の敵を攻撃し、落下時に<span style=\"color: #99FF88\">草元素範囲ダメージ</span>を与える。",
        "icon_url": "images/characters/dendro_5_catalyst_Baizhu/talent_1.png",
        "詳細": [
            {
                "名前": "1段ダメージ",
                "数値": {
                    "1": "37.4%",
                    "2": "40.2%",
                    "3": "43.0%",
                    "4": "46.7%",
                    "5": "49.5%",
                    "6": "52.3%",
                    "7": "56.1%",
                    "8": "59.8%",
                    "9": "63.5%",
                    "10": "67.3%",
                    "11": "71.0%"
                }
            },
            {
                "名前": "2段ダメージ",
                "数値": {
                    "1": "36.4%",
                    "2": "39.2%",
                    "3": "41.9%",
                    "4": "45.5%",
                    "5": "48.3%",
                    "6": "51.0%",
                    "7": "54.6%",
                    "8": "58.3%",
                    "9": "61.9%",
                    "10": "65.6%",
                    "11": "69.2%"
                }
            },
            {
                "名前": "3段ダメージ",
                "数値": {
                    "1": "22.5%*2",
                    "2": "24.2%*2",
                    "3": "25.9%*2",
                    "4": "28.2%*2",
                    "5": "29.9%*2",
                    "6": "31.6%*2",
                    "7": "33.8%*2",
                    "8": "36.1%*2",
                    "9": "38.3%*2",
                    "10": "40.6%*2",
                    "11": "42.8%*2"
                },
                "HIT数": 2
            },
            {
                "名前": "4段ダメージ",
                "数値": {
                    "1": "54.1%",
                    "2": "58.2%",
                    "3": "62.3%",
                    "4": "67.7%",
                    "5": "71.7%",
                    "6": "75.8%",
                    "7": "81.2%",
                    "8": "86.6%",
                    "9": "92.0%",
                    "10": "97.4%",
                    "11": "102.9%"
                }
            }
        ]
    },
    "重撃": {
        "詳細": [
            {
                "名前": "重撃ダメージ",
                "数値": {
                    "1": "121.0%",
                    "2": "130.1%",
                    "3": "139.2%",
                    "4": "151.3%",
                    "5": "160.4%",
                    "6": "169.5%",
                    "7": "181.6%",
                    "8": "193.7%",
                    "9": "205.8%",
                    "10": "217.9%",
                    "11": "230.0%"
                }
            }
        ]
    },
    "落下攻撃": {
        "詳細": [
            {
                "名前": "落下期間のダメージ",
                "種類": "落下攻撃ダメージ",
                "数値": {
                    "1": "56.8%",
                    "2": "61.5%",
                    "3": "66.1%",
                    "4": "72.7%",
                    "5": "77.3%",
                    "6": "82.6%",
                    "7": "89.9%",
                    "8": "97.1%",
                    "9": "104.4%",
                    "10": "112.3%",
                    "11": "120.3%"
                }
            },
            {
                "名前": "低空/高空落下攻撃ダメージ",
                "種類": "落下攻撃ダメージ",
                "数値": {
                    "1": "114%",
                    "2": "123%",
                    "3": "132%",
                    "4": "145%",
                    "5": "155%",
                    "6": "165%",
                    "7": "180%",
                    "8": "194%",
                    "9": "209%",
                    "10": "225%",
                    "11": "240%"
                }
            },
            {
                "名前": "低空/高空落下攻撃ダメージ",
                "種類": "落下攻撃ダメージ",
                "数値": {
                    "1": "142%",
                    "2": "153%",
                    "3": "165%",
                    "4": "182%",
                    "5": "193%",
                    "6": "206%",
                    "7": "224%",
                    "8": "243%",
                    "9": "261%",
                    "10": "281%",
                    "11": "300%"
                }
            }
        ]
    },
    "元素スキル": {
        "名前": "太素診要",
        "説明": "遊糸徴霊を使役して近くの敵の間を駆け巡らせ、<span style=\"color: #99FF88\">草元素ダメージ</span>を与える。<br>最大3回の攻撃を行った後、または近くに敵がいない場合、遊糸徴霊は戻って周囲チーム全員のHPを回復する。回復量は白朮のHP上限によって決まる。<br><br><em>医者は虚実を見極められるが故に、「内なる精神を診て、病状が出る前に取り除く」ことができるのです。</em>",
        "icon_url": "images/characters/dendro_5_catalyst_Baizhu/talent_2.png",
        "詳細": [
            {
                "名前": "スキルダメージ",
                "数値": {
                    "1": "79.2%",
                    "2": "85.1%",
                    "3": "91.1%",
                    "4": "99.0%",
                    "5": "104.9%",
                    "6": "110.9%",
                    "7": "118.8%",
                    "8": "126.7%",
                    "9": "134.6%",
                    "10": "142.6%",
                    "11": "150.5%",
                    "12": "158.4%",
                    "13": "168.3%"
                }
            },
            {
                "名前": "回復量",
                "種類": "HP回復",
                "数値": {
                    "1": "8.00%HP上限+770",
                    "2": "8.60%HP上限+847",
                    "3": "9.20%HP上限+931",
                    "4": "10.00%HP上限+1021",
                    "5": "10.60%HP上限+1117",
                    "6": "11.20%HP上限+1220",
                    "7": "12.00%HP上限+1329",
                    "8": "12.80%HP上限+1445",
                    "9": "13.60%HP上限+1567",
                    "10": "14.40%HP上限+1695",
                    "11": "15.20%HP上限+1830",
                    "12": "16.00%HP上限+1971",
                    "13": "17.00%HP上限+2119"
                }
            }
        ],
        "クールタイム": 10.0
    },
    "元素爆発": {
        "名前": "癒気全形論",
        "説明": "脈象宣明状態に入り、<span style=\"color: rgb(153, 255, 136)\">草元素ダメージ</span>に対して250%の吸収効果を持つ無隙シールドを生成する。<br>脈象宣明状態にある時、2.5秒ごとに新たな無隙シールドを生成する。<br><br>無隙シールドは、以下のいずれかの状態にある時、フィールド上の自身のキャラクターのHPを回復する。この回復量は白朮のHP上限によって決まる。また、霊気脈を発動して敵を攻撃し、<span style=\"color: #99FF88\">草元素ダメージ</span>を与える。<br>・キャラクターが無隙シールド状態にあり、新たな無隙シールドが生成された時。<br>・無隙シールドの効果終了時、またはシールドがダメージを受けて破壊された時。<br><br><em>天地の摂理に任せ、気を以って身を守り、精神を落ち着かせれば…健康は自ずと保たれるでしょう。</em>",
        "icon_url": "images/characters/dendro_5_catalyst_Baizhu/talent_3.png",
        "詳細": [
            {
                "名前": "無隙シールド吸収量",
                "種類": "シールド",
                "数値": {
                    "1": "0.80%HP上限+77",
                    "2": "0.86%HP上限+85",
                    "3": "0.92%HP上限+93",
                    "4": "1.00%HP上限+102",
                    "5": "1.06%HP上限+112",
                    "6": "1.12%HP上限+122",
                    "7": "1.20%HP上限+133",
                    "8": "1.28%HP上限+144",
                    "9": "1.36%HP上限+157",
                    "10": "1.44%HP上限+169",
                    "11": "1.52%HP上限+183",
                    "12": "1.60%HP上限+197",
                    "13": "1.70%HP上限+212"
                }
            },
            {
                "名前": "無隙シールド回復量",
                "種類": "HP回復",
                "数値": {
                    "1": "5.20%HP上限+501",
                    "2": "5.59%HP上限+551",
                    "3": "5.98%HP上限+605",
                    "4": "6.50%HP上限+664",
                    "5": "6.89%HP上限+726",
                    "6": "7.28%HP上限+793",
                    "7": "7.80%HP上限+864",
                    "8": "8.32%HP上限+939",
                    "9": "8.84%HP上限+1018",
                    "10": "9.36%HP上限+1102",
                    "11": "9.88%HP上限+1189",
                    "12": "10.40%HP上限+1281",
                    "13": "11.05%HP上限+1377"
                }
            },
            {
                "名前": "霊気脈のスキルダメージ",
                "数値": {
                    "1": "97.1%",
                    "2": "104.3%",
                    "3": "111.6%",
                    "4": "121.3%",
                    "5": "128.6%",
                    "6": "135.9%",
                    "7": "145.6%",
                    "8": "155.3%",
                    "9": "165.0%",
                    "10": "174.7%",
                    "11": "184.4%",
                    "12": "194.1%",
                    "13": "206.3%"
                }
            }
        ],
        "無隙シールドの継続時間": 2.5,
        "脈象宣明の継続時間": 14.0,
        "クールタイム": 20.0,
        "元素エネルギー": 80
    },
    "固有天賦": [
        {
            "名前": "五運終天",
            "説明": "フィールド上にいるチーム内の自身のキャラクターのHPに応じて、白朮は異なる効果を得る。<br>・HPが50%未満の時、白朮の与える治療効果+20%。<br>・HPが50%以上の時、白朮の<span style=\"color: #99FF88\">草元素ダメージ</span>+25%。",
            "icon_url": "images/characters/dendro_5_catalyst_Baizhu/talent_4.png",
            "詳細": [
                {
                    "条件": "HP50%未満^HP50%以上",
                    "種類": "与える治療効果",
                    "数値": 20
                },
                {
                    "条件": "HP50%以上^HP50%未満",
                    "種類": "草元素ダメージバフ",
                    "数値": 25
                }
            ]
        },
        {
            "名前": "地に在りて形を成す",
            "説明": "<span style=\"color: #FFD780\">無隙シールド</span>の治療効果を受けたキャラクターは、「木運の歳」の効果を得られる。白朮のHP上限のうち50000以下の部分をもとに、1000毎に該当キャラクターが起こした燃焼、開花、超開花、烈開花反応によるダメージ+2%、超激化、草激化反応によるダメージ+0.8%、継続時間6秒。",
            "icon_url": "images/characters/dendro_5_catalyst_Baizhu/talent_5.png",
            "詳細": [
                {
                    "条件": "木運の歳",
                    "種類": "燃焼反応ボーナス",
                    "数値": "0.002*HP上限",
                    "上限": 100
                },
                {
                    "条件": "木運の歳",
                    "種類": "開花反応ボーナス",
                    "数値": "0.002*HP上限",
                    "上限": 100
                },
                {
                    "条件": "木運の歳",
                    "種類": "超開花反応ボーナス",
                    "数値": "0.002*HP上限",
                    "上限": 100
                },
                {
                    "条件": "木運の歳",
                    "種類": "烈開花反応ボーナス",
                    "数値": "0.002*HP上限",
                    "上限": 100
                },
                {
                    "条件": "木運の歳",
                    "種類": "超激化反応ボーナス",
                    "数値": "0.0008*HP上限",
                    "上限": 40
                },
                {
                    "条件": "木運の歳",
                    "種類": "草激化反応ボーナス",
                    "数値": "0.0008*HP上限",
                    "上限": 40
                }
            ]
        },
        {
            "名前": "草木の滋養",
            "説明": "白朮がチームにいる時、一部の採集物を採取すると、フィールド上にいるチーム内の自身のキャラクターのHPが回復する。回復量は白朮のHP上限の2.5%に相当する。",
            "icon_url": "images/characters/dendro_5_catalyst_Baizhu/talent_6.png",
            "詳細": [
                {
                    "名前": "草木の滋養 回復量",
                    "種類": "HP回復",
                    "数値": "2.5%HP上限"
                }
            ]
        }
    ],
    "命ノ星座": {
        "1": {
            "名前": "至微呻吟",
            "説明": "<span style=\"color: #FFD780\">太素診要</span>の使用可能回数+1。",
            "icon_url": "images/characters/dendro_5_catalyst_Baizhu/summaryList_1.png",
            "詳細": []
        },
        "2": {
            "名前": "脈絡明哲",
            "説明": "フィールド上にいるチーム内の自身のキャラクターの攻撃が近くの敵に命中した時、白朮は遊糸徴霊·切を発動する。<br>遊糸徴霊·切は1回のみ攻撃を行ってから戻り、白朮の攻撃力250%の<span style=\"color: #99FF88\">草元素ダメージ</span>を与え、さらに<span style=\"color: #FFD780\">太素診要</span>の遊糸徴霊による回復量の20%分のHPを回復する。<br>これによるダメージは元素スキルダメージと見なされる。<br>5秒毎に1回のみ発動可能。",
            "icon_url": "images/characters/dendro_5_catalyst_Baizhu/summaryList_2.png",
            "詳細": [
                {
                    "名前": "遊糸徴霊·切 ダメージ",
                    "種類": "元素スキルダメージ",
                    "数値": "250%攻撃力",
                    "元素": "草"
                },
                {
                    "名前": "遊糸徴霊·切 回復量",
                    "種類": "HP回復",
                    "数値": "0.2*元素スキル#回復量"
                }
            ]
        },
        "3": {
            "名前": "八正之気",
            "説明": "<span style=\"color: #FFD780\">癒気全形論</span>のスキルLv.+3。<br>最大Lv.15まで。",
            "icon_url": "images/characters/dendro_5_catalyst_Baizhu/summaryList_3.png",
            "詳細": []
        },
        "4": {
            "名前": "古法故視",
            "説明": "<span style=\"color: #FFD780\">癒気全形論</span>を発動した後の15秒間、周囲チーム全員の元素熟知+80。",
            "icon_url": "images/characters/dendro_5_catalyst_Baizhu/summaryList_4.png",
            "詳細": [
                {
                    "条件": "古法故視",
                    "種類": "元素熟知",
                    "数値": 80
                }
            ]
        },
        "5": {
            "名前": "盈虚蔵象",
            "説明": "<span style=\"color: #FFD780\">太素診要</span>のスキルLv.+3。<br>最大Lv.15まで。",
            "icon_url": "images/characters/dendro_5_catalyst_Baizhu/summaryList_5.png",
            "詳細": []
        },
        "6": {
            "名前": "真邪離合",
            "説明": "<span style=\"color: #FFD780\">癒気全形論</span>の霊気脈のダメージ量が、白朮のHP上限の8%分アップする。<br>また、<span style=\"color: #FFD780\">遊糸徴霊</span>あるいは遊糸徴霊·切が敵に命中した時、100%の確率で<span style=\"color: #FFD780\">癒気全形論</span>の無隙シールドを生成する。この効果は遊糸徴霊あるいは遊糸徴霊·切1体につき、1回のみ発動可能。",
            "icon_url": "images/characters/dendro_5_catalyst_Baizhu/summaryList_6.png",
            "詳細": [
                {
                    "種類": "元素爆発ダメージアップ",
                    "数値": "8%HP上限"
                }
            ]
        }
    },
    "オプション初期値": {
        "HP50%以上": true
    },
    "チームバフ": [
        {
            "条件": "木運の歳",
            "種類": "燃焼反応ボーナス",
            "数値": "0.002*HP上限",
            "上限": 100
        },
        {
            "条件": "木運の歳",
            "種類": "開花反応ボーナス",
            "数値": "0.002*HP上限",
            "上限": 100
        },
        {
            "条件": "木運の歳",
            "種類": "超開花反応ボーナス",
            "数値": "0.002*HP上限",
            "上限": 100
        },
        {
            "条件": "木運の歳",
            "種類": "烈開花反応ボーナス",
            "数値": "0.002*HP上限",
            "上限": 100
        },
        {
            "条件": "木運の歳",
            "種類": "超激化反応ボーナス",
            "数値": "0.0008*HP上限",
            "上限": 40
        },
        {
            "条件": "木運の歳",
            "種類": "草激化反応ボーナス",
            "数値": "0.0008*HP上限",
            "上限": 40
        },
        {
            "条件": "C4 古法故視",
            "種類": "元素熟知",
            "数値": 80
        }
    ],
    "おすすめセット": [
        {
            "武器": "碧落の瓏",
            "聖遺物メイン効果3": "5_HP%",
            "聖遺物メイン効果4": "5_HP%",
            "聖遺物メイン効果5": "5_HP%",
            "聖遺物セット効果1": "深林の記憶",
            "聖遺物セット効果2": "深林の記憶",
            "聖遺物優先するサブ効果1": "元素チャージ効率",
            "聖遺物優先するサブ効果2": "元素熟知",
            "聖遺物優先するサブ効果3": "HP%"
        },
        {
            "武器": "金珀·試作",
            "聖遺物メイン効果3": "5_HP%",
            "聖遺物メイン効果4": "5_HP%",
            "聖遺物メイン効果5": "5_HP%",
            "聖遺物セット効果1": "深林の記憶",
            "聖遺物セット効果2": "深林の記憶",
            "聖遺物優先するサブ効果1": "元素チャージ効率",
            "聖遺物優先するサブ効果2": "元素熟知",
            "聖遺物優先するサブ効果3": "HP%"
        },
        {
            "武器": "龍殺しの英傑譚",
            "聖遺物メイン効果3": "5_HP%",
            "聖遺物メイン効果4": "5_HP%",
            "聖遺物メイン効果5": "5_HP%",
            "聖遺物セット効果1": "深林の記憶",
            "聖遺物セット効果2": "深林の記憶",
            "聖遺物優先するサブ効果1": "元素チャージ効率",
            "聖遺物優先するサブ効果2": "元素熟知",
            "聖遺物優先するサブ効果3": "HP%"
        }
    ]
}