{
    "名前": "ヨォーヨ",
    "説明": "歌塵浪市真君のもっとも幼い弟子。優しくて思いやりのある「おませさん」。",
    "icon_url": "images/characters/face/dendro_4_polearm_Yaoyao.png",
    "レアリティ": 4,
    "武器": "長柄武器",
    "元素": "草",
    "baseInfo": {
        "名称": "ヨォーヨ",
        "誕生日": "3月6日",
        "命ノ星座": "木犀座",
        "称号": "仙蕊玲瓏",
        "神の目": "草",
        "所属": "歌塵浪市真君洞天",
        "中国語 CV": "<span style=\"color: rgb(220, 221, 222)\">刘颐诺</span>",
        "英語 CV": "<span style=\"color: rgb(220, 221, 222)\">Kelsey Jaffer</span>",
        "日本語 CV": "<span style=\"color: rgb(220, 221, 222)\">門脇舞似</span>",
        "韓国語 CV": "<span style=\"color: rgb(220, 221, 222)\">유혜지</span>"
    },
    "region": "璃月港",
    "ステータス": {
        "基礎HP": {
            "1+": 1030,
            "20": 2647,
            "20+": 3417,
            "40": 5118,
            "40+": 5665,
            "50": 6516,
            "50+": 7245,
            "60": 8096,
            "60+": 8643,
            "70": 9493,
            "70+": 10040,
            "80": 10891,
            "80+": 11438,
            "90": 12289
        },
        "基礎攻撃力": {
            "1+": 18,
            "20": 46,
            "20+": 59,
            "40": 89,
            "40+": 98,
            "50": 113,
            "50+": 125,
            "60": 140,
            "60+": 150,
            "70": 164,
            "70+": 174,
            "80": 188,
            "80+": 198,
            "90": 213
        },
        "基礎防御力": {
            "1+": 63,
            "20": 162,
            "20+": 209,
            "40": 313,
            "40+": 346,
            "50": 398,
            "50+": 443,
            "60": 495,
            "60+": 528,
            "70": 580,
            "70+": 613,
            "80": 665,
            "80+": 699,
            "90": 751
        },
        "HP%": {
            "1+": 0.0,
            "20": 0.0,
            "20+": 0.0,
            "40": 0.0,
            "40+": 6.0,
            "50": 6.0,
            "50+": 12.0,
            "60": 12.0,
            "60+": 12.0,
            "70": 12.0,
            "70+": 18.0,
            "80": 18.0,
            "80+": 24.0,
            "90": 24.0
        }
    },
    "通常攻撃": {
        "名前": "通常攻撃·顛撲連擊槍",
        "説明": "<span style=\"color: #FFD780\">通常攻擊</span><br>槍による最大4段の連続攻撃を行う。<br><br><span style=\"color: #FFD780\">重擊</span><br>一定のスタミナを消費して前方に突進し、経路上の敵にダメージを与える。<br><br><span style=\"color: #FFD780\">落下攻擊</span><br>空中から落下し地面に衝撃を与える。経路上の敵を攻撃し、落下時に範囲ダメージを与える。",
        "icon_url": "images/characters/dendro_4_polearm_Yaoyao/talent_1.png",
        "詳細": [
            {
                "名前": "1段ダメージ",
                "数値": {
                    "1": "51.0%",
                    "2": "55.2%",
                    "3": "59.3%",
                    "4": "65.2%",
                    "5": "69.4%",
                    "6": "74.1%",
                    "7": "80.7%",
                    "8": "87.2%",
                    "9": "93.7%",
                    "10": "100.8%",
                    "11": "107.9%"
                }
            },
            {
                "名前": "2段ダメージ",
                "数値": {
                    "1": "47.4%",
                    "2": "51.3%",
                    "3": "55.2%",
                    "4": "60.7%",
                    "5": "64.5%",
                    "6": "69.0%",
                    "7": "75.0%",
                    "8": "81.1%",
                    "9": "87.2%",
                    "10": "93.8%",
                    "11": "100.4%"
                }
            },
            {
                "名前": "3段ダメージ",
                "数値": {
                    "1": "31.4%+32.9%",
                    "2": "33.9%+35.6%",
                    "3": "36.5%+38.3%",
                    "4": "40.1%+42.1%",
                    "5": "42.7%+44.8%",
                    "6": "45.6%+47.9%",
                    "7": "49.6%+52.1%",
                    "8": "53.6%+56.3%",
                    "9": "57.6%+60.5%",
                    "10": "62.0%+65.1%",
                    "11": "66.4%+69.7%"
                },
                "HIT数": 2
            },
            {
                "名前": "4段ダメージ",
                "数値": {
                    "1": "77.9%",
                    "2": "84.3%",
                    "3": "90.6%",
                    "4": "99.7%",
                    "5": "106.0%",
                    "6": "113.3%",
                    "7": "123.2%",
                    "8": "133.2%",
                    "9": "143.2%",
                    "10": "154.1%",
                    "11": "164.9%"
                }
            }
        ]
    },
    "重撃": {
        "詳細": [
            {
                "名前": "重撃ダメージ",
                "数値": {
                    "1": "112.7%",
                    "2": "121.8%",
                    "3": "131.0%",
                    "4": "144.1%",
                    "5": "153.3%",
                    "6": "163.8%",
                    "7": "178.2%",
                    "8": "192.6%",
                    "9": "207.0%",
                    "10": "222.7%",
                    "11": "238.4%"
                }
            }
        ]
    },
    "落下攻撃": {
        "詳細": [
            {
                "名前": "落下期間のダメージ",
                "数値": {
                    "1": "63.9%",
                    "2": "69.1%",
                    "3": "74.3%",
                    "4": "81.8%",
                    "5": "87.0%",
                    "6": "92.9%",
                    "7": "101.1%",
                    "8": "109.3%",
                    "9": "117.5%",
                    "10": "126.4%",
                    "11": "135.3%"
                }
            },
            {
                "名前": "低空/高空落下攻撃ダメージ",
                "種類": "落下攻撃ダメージ",
                "数値": {
                    "1": "127.84%",
                    "2": "138.24%",
                    "3": "148.65%",
                    "4": "163.51%",
                    "5": "173.92%",
                    "6": "185.81%",
                    "7": "202.16%",
                    "8": "218.51%",
                    "9": "234.86%",
                    "10": "252.7%",
                    "11": "270.54%"
                }
            },
            {
                "名前": "低空/高空落下攻撃ダメージ",
                "種類": "落下攻撃ダメージ",
                "数値": {
                    "1": "159.68%",
                    "2": "172.67%",
                    "3": "185.67%",
                    "4": "204.24%",
                    "5": "217.23%",
                    "6": "232.09%",
                    "7": "253.51%",
                    "8": "272.93%",
                    "9": "293.36%",
                    "10": "315.64%",
                    "11": "337.92%"
                }
            }
        ]
    },
    "元素スキル": {
        "名前": "祥雲団々落清白",
        "説明": "とある仙人特製の仕掛け——「月桂·投擲型」を出撃させて、ヨォーヨの悩みを解消してもらう。<br>長押しによって攻撃方法が変わる。<br><br><span style=\"color: rgb(255, 215, 128)\">長押し</span><br>照準モードに入り、投擲方向を調整する。<br><br><span style=\"color: rgb(255, 215, 128)\">月桂·投擲型</span><br>白玉大根を投げて、キャラクターまたは敵に命中すると爆発し、一定範囲内の敵に<span style=\"color: rgb(153, 255, 136)\">草元素ダメージ</span>を与える。同時に、その範囲内にいるキャラクターのHPを回復する、回復量はヨォーヨのHP上限によって決まる。敵およびキャラクターに命中しなかった場合、白玉大根は命中した位置に残り、キャラクターまたは敵に触れた時、あるいは継続時間終了時に爆発する。<br>月桂·投擲型は近くの状況に応じて、白玉大根の投擲目標を選択する。<br>・周囲のキャラクター全員のHPが70%を超えている場合、近くの敵1体に向けて投擲する。<br>・周囲にHP70%以下のキャラクターがいる場合、最もHPの低いキャラクターに向けて投擲する。周囲に敵が存在せず、かつ周囲のキャラクター全員のHPが70%を超えており100%未満の場合、キャラクターに向けて投擲する。そうでない場合、周囲に向けてランダムに投擲する。<br><br>月桂·投擲型は同時に最大2体まで存在可能。<br><br><em>「大根が市場に出回って、医者いらず！あっ、大根がなんでも治せるってわけじゃないの。でも、たくさん食べたほうがいいのは確かだよ！」</em>",
        "icon_url": "images/characters/dendro_4_polearm_Yaoyao/talent_2.png",
        "詳細": [
            {
                "名前": "白玉大根のダメージ",
                "数値": {
                    "1": "29.9%",
                    "2": "32.2%",
                    "3": "34.4%",
                    "4": "37.4%",
                    "5": "39.6%",
                    "6": "41.9%",
                    "7": "44.9%",
                    "8": "47.9%",
                    "9": "50.9%",
                    "10": "53.9%",
                    "11": "56.8%",
                    "12": "59.8%",
                    "13": "63.6%"
                }
            },
            {
                "名前": "白玉大根の回復量",
                "種類": "HP回復",
                "数値": {
                    "1": "1.71%HP上限+165",
                    "2": "1.84%HP上限+182",
                    "3": "1.97%HP上限+199",
                    "4": "2.14%HP上限+219",
                    "5": "2.27%HP上限+239",
                    "6": "2.40%HP上限+261",
                    "7": "2.57%HP上限+285",
                    "8": "2.74%HP上限+310",
                    "9": "2.91%HP上限+336",
                    "10": "3.09%HP上限+363",
                    "11": "3.26%HP上限+392",
                    "12": "3.43%HP上限+422",
                    "13": "3.64%HP上限+454"
                }
            },
            {
                "条件": "命ノ星座@6",
                "名前": "超スゴイ！大根のダメージ",
                "数値": "75%"
            },
            {
                "条件": "命ノ星座@6",
                "名前": "超スゴイ！大根の回復量",
                "種類": "HP回復",
                "数値": "7.5%HP上限"
            }
        ],
        "月桂・投擲型の継続時間": 5,
        "クールタイム": 15
    },
    "元素爆発": {
        "名前": "玉颗珊々月中落",
        "説明": "とある仙人の言いつけに従い、緊急時に月桂の潜在能力をすべて解放し、周囲の敵に<span style=\"color: rgb(153, 255, 136)\">草元素ダメージ</span>を与え、向かうところ敵なし（ある意味）の「桂子仙機」状態に入る。<br><br><span style=\"color: rgb(255, 215, 128)\">桂子仙機</span><br>・生成された白玉大根の与えるダメージ及び回復量が、このスキルのステータス詳細を参照するようになる。爆発時に周囲チーム全員のHPを回復し、与える<span style=\"color: rgb(153, 255, 136)\">草元素ダメージ</span>が元素爆発ダメージと見なされるようになる。<br>・最大数に達するまで、周期的に「月桂·跳躍型」を召喚する。月桂·跳躍型は元素スキル「雲閣団々降清白」によって召喚された月桂·投擲型と同じ行動パターンを持つ。月桂·跳躍型は同時に最大3体まで存在可能。<br>・ヨォーヨの移動速度+15%。<br>・ヨォーヨの<span style=\"color: rgb(153, 255, 136)\">草元素耐性</span>を上昇させる。<br><br>桂子仙機状態は退場時に解除される。桂子仙機状態終了時、残っている月桂·跳躍型はクリアされる。<br><br><em>「この子とその子、どっちが月桂か分からない？変なの、ここにいるみんなが月桂なんだよ！」</em>",
        "icon_url": "images/characters/dendro_4_polearm_Yaoyao/talent_3.png",
        "詳細": [
            {
                "名前": "スキルダメージ",
                "数値": {
                    "1": "114.6%",
                    "2": "123.2%",
                    "3": "131.7%",
                    "4": "143.2%",
                    "5": "151.8%",
                    "6": "160.4%",
                    "7": "171.8%",
                    "8": "183.3%",
                    "9": "194.8%",
                    "10": "206.2%",
                    "11": "217.7%",
                    "12": "229.1%",
                    "13": "243.4%"
                }
            },
            {
                "名前": "桂子仙機白玉大根のダメージ",
                "数値": {
                    "1": "72.2%",
                    "2": "77.6%",
                    "3": "83.0%",
                    "4": "90.2%",
                    "5": "95.6%",
                    "6": "101.0%",
                    "7": "108.2%",
                    "8": "115.5%",
                    "9": "122.7%",
                    "10": "129.9%",
                    "11": "137.1%",
                    "12": "144.3%",
                    "13": "153.3%"
                }
            },
            {
                "名前": "桂子仙機白玉大根の回復量",
                "種類": "HP回復",
                "数値": {
                    "1": "2.02%HP上限+194",
                    "2": "2.17%HP上限+214",
                    "3": "2.32%HP上限+235",
                    "4": "2.52%HP上限+257",
                    "5": "2.67%HP上限+282",
                    "6": "2.82%HP上限+308",
                    "7": "3.03%HP上限+335",
                    "8": "3.23%HP上限+364",
                    "9": "3.43%HP上限+395",
                    "10": "3.63%HP上限+427",
                    "11": "3.83%HP上限+461",
                    "12": "4.03%HP上限+497",
                    "13": "4.29%HP上限+534"
                }
            },
            {
                "条件": "桂子仙機",
                "名前": "草元素耐性アップ",
                "種類": "草元素耐性",
                "数値": 50
            }
        ],
        "桂子仙機の継続時間": 5.0,
        "クールタイム": 20.0,
        "元素エネルギー": 80
    },
    "固有天賦": [
        {
            "名前": "天星零落",
            "説明": "<span style=\"color: #FFD780\">玉顆珊珊月中落</span>の桂子仙機状態中、ヨォーヨがダッシュ、ジャンプ、またはダッシュしたままの状態にある時、近くの敵に白玉大根を投げ続ける。この方法で投げられる白玉大根は0.6秒毎に1本のみ。",
            "icon_url": "images/characters/dendro_4_polearm_Yaoyao/talent_4.png",
            "詳細": []
        },
        {
            "名前": "先意承問",
            "説明": "<span style=\"color: #FFD780\">白玉大根</span>爆発時、影響範囲内にいるフィールド上キャラクターは1秒毎に1度だけHPを回復する。回復量はヨォーヨのHP上限の0.8%に相当する、継続時間5秒。",
            "icon_url": "images/characters/dendro_4_polearm_Yaoyao/talent_5.png",
            "詳細": [
                {
                    "名前": "先意承問 回復量",
                    "種類": "HP回復",
                    "数値": "0.8%HP上限"
                }
            ]
        },
        {
            "名前": "爪立ち·躡景足跡",
            "説明": "チーム内にヨォーヨがいる時、チーム内の自身のキャラクターが晶蝶などの一部生物に近づいても気付かれなくなる。<br>効果のある生物は図鑑の「生物誌-野生生物」の「その他」分類から確認できる。",
            "icon_url": "images/characters/dendro_4_polearm_Yaoyao/talent_6.png",
            "詳細": []
        }
    ],
    "命ノ星座": {
        "1": {
            "名前": "瑶閣賜物",
            "説明": "<span style=\"color: #FFD780\">白玉大根</span>爆発時、影響範囲内にいるフィールド上キャラクターの<span style=\"color: #99FF88\">草元素ダメージ</span>+15%、継続時間8秒。また、スタミナを15ポイント回復する。この方法によるスタミナの回復は、5秒毎に1回のみ可能。",
            "icon_url": "images/characters/dendro_4_polearm_Yaoyao/summaryList_1.png",
            "詳細": [
                {
                    "条件": "瑶閣賜物",
                    "種類": "草元素ダメージバフ",
                    "数値": 15
                }
            ]
        },
        "2": {
            "名前": "正思無邪",
            "説明": "<span style=\"color: rgb(255, 215, 128)\">玉颗珊々月中落</span>の桂子仙機状態にある時、白玉大根の爆発が敵に命中すると、ヨォーヨの元素エネルギーを3ポイント回復する。この方法による元素エネルギーの回復は、0.8秒毎に1回のみ可能。",
            "icon_url": "images/characters/dendro_4_polearm_Yaoyao/summaryList_2.png",
            "詳細": []
        },
        "3": {
            "名前": "懇々善道",
            "説明": "<span style=\"color: rgb(255, 215, 128)\">祥雲団々落清白</span>のスキルLv.+3。<br>最大Lv.15まで。",
            "icon_url": "images/characters/dendro_4_polearm_Yaoyao/summaryList_3.png",
            "詳細": []
        },
        "4": {
            "名前": "愛嬌悠々",
            "説明": "<span style=\"color: rgb(255, 215, 128)\">祥雲団々落清白</span>、または<span style=\"color: rgb(255, 215, 128)\">玉颗珊々月中落</span>を発動後、ヨォーヨのHP上限の0.3%を基にヨォーヨの元素熟知をアップする、継続時間8秒。この方法でアップできる元素熱知は最大120までとなる。",
            "icon_url": "images/characters/dendro_4_polearm_Yaoyao/summaryList_4.png",
            "詳細": [
                {
                    "名前": "愛嬌悠々",
                    "種類": "元素熟知",
                    "数値": "0.3%HP上限",
                    "上限": 120
                }
            ]
        },
        "5": {
            "名前": "惻隠本義",
            "説明": "<span style=\"color: rgb(255, 215, 128)\">玉颗珊々月中落</span>のスキルLv.+3。<br>最大Lv.15まで。",
            "icon_url": "images/characters/dendro_4_polearm_Yaoyao/summaryList_5.png",
            "詳細": []
        },
        "6": {
            "名前": "慈恵仁心",
            "説明": "<span style=\"color: rgb(255, 215, 128)\">月桂·投擲型</span>が白玉大根を2回投げるたびに、次の投擲で「超スゴイ！大根」を追加で1本投げる。白玉大根と比べて、「超スゴイ！大根」は爆発時により広い影響範囲を持つ。また爆発時に以下の効果を発動する。<br>・ヨォーヨの攻撃力の75%を基準に、<span style=\"color: rgb(153, 255, 136)\">草元素範囲ダメージ</span>を与える。<br>・ヨォーヨのHP上限の7.5%を基準に、範囲内にいるフィールド上キャラクターのHPを回復する。<br><br>月桂·投擲型1体につき、「超スゴイ！大根」は最大2回まで投げられる。",
            "icon_url": "images/characters/dendro_4_polearm_Yaoyao/summaryList_6.png",
            "詳細": []
        }
    },
    "チームバフ": [
        {
            "条件": "C1 瑶閣賜物",
            "種類": "草元素ダメージバフ",
            "数値": 15
        }
    ],
    "おすすめセット": [
        {
            "武器": "西風長槍",
            "聖遺物メイン効果3": "5_HP%",
            "聖遺物メイン効果4": "5_HP%",
            "聖遺物メイン効果5": "5_会心率",
            "聖遺物セット効果1": "千岩牢固",
            "聖遺物セット効果2": "絶縁の旗印",
            "聖遺物優先するサブ効果1": "会心率",
            "聖遺物優先するサブ効果2": "元素チャージ効率",
            "聖遺物優先するサブ効果3": "HP%"
        },
        {
            "武器": "黒纓槍",
            "聖遺物メイン効果3": "5_HP%",
            "聖遺物メイン効果4": "5_HP%",
            "聖遺物メイン効果5": "5_HP%",
            "聖遺物セット効果1": "千岩牢固",
            "聖遺物セット効果2": "絶縁の旗印",
            "聖遺物優先するサブ効果1": "元素チャージ効率",
            "聖遺物優先するサブ効果2": "HP%",
            "聖遺物優先するサブ効果3": "HP"
        },
        {
            "武器": "護摩の杖",
            "聖遺物メイン効果3": "5_HP%",
            "聖遺物メイン効果4": "5_草元素ダメージバフ",
            "聖遺物メイン効果5": "5_会心率",
            "聖遺物セット効果1": "千岩牢固",
            "聖遺物セット効果2": "絶縁の旗印",
            "聖遺物優先するサブ効果1": "会心率",
            "聖遺物優先するサブ効果2": "会心ダメージ",
            "聖遺物優先するサブ効果3": "HP%"
        }
    ]
}