{
    "名前": "ティナリ",
    "説明": "アビディアの森のレンジャー長。アビディアの森で遭難した人が、もしティナリという名のレンジャー長に助けられたなら、それは幸運だ。",
    "icon_url": "images/characters/face/dendro_5_bow_Tighnari.png",
    "レアリティ": 5,
    "武器": "弓",
    "元素": "草",
    "baseInfo": {
        "名称": "ティナリ",
        "誕生日": "12月29日",
        "命ノ星座": "フェネック座",
        "称号": "緑土逍遥",
        "神の目": "草",
        "所属": "ガンダルヴァー村",
        "中国語 CV": "莫然",
        "英語 CV": "Elliot Gindi",
        "日本語 CV": "小林沙苗",
        "韓国語 CV": "정의택",
        "オリジナル料理": "レンジャー長のイチオシ",
        "実装バージョン": "3.0"
    },
    "region": "スメール",
    "ステータス": {
        "基礎HP": {
            "1+": 845,
            "20": 2191,
            "20+": 2915,
            "40": 4362,
            "40+": 4877,
            "50": 5611,
            "50+": 6297,
            "60": 7038,
            "60+": 7553,
            "70": 8301,
            "70+": 8816,
            "80": 9573,
            "80+": 10087,
            "90": 10850
        },
        "基礎攻撃力": {
            "1+": 42,
            "20": 75,
            "20+": 93,
            "40": 129,
            "40+": 142,
            "50": 160,
            "50+": 177,
            "60": 195,
            "60+": 208,
            "70": 226,
            "70+": 239,
            "80": 258,
            "80+": 270,
            "90": 289
        },
        "基礎防御力": {
            "1+": 49,
            "20": 127,
            "20+": 169,
            "40": 253,
            "40+": 283,
            "50": 326,
            "50+": 366,
            "60": 409,
            "60+": 439,
            "70": 482,
            "70+": 512,
            "80": 556,
            "80+": 586,
            "90": 630
        },
        "草元素ダメージバフ": {
            "1+": 0,
            "20": 0,
            "20+": 0,
            "40": 0,
            "40+": 7.2,
            "50": 7.2,
            "50+": 14.4,
            "60": 14.4,
            "60+": 14.4,
            "70": 14.4,
            "70+": 21.6,
            "80": 21.6,
            "80+": 28.8,
            "90": 28.8
        }
    },
    "通常攻撃": {
        "名前": "通常攻撃·蔵蘊散悩",
        "説明": "<span style=\"color: #FFD780\">通常攻撃</span><br>最大4段の連続射撃を行う。<br>  <br><span style=\"color: #FFD780\">重撃</span><br>ダメージがより高く、より精密な狙い撃ちを発動する。<br>照準時、植物の力が矢先に集まり、攻撃と共に発射される。チャージの時間により、異なる効果を発動する。<br>・1段チャージ：草元素が集まった矢を放ち、<span style=\"color: #99FF88\">草元素ダメージ</span>を与える。<br>・2段チャージ：花筐の矢を放ち、<span style=\"color: #99FF88\">草元素ダメージ</span>を与える。命中後、近くの敵を自動追尾し、<span style=\"color: #99FF88\">草元素ダメージ</span>を与える蔵蘊の花矢を4本生成する。<br>   <br><span style=\"color: #FFD780\">落下攻撃</span><br>空中から矢の雨を放ち、凄まじいスピードで落下し地面に衝撃を与え、落下時に範囲ダメージを与える。",
        "icon_url": "images/characters/dendro_5_bow_Tighnari/talent_1.png",
        "詳細": [
            {
                "名前": "1段ダメージ",
                "数値": {
                    "1": "44.6%",
                    "2": "48.3%",
                    "3": "51.9%",
                    "4": "57.1%",
                    "5": "60.7%",
                    "6": "64.9%",
                    "7": "70.6%",
                    "8": "76.3%",
                    "9": "82.0%",
                    "10": "88.2%",
                    "11": "94.5%"
                }
            },
            {
                "名前": "2段ダメージ",
                "数値": {
                    "1": "42.0%",
                    "2": "45.4%",
                    "3": "48.8%",
                    "4": "53.7%",
                    "5": "57.1%",
                    "6": "61.0%",
                    "7": "66.4%",
                    "8": "71.7%",
                    "9": "77.1%",
                    "10": "83.0%",
                    "11": "88.8%"
                }
            },
            {
                "名前": "3段ダメージ",
                "数値": {
                    "1": "26.4%*2",
                    "2": "28.6%*2",
                    "3": "30.8%*2",
                    "4": "33.8%*2",
                    "5": "36.0%*2",
                    "6": "38.4%*2",
                    "7": "41.8%*2",
                    "8": "45.2%*2",
                    "9": "48.6%*2",
                    "10": "52.3%*2",
                    "11": "56.0%*2"
                },
                "HIT数": 2
            },
            {
                "名前": "4段ダメージ",
                "数値": {
                    "1": "68.6%",
                    "2": "74.2%",
                    "3": "79.8%",
                    "4": "87.8%",
                    "5": "93.4%",
                    "6": "99.8%",
                    "7": "108.5%",
                    "8": "117.3%",
                    "9": "126.1%",
                    "10": "135.7%",
                    "11": "145.2%"
                }
            }
        ]
    },
    "重撃": {
        "詳細": [
            {
                "名前": "狙い撃ち",
                "数値": {
                    "1": "43.9%",
                    "2": "47.4%",
                    "3": "51.0%",
                    "4": "56.1%",
                    "5": "59.7%",
                    "6": "63.8%",
                    "7": "69.4%",
                    "8": "75.0%",
                    "9": "80.6%",
                    "10": "86.7%",
                    "11": "92.8%"
                }
            },
            {
                "名前": "1段チャージ狙い撃ち",
                "数値": {
                    "1": "124%",
                    "2": "133%",
                    "3": "143%",
                    "4": "155%",
                    "5": "164%",
                    "6": "174%",
                    "7": "186%",
                    "8": "198%",
                    "9": "211%",
                    "10": "223%",
                    "11": "236%"
                },
                "元素": "草"
            },
            {
                "名前": "花筐の矢ダメージ",
                "数値": {
                    "1": "87.2%",
                    "2": "93.7%",
                    "3": "100.3%",
                    "4": "109.0%",
                    "5": "115.5%",
                    "6": "122.1%",
                    "7": "130.8%",
                    "8": "139.5%",
                    "9": "148.2%",
                    "10": "157.0%",
                    "11": "165.7%"
                },
                "元素": "草"
            },
            {
                "名前": "蔵蘊の花矢ダメージ",
                "数値": {
                    "1": "38.6%",
                    "2": "41.5%",
                    "3": "44.4%",
                    "4": "48.3%",
                    "5": "51.1%",
                    "6": "54.0%",
                    "7": "57.9%",
                    "8": "61.8%",
                    "9": "65.6%",
                    "10": "69.5%",
                    "11": "73.3%"
                },
                "元素": "草",
                "適用条件": [
                    {
                        "名前": "[アモスの弓]通常攻撃と重撃ダメージ",
                        "数値": 5,
                        "説明": "蔵蘊の花矢ダメージは花筐の矢ダメージから0.5秒以上遅れて発生する前提で計算する。"
                    },
                    {
                        "名前": "[弾弓]通常攻撃と重撃ダメージ",
                        "数値": 0,
                        "説明": "蔵蘊の花矢ダメージは花筐の矢ダメージから0.5秒以上遅れて発生する前提で計算する。"
                    }
                ]
            },
            {
                "条件": "命ノ星座@6",
                "名前": "実から判断される因果 ダメージ",
                "数値": "150%",
                "元素": "草"
            }
        ]
    },
    "落下攻撃": {
        "詳細": [
            {
                "名前": "落下期間のダメージ",
                "数値": {
                    "1": "56.8%",
                    "2": "61.5%",
                    "3": "66.1%",
                    "4": "72.7%",
                    "5": "77.3%",
                    "6": "82.6%",
                    "7": "89.9%",
                    "8": "97.1%",
                    "9": "104.4%",
                    "10": "112.3%",
                    "11": "120.3%"
                }
            },
            {
                "名前": "低空/高空落下攻撃ダメージ",
                "数値": {
                    "1": "114%",
                    "2": "123%",
                    "3": "132%",
                    "4": "145%",
                    "5": "155%",
                    "6": "165%",
                    "7": "180%",
                    "8": "194%",
                    "9": "209%",
                    "10": "225%",
                    "11": "240%"
                }
            },
            {
                "名前": "低空/高空落下攻撃ダメージ",
                "数値": {
                    "1": "142%",
                    "2": "153%",
                    "3": "165%",
                    "4": "182%",
                    "5": "193%",
                    "6": "206%",
                    "7": "224%",
                    "8": "243%",
                    "9": "261%",
                    "10": "281%",
                    "11": "300%"
                }
            }
        ]
    },
    "元素スキル": {
        "名前": "識果榴弾",
        "説明": "識種の心榴弾を前方へ投げ、<span style=\"color: #99FF88\">草元素範囲ダメージ</span>を与える。そして、識蘊の領域を生成し、不思議な幻像が領域内にいる敵を挑発し、攻撃を引き付ける。<br>また、ティナリは「通塞識」効果を獲得し、花筐の矢のチャージ時間-2.4秒。この効果は継続時間終了、またはティナリが花筐の矢を3回発射した後になくなる。",
        "icon_url": "images/characters/dendro_5_bow_Tighnari/talent_2.png",
        "詳細": [
            {
                "名前": "スキルダメージ",
                "数値": {
                    "1": "149.6%",
                    "2": "160.8%",
                    "3": "172.0%",
                    "4": "187.0%",
                    "5": "198.2%",
                    "6": "209.4%",
                    "7": "224.4%",
                    "8": "239.4%",
                    "9": "254.3%",
                    "10": "269.3%",
                    "11": "284.2%",
                    "12": "299.2%",
                    "13": "317.9%"
                }
            }
        ],
        "識蘊の領域継続時間": 8.0,
        "通塞識継続時間": 12.0,
        "クールタイム": 12.0
    },
    "元素爆発": {
        "名前": "造生·蔓纏いの矢",
        "説明": "すべての種の力を集め、敵を自動追尾し、<span style=\"color: #99FF88\">草元素ダメージ</span>を与える蔓纏いの矢を6本発射する。<br>蔓纏いの矢が命中すると、次級·蔓纏いの矢を生成し、近くの敵を自動追尾する。敵に命中すると<span style=\"color: #99FF88\">草元素ダメージ</span>を与える。",
        "icon_url": "images/characters/dendro_5_bow_Tighnari/talent_3.png",
        "詳細": [
            {
                "名前": "蔓纏いの矢ダメージ",
                "数値": {
                    "1": "55.6%",
                    "2": "59.8%",
                    "3": "64.0%",
                    "4": "69.5%",
                    "5": "73.7%",
                    "6": "77.9%",
                    "7": "83.4%",
                    "8": "89.0%",
                    "9": "94.6%",
                    "10": "100.1%",
                    "11": "105.7%",
                    "12": "111.2%",
                    "13": "118.2%"
                }
            },
            {
                "名前": "次級·蔓纏いの矢ダメージ",
                "数値": {
                    "1": "68.0%",
                    "2": "73.1%",
                    "3": "78.2%",
                    "4": "85.0%",
                    "5": "90.1%",
                    "6": "95.2%",
                    "7": "102.0%",
                    "8": "108.8%",
                    "9": "115.6%",
                    "10": "122.4%",
                    "11": "129.2%",
                    "12": "136.0%",
                    "13": "144.5%"
                }
            }
        ],
        "クールタイム": 12.0,
        "元素エネルギー": 40
    },
    "固有天賦": [
        {
            "名前": "深き眼識",
            "説明": "ティナリが<span style=\"color: #99FF88\">花筐の矢</span>を発射する後、元素熟知+50、継続時間4秒。",
            "icon_url": "images/characters/dendro_5_bow_Tighnari/talent_4.png",
            "詳細": [
                {
                    "条件": "深き眼識",
                    "種類": "元素熟知",
                    "数値": 50
                }
            ]
        },
        {
            "名前": "草樹精通",
            "説明": "ティナリの元素熟知の数値が1につき、自身の重撃と<span style=\"color: rgb(153, 255, 136)\">造生·蔓纏いの矢</span>によるダメージ+0.06%。<br>この方式でアップできる上記攻撃によるダメージは60%までとなる。",
            "icon_url": "images/characters/dendro_5_bow_Tighnari/talent_5.png",
            "詳細": [
                {
                    "種類": "重撃ダメージバフ",
                    "数値": "0.06*元素熟知",
                    "上限": 60
                },
                {
                    "種類": "元素爆発ダメージバフ",
                    "数値": "0.06*元素熟知",
                    "上限": 60
                }
            ]
        },
        {
            "名前": "広き見聞",
            "説明": "ミニマップで周囲の<span style=\"color: #FFD780\">スメール地域の特産</span>を表示する。",
            "icon_url": "images/characters/dendro_5_bow_Tighnari/talent_6.png",
            "詳細": []
        }
    ],
    "命ノ星座": {
        "1": {
            "名前": "根から判断する原初",
            "説明": "ティナリの重撃の会心率+15%。",
            "icon_url": "images/characters/dendro_5_bow_Tighnari/summaryList_1.png",
            "詳細": [
                {
                    "種類": "会心率",
                    "対象": "重撃ダメージ",
                    "数値": 15
                }
            ]
        },
        "2": {
            "名前": "茎から分析する由来",
            "説明": "<span style=\"color: #FFD780\">識果榴弾</span>の識蘊の領域に敵がいる時、ティナリの<span style=\"color: rgb(153, 255, 136)\">草元素ダメージ</span>+20%。<br>識蘊の領域の継続時間終了、または敵がいなくなった後、この効果は最大で6秒間持続できる。",
            "icon_url": "images/characters/dendro_5_bow_Tighnari/summaryList_2.png",
            "詳細": [
                {
                    "条件": "茎から分析する由来",
                    "種類": "草元素ダメージバフ",
                    "数値": 20
                }
            ]
        },
        "3": {
            "名前": "枝から知る進化",
            "説明": "<span style=\"color: #FFD780\">造生·蔓纏いの矢</span>のスキルLv.+3。<br>最大Lv.15まで。",
            "icon_url": "images/characters/dendro_5_bow_Tighnari/summaryList_3.png",
            "詳細": []
        },
        "4": {
            "名前": "葉から垣間見る盛衰",
            "説明": "<span style=\"color: #FFD780\">造生·蔓纏いの矢</span>を放つと、周囲のチーム全員の元素熟知+60、継続時間8秒。<br>造生·蔓纏いの矢が燃焼、開花、原激化、または草激化反応を起こすと、元素熟知がさらに60アップし、継続時間がリセットされる。",
            "icon_url": "images/characters/dendro_5_bow_Tighnari/summaryList_4.png",
            "詳細": [
                {
                    "条件": "葉から垣間見る盛衰 元素熟知@60,120",
                    "種類": "元素熟知",
                    "数値": 1
                }
            ]
        },
        "5": {
            "名前": "花から知る覚悟",
            "説明": "<span style=\"color: #FFD780\">識果榴弾</span>のスキルLv.+3。<br>最大Lv.15まで。",
            "icon_url": "images/characters/dendro_5_bow_Tighnari/summaryList_5.png",
            "詳細": []
        },
        "6": {
            "名前": "実から判断される因果",
            "説明": "<span style=\"color: #FFD780\">花筐の矢</span>のチャージ時間-0.9秒、命中時に蔵蘊の花矢を1本追加で生成し、ティナリの攻撃力150%分のダメージを与える。",
            "icon_url": "images/characters/dendro_5_bow_Tighnari/summaryList_6.png",
            "詳細": []
        }
    },
    "おすすめセット": [
        {
            "武器": "狩人の道",
            "聖遺物メイン効果3": "5_元素熟知",
            "聖遺物メイン効果4": "5_草元素ダメージバフ",
            "聖遺物メイン効果5": "5_会心ダメージ",
            "聖遺物セット効果1": "深林の記憶",
            "聖遺物セット効果2": "深林の記憶",
            "聖遺物優先するサブ効果1": "会心率",
            "聖遺物優先するサブ効果2": "会心ダメージ",
            "聖遺物優先するサブ効果3": "元素熟知"
        },
        {
            "武器": "天空の翼",
            "聖遺物メイン効果3": "5_元素熟知",
            "聖遺物メイン効果4": "5_草元素ダメージバフ",
            "聖遺物メイン効果5": "5_会心ダメージ",
            "聖遺物セット効果1": "深林の記憶",
            "聖遺物セット効果2": "深林の記憶",
            "聖遺物優先するサブ効果1": "会心率",
            "聖遺物優先するサブ効果2": "会心ダメージ",
            "聖遺物優先するサブ効果3": "元素熟知"
        },
        {
            "武器": "風花の頌歌",
            "聖遺物メイン効果3": "5_元素熟知",
            "聖遺物メイン効果4": "5_草元素ダメージバフ",
            "聖遺物メイン効果5": "5_会心率",
            "聖遺物セット効果1": "深林の記憶",
            "聖遺物セット効果2": "深林の記憶",
            "聖遺物優先するサブ効果1": "会心ダメージ",
            "聖遺物優先するサブ効果2": "会心率",
            "聖遺物優先するサブ効果3": "元素熟知"
        },
        {
            "武器": "王の近侍",
            "聖遺物メイン効果3": "5_元素熟知",
            "聖遺物メイン効果4": "5_草元素ダメージバフ",
            "聖遺物メイン効果5": "5_会心率",
            "聖遺物セット効果1": "深林の記憶",
            "聖遺物セット効果2": "深林の記憶",
            "聖遺物優先するサブ効果1": "会心ダメージ",
            "聖遺物優先するサブ効果2": "会心率",
            "聖遺物優先するサブ効果3": "元素熟知"
        },
        {
            "武器": "破魔の弓",
            "聖遺物メイン効果3": "5_元素熟知",
            "聖遺物メイン効果4": "5_草元素ダメージバフ",
            "聖遺物メイン効果5": "5_会心率",
            "聖遺物セット効果1": "深林の記憶",
            "聖遺物セット効果2": "深林の記憶",
            "聖遺物優先するサブ効果1": "会心ダメージ",
            "聖遺物優先するサブ効果2": "会心率",
            "聖遺物優先するサブ効果3": "元素熟知"
        },
        {
            "武器": "蒼翠の狩猟弓",
            "聖遺物メイン効果3": "5_元素熟知",
            "聖遺物メイン効果4": "5_草元素ダメージバフ",
            "聖遺物メイン効果5": "5_会心ダメージ",
            "聖遺物セット効果1": "深林の記憶",
            "聖遺物セット効果2": "深林の記憶",
            "聖遺物優先するサブ効果1": "会心率",
            "聖遺物優先するサブ効果2": "会心ダメージ",
            "聖遺物優先するサブ効果3": "元素熟知"
        },
        {
            "武器": "弾弓",
            "聖遺物メイン効果3": "5_元素熟知",
            "聖遺物メイン効果4": "5_草元素ダメージバフ",
            "聖遺物メイン効果5": "5_会心ダメージ",
            "聖遺物セット効果1": "深林の記憶",
            "聖遺物セット効果2": "深林の記憶",
            "聖遺物優先するサブ効果1": "会心率",
            "聖遺物優先するサブ効果2": "会心ダメージ",
            "聖遺物優先するサブ効果3": "元素熟知"
        },
        {
            "武器": "狩人の道",
            "聖遺物メイン効果3": "5_元素熟知",
            "聖遺物メイン効果4": "5_草元素ダメージバフ",
            "聖遺物メイン効果5": "5_会心ダメージ",
            "聖遺物セット効果1": "大地を流浪する楽団",
            "聖遺物セット効果2": "大地を流浪する楽団",
            "聖遺物優先するサブ効果1": "会心率",
            "聖遺物優先するサブ効果2": "会心ダメージ",
            "聖遺物優先するサブ効果3": "攻撃力%"
        },
        {
            "武器": "天空の翼",
            "聖遺物メイン効果3": "5_元素熟知",
            "聖遺物メイン効果4": "5_草元素ダメージバフ",
            "聖遺物メイン効果5": "5_会心ダメージ",
            "聖遺物セット効果1": "大地を流浪する楽団",
            "聖遺物セット効果2": "大地を流浪する楽団",
            "聖遺物優先するサブ効果1": "会心率",
            "聖遺物優先するサブ効果2": "会心ダメージ",
            "聖遺物優先するサブ効果3": "元素熟知"
        },
        {
            "武器": "風花の頌歌",
            "聖遺物メイン効果3": "5_元素熟知",
            "聖遺物メイン効果4": "5_草元素ダメージバフ",
            "聖遺物メイン効果5": "5_会心率",
            "聖遺物セット効果1": "大地を流浪する楽団",
            "聖遺物セット効果2": "大地を流浪する楽団",
            "聖遺物優先するサブ効果1": "会心ダメージ",
            "聖遺物優先するサブ効果2": "会心率",
            "聖遺物優先するサブ効果3": "元素熟知"
        },
        {
            "武器": "王の近侍",
            "聖遺物メイン効果3": "5_元素熟知",
            "聖遺物メイン効果4": "5_草元素ダメージバフ",
            "聖遺物メイン効果5": "5_会心率",
            "聖遺物セット効果1": "大地を流浪する楽団",
            "聖遺物セット効果2": "大地を流浪する楽団",
            "聖遺物優先するサブ効果1": "会心ダメージ",
            "聖遺物優先するサブ効果2": "会心率",
            "聖遺物優先するサブ効果3": "元素熟知"
        },
        {
            "武器": "破魔の弓",
            "聖遺物メイン効果3": "5_元素熟知",
            "聖遺物メイン効果4": "5_草元素ダメージバフ",
            "聖遺物メイン効果5": "5_会心率",
            "聖遺物セット効果1": "大地を流浪する楽団",
            "聖遺物セット効果2": "大地を流浪する楽団",
            "聖遺物優先するサブ効果1": "会心ダメージ",
            "聖遺物優先するサブ効果2": "会心率",
            "聖遺物優先するサブ効果3": "元素熟知"
        },
        {
            "武器": "蒼翠の狩猟弓",
            "聖遺物メイン効果3": "5_元素熟知",
            "聖遺物メイン効果4": "5_草元素ダメージバフ",
            "聖遺物メイン効果5": "5_会心ダメージ",
            "聖遺物セット効果1": "大地を流浪する楽団",
            "聖遺物セット効果2": "大地を流浪する楽団",
            "聖遺物優先するサブ効果1": "会心率",
            "聖遺物優先するサブ効果2": "会心ダメージ",
            "聖遺物優先するサブ効果3": "元素熟知"
        },
        {
            "武器": "弾弓",
            "聖遺物メイン効果3": "5_元素熟知",
            "聖遺物メイン効果4": "5_草元素ダメージバフ",
            "聖遺物メイン効果5": "5_会心ダメージ",
            "聖遺物セット効果1": "大地を流浪する楽団",
            "聖遺物セット効果2": "大地を流浪する楽団",
            "聖遺物優先するサブ効果1": "会心率",
            "聖遺物優先するサブ効果2": "会心ダメージ",
            "聖遺物優先するサブ効果3": "元素熟知"
        },
        {
            "武器": "狩人の道",
            "聖遺物メイン効果3": "5_元素熟知",
            "聖遺物メイン効果4": "5_草元素ダメージバフ",
            "聖遺物メイン効果5": "5_会心ダメージ",
            "聖遺物セット効果1": "金メッキの夢",
            "聖遺物セット効果2": "金メッキの夢",
            "聖遺物優先するサブ効果1": "会心率",
            "聖遺物優先するサブ効果2": "会心ダメージ",
            "聖遺物優先するサブ効果3": "攻撃力%"
        }
    ],
    "NEXT STEP": "重撃.蔵蘊の花矢ダメージ"
}