{
    "名前": "カーヴェ",
    "説明": "スメールの著名建築デザイナー。多くの物事に対し、行きすぎた思いやりの心を持つ。唯美主義者だが、現実に悩まされている。",
    "icon_url": "images/characters/face/dendro_4_claymore_Kaveh.png",
    "レアリティ": 4,
    "武器": "両手剣",
    "元素": "草",
    "baseInfo": {
        "和名 / 英名": "カーヴェ / Kaveh",
        "誕生日": "7月9日",
        "命ノ星座": "極楽鳥座",
        "称号": "天穹の鏡",
        "神の目": "草",
        "所属": "個人デザインアトリエ",
        "中国語 CV": "刘三木",
        "英語 CV": "Ben Balmaceda",
        "日本語 CV": "内田雄馬",
        "韓国語 CV": "이정민"
    },
    "region": "スメール",
    "ステータス": {
        "基礎HP": {
            "1+": 1003,
            "20": 2577,
            "20+": 3326,
            "40": 4982,
            "40+": 5514,
            "50": 6343,
            "50+": 7052,
            "60": 7881,
            "60+": 8413,
            "70": 9241,
            "70+": 9773,
            "80": 10602,
            "80+": 11134,
            "90": 11962
        },
        "基礎攻撃力": {
            "1+": 20,
            "20": 51,
            "20+": 65,
            "40": 98,
            "40+": 108,
            "50": 124,
            "50+": 138,
            "60": 154,
            "60+": 165,
            "70": 181,
            "70+": 191,
            "80": 207,
            "80+": 218,
            "90": 234
        },
        "基礎防御力": {
            "1+": 63,
            "20": 162,
            "20+": 209,
            "40": 313,
            "40+": 346,
            "50": 398,
            "50+": 443,
            "60": 495,
            "60+": 528,
            "70": 580,
            "70+": 613,
            "80": 665,
            "80+": 699,
            "90": 751
        },
        "元素熟知": {
            "1+": 0,
            "20": 0,
            "20+": 0,
            "40": 0,
            "40+": 24,
            "50": 24,
            "50+": 48,
            "60": 48,
            "60+": 48,
            "70": 48,
            "70+": 72,
            "80": 72,
            "80+": 96,
            "90": 96
        }
    },
    "通常攻撃": {
        "名前": "通常攻撃·円規定則",
        "説明": "<span style=\"color: #FFD780\">通常攻撃</span><br>メラックを動かし、最大4段の連続攻撃を行う。<br><br><span style=\"color: #FFD780\">重撃</span><br>持続的にスタミナを消費し、素早い連続斬撃を発動する。<br>重撃の終了時、更に強力な攻撃を1回放つ。<br><br><span style=\"color: #FFD780\">落下攻撃</span><br>空中から落下し地面に衝撃を与える。経路上の敵を攻撃し、落下時に範囲ダメージを与える。",
        "icon_url": "images/characters/dendro_4_claymore_Kaveh/talent_1.png",
        "詳細": [
            {
                "名前": "1段ダメージ",
                "数値": {
                    "1": "76.2%",
                    "2": "82.4%",
                    "3": "88.6%",
                    "4": "97.4%",
                    "5": "103.6%",
                    "6": "110.7%",
                    "7": "120.5%",
                    "8": "130.2%",
                    "9": "140.0%",
                    "10": "150.6%",
                    "11": "161.2%"
                }
            },
            {
                "名前": "2段ダメージ",
                "数値": {
                    "1": "69.6%",
                    "2": "75.3%",
                    "3": "81.0%",
                    "4": "89.1%",
                    "5": "94.7%",
                    "6": "101.2%",
                    "7": "110.1%",
                    "8": "119.0%",
                    "9": "127.9%",
                    "10": "137.7%",
                    "11": "147.4%"
                }
            },
            {
                "名前": "3段ダメージ",
                "数値": {
                    "1": "84.3%",
                    "2": "91.1%",
                    "3": "98.0%",
                    "4": "107.8%",
                    "5": "114.6%",
                    "6": "122.5%",
                    "7": "133.3%",
                    "8": "144.0%",
                    "9": "154.8%",
                    "10": "166.6%",
                    "11": "178.3%"
                }
            },
            {
                "名前": "4段ダメージ",
                "数値": {
                    "1": "102.7%",
                    "2": "111.0%",
                    "3": "119.4%",
                    "4": "131.3%",
                    "5": "139.7%",
                    "6": "149.3%",
                    "7": "162.4%",
                    "8": "175.5%",
                    "9": "188.7%",
                    "10": "203.0%",
                    "11": "217.3%"
                }
            }
        ]
    },
    "重撃": {
        "詳細": [
            {
                "名前": "連続重撃ダメージ",
                "数値": {
                    "1": "53.1%",
                    "2": "57.5%",
                    "3": "61.8%",
                    "4": "68.0%",
                    "5": "72.3%",
                    "6": "77.3%",
                    "7": "84.0%",
                    "8": "90.8%",
                    "9": "97.6%",
                    "10": "105.1%",
                    "11": "112.5%"
                }
            },
            {
                "名前": "重撃終了ダメージ",
                "数値": {
                    "1": "96%",
                    "2": "104%",
                    "3": "112%",
                    "4": "123%",
                    "5": "131%",
                    "6": "140%",
                    "7": "152%",
                    "8": "164%",
                    "9": "177%",
                    "10": "190%",
                    "11": "203%"
                }
            }
        ]
    },
    "落下攻撃": {
        "詳細": [
            {
                "名前": "落下期間のダメージ",
                "数値": {
                    "1": "74.6%",
                    "2": "80.7%",
                    "3": "86.7%",
                    "4": "95.4%",
                    "5": "101.5%",
                    "6": "108.4%",
                    "7": "118.0%",
                    "8": "127.5%",
                    "9": "137.0%",
                    "10": "147.4%",
                    "11": "157.8%"
                }
            },
            {
                "名前": "低空/高空落下攻撃ダメージ",
                "種類": "落下攻撃ダメージ",
                "数値": {
                    "1": "149%",
                    "2": "161%",
                    "3": "173%",
                    "4": "191%",
                    "5": "203%",
                    "6": "217%",
                    "7": "236%",
                    "8": "255%",
                    "9": "274%",
                    "10": "295%",
                    "11": "316%"
                }
            },
            {
                "名前": "低空/高空落下攻撃ダメージ",
                "種類": "落下攻撃ダメージ",
                "数値": {
                    "1": "186%",
                    "2": "201%",
                    "3": "217%",
                    "4": "238%",
                    "5": "253%",
                    "6": "271%",
                    "7": "295%",
                    "8": "318%",
                    "9": "342%",
                    "10": "368%",
                    "11": "394%"
                }
            }
        ]
    },
    "元素スキル": {
        "名前": "精緻なる絵図",
        "説明": "メラックの測図エネルギーを攻撃用に転換して円形スキャンを行い、草元素範囲ダメージを与える。さらに、スキャン範囲内にあるすべての草原核を直ちに迸らせる。メラックの測図エネルギーを攻撃用に転換して円形スキャンを行い、<span style=\"color: #99FF88\">草元素範囲ダメージ</span>を与える。さらに、スキャン範囲内にあるすべての草原核を直ちに迸らせる。<br><br><em>メラックは古代技術による産物を基に改造されたもの。測図関連の仕事をサポートしてくれる以外にも、何か他の機能があるかもしれない…</em>",
        "icon_url": "images/characters/dendro_4_claymore_Kaveh/talent_2.png",
        "詳細": [
            {
                "名前": "スキルダメージ",
                "数値": {
                    "1": "204.0%",
                    "2": "219.3%",
                    "3": "234.6%",
                    "4": "255.0%",
                    "5": "270.3%",
                    "6": "285.6%",
                    "7": "306.0%",
                    "8": "326.4%",
                    "9": "346.8%",
                    "10": "367.2%",
                    "11": "387.6%",
                    "12": "408.0%",
                    "13": "433.5%"
                }
            }
        ],
        "クールタイム": 6.0
    },
    "元素爆発": {
        "名前": "ムカルナスの描像",
        "説明": "「メラック」のエネルギーを完全に解放し、立方体の測図空間を作り出す。空間内の敵に<span style=\"color: #99FF88\">草元素範囲ダメージ</span>を与え、範囲内にあるすべての草原核を直ちに迸らせる。また、カーヴェの戦闘能力を一定時間強化する。<br>・カーヴェの通常攻撃、重撃、落下攻撃の攻撃範囲がアップする。また、そのダメージは元素付与によって他の元素に変化しない<span style=\"color: #99FF88\">草元素ダメージ</span>へと変わる。<br>・チーム内の自身キャラクターが起こした開花反応で生成した草原核が迸る時、与えるダメージがアップする。<br>・カーヴェの中断耐性がアップする。<br>以上の効果はカーヴェが退場する時に解除される。<br><br><em>「一つひとつの建築物のスタイルには、それを創造した人の、世界に対する独自の考えが含まれているんだ。この点から見れば、建築そのものが人々の記憶の凝集物だと言えるだろう。」</em>",
        "icon_url": "images/characters/dendro_4_claymore_Kaveh/talent_3.png",
        "詳細": [
            {
                "名前": "スキルダメージ",
                "数値": {
                    "1": "160.0%",
                    "2": "172.0%",
                    "3": "184.0%",
                    "4": "200.0%",
                    "5": "212.0%",
                    "6": "224.0%",
                    "7": "240.0%",
                    "8": "256.0%",
                    "9": "272.0%",
                    "10": "288.0%",
                    "11": "304.0%",
                    "12": "320.0%",
                    "13": "340.0%"
                }
            },
            {
                "条件": "ムカルナスの描像",
                "名前": "草原核が迸る時のダメージがアップ",
                "種類": "開花反応ボーナス",
                "数値": {
                    "1": 27.5,
                    "2": 29.5,
                    "3": 31.6,
                    "4": 34.4,
                    "5": 36.4,
                    "6": 38.5,
                    "7": 41.2,
                    "8": 44.0,
                    "9": 46.7,
                    "10": 49.5,
                    "11": 52.2,
                    "12": 55.0,
                    "13": 58.4
                }
            },
            {
                "条件": "ムカルナスの描像",
                "種類": "草元素付与"
            },
            {
                "条件": "命ノ星座@6",
                "名前": "パイリダエーザの理想 ダメージ",
                "数値": "61.8%"
            }
        ],
        "継続時間": 12.0,
        "クールタイム": 20.0,
        "元素エネルギー": 80
    },
    "固有天賦": [
        {
            "名前": "創造者の役目",
            "説明": "草原核によるダメージ(烈開花、超開花を含む)がカーヴェに命中した時、カーヴェのHPが回復する。回復量はカーヴェの元素熟知の300%に相当。この効果は0.5秒毎に1回のみ発動可能。",
            "icon_url": "images/characters/dendro_4_claymore_Kaveh/talent_4.png",
            "詳細": [
                {
                    "名前": "創造者の役目 回復量",
                    "種類": "HP回復",
                    "数値": "300%元素熟知"
                }
            ]
        },
        {
            "名前": "芸術家の奇想",
            "説明": "<span style=\"color: #FFD780\">ムカルナスの描像</span>の継続時間中に、カーヴェの通常攻撃、重撃、落下攻撃が敵に命中すると、元素熟知+25。この効果は0.1秒毎に1回のみ発動でき、最大4層まで重ね掛け可能。<br>ムカルナスの描像の効果終了時、この効果はクリアされる。",
            "icon_url": "images/characters/dendro_4_claymore_Kaveh/talent_5.png",
            "詳細": [
                {
                    "条件": "ムカルナスの描像&芸術家の奇想@1-4層",
                    "種類": "元素熟知",
                    "数値": 25
                }
            ]
        },
        {
            "名前": "積算士の技巧",
            "説明": "景観、建築、庭園の調度品を製作する時、100%の確率で一部の材料が返還される。",
            "icon_url": "images/characters/dendro_4_claymore_Kaveh/talent_6.png",
            "詳細": []
        }
    ],
    "命ノ星座": {
        "1": {
            "名前": "イーワーンにて謁見",
            "説明": "<span style=\"color: #FFD780\">精緻なる絵図</span>を発動した後の3秒間、カーヴェの<span style=\"color: #99FF88\">草元素耐性</span>+50%、受ける治療効果+25%。",
            "icon_url": "images/characters/dendro_4_claymore_Kaveh/summaryList_1.png",
            "詳細": [
                {
                    "条件": "イーワーンにて謁見",
                    "種類": "草元素耐性",
                    "数値": 50
                },
                {
                    "条件": "イーワーンにて謁見",
                    "種類": "受ける治療効果",
                    "数値": 25
                }
            ]
        },
        "2": {
            "名前": "キャラバンサライの轍",
            "説明": "<span style=\"color: #FFD780\">ムカルナスの描像</span>継続時間中、カーヴェの通常攻撃の攻撃速度+15%。",
            "icon_url": "images/characters/dendro_4_claymore_Kaveh/summaryList_2.png",
            "詳細": [
                {
                    "条件": "ムカルナスの描像",
                    "種類": "通常攻撃速度",
                    "数値": 15
                }
            ]
        },
        "3": {
            "名前": "ジッグラトへの供物",
            "説明": "<span style=\"color: #FFD780\">ムカルナスの描像</span>のスキルLv.+3。<br>最大Lv.15まで。",
            "icon_url": "images/characters/dendro_4_claymore_Kaveh/summaryList_3.png",
            "詳細": []
        },
        "4": {
            "名前": "アパダーナの饗宴",
            "説明": "カーヴェの起こした開花反応によって生成された草原核が迸る時、与えるダメージ+60%。",
            "icon_url": "images/characters/dendro_4_claymore_Kaveh/summaryList_4.png",
            "詳細": [
                {
                    "種類": "開花反応ボーナス",
                    "数値": 60
                }
            ]
        },
        "5": {
            "名前": "聖なるカーバ",
            "説明": "<span style=\"color: #FFD780\">精緻なる絵図</span>のスキルLv.+3。<br>最大Lv.15まで。",
            "icon_url": "images/characters/dendro_4_claymore_Kaveh/summaryList_5.png",
            "詳細": []
        },
        "6": {
            "名前": "パイリダエーザの理想",
            "説明": "<span style=\"color: #FFD780\">ムカルナスの描像</span>継続時間中、カーヴェの通常攻撃、重撃、落下攻撃が敵に命中した時、敵の位置にパイリダエーザの光を放ち、カーヴェの攻撃力の61.8%分の<span style=\"color: #99FF88\">草元素範囲ダメージ</span>を与える。さらに、影響範囲内のすべての草原核を迸らせる。この効果は3秒毎に1回のみ発動可能。",
            "icon_url": "images/characters/dendro_4_claymore_Kaveh/summaryList_6.png",
            "詳細": []
        }
    },
    "おすすめセット": [
        {
            "武器": "鉄彩の花",
            "聖遺物メイン効果3": "5_元素熟知",
            "聖遺物メイン効果4": "5_元素熟知",
            "聖遺物メイン効果5": "5_元素熟知",
            "聖遺物セット効果1": "深林の記憶",
            "聖遺物セット効果2": "深林の記憶",
            "聖遺物優先するサブ効果1": "元素チャージ効率",
            "聖遺物優先するサブ効果2": "会心率",
            "聖遺物優先するサブ効果3": "元素熟知"
        },
        {
            "武器": "西風大剣",
            "聖遺物メイン効果3": "5_元素熟知",
            "聖遺物メイン効果4": "5_元素熟知",
            "聖遺物メイン効果5": "5_会心率",
            "聖遺物セット効果1": "深林の記憶",
            "聖遺物セット効果2": "深林の記憶",
            "聖遺物優先するサブ効果1": "元素チャージ効率",
            "聖遺物優先するサブ効果2": "会心率",
            "聖遺物優先するサブ効果3": "元素熟知"
        },
        {
            "武器": "祭礼の大剣",
            "聖遺物メイン効果3": "5_元素熟知",
            "聖遺物メイン効果4": "5_元素熟知",
            "聖遺物メイン効果5": "5_元素熟知",
            "聖遺物セット効果1": "深林の記憶",
            "聖遺物セット効果2": "深林の記憶",
            "聖遺物優先するサブ効果1": "元素チャージ効率",
            "聖遺物優先するサブ効果2": "会心率",
            "聖遺物優先するサブ効果3": "元素熟知"
        }
    ]
}