{
    "名前": "アルハイゼン",
    "説明": "スメール教令院の現書記官。並外れた知恵と才能の持ち主。悠々自適の生活を送っており、人に行方を知られることは滅多にない。",
    "icon_url": "images/characters/face/dendro_5_sword_Alhaitham.png",
    "レアリティ": 5,
    "武器": "片手剣",
    "元素": "草",
    "baseInfo": {
        "名称": "アルハイゼン",
        "誕生日": "2月11日",
        "命ノ星座": "隼座",
        "称号": "権謀教戒",
        "神の目": "草",
        "所属": "スメール教令院",
        "中国語 CV": "<span style=\"color: rgb(220, 221, 222)\">杨超然</span>",
        "英語 CV": "<span style=\"color: rgb(220, 221, 222)\">Nazeeh Tarsha</span>",
        "日本語 CV": "梅原裕一郎",
        "韓国語 CV": "<span style=\"color: rgb(220, 221, 222)\">전승화</span>"
    },
    "region": "スメール",
    "固有変数": {
        "琢光鏡": 2
    },
    "オプション初期値": {
        "琢光鏡": 2
    },
    "ステータス": {
        "基礎HP": {
            "1+": 1039,
            "20": 2695,
            "20+": 3586,
            "40": 5366,
            "40+": 5999,
            "50": 6902,
            "50+": 7747,
            "60": 8659,
            "60+": 9292,
            "70": 10213,
            "70+": 10846,
            "80": 11777,
            "80+": 12410,
            "90": 13348
        },
        "基礎攻撃力": {
            "1+": 25,
            "20": 64,
            "20+": 84,
            "40": 126,
            "40+": 141,
            "50": 162,
            "50+": 182,
            "60": 203,
            "60+": 218,
            "70": 240,
            "70+": 255,
            "80": 277,
            "80+": 292,
            "90": 314
        },
        "基礎防御力": {
            "1+": 61,
            "20": 158,
            "20+": 210,
            "40": 314,
            "40+": 351,
            "50": 404,
            "50+": 454,
            "60": 507,
            "60+": 544,
            "70": 598,
            "70+": 635,
            "80": 690,
            "80+": 727,
            "90": 782
        },
        "草元素ダメージバフ": {
            "1+": 0,
            "20": 0,
            "20+": 0,
            "40": 0,
            "40+": 7.2,
            "50": 7.2,
            "50+": 14.4,
            "60": 14.4,
            "60+": 14.4,
            "70": 14.4,
            "70+": 21.6,
            "80": 21.6,
            "80+": 28.8,
            "90": 28.8
        }
    },
    "通常攻撃": {
        "名前": "通常攻撃·リトロダクション",
        "説明": "<span style=\"color: #FFD780\">通常攻撃</span><br>剣による最大5段の連続攻撃を行う。<br><br><span style=\"color: #FFD780\">重撃</span><br>一定のスタミナを消費し、前方に斬撃を2回放つ。<br><br><span style=\"color: #FFD780\">落下攻撃</span><br>空中から落下し地面に衝撃を与える。経路上の敵を攻撃し、落下時に範囲ダメージを与える。",
        "icon_url": "images/characters/dendro_5_sword_Alhaitham/talent_1.png",
        "詳細": [
            {
                "名前": "1段ダメージ",
                "数値": {
                    "1": "49.5%",
                    "2": "53.6%",
                    "3": "57.6%",
                    "4": "63.3%",
                    "5": "67.4%",
                    "6": "72.0%",
                    "7": "78.3%",
                    "8": "84.7%",
                    "9": "91.0%",
                    "10": "97.9%",
                    "11": "104.8%"
                }
            },
            {
                "名前": "2段ダメージ",
                "数値": {
                    "1": "50.7%",
                    "2": "54.9%",
                    "3": "59.0%",
                    "4": "64.9%",
                    "5": "69.0%",
                    "6": "73.8%",
                    "7": "80.3%",
                    "8": "86.7%",
                    "9": "93.2%",
                    "10": "100.3%",
                    "11": "107.4%"
                }
            },
            {
                "名前": "3段ダメージ",
                "数値": {
                    "1": "34.2%+34.2%",
                    "2": "37.0%+37.0%",
                    "3": "39.7%+39.7%",
                    "4": "43.7%+43.7%",
                    "5": "46.5%+46.5%",
                    "6": "49.7%+49.7%",
                    "7": "54.0%+54.0%",
                    "8": "58.4%+58.4%",
                    "9": "62.8%+62.8%",
                    "10": "67.6%+67.6%",
                    "11": "72.3%+72.3%"
                },
                "HIT数": 2
            },
            {
                "名前": "4段ダメージ",
                "数値": {
                    "1": "66.8%",
                    "2": "72.2%",
                    "3": "77.6%",
                    "4": "85.4%",
                    "5": "90.8%",
                    "6": "97.0%",
                    "7": "105.6%",
                    "8": "114.1%",
                    "9": "122.7%",
                    "10": "132.0%",
                    "11": "141.3%"
                }
            },
            {
                "名前": "5段ダメージ",
                "数値": {
                    "1": "83.9%",
                    "2": "90.7%",
                    "3": "97.5%",
                    "4": "107.3%",
                    "5": "114.1%",
                    "6": "121.9%",
                    "7": "132.6%",
                    "8": "143.3%",
                    "9": "154.1%",
                    "10": "165.8%",
                    "11": "177.5%"
                }
            }
        ]
    },
    "重撃": {
        "詳細": [
            {
                "名前": "重撃ダメージ",
                "数値": {
                    "1": "55.3%+55.3%",
                    "2": "59.8%+59.8%",
                    "3": "64.3%+64.3%",
                    "4": "70.7%+70.7%",
                    "5": "75.2%+75.2%",
                    "6": "80.3%+80.3%",
                    "7": "87.4%+87.4%",
                    "8": "94.4%+94.4%",
                    "9": "101.5%+101.5%",
                    "10": "109.2%+109.2%",
                    "11": "116.9%+116.9%"
                },
                "HIT数": 2
            }
        ]
    },
    "落下攻撃": {
        "詳細": [
            {
                "名前": "落下期間のダメージ",
                "数値": {
                    "1": "63.9%",
                    "2": "69.1%",
                    "3": "74.3%",
                    "4": "81.8%",
                    "5": "87.0%",
                    "6": "92.9%",
                    "7": "101.1%",
                    "8": "109.3%",
                    "9": "117.5%",
                    "10": "126.4%",
                    "11": "135.3%"
                }
            },
            {
                "名前": "低空/高空落下攻撃ダメージ",
                "種類": "落下攻撃ダメージ",
                "数値": {
                    "1": "127.84%",
                    "2": "138.24%",
                    "3": "148.65%",
                    "4": "163.51%",
                    "5": "173.92%",
                    "6": "185.81%",
                    "7": "202.16%",
                    "8": "218.51%",
                    "9": "234.86%",
                    "10": "252.7%",
                    "11": "270.54%"
                }
            },
            {
                "名前": "低空/高空落下攻撃ダメージ",
                "種類": "落下攻撃ダメージ",
                "数値": {
                    "1": "159.68%",
                    "2": "172.67%",
                    "3": "185.67%",
                    "4": "204.24%",
                    "5": "217.23%",
                    "6": "232.09%",
                    "7": "253.51%",
                    "8": "272.93%",
                    "9": "293.36%",
                    "10": "315.64%",
                    "11": "337.92%"
                }
            }
        ]
    },
    "元素スキル": {
        "名前": "共相·イデア模写",
        "説明": "素早く突進し、終了時に周囲の敵に<span style=\"color: #99FF88\">草元素ダメージ</span>を与え、「琢光鏡」を凝集する。<br>長押しによって攻撃方法が変わる。<br><br><span style=\"color: #FFD780\">長押し</span><br>標準モードに入り、突進する方向を調整する。<br><br><span style=\"color: #FFD780\">琢光鏡</span><br>発動時、アルハイゼンは琢光鏡を一枚生成する。この時、琢光鏡を所持していない場合、追加でもう1枚生成される。琢光鏡は下記の効果を持つ。<br>・琢光鏡を所持している時、アルハイゼンの通常攻撃、重撃、落下攻撃ダメージは、元素付与によって他の元素に変化しない<span style=\"color: #99FF88\">草元素ダメージ</span>へと変わる。<br>・上記の攻撃が敵に命中すると、琢光鏡は光幕攻撃を行い、琢光鏡の数を基に<span style=\"color: #99FF88\">草元素範囲ダメージ</span>を与える。<br>・琢光鏡は最大同時に3枚まで所持可能。<br>・琢光鏡は時間の経過と共に1枚ずつ消えていき、アルハイゼンが退場する時にクリアされる。<br><br><em>「真理は元より不確実性の中に存在し、いかに偉大な学者であっても誤謬を免れることはできない。」</em>",
        "icon_url": "images/characters/dendro_5_sword_Alhaitham/talent_2.png",
        "詳細": [
            {
                "名前": "突進攻撃のダメージ",
                "数値": {
                    "1": "193.6%攻撃力+154.9%元素熟知",
                    "2": "208.1%攻撃力+166.5%元素熟知",
                    "3": "222.6%攻撃力+178.1%元素熟知",
                    "4": "242.0%攻撃力+193.6%元素熟知",
                    "5": "256.5%攻撃力+205.2%元素熟知",
                    "6": "271.0%攻撃力+216.8%元素熟知",
                    "7": "290.4%攻撃力+232.3%元素熟知",
                    "8": "309.8%攻撃力+247.8%元素熟知",
                    "9": "329.1%攻撃力+263.3%元素熟知",
                    "10": "348.5%攻撃力+278.8%元素熟知",
                    "11": "367.8%攻撃力+294.3%元素熟知",
                    "12": "387.2%攻撃力+309.8%元素熟知",
                    "13": "411.4%攻撃力+329.1%元素熟知"
                }
            },
            {
                "名前": "光幕攻撃のダメージ",
                "数値": {
                    "1": "67.2%攻撃力+134.4%元素熟知",
                    "2": "72.2%攻撃力+144.5%元素熟知",
                    "3": "77.3%攻撃力+154.6%元素熟知",
                    "4": "84.0%攻撃力+168.0%元素熟知",
                    "5": "89.0%攻撃力+178.1%元素熟知",
                    "6": "94.1%攻撃力+188.2%元素熟知",
                    "7": "100.8%攻撃力+201.6%元素熟知",
                    "8": "107.5%攻撃力+215.0%元素熟知",
                    "9": "114.2%攻撃力+228.5%元素熟知",
                    "10": "121.0%攻撃力+241.9%元素熟知",
                    "11": "127.7%攻撃力+255.4%元素熟知",
                    "12": "134.4%攻撃力+268.8%元素熟知",
                    "13": "142.8%攻撃力+285.6%元素熟知"
                }
            },
            {
                "名前": "光幕攻撃の合計ダメージ",
                "種類": "他所基準ダメージ",
                "数値": "元素スキル#光幕攻撃のダメージ*琢光鏡"
            },
            {
                "条件": "琢光鏡@1-3枚",
                "種類": "草元素付与"
            }
        ],
        "光幕攻撃の間隔": 1.6,
        "琢光鏡の消失間隔": 4,
        "クールタイム": 18
    },
    "元素爆発": {
        "名前": "殊境·顕象結縛",
        "説明": "特殊縛境を創造し、<span style=\"color: #99FF88\">草元素範囲ダメージ</span>を複数回与える。<br>発動時、琢光鏡を所持している場合、すべての琢光鏡を消費して与えるダメージ回数を増やす。<br>発動完了から2秒後、発動時に琢光鏡が0/1/2/3枚消費された場合、アルハイゼンに3/2/1/0枚の琢光鏡を生成する。<br><br><em>「学者の目的が知恵の追求であるのならば、自らが読む一つ一つの文字を敵に回さなければならない。そうすることで、偏見を取り払うことができるだろう。」</em>",
        "icon_url": "images/characters/dendro_5_sword_Alhaitham/talent_3.png",
        "詳細": [
            {
                "名前": "1回のダメージ",
                "数値": {
                    "1": "121.6%攻撃力+97.3%元素熟知",
                    "2": "130.7%攻撃力+104.6%元素熟知",
                    "3": "139.8%攻撃力+111.9%元素熟知",
                    "4": "152.0%攻撃力+121.6%元素熟知",
                    "5": "161.1%攻撃力+128.9%元素熟知",
                    "6": "170.2%攻撃力+136.2%元素熟知",
                    "7": "182.4%攻撃力+145.9%元素熟知",
                    "8": "194.6%攻撃力+155.6%元素熟知",
                    "9": "206.7%攻撃力+165.4%元素熟知",
                    "10": "218.9%攻撃力+175.1%元素熟知",
                    "11": "231.0%攻撃力+184.8%元素熟知",
                    "12": "243.2%攻撃力+194.6%元素熟知",
                    "13": "258.4%攻撃力+206.7%元素熟知"
                }
            },
            {
                "名前": "合計ダメージ",
                "種類": "他所基準ダメージ",
                "数値": "元素爆発#1回のダメージ*2*琢光鏡+元素爆発#1回のダメージ+元素爆発#1回のダメージ+元素爆発#1回のダメージ+元素爆発#1回のダメージ"
            }
        ],
        "基本の攻撃回数": "4回",
        "1枚の攻撃回数": "6回",
        "2枚の攻撃回数": "8回",
        "3枚の攻撃回数": "10回",
        "クールタイム": 18,
        "元素エネルギー": 70
    },
    "固有天賦": [
        {
            "名前": "四因是正",
            "説明": "アルハイゼンの重撃または落下攻撃が敵に命中すると、琢光鏡が1枚生成される。この効果は12秒毎に1回のみ発動可能。",
            "icon_url": "images/characters/dendro_5_sword_Alhaitham/talent_4.png",
            "詳細": []
        },
        {
            "名前": "謎林説破",
            "説明": "アルハイゼンの元素熟知の数値が1につき、光幕のダメージおよび<span style=\"color: #FFD780\">殊境·顕象結縛</span>によるダメージ+0.1%。<br>この方法でアップできる光幕のダメージおよび殊境·顕象結縛によるダメージは100%までとなる。",
            "icon_url": "images/characters/dendro_5_sword_Alhaitham/talent_5.png",
            "詳細": [
                {
                    "種類": "草元素ダメージバフ",
                    "対象": "元素スキルダメージ.光幕攻撃のダメージ",
                    "数値": "0.1*元素熟知",
                    "上限": 100
                },
                {
                    "種類": "草元素ダメージバフ",
                    "対象": "元素爆発ダメージ.1回のダメージ",
                    "数値": "0.1*元素熟知",
                    "上限": 100
                }
            ]
        },
        {
            "名前": "超越還元律",
            "説明": "武器突破素材を合成する時、10%の確率でアイテムを2倍獲得する。",
            "icon_url": "images/characters/dendro_5_sword_Alhaitham/talent_6.png",
            "詳細": []
        }
    ],
    "命ノ星座": {
        "1": {
            "名前": "イントゥイション",
            "説明": "光幕攻撃が敵に命中すると、<span style=\"color: #FFD780\">共相·イデア模写</span>のクールタイム-1.2秒。この効果は1秒毎に1回のみ発動可能。",
            "icon_url": "images/characters/dendro_5_sword_Alhaitham/summaryList_1.png",
            "詳細": []
        },
        "2": {
            "名前": "ディベート",
            "説明": "アルハイゼンが琢光鏡を生成する時、生成された琢光鏡の数が1につき、自身の元素熟知+50、継続時間8秒。層ごとに継続時間のカウントは独立しており、最大4層まで。琢光鏡の数が上限に達している場合にも効果を発動できる。",
            "icon_url": "images/characters/dendro_5_sword_Alhaitham/summaryList_2.png",
            "詳細": [
                {
                    "条件": "琢光鏡@1-3枚",
                    "種類": "元素熟知",
                    "数値": 50
                }
            ]
        },
        "3": {
            "名前": "ネゲーション",
            "説明": "<span style=\"color: #FFD780\">共相·イデア模写</span>のスキルLv.+3。<br>最大Lv.15まで。",
            "icon_url": "images/characters/dendro_5_sword_Alhaitham/summaryList_3.png",
            "詳細": []
        },
        "4": {
            "名前": "エルシデーション",
            "説明": "<span style=\"color: #FFD780\">殊境·顕象結縛</span>を発動時、このスキルによって消費·生成された琢光鏡の数に応じて、以下の効果を発動する。<br>・琢光鏡を1枚消費する毎に、周囲にいるチーム内の他キャラクターの元素熟知+30、継続時間15秒。<br>・琢光鏡を1枚生成する毎に、<span style=\"color: #99FF88\">アルハイゼンの草元素ダメージ</span>+10%、継続時間15秒。<br><br>継続時間中、殊境·顕象結縛を再発動すると、既存の上記効果が先にクリアされる。",
            "icon_url": "images/characters/dendro_5_sword_Alhaitham/summaryList_4.png",
            "詳細": [
                {
                    "条件": "エルシデーション 生成@1-3枚",
                    "種類": "草元素ダメージバフ",
                    "数値": 10
                }
            ]
        },
        "5": {
            "名前": "サギャシティ",
            "説明": "<span style=\"color: #FFD780\">殊境·顕象結縛</span>のスキルLv.+3。<br>最大Lv.15まで。",
            "icon_url": "images/characters/dendro_5_sword_Alhaitham/summaryList_5.png",
            "詳細": []
        },
        "6": {
            "名前": "ストラクタレーション",
            "説明": "アルハイゼンは下記効果を獲得する。<br>・<span style=\"color: #FFD780\">殊境·顕象結縛</span>発動完了から2秒後、消費した琢光鏡の数に関係なく、3枚の琢光鏡を生成する。<br>・アルハイゼンが琢光鏡を生成する時、琢光鏡がすでに上限に達している場合、アルハイゼンの会心率+10%、会心ダメージ+70%、継続時間6秒。<br>この効果が継続時間内に再び発動されると、残りの継続時間+6秒。",
            "icon_url": "images/characters/dendro_5_sword_Alhaitham/summaryList_6.png",
            "詳細": [
                {
                    "条件": "ストラクタレーション",
                    "種類": "会心率",
                    "数値": 10
                },
                {
                    "条件": "ストラクタレーション",
                    "種類": "会心ダメージ",
                    "数値": 70
                }
            ]
        }
    },
    "おすすめセット": [
        {
            "武器": "萃光の裁葉",
            "聖遺物メイン効果3": "5_元素熟知",
            "聖遺物メイン効果4": "5_草元素ダメージバフ",
            "聖遺物メイン効果5": "5_会心率",
            "聖遺物セット効果1": "金メッキの夢",
            "聖遺物セット効果2": "金メッキの夢",
            "聖遺物優先するサブ効果1": "会心率",
            "聖遺物優先するサブ効果2": "会心ダメージ",
            "聖遺物優先するサブ効果3": "元素熟知"
        },
        {
            "武器": "磐岩結緑",
            "聖遺物メイン効果3": "5_元素熟知",
            "聖遺物メイン効果4": "5_草元素ダメージバフ",
            "聖遺物メイン効果5": "5_会心ダメージ",
            "聖遺物セット効果1": "金メッキの夢",
            "聖遺物セット効果2": "金メッキの夢",
            "聖遺物優先するサブ効果1": "会心率",
            "聖遺物優先するサブ効果2": "会心ダメージ",
            "聖遺物優先するサブ効果3": "元素熟知"
        },
        {
            "武器": "霧切の廻光",
            "聖遺物メイン効果3": "5_元素熟知",
            "聖遺物メイン効果4": "5_草元素ダメージバフ",
            "聖遺物メイン効果5": "5_会心率",
            "聖遺物セット効果1": "金メッキの夢",
            "聖遺物セット効果2": "金メッキの夢",
            "聖遺物優先するサブ効果1": "会心率",
            "聖遺物優先するサブ効果2": "会心ダメージ",
            "聖遺物優先するサブ効果3": "元素熟知"
        },
        {
            "武器": "鉄蜂の刺し",
            "聖遺物メイン効果3": "5_元素熟知",
            "聖遺物メイン効果4": "5_草元素ダメージバフ",
            "聖遺物メイン効果5": "5_会心率",
            "聖遺物セット効果1": "金メッキの夢",
            "聖遺物セット効果2": "金メッキの夢",
            "聖遺物優先するサブ効果1": "会心ダメージ",
            "聖遺物優先するサブ効果2": "会心率",
            "聖遺物優先するサブ効果3": "元素熟知"
        },
        {
            "武器": "萃光の裁葉",
            "聖遺物メイン効果3": "5_元素熟知",
            "聖遺物メイン効果4": "5_草元素ダメージバフ",
            "聖遺物メイン効果5": "5_会心率",
            "聖遺物セット効果1": "深林の記憶",
            "聖遺物セット効果2": "深林の記憶",
            "聖遺物優先するサブ効果1": "会心率",
            "聖遺物優先するサブ効果2": "会心ダメージ",
            "聖遺物優先するサブ効果3": "元素熟知"
        },
        {
            "武器": "磐岩結緑",
            "聖遺物メイン効果3": "5_元素熟知",
            "聖遺物メイン効果4": "5_草元素ダメージバフ",
            "聖遺物メイン効果5": "5_会心ダメージ",
            "聖遺物セット効果1": "深林の記憶",
            "聖遺物セット効果2": "深林の記憶",
            "聖遺物優先するサブ効果1": "会心率",
            "聖遺物優先するサブ効果2": "会心ダメージ",
            "聖遺物優先するサブ効果3": "元素熟知"
        },
        {
            "武器": "霧切の廻光",
            "聖遺物メイン効果3": "5_元素熟知",
            "聖遺物メイン効果4": "5_草元素ダメージバフ",
            "聖遺物メイン効果5": "5_会心率",
            "聖遺物セット効果1": "深林の記憶",
            "聖遺物セット効果2": "深林の記憶",
            "聖遺物優先するサブ効果1": "会心率",
            "聖遺物優先するサブ効果2": "会心ダメージ",
            "聖遺物優先するサブ効果3": "元素熟知"
        },
        {
            "武器": "鉄蜂の刺し",
            "聖遺物メイン効果3": "5_元素熟知",
            "聖遺物メイン効果4": "5_草元素ダメージバフ",
            "聖遺物メイン効果5": "5_会心率",
            "聖遺物セット効果1": "深林の記憶",
            "聖遺物セット効果2": "深林の記憶",
            "聖遺物優先するサブ効果1": "会心ダメージ",
            "聖遺物優先するサブ効果2": "会心率",
            "聖遺物優先するサブ効果3": "元素熟知"
        }
    ],
    "NEXT STEP": "元素スキル.光幕攻撃のダメージ"
}