{
    "名前": "綺良々",
    "説明": "稲妻の配達会社「狛荷屋」の配達員。仕事を愛し、人間社会に憧れている「猫又」。",
    "icon_url": "images/characters/face/dendro_4_sword_Kirara.png",
    "レアリティ": 4,
    "武器": "片手剣",
    "元素": "草",
    "baseInfo": {
        "和名 / 英名": "綺良々 / Kirara",
        "誕生日": "1月22日",
        "命ノ星座": "箱筥座",
        "称号": "檐宇遊猫",
        "神の目": "草",
        "所属": "狛荷屋",
        "中国語 CV": "孙艳琦",
        "英語 CV": "Julia Gu",
        "日本語 CV": "鈴代紗弓",
        "韓国語 CV": "강은애",
        "実装バージョン": "3.7"
    },
    "region": "稲妻城",
    "ステータス": {
        "基礎HP": {
            "1+": 1021,
            "20": 2623,
            "20+": 3386,
            "40": 5072,
            "40+": 5614,
            "50": 6458,
            "50+": 7181,
            "60": 8024,
            "60+": 8566,
            "70": 9409,
            "70+": 9951,
            "80": 10794,
            "80+": 11336,
            "90": 12180
        },
        "基礎攻撃力": {
            "1+": 19,
            "20": 48,
            "20+": 62,
            "40": 93,
            "40+": 103,
            "50": 118,
            "50+": 132,
            "60": 147,
            "60+": 157,
            "70": 173,
            "70+": 182,
            "80": 198,
            "80+": 208,
            "90": 223
        },
        "基礎防御力": {
            "1+": 46,
            "20": 118,
            "20+": 152,
            "40": 227,
            "40+": 252,
            "50": 290,
            "50+": 322,
            "60": 360,
            "60+": 384,
            "70": 422,
            "70+": 446,
            "80": 484,
            "80+": 508,
            "90": 546
        },
        "HP%": {
            "1+": 0.0,
            "20": 0.0,
            "20+": 0.0,
            "40": 0.0,
            "40+": 6.0,
            "50": 6.0,
            "50+": 12.0,
            "60": 12.0,
            "60+": 12.0,
            "70": 12.0,
            "70+": 18.0,
            "80": 18.0,
            "80+": 24.0,
            "90": 24.0
        }
    },
    "通常攻撃": {
        "名前": "通常攻撃·段板紙·切り裂き術",
        "説明": "<span style=\"color: #FFD780\">通常攻撃</span><br>最大4段の連続攻撃を行う。<br><br><span style=\"color: #FFD780\">重撃</span><br>一定のスタミナを消費し、前方に爪攻撃を3回放つ。<br><br><span style=\"color: #FFD780\">落下攻撃</span><br>空中から落下し地面に衝撃を与える。経路上の敵を攻撃し、落下時に範囲ダメージを与える。",
        "icon_url": "images/characters/dendro_4_sword_Kirara/talent_1.png",
        "詳細": [
            {
                "名前": "1段ダメージ",
                "数値": {
                    "1": "47.9%",
                    "2": "51.8%",
                    "3": "55.7%",
                    "4": "61.3%",
                    "5": "65.2%",
                    "6": "69.6%",
                    "7": "75.8%",
                    "8": "81.9%",
                    "9": "88.0%",
                    "10": "94.7%",
                    "11": "101.4%"
                }
            },
            {
                "名前": "2段ダメージ",
                "数値": {
                    "1": "46.4%",
                    "2": "50.1%",
                    "3": "53.9%",
                    "4": "59.3%",
                    "5": "63.1%",
                    "6": "67.4%",
                    "7": "73.3%",
                    "8": "79.2%",
                    "9": "85.2%",
                    "10": "91.6%",
                    "11": "98.1%"
                }
            },
            {
                "名前": "3段ダメージ",
                "数値": {
                    "1": "25.4%+38.1%",
                    "2": "27.5%+41.2%",
                    "3": "29.6%+44.3%",
                    "4": "32.5%+48.8%",
                    "5": "34.6%+51.9%",
                    "6": "37.0%+55.4%",
                    "7": "40.2%+60.3%",
                    "8": "43.5%+65.2%",
                    "9": "46.7%+70.1%",
                    "10": "50.3%+75.4%",
                    "11": "53.8%+80.7%"
                },
                "HIT数": 2
            },
            {
                "名前": "4段ダメージ",
                "数値": {
                    "1": "73.3%",
                    "2": "79.2%",
                    "3": "85.2%",
                    "4": "93.7%",
                    "5": "99.7%",
                    "6": "106.5%",
                    "7": "115.9%",
                    "8": "125.2%",
                    "9": "134.6%",
                    "10": "144.8%",
                    "11": "155.1%"
                }
            }
        ]
    },
    "重撃": {
        "詳細": [
            {
                "名前": "重撃ダメージ",
                "数値": {
                    "1": "22.4%+44.8%+44.8%",
                    "2": "24.2%+48.4%+48.4%",
                    "3": "26.0%+52.0%+52.0%",
                    "4": "28.6%+57.2%+57.2%",
                    "5": "30.4%+60.9%+60.9%",
                    "6": "32.5%+65.1%+65.1%",
                    "7": "35.4%+70.8%+70.8%",
                    "8": "38.2%+76.5%+76.5%",
                    "9": "41.1%+82.2%+82.2%",
                    "10": "44.2%+88.5%+88.5%",
                    "11": "47.4%+94.7%+94.7%"
                },
                "HIT数": 3
            }
        ],
        "重撃スタミナ消費": 20
    },
    "落下攻撃": {
        "詳細": [
            {
                "名前": "落下期間のダメージ",
                "数値": {
                    "1": "63.9%",
                    "2": "69.1%",
                    "3": "74.3%",
                    "4": "81.8%",
                    "5": "87.0%",
                    "6": "92.9%",
                    "7": "101.1%",
                    "8": "109.3%",
                    "9": "117.5%",
                    "10": "126.4%",
                    "11": "135.3%"
                }
            },
            {
                "名前": "低空/高空落下攻撃ダメージ",
                "数値": {
                    "1": "128%",
                    "2": "138%",
                    "3": "149%",
                    "4": "164%",
                    "5": "174%",
                    "6": "186%",
                    "7": "202%",
                    "8": "219%",
                    "9": "235%",
                    "10": "253%",
                    "11": "271%"
                }
            },
            {
                "名前": "低空/高空落下攻撃ダメージ",
                "数値": {
                    "1": "160%",
                    "2": "173%",
                    "3": "186%",
                    "4": "204%",
                    "5": "217%",
                    "6": "232%",
                    "7": "253%",
                    "8": "273%",
                    "9": "293%",
                    "10": "316%",
                    "11": "338%"
                }
            }
        ]
    },
    "元素スキル": {
        "名前": "にゃんにゃん町飛脚",
        "説明": "<span style=\"color: rgb(255, 215, 128)\">一回押し</span><br>草むらを駆け抜けるネコのように俊敏な身のこなしで飛び上がり、猫又返しを繰り出し、<span style=\"color: rgb(153, 255, 136)\">草元素範囲ダメージ</span>を与える。また、安全運送シールドを張って、綺良々に短時間の<span style=\"color: rgb(153, 255, 136)\">草元素付着</span>を与える。安全運送シールドは<span style=\"color: rgb(153, 255, 136)\">草元素ダメージ</span>に対して250%の吸収効果がある。シールドのダメージ量は綺良々のHP上限によって決まり、そのHP上限の一定割合を超えることはできない。ダメージ吸収量が残っている時に新しく「安全運送シールド」を獲得すると、吸収量は加算され、継続時間も更新される。<br><br><span style=\"color: rgb(255, 215, 128)\">長押し</span><br>「半日必着」の勢いで、一回押しと同様の安全運送シールドを張る。また特製の<span style=\"color: rgb(219, 222, 225)\">宅配用段板紙</span>の中に入り、ネコ箱急便状態となって素早く移動しながら戦う。<br><br><span style=\"color: rgb(255, 215, 128)\">ネコ箱急便状態</span><br>・衝突した敵に<span style=\"color: rgb(153, 255, 136)\">草元素ダメージ</span>を与える。この効果は敵1体につき、0.5秒毎に最大1回のみ発動可能。<br>・該当状態にある綺良々の移動速度、登る速度、ジャンプ力がアップし、登る時のスタミナ消費が増える。<br>・継続時間終了時、または再びスキルを発動した時、一回押しより強力なくるりん爪撃を繰り出し、<span style=\"color: rgb(153, 255, 136)\">草元素範囲ダメージ</span>を与える。<br>・ネコ箱急便状態は最大10秒間継続可能。スキル終了時にクールタイムに入る。ネコ箱急便状態の継続時間が長いほど、クールタイムは長くなる。<br>・効果継続時間中、ダッシュしたり登り状態を解除したりすると、ネコ箱急便状態を早期に終了させることができる。<br><br><em>「えっ、配達が早い秘訣？もちろん脚力だよ！」</em>",
        "icon_url": "images/characters/dendro_4_sword_Kirara/talent_2.png",
        "詳細": [
            {
                "名前": "猫又返しのダメージ",
                "数値": {
                    "1": "104.0%",
                    "2": "111.8%",
                    "3": "119.6%",
                    "4": "130.0%",
                    "5": "137.8%",
                    "6": "145.6%",
                    "7": "156.0%",
                    "8": "166.4%",
                    "9": "176.8%",
                    "10": "187.2%",
                    "11": "197.6%",
                    "12": "208.0%",
                    "13": "221.0%"
                }
            },
            {
                "名前": "シールド吸収量",
                "種類": "シールド",
                "数値": {
                    "1": "10.0%HP上限+962",
                    "2": "10.75%HP上限+1058",
                    "3": "11.5%HP上限+1163",
                    "4": "12.5%HP上限+1275",
                    "5": "13.3%HP上限+1395",
                    "6": "14.0%HP上限+1524",
                    "7": "15.0%HP上限+1660",
                    "8": "16.0%HP上限+1804",
                    "9": "17.0%HP上限+1957",
                    "10": "18.0%HP上限+2117",
                    "11": "19.0%HP上限+2285",
                    "12": "20.0%HP上限+2462",
                    "13": "21.3%HP上限+2646"
                }
            },
            {
                "名前": "シールド吸収量上限",
                "種類": "シールド",
                "数値": {
                    "1": "16.0%HP上限+1541",
                    "2": "17.2%HP上限+1695",
                    "3": "18.4%HP上限+1862",
                    "4": "20.0%HP上限+2042",
                    "5": "21.2%HP上限+2235",
                    "6": "22.4%HP上限+2440",
                    "7": "24.0%HP上限+2659",
                    "8": "25.6%HP上限+2890",
                    "9": "27.2%HP上限+3134",
                    "10": "28.8%HP上限+3391",
                    "11": "30.4%HP上限+3660",
                    "12": "32.0%HP上限+3943",
                    "13": "34.0%HP上限+4238"
                }
            },
            {
                "名前": "ネコ箱急便突進ダメージ",
                "数値": {
                    "1": "33.6%",
                    "2": "36.1%",
                    "3": "38.6%",
                    "4": "42.0%",
                    "5": "44.5%",
                    "6": "47.0%",
                    "7": "50.4%",
                    "8": "53.8%",
                    "9": "57.1%",
                    "10": "60.5%",
                    "11": "273.6%",
                    "12": "67.2%",
                    "13": "71.4%"
                }
            },
            {
                "名前": "くるりん爪撃のダメージ",
                "数値": {
                    "1": "144.0%",
                    "2": "154.8%",
                    "3": "165.6%",
                    "4": "180.0%",
                    "5": "190.8%",
                    "6": "201.6%",
                    "7": "216.0%",
                    "8": "230.4%",
                    "9": "244.8%",
                    "10": "259.2%",
                    "11": "259.2%",
                    "12": "288.0%",
                    "13": "306.0%"
                }
            }
        ],
        "シールド継続時間": 12,
        "ネコ箱急便状態の最大継続時間": 10,
        "クールタイム": "8秒~12"
    },
    "元素爆発": {
        "名前": "秘法·サプライズ特別配送",
        "説明": "盗賊を懲らしめる特注配送箱で敵を思い切り殴り、<span style=\"color: rgb(153, 255, 136)\">草元素範囲ダメージ</span>を与える。特注配送箱が爆発すると、複数の<span style=\"color: rgb(255, 215, 128)\">ニャルダモン</span>をばら撒く。ニャルダモンは敵に触れたとき、または一定時間後に爆発し、<span style=\"color: #99FF88\">草元素範囲ダメージ</span>を与える。<br><br><em>「ふふっ、これは宅配便の荷物を盗む悪党たちのために、特別に用意した品です。さあ、お受け取りいただいたら、五つ星の評価をお願いしますね！」</em>",
        "icon_url": "images/characters/dendro_4_sword_Kirara/talent_3.png",
        "詳細": [
            {
                "名前": "スキルダメージ",
                "数値": {
                    "1": "570.2%",
                    "2": "613.0%",
                    "3": "655.8%",
                    "4": "712.8%",
                    "5": "755.6%",
                    "6": "798.3%",
                    "7": "855.4%",
                    "8": "912.4%",
                    "9": "969.4%",
                    "10": "1026.4%",
                    "11": "1083.5%",
                    "12": "1140.5%",
                    "13": "1211.8%"
                }
            },
            {
                "名前": "ニャルダモンの爆発ダメージ",
                "数値": {
                    "1": "35.6%",
                    "2": "38.3%",
                    "3": "41.0%",
                    "4": "44.6%",
                    "5": "47.2%",
                    "6": "49.9%",
                    "7": "53.5%",
                    "8": "57.0%",
                    "9": "60.6%",
                    "10": "64.2%",
                    "11": "67.7%",
                    "12": "71.3%",
                    "13": "75.7%"
                }
            },
            {
                "名前": "ニャルダモン存在時間",
                "種類": "表示",
                "数値": {
                    "1": 12,
                    "2": 12,
                    "3": 12,
                    "4": 12,
                    "5": 12,
                    "6": 12,
                    "7": 12,
                    "8": 12,
                    "9": 12,
                    "10": 12,
                    "11": 12,
                    "12": 12,
                    "13": 12
                }
            }
        ],
        "クールタイム": 15,
        "元素エネルギー": 60
    },
    "固有天賦": [
        {
            "名前": "妖説岐尾の変",
            "説明": "<span style=\"color: rgb(255, 215, 128)\">にゃんにゃん町飛脚</span>のネコ箱急便状態にある綺良々は、敵に衝突するたびに<span style=\"color: rgb(255, 215, 128)\">がっちり梱包</span>を1層獲得する、最大3層まで。この効果は敵1体につき、0.5秒毎に最大1回のみ発動可能。<br>ネコ箱急便状態の終了時、がっちり梱包1層につき、綺良々は安全運送シールドを1つ獲得する。このシールドのダメージ吸収量は<span style=\"color: rgb(255, 215, 128)\">にゃんにゃん町飛脚</span>で生成できる安全運送シールドの20%に相当する。綺良々がすでににゃんにゃん町飛脚で安全運送シールドを獲得している時、ダメージ吸収量は加算され、継続時間も更新される。",
            "icon_url": "images/characters/dendro_4_sword_Kirara/talent_4.png",
            "詳細": []
        },
        {
            "名前": "ネコのぐるぐる目時計",
            "説明": "綺良々のHP上限を基準に、HP上限1000毎に<span style=\"color: #FFD780\">にゃんにゃん町飛脚</span>の与えるダメージ+0.4%、<span style=\"color: #FFD780\">秘法·サプライズ特別配送</span>の与えるダメージ+0.3%。",
            "icon_url": "images/characters/dendro_4_sword_Kirara/talent_5.png",
            "詳細": [
                {
                    "種類": "元素スキルダメージバフ",
                    "数値": "0.0004*HP上限"
                },
                {
                    "種類": "元素爆発ダメージバフ",
                    "数値": "0.0003*HP上限"
                }
            ]
        },
        {
            "名前": "抜き足、差し足、忍び猫",
            "説明": "綺良々がチーム内にいる時、チーム内の自身のキャラクターが鳥肉、獣肉、冷製鮮肉をドロップする動物に近づいても気付かれにくくなる。",
            "icon_url": "images/characters/dendro_4_sword_Kirara/talent_6.png",
            "詳細": []
        }
    ],
    "命ノ星座": {
        "1": {
            "名前": "器物流転",
            "説明": "<span style=\"color: #FFD780\">秘法·サプライズ特別配送</span>を発動した時、綺良々のHP上限8000毎に<span style=\"color: #FFD780\">ニャルダモン</span>を追加で1個生成する。この方法で生成されるニャルダモンは最大4個まで。",
            "icon_url": "images/characters/dendro_4_sword_Kirara/summaryList_1.png",
            "詳細": []
        },
        "2": {
            "名前": "八隅·完璧梱包術",
            "説明": "<span style=\"color: rgb(255, 215, 128)\">にゃんにゃん町飛脚</span>のネコ箱急便状態にある綺良々は、接触したチーム内の他キャラクターに安全運送シールド·重要貨物状態を与える。<br>安全運送シールド·重要貨物のダメージ吸収量は<span style=\"color: rgb(255, 215, 128)\">にゃんにゃん町飛脚</span>の安全輸送シールド吸収量上限の40%に相当し、<span style=\"color: rgb(153, 255, 136)\">草元素ダメージ</span>に対して250%の吸収効果がある。<br>安全運送シールド·重要貨物状態は12秒継続し、キャラクター1体につき、10秒毎に最大1回発動可能。",
            "icon_url": "images/characters/dendro_4_sword_Kirara/summaryList_2.png",
            "詳細": []
        },
        "3": {
            "名前": "万戸門札に通ず",
            "説明": "<span style=\"color: #FFD780\">にゃんにゃん町飛脚</span>のスキルLv.+3。<br>最大Lv.15まで。",
            "icon_url": "images/characters/dendro_4_sword_Kirara/summaryList_3.png",
            "詳細": []
        },
        "4": {
            "名前": "韋駄天駿足",
            "説明": "<span style=\"color: rgb(255, 215, 128)\">安全運送シールド</span>、または<span style=\"color: rgb(255, 215, 128)\">安全運送シールド·重要貨物</span><span style=\"color: rgba(255, 255, 255, 0.45)\">状態</span>のフィールド上キャラクターの通常攻撃、重撃、または落下攻撃が敵に命中した後、綺良々は<span style=\"color: rgb(255, 215, 128)\">ニャルダモン·ミニ</span>を使って連携攻撃を行い、綺良々の攻撃力200%分の<span style=\"color: rgb(153, 255, 136)\">草元素ダメージ</span>を与える。このダメージは元素爆発ダメージと見なされる。この効果は3.8秒毎に最大1回のみ発動可能で、チーム全員がクールタイムを共有する。",
            "icon_url": "images/characters/dendro_4_sword_Kirara/summaryList_4.png",
            "詳細": [
                {
                    "名前": "韋駄天駿足",
                    "種類": "元素爆発ダメージ",
                    "数値": "200%攻撃力",
                    "元素": "草"
                }
            ]
        },
        "5": {
            "名前": "一日千里",
            "説明": "<span style=\"color: rgb(255, 215, 128)\">秘法·サプライズ特別配送</span>のスキルLv.+3。<br>最大Lv.15まで。",
            "icon_url": "images/characters/dendro_4_sword_Kirara/summaryList_5.png",
            "詳細": []
        },
        "6": {
            "名前": "道中百景心得たり",
            "説明": "綺良々が元素スキルまたは元素爆発を発動した後15秒間、周囲のチーム全員の全元素ダメージ+12%。",
            "icon_url": "images/characters/dendro_4_sword_Kirara/summaryList_6.png",
            "詳細": [
                {
                    "条件": "道中百景心得たり",
                    "種類": "全元素ダメージバフ",
                    "数値": 12
                }
            ]
        }
    },
    "チームバフ": [
        {
            "条件": "C6 道中百景心得たり",
            "種類": "全元素ダメージバフ",
            "数値": 12
        }
    ],
    "おすすめセット": [
        {
            "武器": "磐岩結緑",
            "聖遺物メイン効果3": "5_攻撃力%",
            "聖遺物メイン効果4": "5_草元素ダメージバフ",
            "聖遺物メイン効果5": "5_会心ダメージ",
            "聖遺物セット効果1": "深林の記憶",
            "聖遺物セット効果2": "深林の記憶",
            "聖遺物優先するサブ効果1": "会心率",
            "聖遺物優先するサブ効果2": "会心ダメージ",
            "聖遺物優先するサブ効果3": "HP%"
        },
        {
            "武器": "聖顕の鍵",
            "聖遺物メイン効果3": "5_HP%",
            "聖遺物メイン効果4": "5_HP%",
            "聖遺物メイン効果5": "5_HP%",
            "聖遺物セット効果1": "深林の記憶",
            "聖遺物セット効果2": "深林の記憶",
            "聖遺物優先するサブ効果1": "元素熟知",
            "聖遺物優先するサブ効果2": "元素チャージ効率",
            "聖遺物優先するサブ効果3": "HP%"
        }
    ],
    "NEXT STEP": "元素爆発.スキルダメージ"
}