{
    "名前": "コレイ",
    "説明": "アビディアの森で活躍する見習いレンジャー。親切な言動の裏には、少し内向的な性格が隠されている。",
    "icon_url": "images/characters/face/dendro_4_bow_Collei.png",
    "レアリティ": 4,
    "武器": "弓",
    "元素": "草",
    "baseInfo": {
        "名称": "コレイ",
        "誕生日": "5月8日",
        "命ノ星座": "サーバル座",
        "称号": "純真を抱く萌蘖",
        "神の目": "草",
        "所属": "ガンダルヴァー村",
        "中国語 CV": "秦文静",
        "英語 CV": "Christina Costello",
        "日本語 CV": "前川涼子",
        "韓国語 CV": "방시우",
        "オリジナル料理": "憧れ",
        "実装バージョン": "3.0",
        "七聖召喚のカード": "$[{\"ep_id\":3189,\"icon\":\"https://upload-static.hoyoverse.com/hoyolab-wiki/2022/12/01/194600931/ba092c866fbf6574b792b5e53eadf9ff_5435604427803901749.png\",\"amount\":0,\"name\":\"コレイ\",\"menuId\":\"17\"}]$"
    },
    "region": "スメール",
    "ステータス": {
        "基礎HP": {
            "1+": 821,
            "20": 2108,
            "20+": 2721,
            "40": 4076,
            "40+": 4512,
            "50": 5189,
            "50+": 5770,
            "60": 6448,
            "60+": 6884,
            "70": 7561,
            "70+": 7996,
            "80": 8674,
            "80+": 9110,
            "90": 9787
        },
        "基礎攻撃力": {
            "1+": 17,
            "20": 43,
            "20+": 56,
            "40": 83,
            "40+": 92,
            "50": 106,
            "50+": 118,
            "60": 132,
            "60+": 141,
            "70": 154,
            "70+": 163,
            "80": 177,
            "80+": 186,
            "90": 200
        },
        "基礎防御力": {
            "1+": 50,
            "20": 129,
            "20+": 167,
            "40": 250,
            "40+": 277,
            "50": 318,
            "50+": 354,
            "60": 396,
            "60+": 422,
            "70": 464,
            "70+": 491,
            "80": 532,
            "80+": 559,
            "90": 601
        },
        "攻撃力%": {
            "1+": 0,
            "20": 0,
            "20+": 0,
            "40": 0,
            "40+": 6,
            "50": 6,
            "50+": 12,
            "60": 12,
            "60+": 12,
            "70": 12,
            "70+": 18,
            "80": 18,
            "80+": 24,
            "90": 24
        }
    },
    "オプション初期値": {
        "ディープウッドパトロール 元素チャージ効率+20%": false
    },
    "通常攻撃": {
        "名前": "通常攻撃·祈りの射技",
        "説明": "<span style=\"color: rgb(255, 215, 128)\">通常攻撃</span><br><span style=\"color: rgba(255, 255, 255, 0.85)\">最大4段の連射攻撃を行う。</span><br><br><span style=\"color: rgb(255, 215, 128)\">重撃</span><br><span style=\"color: rgba(255, 255, 255, 0.85)\">ダメージがより高く、より精確な</span><span style=\"color: #FFD780\">狙い撃ち</span><span style=\"color: rgba(255, 255, 255, 0.85)\">を発動する。</span><br><span style=\"color: rgba(255, 255, 255, 0.85)\">標準時、草元素が矢先に付着する。草元素に満ちた矢は敵に</span><span style=\"color: rgb(153, 255, 136)\">草元素ダメージ</span><span style=\"color: rgba(255, 255, 255, 0.85)\">を与える。</span><br><br><span style=\"color: rgb(255, 215, 128)\">落下攻撃</span><br><span style=\"color: rgba(255, 255, 255, 0.85)\">空中から矢の雨を放ち、凄まじいスピードで落下し地面に衝撃を与え、落下時に範囲ダメージを与える。</span><br>",
        "icon_url": "images/characters/dendro_4_bow_Collei/talent_1.png",
        "詳細": [
            {
                "名前": "1段ダメージ",
                "数値": {
                    "1": "43.6%",
                    "2": "47.2%",
                    "3": "50.7%",
                    "4": "55.8%",
                    "5": "59.3%",
                    "6": "63.4%",
                    "7": "69.0%",
                    "8": "74.5%",
                    "9": "80.1%",
                    "10": "86.2%",
                    "11": "92.3%"
                }
            },
            {
                "名前": "2段ダメージ",
                "数値": {
                    "1": "42.7%",
                    "2": "46.1%",
                    "3": "49.6%",
                    "4": "54.6%",
                    "5": "58%",
                    "6": "62%",
                    "7": "67.5%",
                    "8": "72.9%",
                    "9": "78.4%",
                    "10": "84.3%",
                    "11": "90.3%"
                }
            },
            {
                "名前": "3段ダメージ",
                "数値": {
                    "1": "54.1%",
                    "2": "58.5%",
                    "3": "62.9%",
                    "4": "69.2%",
                    "5": "73.6%",
                    "6": "78.6%",
                    "7": "85.5%",
                    "8": "92.5%",
                    "9": "99.4%",
                    "10": "106.9%",
                    "11": "114.5%"
                }
            },
            {
                "名前": "4段ダメージ",
                "数値": {
                    "1": "68%",
                    "2": "73.6%",
                    "3": "79.1%",
                    "4": "87%",
                    "5": "92.6%",
                    "6": "98.9%",
                    "7": "107.6%",
                    "8": "116.3%",
                    "9": "125%",
                    "10": "134.5%",
                    "11": "144%"
                }
            }
        ]
    },
    "重撃": {
        "詳細": [
            {
                "名前": "狙い撃ち",
                "数値": {
                    "1": "43.9%",
                    "2": "47.4%",
                    "3": "51%",
                    "4": "56.1%",
                    "5": "59.7%",
                    "6": "63.8%",
                    "7": "69.4%",
                    "8": "75%",
                    "9": "80.6%",
                    "10": "86.7%",
                    "11": "92.8%"
                }
            },
            {
                "名前": "フルチャージ狙い撃ち",
                "数値": {
                    "1": "124%",
                    "2": "133%",
                    "3": "143%",
                    "4": "155%",
                    "5": "164%",
                    "6": "174%",
                    "7": "186%",
                    "8": "198%",
                    "9": "211%",
                    "10": "223%",
                    "11": "236%"
                },
                "元素": "草"
            }
        ]
    },
    "落下攻撃": {
        "詳細": [
            {
                "名前": "落下期間のダメージ",
                "数値": {
                    "1": "56.8%",
                    "2": "61.5%",
                    "3": "66.1%",
                    "4": "72.7%",
                    "5": "77.3%",
                    "6": "82.6%",
                    "7": "89.9%",
                    "8": "97.1%",
                    "9": "104.4%",
                    "10": "112.3%",
                    "11": "120.3%"
                }
            },
            {
                "名前": "低空/高空落下攻撃ダメージ",
                "数値": {
                    "1": "114%",
                    "2": "123%",
                    "3": "132%",
                    "4": "145%",
                    "5": "155%",
                    "6": "165%",
                    "7": "180%",
                    "8": "194%",
                    "9": "209%",
                    "10": "225%",
                    "11": "240%"
                }
            },
            {
                "名前": "低空/高空落下攻撃ダメージ",
                "数値": {
                    "1": "142%",
                    "2": "153%",
                    "3": "165%",
                    "4": "182%",
                    "5": "193%",
                    "6": "206%",
                    "7": "224%",
                    "8": "243%",
                    "9": "261%",
                    "10": "281%",
                    "11": "300%"
                }
            }
        ]
    },
    "元素スキル": {
        "名前": "花触葉讃",
        "説明": "<span style=\"color: rgba(255, 255, 255, 0.85)\">リーフブーメランを投げ、命中したターゲットに1回ずつ</span><span style=\"color: #99FF88\">草元素ダメージ</span><span style=\"color: rgba(255, 255, 255, 0.85)\">を与える。<br>投げられたリーフブーメランは一定時間後に戻り、再び</span><span style=\"color: #99FF88\">草元素ダメージ</span><span style=\"color: rgba(255, 255, 255, 0.85)\">を与える。<br></span><em><br><span>興奮した野獣を相手にする時に使える信頼のおけるアイテム。<br>これが当たると、大抵は大人しい状態に戻る。<br>また、悪だくみする悪党相手にも効果は抜群。</span></em>",
        "icon_url": "images/characters/dendro_4_bow_Collei/talent_2.png",
        "詳細": [
            {
                "名前": "スキルダメージ",
                "数値": {
                    "1": "151.2%",
                    "2": "162.5%",
                    "3": "173.9%",
                    "4": "189%",
                    "5": "200.3%",
                    "6": "211.7%",
                    "7": "226.8%",
                    "8": "241.9%",
                    "9": "257%",
                    "10": "272.2%",
                    "11": "287.3%",
                    "12": "302.4%",
                    "13": "321.3%"
                }
            },
            {
                "名前": "フライリーフワインダー",
                "数値": "40%攻撃力"
            },
            {
                "条件": "命ノ星座@6",
                "名前": "フォーリングアロー",
                "種類": "追加ダメージ",
                "数値": "200%攻撃力",
                "元素": "草",
                "ダメージバフ": "NONE"
            }
        ],
        "クールタイム": 12
    },
    "元素爆発": {
        "名前": "ニャンコトレジャー",
        "説明": "頼もしいコレアンバーの助けを呼ぶ。<br>コレアンバー人形を投げ、爆発時に<span style=\"color: #99FF88\">草元素範囲ダメージ</span>を与え、コレアンバー領域を生成する。<br>コレアンバーは領域内でジャンプし続け、<span style=\"color: #99FF88\">草元素範囲ダメージ</span>を与える。<br><br><em>「どう、すごいだろ？</em><br><em>…えっ？ コレアンバーの名前の由来が知りたい？ うーん、そ、それは…」</em>",
        "icon_url": "images/characters/dendro_4_bow_Collei/talent_3.png",
        "詳細": [
            {
                "名前": "爆発ダメージ",
                "数値": {
                    "1": "201.8%",
                    "2": "217%",
                    "3": "232.1%",
                    "4": "252.3%",
                    "5": "267.4%",
                    "6": "282.6%",
                    "7": "302.7%",
                    "8": "322.9%",
                    "9": "343.1%",
                    "10": "363.3%",
                    "11": "383.5%",
                    "12": "403.7%",
                    "13": "428.9%"
                }
            },
            {
                "名前": "ジャンプダメージ",
                "数値": {
                    "1": "43.3%",
                    "2": "46.5%",
                    "3": "49.7%",
                    "4": "54.1%",
                    "5": "57.3%",
                    "6": "60.6%",
                    "7": "64.9%",
                    "8": "69.2%",
                    "9": "73.5%",
                    "10": "77.9%",
                    "11": "82.2%",
                    "12": "86.5%",
                    "13": "91.9%"
                }
            }
        ],
        "継続時間": 6,
        "クールタイム": 15,
        "元素エネルギー": 60
    },
    "固有天賦": [
        {
            "名前": "フライリーフワインダー",
            "説明": "<span style=\"color: #FFD780\">リーフブーメラン</span>が戻ってくる前に、チーム内の自身キャラクラ―が燃焼、原激化、超激化、草激化、開花、超開花、または烈開花反応を起こすと、<br>戻ってきた時に「芽生え」状態をキャラクターに付与し、持続的に周囲の敵にコレイの攻撃力40%分の<span style=\"color: rgb(153, 255, 136)\">草元素ダメージ</span>を与える。継続時間3秒。<br>芽生え状態中に再度獲得すると、既存の芽生え状態が先にクリアされる。このダメージは元素スキルダメージと見なされる。",
            "icon_url": "images/characters/dendro_4_bow_Collei/talent_4.png",
            "詳細": []
        },
        {
            "名前": "徐かなること森の如く",
            "説明": "<span style=\"color: rgb(255, 215, 128)\">コレアンバー領域内</span>のキャラクターが燃焼、原激化、超激化、草激化、開花、超開花、または烈開花反応を起こすと、領域の継続時間+1秒。<br>この方式では<span style=\"color: #FFD780\">ニャンコトレジャー</span>1回につき、継続時間を最大3回まで延長できる。",
            "icon_url": "images/characters/dendro_4_bow_Collei/talent_5.png",
            "詳細": []
        },
        {
            "名前": "「スメールの飛行チャンピオン」",
            "説明": "チーム内の自身のキャラクターが滑翔に消費するスタミナ-20%。<br>同じ効果を持つ固有天賦との重ね掛け不可。",
            "icon_url": "images/characters/dendro_4_bow_Collei/talent_6.png",
            "詳細": []
        }
    ],
    "命ノ星座": {
        "1": {
            "名前": "ディープウッドパトロール",
            "説明": "コレイが待機状態の時、元素チャージ効率+20%。",
            "icon_url": "images/characters/dendro_4_bow_Collei/summaryList_1.png",
            "詳細": [
                {
                    "条件": "ディープウッドパトロール 元素チャージ効率+20%",
                    "種類": "元素チャージ効率",
                    "数値": 20
                }
            ]
        },
        "2": {
            "名前": "フォレストハイカー",
            "説明": "固有天賦「フライリーフワインダー」が下記のように変化する。<br><span style=\"color: #FFD780\">リーフブーメラン</span>が戻ってきた時、キャラクターに固有天賦「フライリーフワインダー」の「芽生え」状態を付与し、持続的に周囲の敵にコレイの攻撃力40%分の<span style=\"color: rgb(153, 255, 136)\">草元素ダメージ</span>を与える。継続時間3秒。<br><span style=\"color: #FFD780\">花触葉讃</span>発動から今回の芽生え状態が消失するまでの間に、チーム内の自身キャラクターが燃焼、原激化、超激化、草激化、開花、超開花、または烈開花反応を起こすと、今回の芽生え状態の継続時間+3秒。<br>この方式により芽生え状態を延長できるのは最大1回まで。芽生え状態中に再度獲得すると、既存の芽生え状態が先にクリアされる。芽生え状態によるダメージは元素スキルダメージと見なされる。<br>固有天賦「フライリーフワインダー」を解放する必要がある。",
            "icon_url": "images/characters/dendro_4_bow_Collei/summaryList_2.png",
            "詳細": []
        },
        "3": {
            "名前": "セントオブサマー",
            "説明": "<span style=\"color: #FFD780\">花触葉讃</span>のスキルLv.+3。<br>最大Lv.15まで。",
            "icon_url": "images/characters/dendro_4_bow_Collei/summaryList_3.png",
            "詳細": []
        },
        "4": {
            "名前": "ギフトオブフォレスト",
            "説明": "<span style=\"color: #FFD780\">ニャンコトレジャー</span>を発動すると、周囲のチーム全員（コレイ自身を除く）の元素熟知+60、継続時間12秒。",
            "icon_url": "images/characters/dendro_4_bow_Collei/summaryList_4.png",
            "詳細": []
        },
        "5": {
            "名前": "オールエンバーズ",
            "説明": "<span style=\"color: #FFD780\">ニャンコトレジャー</span>のスキルLv.+3。<br>最大Lv.15まで。",
            "icon_url": "images/characters/dendro_4_bow_Collei/summaryList_5.png",
            "詳細": []
        },
        "6": {
            "名前": "フォーリングアロー",
            "説明": "<span style=\"color: #FFD780\">リーフブーメラン</span>が命中すると、ミニコレアンバーを1体生成し、コレイの攻撃力200%分の<span style=\"color: rgb(153, 255, 136)\">草元素ダメージ</span>を与える。<br><span style=\"color: #FFD780\">花触葉讃</span>1回につき、生成できるミニコレアンバーは1体まで。",
            "icon_url": "images/characters/dendro_4_bow_Collei/summaryList_6.png",
            "詳細": []
        }
    },
    "おすすめセット": [
        {
            "武器": "冬極の白星",
            "聖遺物メイン効果3": "5_攻撃力%",
            "聖遺物メイン効果4": "5_草元素ダメージバフ",
            "聖遺物メイン効果5": "5_会心ダメージ",
            "聖遺物セット効果1": "深林の記憶",
            "聖遺物セット効果2": "深林の記憶",
            "聖遺物優先するサブ効果1": "会心率",
            "聖遺物優先するサブ効果2": "会心ダメージ",
            "聖遺物優先するサブ効果3": "攻撃力%"
        },
        {
            "武器": "終焉を嘆く詩",
            "聖遺物メイン効果3": "5_攻撃力%",
            "聖遺物メイン効果4": "5_草元素ダメージバフ",
            "聖遺物メイン効果5": "5_会心率",
            "聖遺物セット効果1": "深林の記憶",
            "聖遺物セット効果2": "深林の記憶",
            "聖遺物優先するサブ効果1": "会心ダメージ",
            "聖遺物優先するサブ効果2": "会心率",
            "聖遺物優先するサブ効果3": "攻撃力%"
        },
        {
            "武器": "落霞",
            "聖遺物メイン効果3": "5_攻撃力%",
            "聖遺物メイン効果4": "5_草元素ダメージバフ",
            "聖遺物メイン効果5": "5_会心率",
            "聖遺物セット効果1": "深林の記憶",
            "聖遺物セット効果2": "深林の記憶",
            "聖遺物優先するサブ効果1": "会心ダメージ",
            "聖遺物優先するサブ効果2": "会心率",
            "聖遺物優先するサブ効果3": "攻撃力%"
        },
        {
            "武器": "絶弦",
            "聖遺物メイン効果3": "5_攻撃力%",
            "聖遺物メイン効果4": "5_草元素ダメージバフ",
            "聖遺物メイン効果5": "5_会心率",
            "聖遺物セット効果1": "深林の記憶",
            "聖遺物セット効果2": "深林の記憶",
            "聖遺物優先するサブ効果1": "会心ダメージ",
            "聖遺物優先するサブ効果2": "会心率",
            "聖遺物優先するサブ効果3": "攻撃力%"
        },
        {
            "武器": "西風猟弓",
            "聖遺物メイン効果3": "5_攻撃力%",
            "聖遺物メイン効果4": "5_草元素ダメージバフ",
            "聖遺物メイン効果5": "5_会心率",
            "聖遺物セット効果1": "深林の記憶",
            "聖遺物セット効果2": "深林の記憶",
            "聖遺物優先するサブ効果1": "会心ダメージ",
            "聖遺物優先するサブ効果2": "会心率",
            "聖遺物優先するサブ効果3": "攻撃力%"
        }
    ]
}