{
    "名前": "旅人(草)",
    "説明": "<span style=\"color: rgba(255, 255, 255, 0.65)\">世界の外から漂流してきた旅人。肉親が見知らぬ神に連れ去られたため、七神を探す旅に出た。</span>",
    "icon_url": "images/characters/face/dendro_5_sword_Traveler.png",
    "レアリティ": 5,
    "武器": "片手剣",
    "元素": "草",
    "baseInfo": {
        "名称": "旅人",
        "命ノ星座": "旅人座",
        "所属": "——",
        "中国語 CV": "鹿喑&amp;宴宁",
        "英語 CV": "Zach Aguilar &amp; Sarah Miller-Crews",
        "日本語 CV": "堀江瞬&amp;悠木碧",
        "韓国語 CV": "이경태&amp;이새아",
        "オリジナル料理": "なし",
        "実装バージョン": "3.0"
    },
    "region": "その他",
    "ステータス": {
        "基礎HP": {
            "1+": 912,
            "20": 2342,
            "20+": 3024,
            "40": 4529,
            "40+": 5013,
            "50": 5766,
            "50+": 6411,
            "60": 7164,
            "60+": 7648,
            "70": 8401,
            "70+": 8885,
            "80": 9638,
            "80+": 10122,
            "90": 10875
        },
        "基礎攻撃力": {
            "1+": 18,
            "20": 46,
            "20+": 59,
            "40": 88,
            "40+": 98,
            "50": 113,
            "50+": 125,
            "60": 140,
            "60+": 149,
            "70": 164,
            "70+": 174,
            "80": 188,
            "80+": 198,
            "90": 212
        },
        "基礎防御力": {
            "1+": 57,
            "20": 147,
            "20+": 190,
            "40": 284,
            "40+": 315,
            "50": 362,
            "50+": 402,
            "60": 450,
            "60+": 480,
            "70": 527,
            "70+": 558,
            "80": 605,
            "80+": 635,
            "90": 683
        },
        "攻撃力%": {
            "1+": 0,
            "20": 0,
            "20+": 0,
            "40": 0,
            "40+": 0,
            "50": 6,
            "50+": 12,
            "60": 12,
            "60+": 12,
            "70": 12,
            "70+": 18,
            "80": 18,
            "80+": 24,
            "90": 24
        }
    },
    "オプション初期値": {
        "蔓生の埜草 元素熟知": 5
    },
    "通常攻撃": {
        "名前": "通常攻撃·異邦の草薙",
        "説明": "<span style=\"color: rgb(255, 215, 128)\">通常攻撃</span><br>剣による最大5段の連続攻撃を行う。<br><br><span style=\"color: rgb(255, 215, 128)\">重撃</span><br>一定のスタミナを消費し、前方に斬撃を2回放つ。<br><br><span style=\"color: rgb(255, 215, 128)\">落下攻撃</span><br>空中から落下し地面に衝撃を与える。経路上の敵を攻撃し、落下時に範囲ダメージを与える。",
        "icon_url": "images/characters/dendro_5_sword_Traveler/talent_1.png",
        "詳細": [
            {
                "名前": "1段ダメージ",
                "数値": {
                    "1": "44.5%",
                    "2": "48.1%",
                    "3": "51.7%",
                    "4": "56.9%",
                    "5": "60.5%",
                    "6": "64.6%",
                    "7": "70.3%",
                    "8": "76.0%",
                    "9": "81.7%",
                    "10": "87.9%",
                    "11": "94.1%"
                }
            },
            {
                "名前": "2段ダメージ",
                "数値": {
                    "1": "43.4%",
                    "2": "47.0%",
                    "3": "50.5%",
                    "4": "55.6%",
                    "5": "59.1%",
                    "6": "63.1%",
                    "7": "68.7%",
                    "8": "74.2%",
                    "9": "79.8%",
                    "10": "85.9%",
                    "11": "91.9%"
                }
            },
            {
                "名前": "3段ダメージ",
                "数値": {
                    "1": "53.0%",
                    "2": "57.3%",
                    "3": "61.6%",
                    "4": "67.8%",
                    "5": "72.1%",
                    "6": "77.0%",
                    "7": "83.8%",
                    "8": "90.6%",
                    "9": "97.3%",
                    "10": "105%",
                    "11": "112%"
                }
            },
            {
                "名前": "4段ダメージ",
                "数値": {
                    "1": "58.3%",
                    "2": "63.1%",
                    "3": "67.8%",
                    "4": "74.6%",
                    "5": "79.3%",
                    "6": "84.8%",
                    "7": "92.2%",
                    "8": "99.7%",
                    "9": "107%",
                    "10": "115%",
                    "11": "123%"
                }
            },
            {
                "名前": "5段ダメージ",
                "数値": {
                    "1": "70.8%",
                    "2": "76.5%",
                    "3": "82.3%",
                    "4": "90.5%",
                    "5": "96.3%",
                    "6": "103%",
                    "7": "112%",
                    "8": "121%",
                    "9": "130%",
                    "10": "140%",
                    "11": "150%"
                }
            }
        ]
    },
    "重撃": {
        "詳細": [
            {
                "名前": "重撃ダメージ",
                "数値": {
                    "1": "55.9%+60.7%",
                    "2": "60.5%+65.7%",
                    "3": "65.0%+70.6%",
                    "4": "71.5%+77.7%",
                    "5": "76.1%+82.6%",
                    "6": "81.3%+88.3%",
                    "7": "88.4%+96.0%",
                    "8": "96%+104%",
                    "9": "103%+112%",
                    "10": "111%+120%",
                    "11": "118%+128%"
                },
                "HIT数": 2
            }
        ]
    },
    "落下攻撃": {
        "詳細": [
            {
                "名前": "落下期間のダメージ",
                "種類": "落下攻撃ダメージ",
                "数値": {
                    "1": "63.9%",
                    "2": "69.1%",
                    "3": "74.3%",
                    "4": "81.8%",
                    "5": "87.0%",
                    "6": "92.9%",
                    "7": "101.1%",
                    "8": "109.3%",
                    "9": "117.5%",
                    "10": "126.4%",
                    "11": "135.3%"
                }
            },
            {
                "名前": "低空/高空落下攻撃ダメージ",
                "種類": "落下攻撃ダメージ",
                "数値": {
                    "1": "128%",
                    "2": "138%",
                    "3": "149%",
                    "4": "164%",
                    "5": "174%",
                    "6": "186%",
                    "7": "202%",
                    "8": "219%",
                    "9": "235%",
                    "10": "253%",
                    "11": "271%"
                }
            },
            {
                "名前": "低空/高空落下攻撃ダメージ",
                "種類": "落下攻撃ダメージ",
                "数値": {
                    "1": "160%",
                    "2": "173%",
                    "3": "186%",
                    "4": "204%",
                    "5": "217%",
                    "6": "232%",
                    "7": "253%",
                    "8": "273%",
                    "9": "293%",
                    "10": "316%",
                    "11": "338%"
                }
            }
        ]
    },
    "元素スキル": {
        "名前": "草縁剣",
        "説明": "武器を振り、鋭い葉をまき散らし、前方の敵に<span style=\"color: #99FF88\">草元素ダメージ</span>を与える。<br><br><em>パイモンと一緒に鋭い葉縁の形を観察した。</em>",
        "icon_url": "images/characters/dendro_5_sword_Traveler/talent_2.png",
        "詳細": [
            {
                "名前": "スキルダメージ",
                "数値": {
                    "1": "230%",
                    "2": "248%",
                    "3": "265%",
                    "4": "288%",
                    "5": "305%",
                    "6": "323%",
                    "7": "346%",
                    "8": "369%",
                    "9": "392%",
                    "10": "415%",
                    "11": "438%",
                    "12": "461%",
                    "13": "490%"
                }
            }
        ],
        "クールタイム": 8.0
    },
    "元素爆発": {
        "名前": "臥草若化",
        "説明": "周囲にある植物の力を借り、草蓮灯を創造する。<br>草蓮灯は持続的に領域内の敵を攻撃し、<span style=\"color: rgb(153, 255, 136)\">草元素ダメージ</span>を与える。<br><br><span style=\"color: rgb(255, 215, 128)\">蓮光幻変</span><br>草蓮灯が<span style=\"color: rgb(128, 192, 255)\">水元素</span>/<span style=\"color: rgb(255, 172, 255)\">雷元素</span>/<span style=\"color: rgb(255, 153, 153)\">炎元素</span>に接触すると、それぞれ下記の変化が発生する。<br>・<span style=\"color: rgb(128, 192, 255)\">水元素</span>：草蓮灯の領域範囲と攻撃の影響範囲を拡げる。<br>・<span style=\"color: rgb(255, 172, 255)\">雷元素</span>：草蓮灯の攻撃速度がアップする。<br>・<span style=\"color: rgb(255, 153, 153)\">炎元素</span>：短時間後に草蓮灯は猛爆発を起こして消失し、<span style=\"color: rgb(153, 255, 136)\">草元素範囲ダメージ</span>を与える。<br>草蓮灯が存在している間、蓮光幻変は1回のみ発動できる。<br><br>旅人自身が創造した草蓮灯は同時に最大1つまで存在可能。<br><br><em>パイモンと一緒に雨上がりの芽生えの音を研究した。</em>",
        "icon_url": "images/characters/dendro_5_sword_Traveler/talent_3.png",
        "詳細": [
            {
                "名前": "草蓮灯攻撃ダメージ",
                "数値": {
                    "1": "80.2%",
                    "2": "86.2%",
                    "3": "92.2%",
                    "4": "100.2%",
                    "5": "106.2%",
                    "6": "112.2%",
                    "7": "120.2%",
                    "8": "128.3%",
                    "9": "136.3%",
                    "10": "144.3%",
                    "11": "152.3%",
                    "12": "160.3%",
                    "13": "170.3%"
                }
            },
            {
                "名前": "猛爆発ダメージ",
                "数値": {
                    "1": "400.8%",
                    "2": "430.9%",
                    "3": "460.9%",
                    "4": "501.0%",
                    "5": "531.1%",
                    "6": "561.1%",
                    "7": "601.2%",
                    "8": "641.3%",
                    "9": "681.4%",
                    "10": "721.4%",
                    "11": "761.5%",
                    "12": "801.6%",
                    "13": "851.7%"
                }
            }
        ],
        "草蓮灯存在時間": 12.0,
        "クールタイム": 20,
        "元素エネルギー": 80
    },
    "固有天賦": [
        {
            "名前": "蔓生の埜草",
            "説明": "<span style=\"color: #FFD780\">草蓮灯</span>が存在する間、1秒毎に領域内フィールド上キャラクターの元素熟知を6アップさせる「蓮光遍照」効果を1層獲得する。草蓮灯の「蓮光遍照」効果は最大10層まで重ね掛けできる。",
            "icon_url": "images/characters/dendro_5_sword_Traveler/talent_4.png",
            "詳細": [
                {
                    "条件": "蔓生の埜草 元素熟知@6-60/6",
                    "種類": "元素熟知",
                    "数値": 1
                }
            ]
        },
        {
            "名前": "生い茂る草叢",
            "説明": "旅人自身の元素熟知の数値が1につき、<span style=\"color: #FFD780\">草縁剣</span>によるダメージ+0.15%、<span style=\"color: #FFD780\">偃草若化</span>によるダメージ+0.1%。",
            "icon_url": "images/characters/dendro_5_sword_Traveler/talent_5.png",
            "詳細": [
                {
                    "種類": "元素スキルダメージバフ",
                    "数値": "0.15*元素熟知"
                },
                {
                    "種類": "元素爆発ダメージバフ",
                    "数値": "0.1*元素熟知"
                }
            ]
        }
    ],
    "命ノ星座": {
        "1": {
            "名前": "寄身の倚草",
            "説明": "<span style=\"color: #FFD780\">草縁剣</span>が敵に命中すると、旅人の元素エネルギーが3.5回復する。",
            "icon_url": "images/characters/dendro_5_sword_Traveler/summaryList_1.png",
            "詳細": []
        },
        "2": {
            "名前": "壮健なる勁草",
            "説明": "<span style=\"color: #FFD780\">草蓮灯</span>の存在時間+3秒。",
            "icon_url": "images/characters/dendro_5_sword_Traveler/summaryList_2.png",
            "詳細": []
        },
        "3": {
            "名前": "婆娑の瑶草",
            "説明": "<span style=\"color: #FFD780\">草縁剣</span>のスキルLv.+3。<br>最大Lv.15まで。",
            "icon_url": "images/characters/dendro_5_sword_Traveler/summaryList_3.png",
            "詳細": []
        },
        "4": {
            "名前": "甘露の蜜草",
            "説明": "<span style=\"color: #FFD780\">草蓮灯</span>が蓮光幻変を発動すると、固有天賦「蔓生の埜草」の「蓮光遍照」効果を5層獲得する。<br>固有天賦「蔓生の埜草」を解放する必要がある。",
            "icon_url": "images/characters/dendro_5_sword_Traveler/summaryList_4.png",
            "詳細": []
        },
        "5": {
            "名前": "迅生の豊草",
            "説明": "<span style=\"color: #FFD780\">臥草若化</span>のスキルLv.+3。<br>最大Lv.15まで。",
            "icon_url": "images/characters/dendro_5_sword_Traveler/summaryList_5.png",
            "詳細": []
        },
        "6": {
            "名前": "蘊思の霜草",
            "説明": "<span style=\"color: #FFD780\">草蓮灯</span>の「蓮光遍照」状態にあるキャラクターによる<span style=\"color: #99FF88\">草元素ダメージ</span>+12%。草蓮灯が蓮光幻変を発動していた場合、さらに対応する元素ダメージ+12%。",
            "icon_url": "images/characters/dendro_5_sword_Traveler/summaryList_6.png",
            "詳細": [
                {
                    "条件": "蘊思の霜草",
                    "種類": "草元素ダメージバフ",
                    "数値": 12
                },
                {
                    "条件": "蘊思の霜草&蓮光幻変=炎元素",
                    "種類": "炎元素ダメージバフ",
                    "数値": 12
                },
                {
                    "条件": "蘊思の霜草&蓮光幻変=水元素",
                    "種類": "水元素ダメージバフ",
                    "数値": 12
                },
                {
                    "条件": "蘊思の霜草&蓮光幻変=雷元素",
                    "種類": "雷元素ダメージバフ",
                    "数値": 12
                }
            ]
        }
    },
    "おすすめセット": [
        {
            "武器": "鉄蜂の刺し",
            "聖遺物メイン効果3": "5_攻撃力%",
            "聖遺物メイン効果4": "5_草元素ダメージバフ",
            "聖遺物メイン効果5": "5_会心率",
            "聖遺物セット効果1": "深林の記憶",
            "聖遺物セット効果2": "深林の記憶",
            "聖遺物優先するサブ効果1": "会心ダメージ",
            "聖遺物優先するサブ効果2": "会心率",
            "聖遺物優先するサブ効果3": "元素熟知"
        },
        {
            "武器": "腐植の剣",
            "聖遺物メイン効果3": "5_攻撃力%",
            "聖遺物メイン効果4": "5_草元素ダメージバフ",
            "聖遺物メイン効果5": "5_会心率",
            "聖遺物セット効果1": "深林の記憶",
            "聖遺物セット効果2": "深林の記憶",
            "聖遺物優先するサブ効果1": "会心ダメージ",
            "聖遺物優先するサブ効果2": "会心率",
            "聖遺物優先するサブ効果3": "元素熟知"
        }
    ]
}