{
    "名前": "セノ",
    "説明": "教令院の学者たちを監督する「大マハマトラ」。クシャレワー学院が作った『大マッハマシン』よりも効率よく仕事をこなす。",
    "icon_url": "images/characters/face/electro_5_polearm_Cyno.png",
    "レアリティ": 5,
    "武器": "長柄武器",
    "元素": "雷",
    "baseInfo": {
        "名称": "セノ",
        "誕生日": "6月23日",
        "命ノ星座": "金狼座",
        "称号": "緘秘の裁き",
        "神の目": "雷",
        "所属": "沈黙の殿",
        "中国語 CV": "李轻扬",
        "英語 CV": "Alejandro Saab",
        "日本語 CV": "入野自由",
        "韓国語 CV": "이우리",
        "オリジナル料理": "決闘の魂",
        "実装バージョン": "3.1",
        "七聖召喚のカード": "$[{\"ep_id\":3185,\"icon\":\"https://upload-static.hoyoverse.com/hoyolab-wiki/2022/12/01/194600931/db8014e0721b2353345a7e72764c166f_6013176512038181244.png\",\"amount\":0,\"name\":\"セノ\",\"menuId\":\"17\"}]$"
    },
    "region": "スメール",
    "ステータス": {
        "基礎HP": {
            "1+": 972,
            "20": 2522,
            "20+": 3356,
            "40": 5022,
            "40+": 5614,
            "50": 6459,
            "50+": 7249,
            "60": 8103,
            "60+": 8695,
            "70": 9557,
            "70+": 10149,
            "80": 11020,
            "80+": 11613,
            "90": 12491
        },
        "基礎攻撃力": {
            "1+": 25,
            "20": 64,
            "20+": 86,
            "40": 128,
            "40+": 143,
            "50": 165,
            "50+": 185,
            "60": 207,
            "60+": 222,
            "70": 244,
            "70+": 259,
            "80": 281,
            "80+": 296,
            "90": 318
        },
        "基礎防御力": {
            "1+": 67,
            "20": 174,
            "20+": 231,
            "40": 345,
            "40+": 386,
            "50": 444,
            "50+": 499,
            "60": 557,
            "60+": 598,
            "70": 657,
            "70+": 698,
            "80": 758,
            "80+": 799,
            "90": 859
        },
        "会心ダメージ": {
            "1+": 0,
            "20": 0,
            "20+": 0,
            "40": 0,
            "40+": 9.6,
            "50": 9.6,
            "50+": 19.2,
            "60": 19.2,
            "60+": 19.2,
            "70": 19.2,
            "70+": 28.8,
            "80": 28.8,
            "80+": 38.4,
            "90": 38.4
        }
    },
    "通常攻撃": {
        "名前": "通常攻撃·七聖槍術",
        "説明": "<strong><span style=\"color: rgb(255, 215, 128)\">通常攻撃</span></strong><br>槍による最大4段の連続攻撃を行う。<br><br><strong><span style=\"color: rgb(255, 215, 128)\">重撃</span></strong><br>一定のスタミナを消費して前方に突進し、経路上の敵にダメージを与える。<br><br><strong><span style=\"color: rgb(255, 215, 128)\">落下攻撃</span></strong><br>空中から落下し地面に衝撃を与える。経路上の敵を攻撃し、落下時に範囲ダメージを与える。<br>",
        "icon_url": "images/characters/electro_5_polearm_Cyno/talent_1.png",
        "詳細": [
            {
                "名前": "1段ダメージ",
                "数値": {
                    "1": "49.3%",
                    "2": "53.3%",
                    "3": "57.3%",
                    "4": "63.0%",
                    "5": "67.0%",
                    "6": "71.6%",
                    "7": "77.9%",
                    "8": "84.2%",
                    "9": "90.5%",
                    "10": "97.4%",
                    "11": "104.2%"
                }
            },
            {
                "名前": "2段ダメージ",
                "数値": {
                    "1": "47.9%",
                    "2": "51.8%",
                    "3": "55.7%",
                    "4": "61.3%",
                    "5": "65.2%",
                    "6": "69.7%",
                    "7": "75.8%",
                    "8": "81.9%",
                    "9": "88.0%",
                    "10": "94.7%",
                    "11": "101.4%"
                }
            },
            {
                "名前": "3段ダメージ",
                "数値": {
                    "1": "29.3%+29.3%",
                    "2": "31.7%+31.7%",
                    "3": "34.1%+34.1%",
                    "4": "37.5%+37.5%",
                    "5": "39.9%+39.9%",
                    "6": "42.6%+42.6%",
                    "7": "46.3%+46.3%",
                    "8": "50.1%+50.1%",
                    "9": "53.8%+53.8%",
                    "10": "57.9%+57.9%",
                    "11": "62%+62%"
                },
                "HIT数": 2
            },
            {
                "名前": "4段ダメージ",
                "数値": {
                    "1": "75.9%",
                    "2": "82.1%",
                    "3": "88.2%",
                    "4": "97.1%",
                    "5": "103.2%",
                    "6": "110.3%",
                    "7": "120.0%",
                    "8": "129.7%",
                    "9": "139.4%",
                    "10": "150.0%",
                    "11": "160.6%"
                }
            }
        ]
    },
    "重撃": {
        "詳細": [
            {
                "名前": "重撃ダメージ",
                "数値": {
                    "1": "122.4%",
                    "2": "132.2%",
                    "3": "142.3%",
                    "4": "156.5%",
                    "5": "166.5%",
                    "6": "177.9%",
                    "7": "193.5%",
                    "8": "209.2%",
                    "9": "224.8%",
                    "10": "241.9%",
                    "11": "259.0%"
                }
            }
        ],
        "重撃スタミナ消費": 25
    },
    "落下攻撃": {
        "詳細": [
            {
                "名前": "落下期間のダメージ",
                "数値": {
                    "1": "63.9%",
                    "2": "69.1%",
                    "3": "74.3%",
                    "4": "81.8%",
                    "5": "87.0%",
                    "6": "92.9%",
                    "7": "101.1%",
                    "8": "109.3%",
                    "9": "117.5%",
                    "10": "126.4%",
                    "11": "135.3%"
                }
            },
            {
                "名前": "低空/高空落下攻撃ダメージ",
                "数値": {
                    "1": "128%",
                    "2": "138%",
                    "3": "149%",
                    "4": "164%",
                    "5": "174%",
                    "6": "186%",
                    "7": "202%",
                    "8": "219%",
                    "9": "235%",
                    "10": "253%",
                    "11": "271%"
                }
            },
            {
                "名前": "低空/高空落下攻撃ダメージ",
                "数値": {
                    "1": "160%",
                    "2": "173%",
                    "3": "186%",
                    "4": "204%",
                    "5": "217%",
                    "6": "232%",
                    "7": "253%",
                    "8": "273%",
                    "9": "293%",
                    "10": "316%",
                    "11": "338%"
                }
            }
        ]
    },
    "元素スキル": {
        "名前": "秘儀·律淵渡魂",
        "説明": "疾駆して突進し、経路上の敵に<span style=\"color: rgb(255, 172, 255)\">雷元素ダメー ジ</span>を与える。<br><br>元素爆発「聖儀·狼駆憑走」の啓途誓使状態 にある時、セノは<span style=\"color: rgb(255, 215, 128)\">冥祭</span>を発動して驚雷の力を放ち、<span style=\"color: rgb(255, 172, 255)\">雷元素範囲ダメージ</span>を与える。また啓途誓使状態の継続時間を延長する。<br><br><br><em>「この審判、お前には受け入れる権利も拒否する権利もない。お前も俺も…すでに審判の渦中にあるからだ。」</em>",
        "icon_url": "images/characters/electro_5_polearm_Cyno/talent_2.png",
        "詳細": [
            {
                "名前": "スキルダメージ",
                "数値": {
                    "1": "130.4%",
                    "2": "140.2%",
                    "3": "150.0%",
                    "4": "163.0%",
                    "5": "172.8%",
                    "6": "182.6%",
                    "7": "195.6%",
                    "8": "208.6%",
                    "9": "221.7%",
                    "10": "234.7%",
                    "11": "247.8%",
                    "12": "260.8%",
                    "13": "277.1%"
                }
            },
            {
                "名前": "冥祭ダメージ",
                "数値": {
                    "1": "156.8%",
                    "2": "168.6%",
                    "3": "180.3%",
                    "4": "196.0%",
                    "5": "207.8%",
                    "6": "219.5%",
                    "7": "235.2%",
                    "8": "250.9%",
                    "9": "266.6%",
                    "10": "282.2%",
                    "11": "297.9%",
                    "12": "313.5%",
                    "13": "333.2%"
                }
            },
            {
                "名前": "啓途誓使継続時間の延長",
                "種類": "表示",
                "数値": 4
            },
            {
                "条件": "啓途誓使&末路真眼",
                "名前": "渡荒の雷",
                "数値": "100%"
            }
        ],
        "クールタイム": 7.5,
        "冥祭クールタイム": 3
    },
    "元素爆発": {
        "名前": "聖儀·狼駆憑走",
        "説明": "神霊を憑依召喚して、「啓途誓使」と化す。<br><br><span style=\"color: rgb(255, 215, 128)\">啓途誓使&nbsp;</span><br>セノの通常攻撃、重撃、落下攻撃ダメージは 、元素付与によって他の元素に変化しない雷元素ダメージへと変わる。<br>&nbsp;·セノの元素熟知と中断耐性がアップし、感電反応によるダメージを無効化する。<br><br>この効果はセノが退場する時に解除され、最大18秒継続できる。<br><br><em>古国から受け継がれてきた秘儀は、大マハマトラにとって最後の審判を意味している。&nbsp;</em><br><em>過去も現在も、嵐もうわばみも、律令の威厳を揺るがすことはできない。</em>",
        "icon_url": "images/characters/electro_5_polearm_Cyno/talent_3.png",
        "詳細": [
            {
                "条件": "啓途誓使",
                "名前": "元素熟知アップ",
                "種類": "元素熟知",
                "数値": {
                    "1": 100,
                    "2": 100,
                    "3": 100,
                    "4": 100,
                    "5": 100,
                    "6": 100,
                    "7": 100,
                    "8": 100,
                    "9": 100,
                    "10": 100,
                    "11": 100,
                    "12": 100,
                    "13": 100
                }
            }
        ],
        "基礎継続時間": 10,
        "クールタイム": 20,
        "元素エネルギー": 80
    },
    "特殊通常攻撃": {
        "条件": "啓途誓使",
        "種類": "元素爆発ダメージ",
        "詳細": [
            {
                "名前": "1段ダメージ",
                "種類": "通常攻撃ダメージ",
                "数値": {
                    "1": "78.3%",
                    "2": "84.7%",
                    "3": "91.0%",
                    "4": "100.1%",
                    "5": "106.5%",
                    "6": "113.8%",
                    "7": "123.8%",
                    "8": "133.8%",
                    "9": "143.8%",
                    "10": "154.7%",
                    "11": "165.7%",
                    "12": "176.6%",
                    "13": "187.5%"
                },
                "元素": "雷"
            },
            {
                "名前": "2段ダメージ",
                "種類": "通常攻撃ダメージ",
                "数値": {
                    "1": "82.5%",
                    "2": "89.2%",
                    "3": "95.9%",
                    "4": "105.5%",
                    "5": "112.2%",
                    "6": "119.9%",
                    "7": "130.4%",
                    "8": "141.0%",
                    "9": "151.5%",
                    "10": "163.0%",
                    "11": "174.5%",
                    "12": "186.0%",
                    "13": "197.5%"
                },
                "元素": "雷"
            },
            {
                "名前": "3段ダメージ",
                "種類": "通常攻撃ダメージ",
                "数値": {
                    "1": "104.6%",
                    "2": "113.2%",
                    "3": "121.7%",
                    "4": "133.8%",
                    "5": "142.4%",
                    "6": "152.1%",
                    "7": "165.5%",
                    "8": "178.9%",
                    "9": "192.2%",
                    "10": "206.8%",
                    "11": "221.4%",
                    "12": "236.0%",
                    "13": "250.6%"
                },
                "元素": "雷"
            },
            {
                "名前": "4段ダメージ",
                "種類": "通常攻撃ダメージ",
                "数値": {
                    "1": "51.7%+51.7%",
                    "2": "55.9%+55.9%",
                    "3": "60.1%+60.1%",
                    "4": "66.1%+66.1%",
                    "5": "70.3%+70.3%",
                    "6": "75.1%+75.1%",
                    "7": "81.7%+81.7%",
                    "8": "88.4%+88.4%",
                    "9": "95.0%+95.0%",
                    "10": "102.2%+102.2%",
                    "11": "109.4%+109.4%",
                    "12": "116.6%+116.6%",
                    "13": "123.8%+123.8%"
                },
                "HIT数": 2,
                "元素": "雷"
            },
            {
                "名前": "5段ダメージ",
                "種類": "通常攻撃ダメージ",
                "数値": {
                    "1": "130.8%",
                    "2": "141.5%",
                    "3": "152.1%",
                    "4": "167.4%",
                    "5": "178.0%",
                    "6": "190.2%",
                    "7": "206.9%",
                    "8": "223.7%",
                    "9": "240.4%",
                    "10": "258.6%",
                    "11": "276.9%",
                    "12": "295.2%",
                    "13": "313.4%"
                },
                "元素": "雷"
            }
        ]
    },
    "特殊重撃": {
        "条件": "啓途誓使",
        "種類": "元素爆発ダメージ",
        "詳細": [
            {
                "名前": "重撃ダメージ",
                "種類": "重撃ダメージ",
                "数値": {
                    "1": "101.1%",
                    "2": "109.3%",
                    "3": "117.5%",
                    "4": "129.3%",
                    "5": "137.5%",
                    "6": "146.9%",
                    "7": "159.8%",
                    "8": "172.7%",
                    "9": "185.7%",
                    "10": "199.8%",
                    "11": "213.9%",
                    "12": "228.0%",
                    "13": "242.1%"
                },
                "元素": "雷"
            }
        ],
        "重撃スタミナ消費": 25
    },
    "特殊落下攻撃": {
        "条件": "啓途誓使",
        "種類": "元素爆発ダメージ",
        "詳細": [
            {
                "名前": "落下期間のダメージ",
                "種類": "落下攻撃ダメージ",
                "数値": {
                    "1": "63.9%",
                    "2": "69.1%",
                    "3": "74.3%",
                    "4": "81.8%",
                    "5": "87.0%",
                    "6": "92.9%",
                    "7": "101.1%",
                    "8": "109.3%",
                    "9": "117.5%",
                    "10": "126.4%",
                    "11": "135.3%",
                    "12": "144.2%",
                    "13": "153.1%"
                },
                "元素": "雷"
            },
            {
                "名前": "低空/高空落下攻撃ダメージ",
                "種類": "落下攻撃ダメージ",
                "数値": {
                    "1": "128%",
                    "2": "138%",
                    "3": "149%",
                    "4": "164%",
                    "5": "174%",
                    "6": "186%",
                    "7": "202%",
                    "8": "219%",
                    "9": "235%",
                    "10": "253%",
                    "11": "271%",
                    "12": "288%",
                    "13": "306%"
                },
                "元素": "雷"
            },
            {
                "名前": "低空/高空落下攻撃ダメージ",
                "種類": "落下攻撃ダメージ",
                "数値": {
                    "1": "160%",
                    "2": "173%",
                    "3": "186%",
                    "4": "204%",
                    "5": "217%",
                    "6": "232%",
                    "7": "253%",
                    "8": "273%",
                    "9": "293%",
                    "10": "316%",
                    "11": "338%",
                    "12": "360%",
                    "13": "382%"
                },
                "元素": "雷"
            }
        ]
    },
    "固有天賦": [
        {
            "名前": "落羽の裁決",
            "説明": "<span style=\"color: #FFD780\">聖儀·狼駆憑走</span>の啓途誓使状態にある時、セノは一定間隔で「末路真眼」状態に入る。この状態で秘儀·律淵渡魂を発動すると「裁定」 効果が起こり、その時の<span style=\"color: #FFD780\">秘儀·律淵渡魂</span>の与 えるダメージ+35%。同時に前方に向けて渡荒の雷を3本放ち、セノの攻撃力100%分の<span style=\"color: #FFACFF\">雷元素ダメージ</span>を与える。&nbsp;<br>渡荒の雷によるダメージは元素スキルダメージと見なされる。",
            "icon_url": "images/characters/electro_5_polearm_Cyno/talent_4.png",
            "詳細": [
                {
                    "条件": "啓途誓使&末路真眼",
                    "対象": "元素スキルダメージ.スキルダメージ",
                    "種類": "与えるダメージ",
                    "数値": 35
                },
                {
                    "条件": "啓途誓使&末路真眼",
                    "対象": "元素スキルダメージ.冥祭ダメージ",
                    "種類": "与えるダメージ",
                    "数値": 35
                }
            ]
        },
        {
            "名前": "九弓の権能",
            "説明": "セノの元素熟知を基準に、自身の下記攻撃のダメージが増加する。<br>・啓途誓使状態での通常攻撃のダメージが元素熟知の150%分アップする。<br>・固有天賦「落羽の裁決」の「渡荒の雷」のダメージが元素熟知の250%分アップする。",
            "icon_url": "images/characters/electro_5_polearm_Cyno/talent_5.png",
            "詳細": [
                {
                    "条件": "啓途誓使",
                    "種類": "通常攻撃ダメージアップ",
                    "数値": "150%元素熟知"
                },
                {
                    "条件": "啓途誓使",
                    "対象": "元素スキルダメージ.渡荒の雷",
                    "種類": "元素スキルダメージアップ",
                    "数値": "250%元素熟知"
                }
            ]
        },
        {
            "名前": "沈黙の恵賜",
            "説明": "スメールで20時間かかる探索任務を完了した時、獲得する報酬+25%。",
            "icon_url": "images/characters/electro_5_polearm_Cyno/talent_6.png",
            "詳細": []
        }
    ],
    "命ノ星座": {
        "1": {
            "名前": "立儀·俯瞰晦冥",
            "説明": "<span style=\"color: rgb(255, 215, 128)\">聖儀·狼駆憑走</span>を発動した後、セノの通常攻撃の攻撃速度+20%、継続時間10秒。<span style=\"color: rgb(255, 215, 128)\">秘儀·律淵渡魂</span>を発動時、固有天賦「落羽の裁決」の「裁定」効果を起こすと、該当効果の継続時間を更新する。<br>固有天賦「落羽の裁決」を解放する必要がある。",
            "icon_url": "images/characters/electro_5_polearm_Cyno/summaryList_1.png",
            "詳細": []
        },
        "2": {
            "名前": "令儀·拝謁返霊",
            "説明": "セノの通常攻撃が敵に命中すると、<span style=\"color: #FFACFF\">雷元素ダメージ</span>+10%、継続時間4秒。この効果は0.1秒ごとに1回のみ発動でき、最大5層まで重ね掛け可能。",
            "icon_url": "images/characters/electro_5_polearm_Cyno/summaryList_2.png",
            "詳細": [
                {
                    "条件": "令儀·拝謁返霊 雷元素ダメージ@+10-50%",
                    "種類": "雷元素ダメージバフ",
                    "数値": 1
                }
            ]
        },
        "3": {
            "名前": "律儀·行度警戒",
            "説明": "<span style=\"color: rgb(255, 215, 128)\">聖儀·狼駆憑走</span>のスキルLv.+3。<br>最大Lv.15まで。",
            "icon_url": "images/characters/electro_5_polearm_Cyno/summaryList_3.png",
            "詳細": []
        },
        "4": {
            "名前": "巡儀·貫徹禁網",
            "説明": "<span style=\"color: rgb(255, 215, 128)\">聖儀·狼駆憑走</span>の啓途誓使状態の時、感電、超電導、過負荷、原激化、超激化、超開花または雷元素拡散反応を起こすと、周囲のチーム全員（セノ自身を除く）の元素エネルギーを3回復する。<br>この効果は一回の<span style=\"color: rgb(255, 215, 128)\">聖儀·狼駆憑走</span>で、最大5回まで発動できる。",
            "icon_url": "images/characters/electro_5_polearm_Cyno/summaryList_4.png",
            "詳細": []
        },
        "5": {
            "名前": "幽儀·往昔星芒",
            "説明": "<span style=\"color: rgb(255, 215, 128)\">秘儀·律淵渡魂</span>のスキルLv.+3。<br>最大Lv.15まで。",
            "icon_url": "images/characters/electro_5_polearm_Cyno/summaryList_5.png",
            "詳細": []
        },
        "6": {
            "名前": "羽儀·裁落鈞衡",
            "説明": "<span style=\"color: rgb(255, 215, 128)\">聖儀·狼駆憑走</span>を発動、または固有天賦「落羽の裁決」の「裁定」効果を起こした後、セノは4層の「豺祭」効果を獲得する。通常攻撃が敵に命中すると、「豺祭」効果を1層消費し、渡荒の雷を1本放つ。<br>「豺祭」効果の継続時間は8秒、最大8層まで重ね掛け可能。<span style=\"color: #FFD780\">聖儀·狼駆憑走</span>の啓途誓使状態の解除後、すべての層数がクリアされる。<br>この方法で0.4秒毎に最大1本の渡荒の雷を放てる。<br>固有天賦「落羽の裁決」を解放する必要がある。",
            "icon_url": "images/characters/electro_5_polearm_Cyno/summaryList_6.png",
            "詳細": []
        }
    },
    "おすすめセット": [
        {
            "武器": "赤砂の杖",
            "聖遺物メイン効果3": "5_元素熟知",
            "聖遺物メイン効果4": "5_雷元素ダメージバフ",
            "聖遺物メイン効果5": "5_会心ダメージ",
            "聖遺物セット効果1": "雷のような怒り",
            "聖遺物セット効果2": "雷のような怒り",
            "聖遺物優先するサブ効果1": "会心率",
            "聖遺物優先するサブ効果2": "会心ダメージ",
            "聖遺物優先するサブ効果3": "元素熟知"
        },
        {
            "武器": "赤砂の杖",
            "聖遺物メイン効果3": "5_元素熟知",
            "聖遺物メイン効果4": "5_雷元素ダメージバフ",
            "聖遺物メイン効果5": "5_会心率",
            "聖遺物セット効果1": "金メッキの夢",
            "聖遺物セット効果2": "金メッキの夢",
            "聖遺物優先するサブ効果1": "会心率",
            "聖遺物優先するサブ効果2": "会心ダメージ",
            "聖遺物優先するサブ効果3": "元素熟知"
        },
        {
            "武器": "和璞鳶",
            "聖遺物メイン効果3": "5_元素熟知",
            "聖遺物メイン効果4": "5_雷元素ダメージバフ",
            "聖遺物メイン効果5": "5_会心ダメージ",
            "聖遺物セット効果1": "雷のような怒り",
            "聖遺物セット効果2": "雷のような怒り",
            "聖遺物優先するサブ効果1": "会心率",
            "聖遺物優先するサブ効果2": "会心ダメージ",
            "聖遺物優先するサブ効果3": "元素熟知"
        },
        {
            "武器": "和璞鳶",
            "聖遺物メイン効果3": "5_元素熟知",
            "聖遺物メイン効果4": "5_雷元素ダメージバフ",
            "聖遺物メイン効果5": "5_会心ダメージ",
            "聖遺物セット効果1": "金メッキの夢",
            "聖遺物セット効果2": "金メッキの夢",
            "聖遺物優先するサブ効果1": "会心率",
            "聖遺物優先するサブ効果2": "会心ダメージ",
            "聖遺物優先するサブ効果3": "元素熟知"
        },
        {
            "武器": "喜多院十文字槍",
            "聖遺物メイン効果3": "5_元素熟知",
            "聖遺物メイン効果4": "5_雷元素ダメージバフ",
            "聖遺物メイン効果5": "5_会心率",
            "聖遺物セット効果1": "雷のような怒り",
            "聖遺物セット効果2": "雷のような怒り",
            "聖遺物優先するサブ効果1": "会心ダメージ",
            "聖遺物優先するサブ効果2": "会心率",
            "聖遺物優先するサブ効果3": "元素熟知"
        },
        {
            "武器": "喜多院十文字槍",
            "聖遺物メイン効果3": "5_元素熟知",
            "聖遺物メイン効果4": "5_雷元素ダメージバフ",
            "聖遺物メイン効果5": "5_会心率",
            "聖遺物セット効果1": "金メッキの夢",
            "聖遺物セット効果2": "金メッキの夢",
            "聖遺物優先するサブ効果1": "会心ダメージ",
            "聖遺物優先するサブ効果2": "会心率",
            "聖遺物優先するサブ効果3": "元素熟知"
        },
        {
            "武器": "死闘の槍",
            "聖遺物メイン効果3": "5_元素熟知",
            "聖遺物メイン効果4": "5_雷元素ダメージバフ",
            "聖遺物メイン効果5": "5_会心ダメージ",
            "聖遺物セット効果1": "雷のような怒り",
            "聖遺物セット効果2": "雷のような怒り",
            "聖遺物優先するサブ効果1": "会心率",
            "聖遺物優先するサブ効果2": "会心ダメージ",
            "聖遺物優先するサブ効果3": "元素熟知"
        },
        {
            "武器": "死闘の槍",
            "聖遺物メイン効果3": "5_元素熟知",
            "聖遺物メイン効果4": "5_雷元素ダメージバフ",
            "聖遺物メイン効果5": "5_会心ダメージ",
            "聖遺物セット効果1": "金メッキの夢",
            "聖遺物セット効果2": "金メッキの夢",
            "聖遺物優先するサブ効果1": "会心率",
            "聖遺物優先するサブ効果2": "会心ダメージ",
            "聖遺物優先するサブ効果3": "元素熟知"
        },
        {
            "武器": "風信の矛",
            "聖遺物メイン効果3": "5_元素熟知",
            "聖遺物メイン効果4": "5_雷元素ダメージバフ",
            "聖遺物メイン効果5": "5_会心率",
            "聖遺物セット効果1": "雷のような怒り",
            "聖遺物セット効果2": "雷のような怒り",
            "聖遺物優先するサブ効果1": "会心ダメージ",
            "聖遺物優先するサブ効果2": "会心率",
            "聖遺物優先するサブ効果3": "元素熟知"
        }
    ],
    "NEXT STEP": "元素スキル.冥祭ダメージ"
}