{
    "名前": "レザー",
    "説明": "人間の町から離れて、モンド地域の奔狼領で狼と暮らす少年。勘が鋭く、動きが俊敏。",
    "icon_url": "images/characters/face/electro_4_claymore_Razor.png",
    "レアリティ": 4,
    "武器": "両手剣",
    "元素": "雷",
    "baseInfo": {
        "名前": "レザー",
        "誕生日": "9月9日",
        "命ノ星座": "狼座",
        "称号": "狼少年",
        "神の目": "雷",
        "所属": "奔狼領",
        "中国語 CV": "周帅",
        "英語 CV": "Todd Haberkorn",
        "日本語 CV": "内山昂輝",
        "韓国語 CV": "김서영",
        "オリジナル料理": "ツメ型ハッシュドポテト",
        "実装バージョン": "1.0",
        "七聖召喚のカード": "$[{\"ep_id\":3187,\"icon\":\"https://upload-static.hoyoverse.com/hoyolab-wiki/2022/12/01/194600931/31f1af14b97e8b36a6617bfa7f094abb_3082637429408447835.png\",\"amount\":0,\"name\":\"レザー\",\"menuId\":\"17\"}]$"
    },
    "region": "モンド城",
    "ステータス": {
        "基礎HP": {
            "1+": 1003,
            "20": 2577,
            "20+": 3326,
            "40": 4982,
            "40+": 5514,
            "50": 6343,
            "50+": 7052,
            "60": 7881,
            "60+": 8413,
            "70": 9241,
            "70+": 9773,
            "80": 10602,
            "80+": 11134,
            "90": 11962
        },
        "基礎攻撃力": {
            "1+": 20,
            "20": 50,
            "20+": 65,
            "40": 97,
            "40+": 108,
            "50": 124,
            "50+": 138,
            "60": 154,
            "60+": 164,
            "70": 180,
            "70+": 191,
            "80": 207,
            "80+": 217,
            "90": 234
        },
        "基礎防御力": {
            "1+": 63,
            "20": 162,
            "20+": 209,
            "40": 313,
            "40+": 346,
            "50": 398,
            "50+": 443,
            "60": 495,
            "60+": 528.0,
            "70": 580,
            "70+": 613,
            "80": 665,
            "80+": 699,
            "90": 751
        },
        "物理ダメージバフ": {
            "1+": 0,
            "20": 0,
            "20+": 0,
            "40": 0,
            "40+": 7.5,
            "50": 7.5,
            "50+": 15,
            "60": 15,
            "60+": 15,
            "70": 15,
            "70+": 22.5,
            "80": 22.5,
            "80+": 30,
            "90": 30
        }
    },
    "オプション初期値": {
        "制圧 会心率+10%": false
    },
    "通常攻撃": {
        "名前": "通常攻撃·鋼の脊",
        "説明": "<span style=\"color:#FFD780FF\">通常攻撃</span><br/>最大4段の連続攻撃を行う。<br/><br/><span style=\"color:#FFD780FF\">重撃</span><br/>持続的にスタミナを消費し、大剣を振り回して周囲の敵を攻撃する。<br/>重撃が終了した時に、さらに強力な攻撃を1回放つ。<br/><br/><span style=\"color:#FFD780FF\">落下攻撃</span><br/>空中から落下し地面に衝撃を与える。経路上の敵を攻撃し、落下時に範囲ダメージを与える。",
        "詳細": [
            {
                "名前": "1段ダメージ",
                "数値": {
                    "1": "95.9%",
                    "2": "102%",
                    "3": "109%",
                    "4": "118%",
                    "5": "124%",
                    "6": "132%",
                    "7": "142%",
                    "8": "152%",
                    "9": "161%",
                    "10": "171%",
                    "11": "181%"
                }
            },
            {
                "名前": "2段ダメージ",
                "数値": {
                    "1": "82.6%",
                    "2": "88.3%",
                    "3": "93.9%",
                    "4": "101%",
                    "5": "107%",
                    "6": "114%",
                    "7": "122%",
                    "8": "131%",
                    "9": "139%",
                    "10": "147%",
                    "11": "156%"
                }
            },
            {
                "名前": "3段ダメージ",
                "数値": {
                    "1": "103%",
                    "2": "110%",
                    "3": "117%",
                    "4": "127%",
                    "5": "134%",
                    "6": "142%",
                    "7": "153%",
                    "8": "153%",
                    "9": "174%",
                    "10": "184%",
                    "11": "195%"
                }
            },
            {
                "名前": "4段ダメージ",
                "数値": {
                    "1": "136%",
                    "2": "145%",
                    "3": "155%",
                    "4": "167%",
                    "5": "176%",
                    "6": "187%",
                    "7": "201%",
                    "8": "215%",
                    "9": "229%",
                    "10": "243%",
                    "11": "257%"
                }
            },
            {
                "名前": "非表示_狼の魂基礎1段ダメージ",
                "数値": {
                    "1": "95.9%",
                    "2": "102%",
                    "3": "109%",
                    "4": "118%",
                    "5": "124%",
                    "6": "132%",
                    "7": "142%",
                    "8": "152%",
                    "9": "161%",
                    "10": "171%",
                    "11": "181%"
                },
                "元素": "雷",
                "ダメージバフ": "元素爆発ダメージバフ"
            },
            {
                "名前": "非表示_狼の魂基礎2段ダメージ",
                "数値": {
                    "1": "82.6%",
                    "2": "88.3%",
                    "3": "93.9%",
                    "4": "101%",
                    "5": "107%",
                    "6": "114%",
                    "7": "122%",
                    "8": "131%",
                    "9": "139%",
                    "10": "147%",
                    "11": "156%"
                },
                "元素": "雷",
                "ダメージバフ": "元素爆発ダメージバフ"
            },
            {
                "名前": "非表示_狼の魂基礎3段ダメージ",
                "数値": {
                    "1": "103%",
                    "2": "110%",
                    "3": "117%",
                    "4": "127%",
                    "5": "134%",
                    "6": "142%",
                    "7": "153%",
                    "8": "153%",
                    "9": "174%",
                    "10": "184%",
                    "11": "195%"
                },
                "元素": "雷",
                "ダメージバフ": "元素爆発ダメージバフ"
            },
            {
                "名前": "非表示_狼の魂基礎4段ダメージ",
                "数値": {
                    "1": "136%",
                    "2": "145%",
                    "3": "155%",
                    "4": "167%",
                    "5": "176%",
                    "6": "187%",
                    "7": "201%",
                    "8": "215%",
                    "9": "229%",
                    "10": "243%",
                    "11": "257%"
                },
                "元素": "雷",
                "ダメージバフ": "元素爆発ダメージバフ"
            }
        ],
        "icon_url": "images/characters/electro_4_claymore_Razor/talent_1.png"
    },
    "重撃": {
        "説明": [
            "継続的にスタミナを消費し、大剣を振り回して周囲の敵を攻撃する。",
            "重撃が終了した時に、さらに強力な攻撃を1回放つ。"
        ],
        "詳細": [
            {
                "名前": "連続重撃ダメージ",
                "数値": {
                    "1": "62.5%",
                    "2": "67.6%",
                    "3": "72.7%",
                    "4": "80.0%",
                    "5": "85.1%",
                    "6": "90.9%",
                    "7": "98.9%",
                    "8": "106.9%",
                    "9": "114.9%",
                    "10": "123.6%",
                    "11": "132.4%"
                }
            },
            {
                "名前": "重撃終了ダメージ",
                "数値": {
                    "1": "113%",
                    "2": "122%",
                    "3": "132%",
                    "4": "145%",
                    "5": "154%",
                    "6": "164%",
                    "7": "179%",
                    "8": "193%",
                    "9": "208%",
                    "10": "224%",
                    "11": "239%"
                }
            }
        ]
    },
    "落下攻撃": {
        "説明": "空中から落下し地面に衝撃を与える。経路上の敵を攻撃し、落下時に範囲ダメージを与える。",
        "詳細": [
            {
                "名前": "落下期間のダメージ",
                "種類": "落下攻撃ダメージ",
                "数値": {
                    "1": "82%",
                    "2": "88%",
                    "3": "95%",
                    "4": "105%",
                    "5": "111%",
                    "6": "119%",
                    "7": "129%",
                    "8": "140%",
                    "9": "150%",
                    "10": "162%",
                    "11": "173%"
                }
            },
            {
                "名前": "低空/高空落下攻撃ダメージ",
                "種類": "落下攻撃ダメージ",
                "数値": {
                    "1": "164%",
                    "2": "177%",
                    "3": "190%",
                    "4": "209%",
                    "5": "223%",
                    "6": "238%",
                    "7": "259%",
                    "8": "280%",
                    "9": "301%",
                    "10": "323%",
                    "11": "346%"
                }
            },
            {
                "名前": "低空/高空落下攻撃ダメージ",
                "種類": "落下攻撃ダメージ",
                "数値": {
                    "1": "204%",
                    "2": "221%",
                    "3": "238%",
                    "4": "261%",
                    "5": "278%",
                    "6": "297%",
                    "7": "323%",
                    "8": "349%",
                    "9": "375%",
                    "10": "404%",
                    "11": "433%"
                }
            }
        ]
    },
    "元素スキル": {
        "名前": "鋭い爪と蒼雷",
        "説明": "師匠と「家族」に教わった方法で、獲物を片付ける。<br/><br/><span style=\"color:#FFD780FF\">一回押し</span><br/>雷狼の爪を振り、前方の敵に<span style=\"color:#FFACFFFF\">雷元素ダメージ</span>を与える。<br/>敵に命中すると、雷の印を1つ蓄積し、レザーの元素チャージ効率がアップする。<br/>雷の印は同時に最大3つまで存在でき、新しい雷の印を獲得すると全ての雷の印の継続時間がリセットされる。<br/><br/><span style=\"color:#FFD780FF\">長押し</span><br/>雷の力を集めて狭範囲の雷爆発を起こし、大量の<span style=\"color:#FFACFFFF\">雷元素ダメージ</span>を与える。同時に、レザーの雷の印を全て取り除く。<br/>取り除かれた雷の印は全てレザーの元素エネルギーに変換される。<br/><br/><i>雷が落ちる瞬間、レザーの魂の奥に眠る獲物を狙う眼光が垣間見える。</i>",
        "詳細": [
            {
                "名前": "一回押しダメージ",
                "数値": {
                    "1": "199%",
                    "2": "214%",
                    "3": "229%",
                    "4": "249%",
                    "5": "264%",
                    "6": "279%",
                    "7": "299%",
                    "8": "319%",
                    "9": "339%",
                    "10": "359%",
                    "11": "378.48%",
                    "12": "398%",
                    "13": "423%"
                }
            },
            {
                "名前": "長押しダメージ",
                "数値": {
                    "1": "295%",
                    "2": "317%",
                    "3": "339%",
                    "4": "369%",
                    "5": "391%",
                    "6": "413%",
                    "7": "443%",
                    "8": "472%",
                    "9": "502%",
                    "10": "531%",
                    "11": "560.88%",
                    "12": "590%",
                    "13": "627%"
                }
            }
        ],
        "一回押しクールタイム": 6,
        "長押しクールタイム": 10,
        "icon_url": "images/characters/electro_4_claymore_Razor/talent_2.png"
    },
    "元素爆発": {
        "名前": "雷牙",
        "説明": "無形の雷狼を召喚して自身を守り、周囲の敵に<span style=\"color: rgb(255, 172, 255)\">雷元素ダメージ</span>を与える。同時に、雷の印を消耗して自身の元素エネルギーを回復する。<br>雷狼が存在している間、レザーと共に戦う。<br><br><span style=\"color: rgb(255, 215, 128)\">雷狼</span><br>・レザーの通常攻撃に協力し、<span style=\"color: rgb(255, 172, 255)\">雷元素ダメージ</span>を与える。<br>・レザーの攻撃速度と<span style=\"color: rgb(255, 172, 255)\">雷元素耐性</span>がアップする。<br>・<span style=\"color: rgb(255, 172, 255)\">感電</span>反応によるダメージを無効化する。<br>・重撃の発動が不可になる。<br>・レザーの中断耐性がアップする。<br><br>レザーが退場する時、効果が解除される。<br>退場時、残り時間を基準に、元素エネルギーを最大10まで回復する。<br><br><em>狼は目覚め、狩りの時間がやって来た。</em>",
        "詳細": [
            {
                "名前": "爆発ダメージ",
                "数値": {
                    "1": "160%",
                    "2": "172%",
                    "3": "184%",
                    "4": "200%",
                    "5": "212%",
                    "6": "224%",
                    "7": "240%",
                    "8": "256%",
                    "9": "272%",
                    "10": "272%",
                    "11": "304%",
                    "12": "320%",
                    "13": "340%"
                }
            },
            {
                "名前": "狼の魂 1段ダメージ",
                "数値": {
                    "1": "24.0%通常攻撃#非表示_狼の魂基礎1段ダメージ",
                    "2": "25.8%通常攻撃#非表示_狼の魂基礎1段ダメージ",
                    "3": "27.6%通常攻撃#非表示_狼の魂基礎1段ダメージ",
                    "4": "30.0%通常攻撃#非表示_狼の魂基礎1段ダメージ",
                    "5": "31.8%通常攻撃#非表示_狼の魂基礎1段ダメージ",
                    "6": "33.6%通常攻撃#非表示_狼の魂基礎1段ダメージ",
                    "7": "36.0%通常攻撃#非表示_狼の魂基礎1段ダメージ",
                    "8": "38.4%通常攻撃#非表示_狼の魂基礎1段ダメージ",
                    "9": "40.8%通常攻撃#非表示_狼の魂基礎1段ダメージ",
                    "10": "43.2%通常攻撃#非表示_狼の魂基礎1段ダメージ",
                    "11": "45.6%通常攻撃#非表示_狼の魂基礎1段ダメージ",
                    "12": "48.0%通常攻撃#非表示_狼の魂基礎1段ダメージ",
                    "13": "51%通常攻撃#非表示_狼の魂基礎1段ダメージ"
                }
            },
            {
                "名前": "狼の魂 2段ダメージ",
                "数値": {
                    "1": "24.0%通常攻撃#非表示_狼の魂基礎2段ダメージ",
                    "2": "25.8%通常攻撃#非表示_狼の魂基礎2段ダメージ",
                    "3": "27.6%通常攻撃#非表示_狼の魂基礎2段ダメージ",
                    "4": "30.0%通常攻撃#非表示_狼の魂基礎2段ダメージ",
                    "5": "31.8%通常攻撃#非表示_狼の魂基礎2段ダメージ",
                    "6": "33.6%通常攻撃#非表示_狼の魂基礎2段ダメージ",
                    "7": "36.0%通常攻撃#非表示_狼の魂基礎2段ダメージ",
                    "8": "38.4%通常攻撃#非表示_狼の魂基礎2段ダメージ",
                    "9": "40.8%通常攻撃#非表示_狼の魂基礎2段ダメージ",
                    "10": "43.2%通常攻撃#非表示_狼の魂基礎2段ダメージ",
                    "11": "45.6%通常攻撃#非表示_狼の魂基礎2段ダメージ",
                    "12": "48.0%通常攻撃#非表示_狼の魂基礎2段ダメージ",
                    "13": "51%通常攻撃#非表示_狼の魂基礎2段ダメージ"
                }
            },
            {
                "名前": "狼の魂 3段ダメージ",
                "数値": {
                    "1": "24.0%通常攻撃#非表示_狼の魂基礎3段ダメージ",
                    "2": "25.8%通常攻撃#非表示_狼の魂基礎3段ダメージ",
                    "3": "27.6%通常攻撃#非表示_狼の魂基礎3段ダメージ",
                    "4": "30.0%通常攻撃#非表示_狼の魂基礎3段ダメージ",
                    "5": "31.8%通常攻撃#非表示_狼の魂基礎3段ダメージ",
                    "6": "33.6%通常攻撃#非表示_狼の魂基礎3段ダメージ",
                    "7": "36.0%通常攻撃#非表示_狼の魂基礎3段ダメージ",
                    "8": "38.4%通常攻撃#非表示_狼の魂基礎3段ダメージ",
                    "9": "40.8%通常攻撃#非表示_狼の魂基礎3段ダメージ",
                    "10": "43.2%通常攻撃#非表示_狼の魂基礎3段ダメージ",
                    "11": "45.6%通常攻撃#非表示_狼の魂基礎3段ダメージ",
                    "12": "48.0%通常攻撃#非表示_狼の魂基礎3段ダメージ",
                    "13": "51%通常攻撃#非表示_狼の魂基礎3段ダメージ"
                }
            },
            {
                "名前": "狼の魂 4段ダメージ",
                "数値": {
                    "1": "24.0%通常攻撃#非表示_狼の魂基礎4段ダメージ",
                    "2": "25.8%通常攻撃#非表示_狼の魂基礎4段ダメージ",
                    "3": "27.6%通常攻撃#非表示_狼の魂基礎4段ダメージ",
                    "4": "30.0%通常攻撃#非表示_狼の魂基礎4段ダメージ",
                    "5": "31.8%通常攻撃#非表示_狼の魂基礎4段ダメージ",
                    "6": "33.6%通常攻撃#非表示_狼の魂基礎4段ダメージ",
                    "7": "36.0%通常攻撃#非表示_狼の魂基礎4段ダメージ",
                    "8": "38.4%通常攻撃#非表示_狼の魂基礎4段ダメージ",
                    "9": "40.8%通常攻撃#非表示_狼の魂基礎4段ダメージ",
                    "10": "43.2%通常攻撃#非表示_狼の魂基礎4段ダメージ",
                    "11": "45.6%通常攻撃#非表示_狼の魂基礎4段ダメージ",
                    "12": "48.0%通常攻撃#非表示_狼の魂基礎4段ダメージ",
                    "13": "51%通常攻撃#非表示_狼の魂基礎4段ダメージ"
                }
            },
            {
                "名前": "狼の魂 合計ダメージ",
                "数値": "元素爆発#狼の魂 1段ダメージ+元素爆発#狼の魂 2段ダメージ+元素爆発#狼の魂 3段ダメージ+元素爆発#狼の魂 4段ダメージ"
            },
            {
                "条件": "雷狼",
                "種類": "雷元素耐性",
                "数値": 80
            }
        ],
        "継続時間": 15,
        "クールタイム": 20,
        "元素エネルギー": 80,
        "icon_url": "images/characters/electro_4_claymore_Razor/talent_3.png"
    },
    "固有天賦": [
        {
            "名前": "覚醒",
            "種類": "固有天賦",
            "説明": "<span style=\"color:#FFD780FF\">鋭い爪と蒼雷</span>のクールタイム-18%。<br/><span style=\"color:#FFD780FF\">雷牙</span>を放つ時、<span style=\"color:#FFD780FF\">鋭い爪と蒼雷</span>のクールタイムをリセットする。",
            "icon_url": "images/characters/electro_4_claymore_Razor/talent_4.png"
        },
        {
            "名前": "飢餓",
            "種類": "固有天賦",
            "説明": "レザーの元素エネルギーが50%以下になると、元素チャージ効率+30%。",
            "icon_url": "images/characters/electro_4_claymore_Razor/talent_5.png"
        },
        {
            "名前": "奔狼",
            "種類": "固有天賦",
            "説明": "チーム内の自身のキャラクター全員がダッシュに消費するスタミナ-20%。<br/>同じ効果を持つ固有天賦との重ね掛け不可。",
            "icon_url": "images/characters/electro_4_claymore_Razor/talent_6.png"
        }
    ],
    "命ノ星座": {
        "1": {
            "名前": "狼の性",
            "説明": "レザーが元素オーブまたは元素粒子を獲得した8秒間、与えるダメージ+10%。",
            "詳細": [
                {
                    "条件": "狼の性 与えるダメージ+10%",
                    "種類": "与えるダメージ",
                    "数値": 10
                }
            ],
            "icon_url": "images/characters/electro_4_claymore_Razor/summaryList_1.png"
        },
        "2": {
            "名前": "制圧",
            "説明": "HPが30%以下の敵を攻撃する時、会心率+10%。",
            "詳細": [
                {
                    "条件": "制圧 会心率+10%",
                    "種類": "会心率",
                    "数値": 10
                }
            ],
            "icon_url": "images/characters/electro_4_claymore_Razor/summaryList_2.png"
        },
        "3": {
            "名前": "獣の魂",
            "説明": "<span style=\"color:#FFD780FF\">雷牙</span>のスキルLv.+3。<br/>最大Lv.15まで。",
            "icon_url": "images/characters/electro_4_claymore_Razor/summaryList_3.png",
            "詳細": []
        },
        "4": {
            "名前": "噛みつく",
            "説明": "<span style=\"color:#FFD780FF\">鋭い爪と蒼雷</span>の一回押しで攻撃した時、命中した敵の防御力-15%、継続時間7秒。",
            "詳細": [
                {
                    "条件": "噛みつく 防御力-15%",
                    "種類": "敵防御力",
                    "数値": -15
                }
            ],
            "icon_url": "images/characters/electro_4_claymore_Razor/summaryList_4.png"
        },
        "5": {
            "名前": "鋭い爪",
            "説明": "<span style=\"color:#FFD780FF\">鋭い爪と蒼雷</span>のスキルLv.+3。<br/>最大Lv.15まで。",
            "icon_url": "images/characters/electro_4_claymore_Razor/summaryList_5.png",
            "詳細": []
        },
        "6": {
            "名前": "天狼",
            "説明": "10秒毎に、レザーの大剣が自動的にエネルギーを溜め、次の通常攻撃に落雷を引き起こし、攻撃力100%分の<span style=\"color:#FFACFFFF\">雷元素ダメージ</span>を与える。<br/><span style=\"color:#FFD780FF\">雷牙</span>状態でない時、落雷が敵に命中すると、レザーに<span style=\"color:#FFD780FF\">鋭い爪と蒼雷</span>の雷の印を1重付与する。",
            "詳細": [
                {
                    "名前": "天狼 ダメージ",
                    "種類": "追加ダメージ",
                    "元素": "雷",
                    "数値": "100%攻撃力"
                }
            ],
            "icon_url": "images/characters/electro_4_claymore_Razor/summaryList_6.png"
        }
    },
    "おすすめセット": [
        {
            "武器": "松韻の響く頃",
            "聖遺物メイン効果3": "5_攻撃力%",
            "聖遺物メイン効果4": "5_物理ダメージバフ",
            "聖遺物メイン効果5": "5_会心率",
            "聖遺物セット効果1": "剣闘士のフィナーレ",
            "聖遺物セット効果2": "剣闘士のフィナーレ",
            "聖遺物優先するサブ効果1": "会心率",
            "聖遺物優先するサブ効果2": "会心ダメージ",
            "聖遺物優先するサブ効果3": "攻撃力%"
        },
        {
            "武器": "狼の末路",
            "聖遺物メイン効果3": "5_攻撃力%",
            "聖遺物メイン効果4": "5_物理ダメージバフ",
            "聖遺物メイン効果5": "5_会心率",
            "聖遺物セット効果1": "剣闘士のフィナーレ",
            "聖遺物セット効果2": "剣闘士のフィナーレ",
            "聖遺物優先するサブ効果1": "会心率",
            "聖遺物優先するサブ効果2": "会心ダメージ",
            "聖遺物優先するサブ効果3": "攻撃力%"
        },
        {
            "武器": "無工の剣",
            "聖遺物メイン効果3": "5_攻撃力%",
            "聖遺物メイン効果4": "5_物理ダメージバフ",
            "聖遺物メイン効果5": "5_会心率",
            "聖遺物セット効果1": "剣闘士のフィナーレ",
            "聖遺物セット効果2": "剣闘士のフィナーレ",
            "聖遺物優先するサブ効果1": "会心率",
            "聖遺物優先するサブ効果2": "会心ダメージ",
            "聖遺物優先するサブ効果3": "攻撃力%"
        },
        {
            "武器": "螭龍の剣",
            "聖遺物メイン効果3": "5_攻撃力%",
            "聖遺物メイン効果4": "5_物理ダメージバフ",
            "聖遺物メイン効果5": "5_会心ダメージ",
            "聖遺物セット効果1": "剣闘士のフィナーレ",
            "聖遺物セット効果2": "剣闘士のフィナーレ",
            "聖遺物優先するサブ効果1": "会心率",
            "聖遺物優先するサブ効果2": "会心ダメージ",
            "聖遺物優先するサブ効果3": "攻撃力%"
        },
        {
            "武器": "銜玉の海皇",
            "聖遺物メイン効果3": "5_攻撃力%",
            "聖遺物メイン効果4": "5_物理ダメージバフ",
            "聖遺物メイン効果5": "5_会心率",
            "聖遺物セット効果1": "血染めの騎士道",
            "聖遺物セット効果2": "蒼白の炎",
            "聖遺物優先するサブ効果1": "会心率",
            "聖遺物優先するサブ効果2": "会心ダメージ",
            "聖遺物優先するサブ効果3": "攻撃力%"
        },
        {
            "武器": "雪葬の星銀",
            "聖遺物メイン効果3": "5_攻撃力%",
            "聖遺物メイン効果4": "5_物理ダメージバフ",
            "聖遺物メイン効果5": "5_会心率",
            "聖遺物セット効果1": "血染めの騎士道",
            "聖遺物セット効果2": "蒼白の炎",
            "聖遺物優先するサブ効果1": "会心率",
            "聖遺物優先するサブ効果2": "会心ダメージ",
            "聖遺物優先するサブ効果3": "攻撃力%"
        },
        {
            "武器": "松韻の響く頃",
            "聖遺物メイン効果3": "5_攻撃力%",
            "聖遺物メイン効果4": "5_物理ダメージバフ",
            "聖遺物メイン効果5": "5_会心率",
            "聖遺物セット効果1": "蒼白の炎",
            "聖遺物セット効果2": "蒼白の炎",
            "聖遺物優先するサブ効果1": "会心率",
            "聖遺物優先するサブ効果2": "会心ダメージ",
            "聖遺物優先するサブ効果3": "攻撃力%"
        }
    ]
}