{
    "名前": "ドリー",
    "説明": "神出鬼没の大商人。一番好きなものは、キラキラと輝くモラ。",
    "icon_url": "images/characters/face/electro_4_claymore_Dori.png",
    "レアリティ": 4,
    "武器": "両手剣",
    "元素": "雷",
    "baseInfo": {
        "名称": "ドリー",
        "誕生日": "12月21日",
        "命ノ星座": "ランプ座",
        "称号": "夢の庭に隠せし財宝",
        "神の目": "雷",
        "所属": "アルカサルザライパレス",
        "中国語 CV": "王晓彤",
        "英語 CV": "Anjali Kunapaneni",
        "日本語 CV": "金田朋子",
        "韓国語 CV": "이명호",
        "オリジナル料理": "モラ、早くいらっしゃい！",
        "実装バージョン": "3.0"
    },
    "region": "スメール",
    "ステータス": {
        "基礎HP": {
            "1+": 1039,
            "20": 2670,
            "20+": 3447,
            "40": 5163,
            "40+": 5715,
            "50": 6573,
            "50+": 7309,
            "60": 8168,
            "60+": 8719,
            "70": 9577.0,
            "70+": 10129,
            "80": 10987,
            "80+": 11539,
            "90": 12397
        },
        "基礎攻撃力": {
            "1+": 19,
            "20": 48,
            "20+": 62,
            "40": 93,
            "40+": 103,
            "50": 118,
            "50+": 132,
            "60": 147,
            "60+": 157,
            "70": 173,
            "70+": 182,
            "80": 198,
            "80+": 208,
            "90": 223
        },
        "基礎防御力": {
            "1+": 61,
            "20": 156,
            "20+": 201,
            "40": 301,
            "40+": 333,
            "50": 384,
            "50+": 427,
            "60": 477,
            "60+": 509,
            "70": 559,
            "70+": 591,
            "80": 641,
            "80+": 673,
            "90": 723
        },
        "HP%": {
            "1+": 0,
            "20": 0,
            "20+": 0,
            "40": 0,
            "40+": 6,
            "50": 6,
            "50+": 12,
            "60": 12,
            "60+": 12,
            "70": 12,
            "70+": 18,
            "80": 18,
            "80+": 24,
            "90": 24
        }
    },
    "通常攻撃": {
        "名前": "通常攻撃·マーベラスソードダンス·改",
        "説明": "<span style=\"color: rgb(255, 215, 128)\">通常攻撃</span><br>最大3段の連続攻撃を行う。<br>  <br><span style=\"color: rgb(255, 215, 128)\">重撃</span><br>持続的にスタミナを消費し、大剣を振り回して周囲の敵を攻撃する。<br>重撃が終了した時に、さらに強力な攻撃を1回放つ。<br>  <br><span style=\"color: rgb(255, 215, 128)\">落下攻撃</span><br>空中から落下し地面に衝撃を与える。経路上の敵を攻撃し、落下時に範囲ダメージを与える。",
        "icon_url": "images/characters/electro_4_claymore_Dori/talent_1.png",
        "詳細": [
            {
                "名前": "1段ダメージ",
                "数値": {
                    "1": "90.2%",
                    "2": "97.6%",
                    "3": "104.9%",
                    "4": "115.4%",
                    "5": "122.7%",
                    "6": "131.1%",
                    "7": "142.7%",
                    "8": "154.2%",
                    "9": "165.7%",
                    "10": "178.3%",
                    "11": "190.9%"
                }
            },
            {
                "名前": "2段ダメージ",
                "数値": {
                    "1": "41.1%+43.1%",
                    "2": "44.4%+46.6%",
                    "3": "47.8%+50.1%",
                    "4": "52.5%+55.2%",
                    "5": "55.9%+58.7%",
                    "6": "59.7%+62.7%",
                    "7": "65.0%+68.2%",
                    "8": "70.2%+73.7%",
                    "9": "75.5%+79.2%",
                    "10": "81.2%+85.2%",
                    "11": "85.9%+85.9%"
                },
                "HIT数": 2
            },
            {
                "名前": "3段ダメージ",
                "数値": {
                    "1": "128.4%",
                    "2": "138.8%",
                    "3": "149.3%",
                    "4": "164.2%",
                    "5": "174.7%",
                    "6": "186.6%",
                    "7": "203.0%",
                    "8": "219.5%",
                    "9": "235.9%",
                    "10": "253.8%",
                    "11": "271.7%"
                }
            },
            {
                "条件": "大金ばら撒き",
                "名前": "大金ばら撒き",
                "種類": "HP回復",
                "数値": "4%HP上限"
            }
        ]
    },
    "重撃": {
        "詳細": [
            {
                "名前": "連続重撃ダメージ",
                "数値": {
                    "1": "62.5%",
                    "2": "67.6%",
                    "3": "72.7%",
                    "4": "80.0%",
                    "5": "85.1%",
                    "6": "90.9%",
                    "7": "98.9%",
                    "8": "106.9%",
                    "9": "114.9%",
                    "10": "123.6%",
                    "11": "133.6%"
                }
            },
            {
                "名前": "重撃終了ダメージ",
                "数値": {
                    "1": "113%",
                    "2": "122%",
                    "3": "132%",
                    "4": "145%",
                    "5": "154%",
                    "6": "164%",
                    "7": "179%",
                    "8": "193%",
                    "9": "208%",
                    "10": "224%",
                    "11": "242%"
                }
            }
        ],
        "重撃スタミナ消費": "毎秒40",
        "最大継続時間": 5
    },
    "落下攻撃": {
        "詳細": [
            {
                "名前": "落下期間のダメージ",
                "数値": {
                    "1": "74.6%",
                    "2": "80.7%",
                    "3": "86.7%",
                    "4": "95.4%",
                    "5": "101.5%",
                    "6": "108.4%",
                    "7": "118.0%",
                    "8": "127.5%",
                    "9": "137.0%",
                    "10": "147.4%",
                    "11": "157.8%"
                }
            },
            {
                "名前": "低空/高空落下攻撃ダメージ",
                "種類": "落下攻撃ダメージ",
                "数値": {
                    "1": "149%",
                    "2": "161%",
                    "3": "173%",
                    "4": "191%",
                    "5": "203%",
                    "6": "217%",
                    "7": "236%",
                    "8": "255%",
                    "9": "274%",
                    "10": "295%",
                    "11": "316%"
                }
            },
            {
                "名前": "低空/高空落下攻撃ダメージ",
                "種類": "落下攻撃ダメージ",
                "数値": {
                    "1": "186%",
                    "2": "201%",
                    "3": "217%",
                    "4": "238%",
                    "5": "253%",
                    "6": "271%",
                    "7": "295%",
                    "8": "318%",
                    "9": "342%",
                    "10": "368%",
                    "11": "394%"
                }
            }
        ]
    },
    "元素スキル": {
        "名前": "ジンニーランプ·トラブルシューター",
        "説明": "トラブルシューター砲を発射するようジンニーランプに合図を出し、<span style=\"color: #FFACFF\">雷元素ダメージ</span>を与える。<br>トラブルシューター砲が命中すると、近くの敵を自動追尾するアフターサービス弾を2発生成し、<span style=\"color: #FFACFF\">雷元素ダメージ</span>を与える。",
        "icon_url": "images/characters/electro_4_claymore_Dori/talent_2.png",
        "詳細": [
            {
                "名前": "トラブルシューター砲ダメージ",
                "数値": {
                    "1": "147.3%",
                    "2": "158.3%",
                    "3": "169.4%",
                    "4": "184.1%",
                    "5": "195.1%",
                    "6": "206.2%",
                    "7": "220.9%",
                    "8": "235.6%",
                    "9": "250.4%",
                    "10": "265.1%",
                    "11": "279.8%",
                    "12": "294.6%",
                    "13": "313%"
                }
            },
            {
                "名前": "アフターサービス弾",
                "数値": {
                    "1": "31.6%",
                    "2": "33.9%",
                    "3": "36.3%",
                    "4": "39.5%",
                    "5": "41.8%",
                    "6": "44.2%",
                    "7": "47.3%",
                    "8": "50.5%",
                    "9": "53.7%",
                    "10": "56.8%",
                    "11": "60%",
                    "12": "63.1%",
                    "13": "67.1%"
                }
            }
        ],
        "クールタイム": 9
    },
    "元素爆発": {
        "名前": "アルカサルザライの極上サービス",
        "説明": "ランプの精を召喚し、お客様に様々なサポートを提供する。<br>  <br><span style=\"color: #FFD780\">ランプの精</span><br>近くにいるキャラクターとリンクする。ランプの精とリンクしたキャラクターに下記効果を与える。<br>・持続的にHPを回復する。HPの回復量はドリーのHP上限によって決まる。<br>・持続的に元素エネルギーを回復する。<br>・<span style=\"color: #FFACFF\">雷元素付着状態</span>になる。<br>  <br>キャラクターとランプの精の間のリンクが敵に触れると、0.4秒毎に敵に<span style=\"color: #FFACFF\">雷元素ダメージ</span>を1回与える。<br>  <br>ランプの精は同時に最大1つまで存在可能。",
        "icon_url": "images/characters/electro_4_claymore_Dori/talent_3.png",
        "詳細": [
            {
                "名前": "リンクダメージ",
                "数値": {
                    "1": "16%",
                    "2": "17%",
                    "3": "18%",
                    "4": "20%",
                    "5": "21%",
                    "6": "22%",
                    "7": "24%",
                    "8": "25%",
                    "9": "27%",
                    "10": "29%",
                    "11": "30%",
                    "12": "32%",
                    "13": "34%"
                }
            },
            {
                "名前": "持続回復量",
                "種類": "HP回復",
                "数値": {
                    "1": "6.7%HP上限+642",
                    "2": "7.2%HP上限+706",
                    "3": "7.7%HP上限+776",
                    "4": "8.3%HP上限+851",
                    "5": "8.8%HP上限+931",
                    "6": "9.3%HP上限+1017",
                    "7": "10.0%HP上限+1107",
                    "8": "10.7%HP上限+1204",
                    "9": "11.3%HP上限+1305",
                    "10": "12.0%HP上限+1412",
                    "11": "12.7%HP上限+1525",
                    "12": "13.3%HP上限+1643",
                    "13": "14.2%HP上限+1766"
                }
            },
            {
                "名前": "元素エネルギー回復",
                "種類": "表示",
                "数値": {
                    "1": 1.6,
                    "2": 1.7,
                    "3": 1.8,
                    "4": 1.9,
                    "5": 2.0,
                    "6": 2.1,
                    "7": 2.2,
                    "8": 2.3,
                    "9": 2.4,
                    "10": 2.5,
                    "11": 2.5,
                    "12": 2.5,
                    "13": 2.5
                }
            }
        ],
        "継続時間": 12,
        "クールタイム": 20,
        "元素エネルギー": 80
    },
    "固有天賦": [
        {
            "名前": "ゴールドマイニング",
            "説明": "<span style=\"color: rgb(255, 215, 128)\">ランプの魔物</span>とリンクしているキャラクターが燃焼、激化、超激化、拡激化、開花、超開花、烈開花反応を起こすと、<span style=\"color: #FFD780\">ジンニーランプ·トラブルシューター</span>ののクールタイム-1秒。<br>この効果は3秒毎に1回発動可能。",
            "icon_url": "images/characters/electro_4_claymore_Dori/talent_4.png",
            "詳細": []
        },
        {
            "名前": "砂だるま式利子",
            "説明": "<span style=\"color: #FFD780\">ジンニーランプ·トラブルシューター</span>のトラブルシューター砲またはアフターサービス弾が敵に命中すると、ドリーの元素チャージ効率を基準にし、その100%の元素チャージ効率毎にドリーの元素エネルギーを5回復する。<br>ジンニーランプ·トラブルシューター1回につき、この方式で回復できる元素エネルギーは15まで。",
            "icon_url": "images/characters/electro_4_claymore_Dori/talent_5.png",
            "詳細": []
        },
        {
            "名前": "予期せぬオーダー",
            "説明": "キャラと武器育成素材を合成する時、25%の確率で一部の材料が返還される。",
            "icon_url": "images/characters/electro_4_claymore_Dori/talent_6.png",
            "詳細": []
        }
    ],
    "命ノ星座": {
        "1": {
            "名前": "追加投資",
            "説明": "<span style=\"color: #FFD780\">トラブルシューター砲</span>命中後に生成するアフターサービス弾+1発。",
            "icon_url": "images/characters/electro_4_claymore_Dori/summaryList_1.png",
            "詳細": []
        },
        "2": {
            "名前": "スペシャルフランチャイズ",
            "説明": "<span style=\"color: rgb(255, 215, 128)\">ランプの精</span>がリンクしているキャラクターに治療を行う時、そのキャラクターからスピリット砲が発射され、ドリーの攻撃力20%分のダメージを与える。",
            "icon_url": "images/characters/electro_4_claymore_Dori/summaryList_2.png",
            "詳細": []
        },
        "3": {
            "名前": "百技千巧",
            "説明": "<span style=\"color: rgb(255, 215, 128)\">アルカサルザライの極上サービス</span>のスキルLv.+3。<br>最大Lv.15まで。",
            "icon_url": "images/characters/electro_4_claymore_Dori/summaryList_3.png",
            "詳細": []
        },
        "4": {
            "名前": "益をとって損を補う",
            "説明": "<span style=\"color: rgb(255, 215, 128)\">ランプの精</span>とリンクしているキャラクターは、その時のHPと元素エネルギーに応じて、以下の強化効果を獲得する。<br>・HPが50%未満の場合、受ける治癒効果+50%。<br>・元素エネルギーが50%未満の場合、元素チャージ効率+30%。",
            "icon_url": "images/characters/electro_4_claymore_Dori/summaryList_4.png",
            "詳細": []
        },
        "5": {
            "名前": "お値段以上",
            "説明": "<span style=\"color: rgb(255, 215, 128)\">ジンニーランプ·トラブルシューター</span>のスキルLv.+3。<br>最大Lv.15まで。",
            "icon_url": "images/characters/electro_4_claymore_Dori/summaryList_5.png",
            "詳細": []
        },
        "6": {
            "名前": "大金ばら撒き",
            "説明": "ドリーが<span style=\"color: #FFD780\">ジンニーランプ·トラブルシューター</span>を発動した後の3秒間、下記効果を獲得する。<br>・<span style=\"color: #FFACFF\">雷元素付与</span>状態を獲得する。<br>・通常攻撃が敵に命中すると、チーム全員のHPをドリーのHP上限4%分回復する。この方式でのHP回復は、0.1秒毎に1回のみ可能。",
            "icon_url": "images/characters/electro_4_claymore_Dori/summaryList_6.png",
            "詳細": [
                {
                    "条件": "大金ばら撒き",
                    "種類": "雷元素付与"
                }
            ]
        }
    },
    "おすすめセット": [
        {
            "武器": "祭礼の大剣",
            "聖遺物メイン効果3": "5_元素チャージ効率",
            "聖遺物メイン効果4": "5_HP%",
            "聖遺物メイン効果5": "5_与える治療効果",
            "聖遺物セット効果1": "旧貴族のしつけ",
            "聖遺物セット効果2": "旧貴族のしつけ",
            "聖遺物優先するサブ効果1": "元素チャージ効率",
            "聖遺物優先するサブ効果2": "HP%",
            "聖遺物優先するサブ効果3": "元素熟知"
        },
        {
            "武器": "西風大剣",
            "聖遺物メイン効果3": "5_元素チャージ効率",
            "聖遺物メイン効果4": "5_HP%",
            "聖遺物メイン効果5": "5_会心率",
            "聖遺物セット効果1": "旧貴族のしつけ",
            "聖遺物セット効果2": "旧貴族のしつけ",
            "聖遺物優先するサブ効果1": "元素チャージ効率",
            "聖遺物優先するサブ効果2": "HP%",
            "聖遺物優先するサブ効果3": "元素熟知"
        },
        {
            "武器": "鐘の剣",
            "聖遺物メイン効果3": "5_元素チャージ効率",
            "聖遺物メイン効果4": "5_HP%",
            "聖遺物メイン効果5": "5_与える治療効果",
            "聖遺物セット効果1": "海染硨磲",
            "聖遺物セット効果2": "海染硨磲",
            "聖遺物優先するサブ効果1": "元素チャージ効率",
            "聖遺物優先するサブ効果2": "HP%",
            "聖遺物優先するサブ効果3": "元素熟知"
        }
    ]
}