{
    "名前": "刻晴",
    "説明": "「璃月七星」の一人、「玉衡」。「帝君の一言で決まる璃月」に不満を持っている——だが実のところ、神は彼女のような者を高く評価している。",
    "icon_url": "images/characters/face/electro_5_sword_Keqing.png",
    "レアリティ": 5,
    "武器": "片手剣",
    "元素": "雷",
    "baseInfo": {
        "名前": "刻晴",
        "誕生日": "11月20日",
        "命ノ星座": "紫金錘重座",
        "称号": "疾雷快雨",
        "神の目": "雷",
        "所属": "璃月七星",
        "中国語 CV": "谢莹",
        "英語 CV": "Kayli Mills",
        "日本語 CV": "喜多村英梨",
        "韓国語 CV": "이보희",
        "オリジナル料理": "九死一生の焼き魚",
        "実装バージョン": "1.0",
        "七聖召喚のカード": "$[{\"ep_id\":3186,\"icon\":\"https://upload-static.hoyoverse.com/hoyolab-wiki/2022/12/01/194600931/9135fdcb8dc1dca18a13b4f4818cb2d2_7729811791004540187.png\",\"amount\":0,\"name\":\"刻晴\",\"menuId\":\"17\"}]$"
    },
    "region": "璃月港",
    "ステータス": {
        "基礎HP": {
            "1+": 1020,
            "20": 2646,
            "20+": 3521,
            "40": 5268,
            "40+": 5889,
            "50": 6776,
            "50+": 7604,
            "60": 8500,
            "60+": 9121,
            "70": 10025,
            "70+": 10647.0,
            "80": 11561,
            "80+": 12182,
            "90": 13103
        },
        "基礎攻撃力": {
            "1+": 25,
            "20": 65,
            "20+": 87,
            "40": 130,
            "40+": 145,
            "50": 167,
            "50+": 187,
            "60": 209,
            "60+": 225,
            "70": 247,
            "70+": 262,
            "80": 285,
            "80+": 300,
            "90": 323
        },
        "基礎防御力": {
            "1+": 62,
            "20": 161,
            "20+": 215,
            "40": 321,
            "40+": 359,
            "50": 413,
            "50+": 464,
            "60": 519,
            "60+": 556,
            "70": 612,
            "70+": 649,
            "80": 705,
            "80+": 743,
            "90": 799
        },
        "会心ダメージ": {
            "1+": 0,
            "20": 0,
            "20+": 0,
            "40": 0,
            "40+": 9.6,
            "50": 9.6,
            "50+": 19.2,
            "60": 19.2,
            "60+": 19.2,
            "70": 19.2,
            "70+": 28.8,
            "80": 28.8,
            "80+": 38.4,
            "90": 38.4
        }
    },
    "オプション初期値": {
        "廉貞 雷元素ダメージ": 3
    },
    "通常攻撃": {
        "名前": "通常攻撃·雲来剣法",
        "説明": "<span style=\"color:#FFD780FF\">通常攻撃</span><br/>剣による最大5段の連続攻撃を行う。<br/><br/><span style=\"color:#FFD780FF\">重撃</span><br/>一定のスタミナを消費し、前方に斬撃を2回放つ。<br/><br/><span style=\"color:#FFD780FF\">落下攻撃</span><br/>空中から落下し地面に衝撃を与える。経路上の敵を攻撃し、落下時に範囲ダメージを与える。",
        "詳細": [
            {
                "名前": "1段ダメージ",
                "数値": {
                    "1": "41.0%",
                    "2": "44.4%",
                    "3": "47.7%",
                    "4": "52.5%",
                    "5": "55.8%",
                    "6": "59.6%",
                    "7": "64.9%",
                    "8": "70.1%",
                    "9": "75.4%",
                    "10": "81.1%",
                    "11": "86.8%"
                }
            },
            {
                "名前": "2段ダメージ",
                "数値": {
                    "1": "41.0%",
                    "2": "44.4%",
                    "3": "47.7%",
                    "4": "52.5%",
                    "5": "55.8%",
                    "6": "59.6%",
                    "7": "64.9%",
                    "8": "70.1%",
                    "9": "75.4%",
                    "10": "81.1%",
                    "11": "86.8%"
                }
            },
            {
                "名前": "3段ダメージ",
                "数値": {
                    "1": "54.4%",
                    "2": "58.9%",
                    "3": "63.3%",
                    "4": "69.6%",
                    "5": "74.1%",
                    "6": "79.1%",
                    "7": "86.1%",
                    "8": "93.1%",
                    "9": "100%",
                    "10": "108%",
                    "11": "115%"
                }
            },
            {
                "名前": "4段ダメージ",
                "数値": {
                    "1": "31.5%+34.4%",
                    "2": "34.0%+37.2%",
                    "3": "36.6%+40.0%",
                    "4": "40.3%+44.0%",
                    "5": "42.8%+46.8%",
                    "6": "45.8%+50.0%",
                    "7": "49.8%+54.4%",
                    "8": "53.8%+58.8%",
                    "9": "57.8%+63.2%",
                    "10": "62.2%+68.0%",
                    "11": "66.6%+72.8%"
                },
                "HIT数": 2
            },
            {
                "名前": "5段ダメージ",
                "数値": {
                    "1": "67.0%",
                    "2": "72.4%",
                    "3": "77.9%",
                    "4": "85.7%",
                    "5": "91.1%",
                    "6": "97.4%",
                    "7": "106%",
                    "8": "115%",
                    "9": "123%",
                    "10": "132%",
                    "11": "142%"
                }
            }
        ],
        "icon_url": "images/characters/electro_5_sword_Keqing/talent_1.png"
    },
    "重撃": {
        "説明": [
            "一定のスタミナを消費し、前方に斬撃を2回放つ。"
        ],
        "詳細": [
            {
                "名前": "重撃ダメージ",
                "数値": {
                    "1": "76.8%+86.0%",
                    "2": "83.0%+93.0%",
                    "3": "89.3%+100%",
                    "4": "98.2%+110%",
                    "5": "104%+117%",
                    "6": "112%+125%",
                    "7": "121%+136%",
                    "8": "131%+147%",
                    "9": "141%+158%",
                    "10": "152%+170%",
                    "11": "163%+182%"
                },
                "HIT数": 2
            }
        ]
    },
    "落下攻撃": {
        "説明": "空中から落下し地面に衝撃を与える。経路上の敵を攻撃し、落下時に範囲ダメージを与える。",
        "詳細": [
            {
                "名前": "落下期間のダメージ",
                "種類": "落下攻撃ダメージ",
                "数値": {
                    "1": "63.9%",
                    "2": "69.1%",
                    "3": "74.3%",
                    "4": "81.8%",
                    "5": "87.0%",
                    "6": "92.9%",
                    "7": "101.1%",
                    "8": "109.3%",
                    "9": "117.5%",
                    "10": "126.4%",
                    "11": "135.3%"
                }
            },
            {
                "名前": "低空/高空落下攻撃ダメージ",
                "種類": "落下攻撃ダメージ",
                "数値": {
                    "1": "128%",
                    "2": "138%",
                    "3": "149%",
                    "4": "164%",
                    "5": "174%",
                    "6": "186%",
                    "7": "202%",
                    "8": "219%",
                    "9": "235%",
                    "10": "253%",
                    "11": "271%"
                }
            },
            {
                "名前": "低空/高空落下攻撃ダメージ",
                "種類": "落下攻撃ダメージ",
                "数値": {
                    "1": "160%",
                    "2": "173%",
                    "3": "186%",
                    "4": "204%",
                    "5": "217%",
                    "6": "232%",
                    "7": "253%",
                    "8": "273%",
                    "9": "293%",
                    "10": "316%",
                    "11": "338%"
                }
            }
        ]
    },
    "元素スキル": {
        "名前": "星辰帰位",
        "説明": "雷楔を素早く投げ出し、疾雷の勢いで敵を殲滅する。<br>雷楔が命中した時に狭範囲の敵に<span style=\"color: rgb(255, 172, 255)\">雷元素ダメージ</span>を与え、命中した位置に雷楔マークを残す。<br><br><span style=\"color: rgb(255, 215, 128)\">長押し</span><br>雷楔マークの投げる方向を調整できる。<br>長押しで投げ出した雷楔は空中に浮遊させることができる。刻晴が再び星辰帰位を発動する時、地形を無視できる。<br><br><span style=\"color: rgb(255, 215, 128)\">雷楔</span><br>雷楔継続中、刻晴が再び星辰帰位また重撃を発動すると、雷楔マークは消され、異なる効果を発動できる。<br>・再び星辰帰位を発動すると、マークした位置に瞬間移動し斬撃を1回仕掛け、<span style=\"color: rgb(255, 172, 255)\">雷元素範囲ダメージ</span>を与える。長押しで投げ出した雷楔の位置に瞬間移動する場合は地形を無視する。<br>・重撃を行った場合、マークした位置に暴雷連斬を引き起こし、数回の<span style=\"color: rgb(255, 172, 255)\">雷元素範囲ダメージ</span>を与える。<br><br><em>「人は蛾のように、飛んで神という火の光に入る。だが私の光は私自身が灯す。」</em>",
        "詳細": [
            {
                "名前": "雷楔ダメージ",
                "数値": {
                    "1": "50.4%",
                    "2": "54.2%",
                    "3": "58.0%",
                    "4": "63.0%",
                    "5": "66.8%",
                    "6": "70.6%",
                    "7": "75.6%",
                    "8": "80.6%",
                    "9": "85.7%",
                    "10": "90.7%",
                    "11": "96.0%",
                    "12": "101%",
                    "13": "107%"
                }
            },
            {
                "名前": "斬撃ダメージ",
                "数値": {
                    "1": "168%",
                    "2": "181%",
                    "3": "193%",
                    "4": "210%",
                    "5": "223%",
                    "6": "235%",
                    "7": "252%",
                    "8": "269%",
                    "9": "286%",
                    "10": "302%",
                    "11": "319%",
                    "12": "336%",
                    "13": "357%"
                }
            },
            {
                "名前": "暴雷連斬ダメージ",
                "数値": {
                    "1": "84.0%*2",
                    "2": "90.3%*2",
                    "3": "96.6%*2",
                    "4": "105%*2",
                    "5": "111%*2",
                    "6": "118%*2",
                    "7": "126%*2",
                    "8": "134%*2",
                    "9": "143%*2",
                    "10": "151%*2",
                    "11": "160%*2",
                    "12": "168%*2",
                    "13": "179%*2"
                },
                "HIT数": 2
            }
        ],
        "クールタイム": 7.5,
        "icon_url": "images/characters/electro_5_sword_Keqing/talent_2.png"
    },
    "元素爆発": {
        "名前": "天街巡遊",
        "説明": "雷電の力を爆発させ、<span style=\"color:#FFACFFFF\">雷元素範囲ダメージ</span>を与える。<br/>その後、剣影に隠れ、敵に迅雷の如き高速連斬を発動し、連続で<span style=\"color:#FFACFFFF\">雷元素ダメージ</span>を与える。最後の一撃は大量の<span style=\"color:#FFACFFFF\">雷元素範囲ダメージ</span>を与える。<br/><br/><i>刻晴が生み出した剣術の中で最も速い技、満天の星すらも斬り落とせる。</i>",
        "詳細": [
            {
                "名前": "スキルダメージ",
                "数値": {
                    "1": "88.0%",
                    "2": "94.6%",
                    "3": "101%",
                    "4": "110%",
                    "5": "117%",
                    "6": "123%",
                    "7": "132%",
                    "8": "141%",
                    "9": "150%",
                    "10": "158%",
                    "11": "167%",
                    "12": "176%",
                    "13": "187%"
                }
            },
            {
                "名前": "連斬ダメージ",
                "数値": {
                    "1": "24.0%*8",
                    "2": "25.8%*8",
                    "3": "27.6%*8",
                    "4": "30.0%*8",
                    "5": "31.8%*8",
                    "6": "33.6%*8",
                    "7": "36.0%*8",
                    "8": "38.4%*8",
                    "9": "40.8%*8",
                    "10": "43.2%*8",
                    "11": "45.6%*8",
                    "12": "48.0%*8",
                    "13": "51.0%*8"
                },
                "HIT数": 8
            },
            {
                "名前": "最後の一撃ダメージ",
                "数値": {
                    "1": "189%",
                    "2": "203%",
                    "3": "217%",
                    "4": "236%",
                    "5": "250%",
                    "6": "264%",
                    "7": "283%",
                    "8": "302%",
                    "9": "321%",
                    "10": "340%",
                    "11": "359%",
                    "12": "378%",
                    "13": "401%"
                }
            }
        ],
        "クールタイム": 12,
        "元素エネルギー": 40,
        "icon_url": "images/characters/electro_5_sword_Keqing/talent_3.png"
    },
    "固有天賦": [
        {
            "名前": "抵天の雷罰",
            "種類": "固有天賦",
            "説明": "雷楔継続中に再び<span style=\"color:#FFD780FF\">星辰帰位</span>を発動すると、刻晴は<span style=\"color:#FFACFFFF\">雷元素付与</span>状態を獲得する。継続時間5秒。",
            "詳細": [
                {
                    "条件": "抵天の雷罰 雷元素付与",
                    "種類": "雷元素付与"
                }
            ],
            "icon_url": "images/characters/electro_5_sword_Keqing/talent_4.png"
        },
        {
            "名前": "玉衡の貴",
            "種類": "固有天賦",
            "説明": "<span style=\"color:#FFD780FF\">天街巡遊</span>継続中、刻晴の会心率+15%、元素チャージ効率+15%、継続時間8秒。",
            "詳細": [
                {
                    "条件": "玉衡の貴 会心率と元素チャージ効率+15%",
                    "種類": "会心率",
                    "数値": 15
                },
                {
                    "条件": "玉衡の貴 会心率と元素チャージ効率+15%",
                    "種類": "元素チャージ効率",
                    "数値": 15
                }
            ],
            "icon_url": "images/characters/electro_5_sword_Keqing/talent_5.png"
        },
        {
            "名前": "総務土地",
            "種類": "固有天賦",
            "説明": "璃月の探索任務の所要時間-25%。",
            "icon_url": "images/characters/electro_5_sword_Keqing/talent_6.png"
        }
    ],
    "命ノ星座": {
        "1": {
            "名前": "迅雷",
            "説明": "雷楔継続中に再び<span style=\"color:#FFD780FF\">星辰帰位</span>を発動すると、刻晴は消失位置と出現位置に攻撃力50%分の<span style=\"color:#FFACFFFF\">雷元素範囲ダメージ</span>を与える。",
            "詳細": [
                {
                    "名前": "迅雷 ダメージ",
                    "種類": "追加ダメージ",
                    "数値": "50%",
                    "元素": "雷"
                }
            ],
            "icon_url": "images/characters/electro_5_sword_Keqing/summaryList_1.png"
        },
        "2": {
            "名前": "苛捐",
            "説明": "刻晴の通常攻撃と重撃が<span style=\"color:#FFACFFFF\">雷元素</span>の影響を受けた敵に命中した時、50%の確率で元素粒子を1個生成する。<br/>5秒毎に1回のみ発動可能。",
            "icon_url": "images/characters/electro_5_sword_Keqing/summaryList_2.png",
            "詳細": []
        },
        "3": {
            "名前": "登楼",
            "説明": "<span style=\"color:#FFD780FF\">天街巡遊</span>のスキルLv.+3。<br/>最大Lv.15まで。",
            "icon_url": "images/characters/electro_5_sword_Keqing/summaryList_3.png",
            "詳細": []
        },
        "4": {
            "名前": "調律",
            "説明": "刻晴が<span style=\"color:#FFACFFFF\">雷元素の関連反応</span>を起こした10秒間、攻撃力+25%。",
            "詳細": [
                {
                    "条件": "調律 攻撃力+25%",
                    "種類": "攻撃力%",
                    "数値": 25
                }
            ],
            "icon_url": "images/characters/electro_5_sword_Keqing/summaryList_4.png"
        },
        "5": {
            "名前": "移燈",
            "説明": "<span style=\"color:#FFD780FF\">星辰帰位</span>のスキルLv.+3。<br/>最大Lv.15まで。",
            "icon_url": "images/characters/electro_5_sword_Keqing/summaryList_5.png",
            "詳細": []
        },
        "6": {
            "名前": "廉貞",
            "説明": "通常攻撃、重撃、元素スキルまたは元素爆発を発動する時、刻晴の与える<span style=\"color:#FFACFFFF\">雷元素ダメージ</span>+6%、継続時間8秒。<br/>通常攻撃、重撃、元素スキルまたは元素爆発の発動による効果はそれぞれ別々でカウントされる。",
            "詳細": [
                {
                    "条件": "廉貞 雷元素ダメージ@+6-24%",
                    "種類": "雷元素ダメージバフ",
                    "数値": 1
                }
            ],
            "icon_url": "images/characters/electro_5_sword_Keqing/summaryList_6.png"
        }
    },
    "おすすめセット": [
        {
            "武器": "霧切の廻光",
            "聖遺物メイン効果3": "5_攻撃力%",
            "聖遺物メイン効果4": "5_雷元素ダメージバフ",
            "聖遺物メイン効果5": "5_会心率",
            "聖遺物セット効果1": "雷のような怒り",
            "聖遺物セット効果2": "剣闘士のフィナーレ",
            "聖遺物優先するサブ効果1": "会心ダメージ",
            "聖遺物優先するサブ効果2": "会心率",
            "聖遺物優先するサブ効果3": "攻撃力%",
            "楔継続中に再び星辰帰位発動後(5秒)雷元素付与": true
        },
        {
            "武器": "風鷹剣",
            "聖遺物メイン効果3": "5_攻撃力%",
            "聖遺物メイン効果4": "5_物理ダメージバフ",
            "聖遺物メイン効果5": "5_会心率",
            "聖遺物セット効果1": "血染めの騎士道",
            "聖遺物セット効果2": "蒼白の炎",
            "聖遺物優先するサブ効果1": "会心ダメージ",
            "聖遺物優先するサブ効果2": "会心率",
            "聖遺物優先するサブ効果3": "攻撃力%",
            "楔継続中に再び星辰帰位発動後(5秒)雷元素付与": false
        },
        {
            "武器": "磐岩結緑",
            "聖遺物メイン効果3": "5_攻撃力%",
            "聖遺物メイン効果4": "5_雷元素ダメージバフ",
            "聖遺物メイン効果5": "5_会心ダメージ",
            "聖遺物セット効果1": "雷のような怒り",
            "聖遺物セット効果2": "剣闘士のフィナーレ",
            "聖遺物優先するサブ効果1": "会心ダメージ",
            "聖遺物優先するサブ効果2": "会心率",
            "聖遺物優先するサブ効果3": "攻撃力%",
            "楔継続中に再び星辰帰位発動後(5秒)雷元素付与": true
        },
        {
            "武器": "天目影打",
            "聖遺物メイン効果3": "5_攻撃力%",
            "聖遺物メイン効果4": "5_雷元素ダメージバフ",
            "聖遺物メイン効果5": "5_会心率",
            "聖遺物セット効果1": "雷のような怒り",
            "聖遺物セット効果2": "雷のような怒り",
            "聖遺物優先するサブ効果1": "会心ダメージ",
            "聖遺物優先するサブ効果2": "会心率",
            "聖遺物優先するサブ効果3": "攻撃力%",
            "楔継続中に再び星辰帰位発動後(5秒)雷元素付与": true
        },
        {
            "武器": "黒剣",
            "聖遺物メイン効果3": "5_攻撃力%",
            "聖遺物メイン効果4": "5_雷元素ダメージバフ",
            "聖遺物メイン効果5": "5_会心ダメージ",
            "聖遺物セット効果1": "雷のような怒り",
            "聖遺物セット効果2": "剣闘士のフィナーレ",
            "聖遺物優先するサブ効果1": "会心率",
            "聖遺物優先するサブ効果2": "会心ダメージ",
            "聖遺物優先するサブ効果3": "攻撃力%",
            "楔継続中に再び星辰帰位発動後(5秒)雷元素付与": true
        },
        {
            "武器": "斬岩·試作",
            "聖遺物メイン効果3": "5_攻撃力%",
            "聖遺物メイン効果4": "5_物理ダメージバフ",
            "聖遺物メイン効果5": "5_会心率",
            "聖遺物セット効果1": "血染めの騎士道",
            "聖遺物セット効果2": "蒼白の炎",
            "聖遺物優先するサブ効果1": "会心ダメージ",
            "聖遺物優先するサブ効果2": "会心率",
            "聖遺物優先するサブ効果3": "攻撃力%",
            "楔継続中に再び星辰帰位発動後(5秒)雷元素付与": false
        }
    ],
    "NEXT STEP": "元素スキル.雷楔ダメージ"
}