{
    "名前": "八重神子",
    "レアリティ": 5,
    "武器": "法器",
    "元素": "雷",
    "ステータス": {
        "基礎HP": {
            "80": 9151,
            "80+": 9643,
            "90": 10372
        },
        "基礎攻撃力": {
            "80": 300,
            "80+": 316,
            "90": 340
        },
        "基礎防御力": {
            "80": 502,
            "80+": 529,
            "90": 569
        },
        "会心率": {
            "80": 14.4,
            "80+": 19.2,
            "90": 19.2
        }
    },
    "通常攻撃": {
        "名前": "通常攻撃・狐霊罪喰い式",
        "説明": "狐霊を駆役し、最大3段の連続攻撃を行い、雷元素ダメージを与える。",
        "詳細": [
            {
                "名前": "1段ダメージ",
                "数値": {
                    "1": "39.66%",
                    "2": "42.63%",
                    "3": "45.61%",
                    "4": "49.57%",
                    "5": "52.55%",
                    "6": "55.52%",
                    "7": "59.49%",
                    "8": "63.45%",
                    "9": "67.42%",
                    "10": "71.39%",
                    "11": "75.35%"
                }
            },
            {
                "名前": "2段ダメージ",
                "数値": {
                    "1": "36.52%",
                    "2": "41.41%",
                    "3": "44.3%",
                    "4": "48.15%",
                    "5": "51.04%",
                    "6": "53.93%",
                    "7": "57.78%",
                    "8": "61.63%",
                    "9": "65.48%",
                    "10": "69.23%",
                    "11": "73.19%"
                }
            },
            {
                "名前": "3段ダメージ",
                "数値": {
                    "1": "56.89%",
                    "2": "61.16%",
                    "3": "65.42%",
                    "4": "71.11%",
                    "5": "75.38%",
                    "6": "79.64%",
                    "7": "85.33%",
                    "8": "91.02%",
                    "9": "96.71%",
                    "10": "102.4%",
                    "11": "108.09%"
                }
            }
        ]
    },
    "重撃": {
        "説明": "一定のスタミナを消費し、短い詠唱をした後、敵に雷元素範囲ダメージを与える。",
        "詳細": [
            {
                "名前": "重撃ダメージ",
                "数値": {
                    "1": "142.89%",
                    "2": "153.61%",
                    "3": "164.33%",
                    "4": "178.62%",
                    "5": "189.34%",
                    "6": "200.05%",
                    "7": "214.34%",
                    "8": "228.63%",
                    "9": "242.92%",
                    "10": "257.21%",
                    "11": "271.5%"
                }
            }
        ],
        "重撃スタミナ消費": 50
    },
    "落下攻撃": {
        "説明": "雷霆の力を凝集し、空中から落下し地面に衝撃を与える。経路上の敵を攻撃し、落下時に雷元素範囲ダメージを与える。",
        "詳細": [
            {
                "名前": "落下期間のダメージ",
                "種類": "落下攻撃ダメージ",
                "数値": {
                    "1": "56.8%",
                    "2": "61.5%",
                    "3": "66.1%",
                    "4": "72.7%",
                    "5": "77.3%",
                    "6": "82.6%",
                    "7": "89.9%",
                    "8": "97.1%",
                    "9": "104.4%",
                    "10": "112.3%",
                    "11": "120.3%"
                }
            },
            {
                "名前": "低空落下攻撃ダメージ",
                "種類": "落下攻撃ダメージ",
                "数値": {
                    "1": "114%",
                    "2": "123%",
                    "3": "132%",
                    "4": "145%",
                    "5": "155%",
                    "6": "165%",
                    "7": "180%",
                    "8": "194%",
                    "9": "209%",
                    "10": "225%",
                    "11": "240%"
                }
            },
            {
                "名前": "高空落下攻撃ダメージ",
                "種類": "落下攻撃ダメージ",
                "数値": {
                    "1": "142%",
                    "2": "153%",
                    "3": "165%",
                    "4": "182%",
                    "5": "193%",
                    "6": "206%",
                    "7": "224%",
                    "8": "243%",
                    "9": "261%",
                    "10": "281%",
                    "11": "300%"
                }
            }
        ]
    },
    "元素スキル": {
        "名前": "野干役呪・殺生櫻",
        "説明": [
            "八重にとって、妖怪を駆役して解決できるような問題ならば、自ら手を下す必要などない。",
            "素早く移動し、「殺生櫻」を1株残す。",
            "**殺生櫻**",
            "殺生櫻は以下の特性を持つ。",
            "・一定間隔で、周囲の敵1体に雷を落とし、雷元素ダメージを与える。",
            "・近くに他の殺生櫻が存在する場合、その階位をアップさせ、上記の攻撃によるダメージをアップさせる。",
            "使用可能回数は3回。",
            "殺生櫻は同時に最大3株まで存在できる。また初期状態では、創造時の階位は壱で、最大階位は参までアップできる。創造位置が既存の殺生櫻に近すぎる場合、既存の殺生櫻を破壊する。",
            "「枝に封印されている狐霊は、すべて人に害を成す野干へと堕ちたものじゃ。妾のような天狐と比べれば、野干なぞ格下。やつらをこき使おうと、何の問題もない。妾たち狐には位があるが、汝ら人間はこのようなことをしてはならんぞ。ふむ…狐と人間、どちらの位が高いかじゃと？ ふふっ…」"
        ],
        "詳細": [
            {
                "名前": "殺生櫻ダメージ・階位壱",
                "数値": {
                    "1": "60.67%",
                    "2": "65.22%",
                    "3": "69.77%",
                    "4": "75.84%",
                    "5": "80.39%",
                    "6": "84.94%",
                    "7": "91.01%",
                    "8": "97.08%",
                    "9": "103.14%",
                    "10": "109.21%",
                    "11": "115.28%",
                    "12": "121.34%",
                    "13": "128.93%"
                }
            },
            {
                "名前": "殺生櫻ダメージ・階位弐",
                "数値": {
                    "1": "75.84%",
                    "2": "81.53%",
                    "3": "87.22%",
                    "4": "94.8%",
                    "5": "100.49%",
                    "6": "106.18%",
                    "7": "113.76%",
                    "8": "121.34%",
                    "9": "128.93%",
                    "10": "136.51%",
                    "11": "144.1%",
                    "12": "151.68%",
                    "13": "161.16%"
                }
            },
            {
                "名前": "殺生櫻ダメージ・階位参",
                "数値": {
                    "1": "94.8%",
                    "2": "101.91%",
                    "3": "109.02%",
                    "4": "118.5%",
                    "5": "125.61%",
                    "6": "132.72%",
                    "7": "142.2%",
                    "8": "151.68%",
                    "9": "161.16%",
                    "10": "170.64%",
                    "11": "180.12%",
                    "12": "198.6%",
                    "13": "201.45%"
                }
            },
            {
                "名前": "殺生櫻ダメージ・階位肆",
                "数値": {
                    "1": "118.5%",
                    "2": "127.39%",
                    "3": "136.28%",
                    "4": "148.13%",
                    "5": "157.01%",
                    "6": "165.9%",
                    "7": "177.75%",
                    "8": "189.6%",
                    "9": "201.45%",
                    "10": "213.3%",
                    "11": "225.15%",
                    "12": "237%",
                    "13": "251.81%"
                }
            }
        ],
        "継続時間": 14,
        "クールタイム": 4,
        "粒子生成数": "1個/3秒(最大5個)"
    },
    "元素爆発": {
        "名前": "大密法・天狐顕現",
        "説明": [
            "稲妻の民話には、「狐憑」なるものが存在する。その中でも特殊な「天狐の憑」は、雷霆の形を成して、鳴神大社に仇なす者へと落とされる。雷を落とし、雷元素範囲ダメージを与える。",
            "発動時、八重神子は周囲の殺生櫻を解放し破壊する。その後、天狐雷霆を形成して落とし、雷元素範囲ダメージを与える。この方法で破壊された殺生櫻1株につき、天狐雷霆を1つ落とす。",
            "*八重はこの瞬間にのみ、天狐の証を見せ、雷霆に命じる。だが、宮司様のしっぽを見た者は、灰すらも残らない。ゆえに、これだけは覚えておく必要がある――八重様にしっぽなどないのだと。*"
        ],
        "詳細": [
            {
                "名前": "スキルダメージ",
                "数値": {
                    "1": "260%",
                    "2": "279.5%",
                    "3": "299%",
                    "4": "325%",
                    "5": "344.5%",
                    "6": "364%",
                    "7": "390%",
                    "8": "416%",
                    "9": "442%",
                    "10": "468%",
                    "11": "494%",
                    "12": "520%",
                    "13": "552.5%"
                }
            },
            {
                "名前": "天狐雷霆ダメージ",
                "数値": {
                    "1": "334%",
                    "2": "358.85%",
                    "3": "383.89%",
                    "4": "417.27%",
                    "5": "442.31%",
                    "6": "467.34%",
                    "7": "500.72%",
                    "8": "534.11%",
                    "9": "567.49%",
                    "10": "600.87%",
                    "11": "634.25%",
                    "12": "667.63%",
                    "13": "709%"
                }
            }
        ],
        "クールタイム": 22,
        "元素エネルギー": 90
    },
    "固有天賦": [
        {
            "名前": "神籬之御蔭",
            "説明": "大密法・天狐顕現発動時、殺生櫻を1株破壊するごとに、野干役呪・殺生櫻のクールタイムを1回分リセットする。"
        },
        {
            "名前": "啓蟄之祝詞",
            "説明": "八重神子の元素熟知の数値が1につき、殺生櫻によるダメージ+0.15%。",
            "詳細": [
                {
                    "種類": "元素スキルダメージバフ",
                    "数値": "0.15*元素熟知"
                }
            ]
        },
        {
            "名前": "野狐説禅",
            "説明": "キャラクター天賦素材を合成する時、25%の確率で同じ地域の異なる天賦素材をランダムで1個獲得できる。追加獲得素材は、消費素材と同ランクになる。"
        }
    ],
    "命ノ星座": {
        "1": {
            "名前": "野狐供真編",
            "説明": "大密法・天狐顕現で天狐顕現を1回発生させるたびに、八重神子自身の元素エネルギーを8ポイント回復する。"
        },
        "2": {
            "名前": "望月之吼噦",
            "説明": "殺生櫻の創造時の初期階位を弐、最大階位を肆にアップ、攻撃範囲+60%。"
        },
        "3": {
            "名前": "七化けの段",
            "説明": [
                "野干役呪・殺生櫻のスキルLv.+3。",
                "最大Lv.15まで。"
            ]
        },
        "4": {
            "名前": "緋櫻誘雷章",
            "説明": "殺生櫻の落雷が敵に命中すると、周囲のチーム全員の雷元素ダメージ+20%、継続時間5秒。",
            "詳細": [
                {
                    "条件": "殺生櫻の落雷命中後(5秒)雷元素ダメージ+20%",
                    "種類": "雷元素ダメージバフ",
                    "数値": 20
                }
            ]
        },
        "5": {
            "名前": "暴悪嗤笑面",
            "説明": [
                "大密法・天狐顕現のスキルLv.+3。",
                "最大Lv.15まで。"
            ]
        },
        "6": {
            "名前": "大殺生呪禁",
            "説明": "殺生櫻が攻撃する時、敵の防御力の60%を無視する。",
            "詳細": [
                {
                    "対象": "元素スキルダメージ",
                    "種類": "防御無視",
                    "数値": 60
                }
            ]
        }
    },
    "おすすめセット": [
        {
            "武器": "神楽の真意",
            "聖遺物メイン効果3": "5_攻撃力%",
            "聖遺物メイン効果4": "5_雷元素ダメージバフ",
            "聖遺物メイン効果5": "5_会心率",
            "聖遺物セット効果1": "雷のような怒り",
            "聖遺物セット効果2": "剣闘士のフィナーレ",
            "聖遺物優先するサブ効果1": "会心ダメージ",
            "聖遺物優先するサブ効果2": "会心率",
            "聖遺物優先するサブ効果3": "元素熟知"
        },
        {
            "武器": "神楽の真意",
            "聖遺物メイン効果3": "5_元素熟知",
            "聖遺物メイン効果4": "5_雷元素ダメージバフ",
            "聖遺物メイン効果5": "5_会心率",
            "聖遺物セット効果1": "雷のような怒り",
            "聖遺物セット効果2": "大地を流浪する楽団",
            "聖遺物優先するサブ効果1": "会心ダメージ",
            "聖遺物優先するサブ効果2": "会心率",
            "聖遺物優先するサブ効果3": "元素熟知"
        },
        {
            "武器": "神楽の真意",
            "聖遺物メイン効果3": "5_元素熟知",
            "聖遺物メイン効果4": "5_雷元素ダメージバフ",
            "聖遺物メイン効果5": "5_会心率",
            "聖遺物セット効果1": "雷を鎮める尊者",
            "聖遺物セット効果2": "雷を鎮める尊者",
            "聖遺物優先するサブ効果1": "会心ダメージ",
            "聖遺物優先するサブ効果2": "会心率",
            "聖遺物優先するサブ効果3": "元素熟知"
        },
        {
            "武器": "天空の巻",
            "聖遺物メイン効果3": "5_攻撃力%",
            "聖遺物メイン効果4": "5_雷元素ダメージバフ",
            "聖遺物メイン効果5": "5_会心率",
            "聖遺物セット効果1": "雷のような怒り",
            "聖遺物セット効果2": "剣闘士のフィナーレ",
            "聖遺物優先するサブ効果1": "会心ダメージ",
            "聖遺物優先するサブ効果2": "会心率",
            "聖遺物優先するサブ効果3": "元素熟知"
        },
        {
            "武器": "流浪楽章",
            "聖遺物メイン効果3": "5_攻撃力%",
            "聖遺物メイン効果4": "5_雷元素ダメージバフ",
            "聖遺物メイン効果5": "5_会心率",
            "聖遺物セット効果1": "雷のような怒り",
            "聖遺物セット効果2": "剣闘士のフィナーレ",
            "聖遺物優先するサブ効果1": "会心ダメージ",
            "聖遺物優先するサブ効果2": "会心率",
            "聖遺物優先するサブ効果3": "元素熟知"
        },
        {
            "武器": "匣中日月",
            "聖遺物メイン効果3": "5_攻撃力%",
            "聖遺物メイン効果4": "5_雷元素ダメージバフ",
            "聖遺物メイン効果5": "5_会心ダメージ",
            "聖遺物セット効果1": "雷のような怒り",
            "聖遺物セット効果2": "剣闘士のフィナーレ",
            "聖遺物優先するサブ効果1": "会心率",
            "聖遺物優先するサブ効果2": "会心ダメージ",
            "聖遺物優先するサブ効果3": "元素熟知"
        },
        {
            "武器": "万国諸海の図譜",
            "聖遺物メイン効果3": "5_攻撃力%",
            "聖遺物メイン効果4": "5_雷元素ダメージバフ",
            "聖遺物メイン効果5": "5_会心率",
            "聖遺物セット効果1": "雷のような怒り",
            "聖遺物セット効果2": "剣闘士のフィナーレ",
            "聖遺物優先するサブ効果1": "会心ダメージ",
            "聖遺物優先するサブ効果2": "会心率",
            "聖遺物優先するサブ効果3": "元素熟知"
        },
        {
            "武器": "白辰の輪",
            "聖遺物メイン効果3": "5_攻撃力%",
            "聖遺物メイン効果4": "5_雷元素ダメージバフ",
            "聖遺物メイン効果5": "5_会心率",
            "聖遺物セット効果1": "雷のような怒り",
            "聖遺物セット効果2": "剣闘士のフィナーレ",
            "聖遺物優先するサブ効果1": "会心ダメージ",
            "聖遺物優先するサブ効果2": "会心率",
            "聖遺物優先するサブ効果3": "元素熟知"
        }
    ]
}