{
    "名前": "九条裟羅",
    "説明": "「天領奉行」の大将。果敢かつ勇猛である。",
    "icon_url": "images/characters/face/electro_4_bow_KujouSara.png",
    "レアリティ": 4,
    "武器": "弓",
    "元素": "雷",
    "baseInfo": {
        "名前": "九条裟羅",
        "誕生日": "7月14日",
        "命ノ星座": "羽団扇座",
        "称号": "黒羽鳴鏑",
        "神の目": "雷",
        "所属": "天領奉行",
        "中国語 CV": "杨梦露",
        "英語 CV": "Jeannie Tirado",
        "日本語 CV": "瀬戸麻沙美",
        "韓国語 CV": "문지영",
        "オリジナル料理": "永遠なる信仰",
        "実装バージョン": "2.1"
    },
    "region": "稲妻城",
    "ステータス": {
        "基礎HP": {
            "1+": 802,
            "20": 2061,
            "20+": 2661,
            "40": 3985,
            "40+": 4411,
            "50": 5074,
            "50+": 5642.0,
            "60": 6305,
            "60+": 6731,
            "70": 7393,
            "70+": 7818,
            "80": 8481,
            "80+": 8907,
            "90": 9570
        },
        "基礎攻撃力": {
            "1+": 16,
            "20": 42,
            "20+": 54,
            "40": 81,
            "40+": 90,
            "50": 104,
            "50+": 115,
            "60": 129,
            "60+": 137,
            "70": 151,
            "70+": 160,
            "80": 173,
            "80+": 182,
            "90": 195
        },
        "基礎防御力": {
            "1+": 53,
            "20": 135,
            "20+": 175,
            "40": 262,
            "40+": 289,
            "50": 333,
            "50+": 370,
            "60": 414,
            "60+": 442,
            "70": 485,
            "70+": 513,
            "80": 556,
            "80+": 584,
            "90": 628
        },
        "攻撃力%": {
            "1+": 0,
            "20": 0,
            "20+": 0,
            "40": 0,
            "40+": 6,
            "50": 6,
            "50+": 12,
            "60": 12,
            "60+": 12,
            "70": 12,
            "70+": 18,
            "80": 18,
            "80+": 24,
            "90": 24
        }
    },
    "通常攻撃": {
        "名前": "通常攻撃·天狗伝弓術",
        "説明": "<span style=\"color:#FFD780FF\">通常攻撃</span><br/>最大5段の連続射撃を行う。<br/><br/><span style=\"color:#FFD780FF\">重撃</span><br/>ダメージがより高く、より精確な<span style=\"color:#FFD780FF\">狙い撃ち</span>を発動する。<br/>照準時、雷霆の力が矢先に凝集する。雷霆の力に満ちた矢は、敵に<span style=\"color:#FFACFFFF\">雷元素ダメージ</span>を与える。<br/>「烏羽護持」状態の時、フルチャージを終えた矢は命中時に「烏羽」を残す。<br/><br/><span style=\"color:#FFD780FF\">落下攻撃</span><br/>空中から矢の雨を放ち、凄まじいスピードで落下し地面に衝撃を与え、落下時に範囲ダメージを与える。",
        "詳細": [
            {
                "名前": "1段ダメージ",
                "数値": {
                    "1": "31.7%",
                    "2": "34.3%",
                    "3": "36.9%",
                    "4": "40.6%",
                    "5": "43.2%",
                    "6": "46.1%",
                    "7": "50.2%",
                    "8": "54.2%",
                    "9": "58.3%",
                    "10": "62.7%",
                    "11": "67.8%"
                }
            },
            {
                "名前": "2段ダメージ",
                "数値": {
                    "1": "35.6%",
                    "2": "38.5%",
                    "3": "41.4%",
                    "4": "45.5%",
                    "5": "48.4%",
                    "6": "51.8%",
                    "7": "56.3%",
                    "8": "60.9%",
                    "9": "65.4%",
                    "10": "70.4%",
                    "11": "76.1%"
                }
            },
            {
                "名前": "3段ダメージ",
                "数値": {
                    "1": "45.5%",
                    "2": "49.2%",
                    "3": "52.9%",
                    "4": "58.2%",
                    "5": "61.9%",
                    "6": "66.1%",
                    "7": "71.9%",
                    "8": "77.8%",
                    "9": "83.6%",
                    "10": "89.9%",
                    "11": "97.2%"
                }
            },
            {
                "名前": "4段ダメージ",
                "数値": {
                    "1": "45.5%",
                    "2": "49.2%",
                    "3": "52.9%",
                    "4": "58.2%",
                    "5": "61.9%",
                    "6": "66.1%",
                    "7": "71.9%",
                    "8": "77.8%",
                    "9": "83.6%",
                    "10": "89.9%",
                    "11": "97.2%"
                }
            },
            {
                "名前": "5段ダメージ",
                "数値": {
                    "1": "48.2%",
                    "2": "52.2%",
                    "3": "56.1%",
                    "4": "61.7%",
                    "5": "65.6%",
                    "6": "70.1%",
                    "7": "76.3%",
                    "8": "82.5%",
                    "9": "88.6%",
                    "10": "95.4%",
                    "11": "103.1%"
                }
            }
        ],
        "icon_url": "images/characters/electro_4_bow_KujouSara/talent_1.png"
    },
    "重撃": {
        "説明": [
            "ダメージがより高く、より精確な狙い撃ちを発動する。",
            "照準時、雷霆の力が矢先に凝集する。雷霆の力に満ちた矢は、敵に雷元素ダメージを与える。",
            "「烏羽護持」状態の時、フルチャージを終えた矢は命中時に「烏羽」を残す。ダメージがより高く、より精確な狙い撃ちを発動する。"
        ],
        "詳細": [
            {
                "名前": "狙い撃ち",
                "数値": {
                    "1": "43.86%",
                    "2": "47.43%",
                    "3": "51.0%",
                    "4": "56.1%",
                    "5": "59.67%",
                    "6": "63.75%",
                    "7": "69.36%",
                    "8": "74.97%",
                    "9": "80.58%",
                    "10": "86.7%",
                    "11": "92.82%"
                }
            },
            {
                "名前": "フルチャージ狙い撃ち",
                "元素": "雷",
                "数値": {
                    "1": "124%",
                    "2": "133.3%",
                    "3": "142.6%",
                    "4": "155%",
                    "5": "164.3%",
                    "6": "173.6%",
                    "7": "186%",
                    "8": "198.4%",
                    "9": "210.8%",
                    "10": "223.2%",
                    "11": "235.6%"
                }
            }
        ]
    },
    "落下攻撃": {
        "説明": "空中から矢の雨を放ち凄まじいスピードで落下し地面に衝撃を与え、落下時に範囲ダメージを与える。",
        "詳細": [
            {
                "名前": "落下期間のダメージ",
                "種類": "落下攻撃ダメージ",
                "数値": {
                    "1": "56.83%",
                    "2": "61.45%",
                    "3": "66.08%",
                    "4": "72.69%",
                    "5": "77.31%",
                    "6": "82.6%",
                    "7": "89.87%",
                    "8": "97.14%",
                    "9": "104.41%",
                    "10": "112.34%",
                    "11": "120.27%"
                }
            },
            {
                "名前": "低空/高空落下攻撃ダメージ",
                "種類": "落下攻撃ダメージ",
                "数値": {
                    "1": "113.63%",
                    "2": "122.88%",
                    "3": "132.13%",
                    "4": "145.35%",
                    "5": "154.59%",
                    "6": "165.17%",
                    "7": "179.7%",
                    "8": "194.23%",
                    "9": "208.77%",
                    "10": "224.62%",
                    "11": "240.48%"
                }
            },
            {
                "名前": "低空/高空落下攻撃ダメージ",
                "種類": "落下攻撃ダメージ",
                "数値": {
                    "1": "141.93%",
                    "2": "153.49%",
                    "3": "165.04%",
                    "4": "181.54%",
                    "5": "193.1%",
                    "6": "206.3%",
                    "7": "224.45%",
                    "8": "242.61%",
                    "9": "260.76%",
                    "10": "280.57%",
                    "11": "300.37%"
                }
            }
        ]
    },
    "元素スキル": {
        "名前": "烏天狗雷霆召呪",
        "説明": "天狗の神速で後方へ移動し、烏羽の加護を呼びかける。<br>18秒間続く「烏羽護持」を獲得する。九条裟羅がフルチャージを終えた矢を放つと、「烏羽護持」を消費し、命中した位置に「烏羽」を残す。<br>「烏羽」は短時間後に天狗呪雷·伏を引き起こし、範囲内の敵に<span style=\"color: rgb(255, 172, 255)\">雷元素ダメージ</span>を与え、範囲内のフィールド上キャラクターの攻撃力を、九条裟羅の基礎攻撃力を基準にアップさせる。<br><br>各種天狗呪雷による攻撃力アップ効果は重ね掛けできず、効果と継続時間は最後に発動したものを基準とする。<br><br><em>天狗一族の中には、雷元素の神の目を獲得できる者は少なくない。それでも、彼らは雷元素を操る時、呪文を唱えて雷神に敬意を表す習慣がある。呪文はこのようなものだ、</em><br><em>「尊い鳴神大権現様よ、人々にご加護を、雷霆の力を。娑婆訶！」</em>",
        "詳細": [
            {
                "名前": "天狗呪雷·伏ダメージ",
                "数値": {
                    "1": "125.8%",
                    "2": "135.2%",
                    "3": "144.6%",
                    "4": "157.2%",
                    "5": "166.6%",
                    "6": "176.1%",
                    "7": "188.6%",
                    "8": "201.2%",
                    "9": "213.8%",
                    "10": "226.4%",
                    "11": "238.9%",
                    "12": "251.5%",
                    "13": "267.2%"
                }
            },
            {
                "条件": "天狗呪雷による攻撃力アップ状態",
                "名前": "攻撃力アップ",
                "種類": "攻撃力",
                "数値": {
                    "1": "43%基礎攻撃力",
                    "2": "46%基礎攻撃力",
                    "3": "49%基礎攻撃力",
                    "4": "54%基礎攻撃力",
                    "5": "57%基礎攻撃力",
                    "6": "60%基礎攻撃力",
                    "7": "64%基礎攻撃力",
                    "8": "69%基礎攻撃力",
                    "9": "73%基礎攻撃力",
                    "10": "77%基礎攻撃力",
                    "11": "82%基礎攻撃力",
                    "12": "86%基礎攻撃力",
                    "13": "91%基礎攻撃力"
                }
            },
            {
                "名前": "攻撃力アップ",
                "種類": "表示",
                "数値": {
                    "1": "43%基礎攻撃力",
                    "2": "46%基礎攻撃力",
                    "3": "49%基礎攻撃力",
                    "4": "54%基礎攻撃力",
                    "5": "57%基礎攻撃力",
                    "6": "60%基礎攻撃力",
                    "7": "64%基礎攻撃力",
                    "8": "69%基礎攻撃力",
                    "9": "73%基礎攻撃力",
                    "10": "77%基礎攻撃力",
                    "11": "82%基礎攻撃力",
                    "12": "86%基礎攻撃力",
                    "13": "91%基礎攻撃力"
                }
            }
        ],
        "継続時間": 6,
        "クールタイム": 10,
        "icon_url": "images/characters/electro_4_bow_KujouSara/talent_2.png"
    },
    "元素爆発": {
        "名前": "煌煌千道鎮式",
        "説明": "目標位置に天狗呪雷·金剛破を下し、<span style=\"color: rgb(255, 172, 255)\">雷元素範囲ダメージ</span>を与える。その後、天狗呪雷·金剛破は4つの連続する天狗呪雷·雷礫に分裂し、<span style=\"color: rgb(255, 172, 255)\">雷元素範囲ダメージ</span>を与える。<br>天狗呪雷·金剛破と天狗呪雷·雷礫は、範囲内のフィールド上キャラクターに、元素スキル「烏天狗雷霆召呪」に相当する攻撃力アップ効果を与える。<br><br>各種天狗呪雷による攻撃力アップ効果は重ね掛けできず、効果と継続時間は最後に発動したものを基準とする。<br><br><em>九条裟羅は天狗に背を向け、天領奉行への信仰を一時的に失っていた。戸惑いを打ち破った彼女にとって、これこそが彼女が新たに見つけた、自分自身の雷光であった。</em>",
        "詳細": [
            {
                "名前": "天狗呪雷·金剛破ダメージ",
                "数値": {
                    "1": "409.6%",
                    "2": "440.3%",
                    "3": "471.0%",
                    "4": "512.0%",
                    "5": "542.7%",
                    "6": "573.4%",
                    "7": "614.4%",
                    "8": "655.4%",
                    "9": "696.3%",
                    "10": "737.3%",
                    "11": "778.2%",
                    "12": "819.2%",
                    "13": "870.4%"
                }
            },
            {
                "名前": "天狗呪雷·雷礫ダメージ",
                "数値": {
                    "1": "34.1%",
                    "2": "36.7%",
                    "3": "39.2%",
                    "4": "42.7%",
                    "5": "45.2%",
                    "6": "47.8%",
                    "7": "51.2%",
                    "8": "54.6%",
                    "9": "58.0%",
                    "10": "61.4%",
                    "11": "64.8%",
                    "12": "68.2%",
                    "13": "72.5%"
                }
            }
        ],
        "クールタイム": 20,
        "元素エネルギー": 80,
        "icon_url": "images/characters/electro_4_bow_KujouSara/talent_3.png"
    },
    "固有天賦": [
        {
            "種類": "固有天賦",
            "名前": "不動心",
            "説明": "<span style=\"color:#FFD780FF\">烏天狗雷霆召呪</span>による「烏羽護持」の時、狙い撃ちのチャージ時間-60%。",
            "icon_url": "images/characters/electro_4_bow_KujouSara/talent_4.png"
        },
        {
            "種類": "固有天賦",
            "名前": "御公儀",
            "説明": "天狗呪雷·伏は敵に命中すると、九条裟羅の元素チャージ効率を基準にし、その100%の元素チャージ効率毎に、チーム全員の元素エネルギーを1.2回復する。この効果は3秒毎に1回のみ発動可能。",
            "icon_url": "images/characters/electro_4_bow_KujouSara/talent_5.png"
        },
        {
            "種類": "固有天賦",
            "名前": "検地",
            "説明": "稲妻の探索任務の所要時間-25%。",
            "icon_url": "images/characters/electro_4_bow_KujouSara/talent_6.png"
        }
    ],
    "命ノ星座": {
        "1": {
            "名前": "烏目",
            "説明": "天狗呪雷がキャラクターに攻撃力アップ効果を付与、または敵に命中すると、<span style=\"color:#FFD780FF\">烏天狗雷霆召呪</span>のクールタイム-1秒。<br/>この効果は3秒毎に1回のみ発動可能。",
            "icon_url": "images/characters/electro_4_bow_KujouSara/summaryList_1.png",
            "詳細": []
        },
        "2": {
            "名前": "鴉の羽",
            "説明": "<span style=\"color: rgb(255, 215, 128)\">烏天狗雷霆召呪</span>を発動した時、九条裟羅が元々いた位置に微弱な天狗呪雷·伏の「烏羽」を発動し、本来の30%のダメージを与える。",
            "icon_url": "images/characters/electro_4_bow_KujouSara/summaryList_2.png",
            "詳細": []
        },
        "3": {
            "名前": "心魔",
            "説明": "<span style=\"color:#FFD780FF\">煌煌千道鎮式</span>のスキルLv.+3。<br/>最大Lv.15まで。",
            "icon_url": "images/characters/electro_4_bow_KujouSara/summaryList_3.png",
            "詳細": []
        },
        "4": {
            "名前": "徹証",
            "説明": "<span style=\"color: rgb(255, 215, 128)\">煌煌千道鎮式</span>による天狗呪雷·雷礫の数が6つに増加する。",
            "icon_url": "images/characters/electro_4_bow_KujouSara/summaryList_4.png",
            "詳細": []
        },
        "5": {
            "名前": "呪詠",
            "説明": "<span style=\"color:#FFD780FF\">烏天狗雷霆召呪</span>のスキルLv.+3。<br/>最大Lv.15まで。",
            "icon_url": "images/characters/electro_4_bow_KujouSara/summaryList_5.png",
            "詳細": []
        },
        "6": {
            "名前": "我界",
            "説明": "天狗呪雷による攻撃力アップ状態のキャラクターは、<span style=\"color:#FFACFFFF\">雷元素ダメージ</span>の会心ダメージ+60%。",
            "詳細": [
                {
                    "条件": "天狗呪雷による攻撃力アップ状態",
                    "種類": "雷元素ダメージ会心ダメージ",
                    "数値": 60
                }
            ],
            "icon_url": "images/characters/electro_4_bow_KujouSara/summaryList_6.png"
        }
    },
    "おすすめセット": [
        {
            "武器": "天空の翼",
            "聖遺物メイン効果3": "5_元素チャージ効率",
            "聖遺物メイン効果4": "5_雷元素ダメージバフ",
            "聖遺物メイン効果5": "5_会心ダメージ",
            "聖遺物セット効果1": "絶縁の旗印",
            "聖遺物セット効果2": "絶縁の旗印",
            "聖遺物優先するサブ効果1": "会心率",
            "聖遺物優先するサブ効果2": "会心ダメージ",
            "聖遺物優先するサブ効果3": "攻撃力%"
        },
        {
            "武器": "天空の翼",
            "聖遺物メイン効果3": "5_攻撃力%",
            "聖遺物メイン効果4": "5_雷元素ダメージバフ",
            "聖遺物メイン効果5": "5_会心ダメージ",
            "聖遺物セット効果1": "旧貴族のしつけ",
            "聖遺物セット効果2": "旧貴族のしつけ",
            "聖遺物優先するサブ効果1": "会心率",
            "聖遺物優先するサブ効果2": "会心ダメージ",
            "聖遺物優先するサブ効果3": "攻撃力%"
        },
        {
            "武器": "終焉を嘆く詩",
            "聖遺物メイン効果3": "5_元素チャージ効率",
            "聖遺物メイン効果4": "5_雷元素ダメージバフ",
            "聖遺物メイン効果5": "5_会心率",
            "聖遺物セット効果1": "旧貴族のしつけ",
            "聖遺物セット効果2": "旧貴族のしつけ",
            "聖遺物優先するサブ効果1": "会心ダメージ",
            "聖遺物優先するサブ効果2": "会心率",
            "聖遺物優先するサブ効果3": "攻撃力%"
        },
        {
            "武器": "落霞",
            "聖遺物メイン効果3": "5_元素チャージ効率",
            "聖遺物メイン効果4": "5_雷元素ダメージバフ",
            "聖遺物メイン効果5": "5_会心率",
            "聖遺物セット効果1": "絶縁の旗印",
            "聖遺物セット効果2": "絶縁の旗印",
            "聖遺物優先するサブ効果1": "会心ダメージ",
            "聖遺物優先するサブ効果2": "会心率",
            "聖遺物優先するサブ効果3": "攻撃力%"
        },
        {
            "武器": "ダークアレイの狩人",
            "聖遺物メイン効果3": "5_元素チャージ効率",
            "聖遺物メイン効果4": "5_雷元素ダメージバフ",
            "聖遺物メイン効果5": "5_会心率",
            "聖遺物セット効果1": "絶縁の旗印",
            "聖遺物セット効果2": "絶縁の旗印",
            "聖遺物優先するサブ効果1": "会心ダメージ",
            "聖遺物優先するサブ効果2": "会心率",
            "聖遺物優先するサブ効果3": "攻撃力%"
        }
    ]
}