{
    "名前": "リサ",
    "説明": "無気力だが博学な図書館司書。スメール教令院「200年に1人」の天才卒業生。",
    "icon_url": "images/characters/face/electro_4_catalyst_Lisa.png",
    "レアリティ": 4,
    "武器": "法器",
    "元素": "雷",
    "baseInfo": {
        "名前": "リサ",
        "誕生日": "6月9日",
        "命ノ星座": "砂時計座",
        "称号": "薔薇の魔女",
        "神の目": "雷",
        "所属": "西風騎士団",
        "中国語 CV": "钟可",
        "英語 CV": "Mara Junot",
        "日本語 CV": "田中理恵",
        "韓国語 CV": "박고운",
        "オリジナル料理": "魔法のミートソース",
        "実装バージョン": "1.0"
    },
    "region": "モンド城",
    "ステータス": {
        "基礎HP": {
            "1+": 802,
            "20": 2061,
            "20+": 2661.0,
            "40": 3985,
            "40+": 4411,
            "50": 5074,
            "50+": 5642,
            "60": 6305,
            "60+": 6731.0,
            "70": 7393,
            "70+": 7818,
            "80": 8481,
            "80+": 8907,
            "90": 9570
        },
        "基礎攻撃力": {
            "1+": 19,
            "20": 50,
            "20+": 64,
            "40": 96,
            "40+": 107,
            "50": 123,
            "50+": 136,
            "60": 153,
            "60+": 163,
            "70": 179,
            "70+": 189,
            "80": 205,
            "80+": 215,
            "90": 232
        },
        "基礎防御力": {
            "1+": 48,
            "20": 123,
            "20+": 159,
            "40": 239,
            "40+": 264,
            "50": 304,
            "50+": 338,
            "60": 378,
            "60+": 403,
            "70": 443,
            "70+": 468,
            "80": 508,
            "80+": 534,
            "90": 573
        },
        "元素熟知": {
            "1+": 0,
            "20": 0,
            "20+": 0,
            "40": 0,
            "40+": 24,
            "50": 24,
            "50+": 48,
            "60": 48,
            "60+": 48,
            "70": 48,
            "70+": 72,
            "80": 72,
            "80+": 96,
            "90": 96
        }
    },
    "通常攻撃": {
        "名前": "通常攻撃·指先の雷",
        "説明": "<span style=\"color:#FFD780FF\">通常攻撃</span><br/>雷電による最大4段の連続攻撃を行い、<span style=\"color:#FFACFFFF\">雷元素ダメージ</span>を与える。<br/><br/><span style=\"color:#FFD780FF\">重撃</span><br/>一定のスタミナを消費し、短い詠唱をした後、<span style=\"color:#FFACFFFF\">雷元素範囲ダメージ</span>を与える。<br/><br/><span style=\"color:#FFD780FF\">落下攻撃</span><br/>空中から雷電の力を凝集しながら落下し、地面に衝撃を与える。経路上の敵を攻撃し、落下時に<span style=\"color:#FFACFFFF\">雷元素範囲ダメージ</span>を与える。",
        "詳細": [
            {
                "名前": "1段ダメージ",
                "数値": {
                    "1": "39.6%",
                    "2": "42.6%",
                    "3": "45.5%",
                    "4": "49.5%",
                    "5": "52.5%",
                    "6": "55.4%",
                    "7": "59.4%",
                    "8": "63.4%",
                    "9": "67.3%",
                    "10": "71.3%",
                    "11": "75.4%"
                }
            },
            {
                "名前": "2段ダメージ",
                "数値": {
                    "1": "35.9%",
                    "2": "38.6%",
                    "3": "41.3%",
                    "4": "44.9%",
                    "5": "47.6%",
                    "6": "50.3%",
                    "7": "53.9%",
                    "8": "57.5%",
                    "9": "61.1%",
                    "10": "64.7%",
                    "11": "68.39%"
                }
            },
            {
                "名前": "3段ダメージ",
                "数値": {
                    "1": "42.8%",
                    "2": "46.0%",
                    "3": "49.2%",
                    "4": "53.5%",
                    "5": "56.7%",
                    "6": "59.9%",
                    "7": "64.2%",
                    "8": "68.5%",
                    "9": "72.8%",
                    "10": "77.0%",
                    "11": "81.49%"
                }
            },
            {
                "名前": "4段ダメージ",
                "数値": {
                    "1": "55.0%",
                    "2": "59.1%",
                    "3": "63.2%",
                    "4": "68.7%",
                    "5": "72.8%",
                    "6": "76.9%",
                    "7": "82.4%",
                    "8": "87.9%",
                    "9": "93.4%",
                    "10": "98.9%",
                    "11": "104.64%"
                }
            }
        ],
        "icon_url": "images/characters/electro_4_catalyst_Lisa/talent_1.png"
    },
    "重撃": {
        "説明": [
            "一定のスタミナを消費し、短い詠唱をした後、雷元素範囲ダメージを与える。"
        ],
        "詳細": [
            {
                "名前": "重撃ダメージ",
                "数値": {
                    "1": "177%",
                    "2": "190%",
                    "3": "204%",
                    "4": "221%",
                    "5": "235%",
                    "6": "248%",
                    "7": "266%",
                    "8": "283%",
                    "9": "301%",
                    "10": "319%",
                    "11": "337.24%"
                }
            }
        ],
        "重撃スタミナ消費": 50
    },
    "落下攻撃": {
        "説明": "空中から雷電の力を凝集しながら落下し、地面に衝撃を与える。経路上の敵を攻撃し、落下時に雷元素範囲ダメージを与える。",
        "詳細": [
            {
                "名前": "落下期間のダメージ",
                "種類": "落下攻撃ダメージ",
                "数値": {
                    "1": "56.8%",
                    "2": "61.5%",
                    "3": "66.1%",
                    "4": "72.7%",
                    "5": "77.3%",
                    "6": "82.6%",
                    "7": "89.9%",
                    "8": "97.1%",
                    "9": "104.4%",
                    "10": "112.3%",
                    "11": "120.3%"
                }
            },
            {
                "名前": "低空/高空落下攻撃ダメージ",
                "種類": "落下攻撃ダメージ",
                "数値": {
                    "1": "114%",
                    "2": "123%",
                    "3": "132%",
                    "4": "145%",
                    "5": "155%",
                    "6": "165%",
                    "7": "180%",
                    "8": "194%",
                    "9": "209%",
                    "10": "225%",
                    "11": "240%"
                }
            },
            {
                "名前": "低空/高空落下攻撃ダメージ",
                "種類": "落下攻撃ダメージ",
                "数値": {
                    "1": "142%",
                    "2": "153%",
                    "3": "165%",
                    "4": "182%",
                    "5": "193%",
                    "6": "206%",
                    "7": "224%",
                    "8": "243%",
                    "9": "261%",
                    "10": "281%",
                    "11": "300%"
                }
            }
        ]
    },
    "元素スキル": {
        "名前": "蒼雷",
        "説明": "雷の力で、面倒なものを全て綺麗に片付ける。<br/><br/><span style=\"color:#FFD780FF\">一回押し</span><br/>自動で索敵する球状の稲妻を放つ。<br/>命中後、標的に<span style=\"color:#FFACFFFF\">雷元素ダメージ</span>を与え、狭範囲の敵に最大3重までの誘雷効果を付与する。<br/><br/><span style=\"color:#FFD780FF\">長押し</span><br/>短い詠唱をした後、雷を落下させ、周囲にいる全ての敵に<span style=\"color:#FFACFFFF\">雷元素ダメージ</span>を与える。<br/>敵が誘雷状態の場合、誘雷効果を解除し、重ねた回数をもとに追加ダメージを与える。<br/><br/><i>雷電の色は薔薇の魔女の色である。</i>",
        "詳細": [
            {
                "名前": "一回押しダメージ",
                "数値": {
                    "1": "80.0%",
                    "2": "86.0%",
                    "3": "92.0%",
                    "4": "100%",
                    "5": "106%",
                    "6": "112%",
                    "7": "120%",
                    "8": "128%",
                    "9": "136%",
                    "10": "144%",
                    "11": "152%",
                    "12": "160%",
                    "13": "170%"
                }
            },
            {
                "名前": "誘雷なし長押しダメージ",
                "数値": {
                    "1": "320%",
                    "2": "344%",
                    "3": "368%",
                    "4": "400%",
                    "5": "424%",
                    "6": "448%",
                    "7": "480%",
                    "8": "512%",
                    "9": "544%",
                    "10": "576%",
                    "11": "608%",
                    "12": "640%",
                    "13": "680%"
                }
            },
            {
                "名前": "誘雷1重長押しダメージ",
                "数値": {
                    "1": "368%",
                    "2": "396%",
                    "3": "423%",
                    "4": "460%",
                    "5": "488%",
                    "6": "515%",
                    "7": "552%",
                    "8": "589%",
                    "9": "626%",
                    "10": "662%",
                    "11": "699%",
                    "12": "736%",
                    "13": "782%"
                }
            },
            {
                "名前": "誘雷2重長押しダメージ",
                "数値": {
                    "1": "424%",
                    "2": "456%",
                    "3": "488%",
                    "4": "530%",
                    "5": "562%",
                    "6": "594%",
                    "7": "636%",
                    "8": "678%",
                    "9": "721%",
                    "10": "763%",
                    "11": "806%",
                    "12": "848%",
                    "13": "901%"
                }
            },
            {
                "名前": "誘雷3重長押しダメージ",
                "数値": {
                    "1": "487%",
                    "2": "524%",
                    "3": "560%",
                    "4": "609%",
                    "5": "646%",
                    "6": "682%",
                    "7": "731%",
                    "8": "780%",
                    "9": "828%",
                    "10": "877%",
                    "11": "926%",
                    "12": "974%",
                    "13": "1035%"
                }
            }
        ],
        "一回押しクールタイム": 1,
        "長押しクールタイム": 16,
        "icon_url": "images/characters/electro_4_catalyst_Lisa/talent_2.png"
    },
    "元素爆発": {
        "名前": "薔薇の雷光",
        "説明": "薔薇の雷光を召喚し、強い雷の力で周囲の敵に<span style=\"color:#FFACFFFF\">雷元素ダメージ</span>を与え、ノックバックする。<br/>継続時間中、薔薇の雷光は周囲の敵を攻撃し、<span style=\"color:#FFACFFFF\">雷元素ダメージ</span>を与える。<br/><br/><i>この薔薇は美しいが、致命的な棘がある。</i>",
        "詳細": [
            {
                "名前": "放電ダメージ",
                "数値": {
                    "1": "36.6%",
                    "2": "39.3%",
                    "3": "42.0%",
                    "4": "45.7%",
                    "5": "48.4%",
                    "6": "51.2%",
                    "7": "54.8%",
                    "8": "58.5%",
                    "9": "62.2%",
                    "10": "65.8%",
                    "11": "69.5%",
                    "12": "73.1%",
                    "13": "77.7%"
                }
            }
        ],
        "継続時間": 15,
        "クールタイム": 20,
        "元素エネルギー": 80,
        "icon_url": "images/characters/electro_4_catalyst_Lisa/talent_3.png"
    },
    "固有天賦": [
        {
            "名前": "感電余震",
            "説明": "重撃が命中した時、敵に<span style=\"color:#FFD780FF\">蒼雷</span>の誘雷効果を付与する。",
            "icon_url": "images/characters/electro_4_catalyst_Lisa/talent_4.png"
        },
        {
            "名前": "静電気フィールド",
            "説明": "<span style=\"color:#FFD780FF\">蔷薇の雷光</span>攻撃を受けた敵の防御力-15%。継続時間10秒。",
            "詳細": [
                {
                    "条件": "静電気フィールド 防御力-15%",
                    "種類": "敵防御力",
                    "数値": -15
                }
            ],
            "icon_url": "images/characters/electro_4_catalyst_Lisa/talent_5.png"
        },
        {
            "名前": "薬剤の知識",
            "説明": "薬剤を合成する時、20%の確率で材料が返還される。",
            "icon_url": "images/characters/electro_4_catalyst_Lisa/talent_6.png"
        }
    ],
    "命ノ星座": {
        "1": {
            "名前": "無限の電気回路",
            "説明": "<span style=\"color:#FFD780FF\">蒼雷</span>を長押しで発動した後、敵に命中する度にリサの元素エネルギーが2回復する。<br/>一回で最大10まで回復可能。",
            "icon_url": "images/characters/electro_4_catalyst_Lisa/summaryList_1.png",
            "詳細": []
        },
        "2": {
            "名前": "空間電位の結界",
            "説明": "<span style=\"color: rgb(255, 215, 128)\">蒼雷</span>長押し時に下記の効果が付与される。<br>・防御力+25%。<br>・リサの中断耐性をアップする。",
            "詳細": [
                {
                    "条件": "空間電位の結界 防御力+25%",
                    "種類": "防御力%",
                    "数値": 25
                }
            ],
            "icon_url": "images/characters/electro_4_catalyst_Lisa/summaryList_2.png"
        },
        "3": {
            "名前": "共振の雷光",
            "説明": "<span style=\"color:#FFD780FF\">薔薇の雷光</span>のスキルLv.+3。<br/>最大Lv.15まで。",
            "icon_url": "images/characters/electro_4_catalyst_Lisa/summaryList_3.png",
            "詳細": []
        },
        "4": {
            "名前": "雨の如くプラズマ",
            "説明": "<span style=\"color:#FFD780FF\">薔薇の雷光</span>が攻撃する時、放つ稲妻が1~3本に増加する。",
            "icon_url": "images/characters/electro_4_catalyst_Lisa/summaryList_4.png",
            "詳細": []
        },
        "5": {
            "名前": "プラズマ落雷",
            "説明": "<span style=\"color:#FFD780FF\">蒼雷</span>のスキルLv.+3。<br/>最大Lv.15まで。",
            "icon_url": "images/characters/electro_4_catalyst_Lisa/summaryList_5.png",
            "詳細": []
        },
        "6": {
            "名前": "パルスの魔女",
            "説明": "登場時、周囲の敵に<span style=\"color:#FFD780FF\">蒼雷</span>の誘雷効果を3重付与する。<br/>この効果は5秒毎に1回のみ発動可能。",
            "icon_url": "images/characters/electro_4_catalyst_Lisa/summaryList_6.png",
            "詳細": []
        }
    },
    "おすすめセット": [
        {
            "武器": "天空の巻",
            "聖遺物メイン効果3": "5_元素チャージ効率",
            "聖遺物メイン効果4": "5_雷元素ダメージバフ",
            "聖遺物メイン効果5": "5_会心率",
            "聖遺物セット効果1": "雷のような怒り",
            "聖遺物セット効果2": "雷のような怒り",
            "聖遺物優先するサブ効果1": "会心ダメージ",
            "聖遺物優先するサブ効果2": "会心率",
            "聖遺物優先するサブ効果3": "攻撃力%"
        },
        {
            "武器": "流浪楽章",
            "聖遺物メイン効果3": "5_攻撃力%",
            "聖遺物メイン効果4": "5_雷元素ダメージバフ",
            "聖遺物メイン効果5": "5_会心率",
            "聖遺物セット効果1": "雷のような怒り",
            "聖遺物セット効果2": "雷のような怒り",
            "聖遺物優先するサブ効果1": "会心率",
            "聖遺物優先するサブ効果2": "会心ダメージ",
            "聖遺物優先するサブ効果3": "攻撃力%"
        },
        {
            "武器": "祭礼の断片",
            "聖遺物メイン効果3": "5_元素熟知",
            "聖遺物メイン効果4": "5_元素熟知",
            "聖遺物メイン効果5": "5_元素熟知",
            "聖遺物セット効果1": "雷のような怒り",
            "聖遺物セット効果2": "雷のような怒り",
            "聖遺物優先するサブ効果1": "元素チャージ効率"
        },
        {
            "武器": "万国諸海の図譜",
            "聖遺物メイン効果3": "5_元素熟知",
            "聖遺物メイン効果4": "5_元素熟知",
            "聖遺物メイン効果5": "5_元素熟知",
            "聖遺物セット効果1": "雷のような怒り",
            "聖遺物セット効果2": "雷のような怒り",
            "聖遺物優先するサブ効果1": "元素チャージ効率"
        },
        {
            "武器": "白辰の輪",
            "聖遺物メイン効果3": "5_攻撃力%",
            "聖遺物メイン効果4": "5_雷元素ダメージバフ",
            "聖遺物メイン効果5": "5_会心率",
            "聖遺物セット効果1": "旧貴族のしつけ",
            "聖遺物セット効果2": "旧貴族のしつけ",
            "聖遺物優先するサブ効果1": "会心ダメージ",
            "聖遺物優先するサブ効果2": "会心率",
            "聖遺物優先するサブ効果3": "攻撃力%"
        }
    ]
}