{
    "名前": "雷電将軍",
    "説明": "御建鳴神主尊大御所様。永劫不変の「永遠」を稲妻の民に約束する。",
    "icon_url": "images/characters/face/electro_5_polearm_RaidenShogun.png",
    "レアリティ": 5,
    "武器": "長柄武器",
    "元素": "雷",
    "baseInfo": {
        "名前": "雷電将軍",
        "誕生日": "6月26日",
        "命ノ星座": "天下人座",
        "称号": "一心浄土",
        "神の目": "雷",
        "所属": "稲妻城",
        "中国語 CV": "菊花花",
        "英語 CV": "Anne Yatco",
        "日本語 CV": "沢城みゆき",
        "韓国語 CV": "박지윤",
        "神の心": "雷",
        "魔神としての名前": "<span class=\"wk-shady\">バアルゼブル</span>",
        "オリジナル料理": "なし",
        "実装バージョン": "2.1"
    },
    "region": "稲妻城",
    "ステータス": {
        "基礎HP": {
            "1+": 1005,
            "20": 2606,
            "20+": 3468,
            "40": 5189,
            "40+": 5801,
            "50": 6675,
            "50+": 7491,
            "60": 8373,
            "60+": 8985,
            "70": 9875,
            "70+": 10487,
            "80": 11388,
            "80+": 12000,
            "90": 12907
        },
        "基礎攻撃力": {
            "1+": 25,
            "20": 68,
            "20+": 91,
            "40": 136,
            "40+": 152,
            "50": 174,
            "50+": 196,
            "60": 219,
            "60+": 235,
            "70": 258,
            "70+": 274,
            "80": 298,
            "80+": 314.0,
            "90": 337
        },
        "基礎防御力": {
            "1+": 61,
            "20": 159,
            "20+": 212,
            "40": 317,
            "40+": 355,
            "50": 408,
            "50+": 458,
            "60": 512,
            "60+": 549,
            "70": 604,
            "70+": 641,
            "80": 696,
            "80+": 734,
            "90": 789
        },
        "元素チャージ効率": {
            "1+": 0,
            "20": 0,
            "20+": 0,
            "40": 0,
            "40+": 8,
            "50": 8,
            "50+": 16,
            "60": 16,
            "60+": 16,
            "70": 16,
            "70+": 24,
            "80": 24,
            "80+": 32,
            "90": 32
        }
    },
    "固有変数": {
        "諸願百目の輪の願力": 0,
        "元素エネルギー": 90
    },
    "オプション初期値": {
        "諸願百目の輪の願力": 40
    },
    "通常攻撃": {
        "名前": "通常攻撃·源流",
        "説明": "<span style=\"color:#FFD780FF\">通常攻撃</span><br/>槍による最大5段の連続攻撃を行う。<br/><br/><span style=\"color:#FFD780FF\">重撃</span><br/>一定のスタミナを消費し、斬り上げ攻撃を発動する。<br/><br/><span style=\"color:#FFD780FF\">落下攻撃</span><br/>空中から落下し地面に衝撃を与える。経路上の敵を攻撃し、落下時に範囲ダメージを与える。",
        "詳細": [
            {
                "名前": "1段ダメージ",
                "数値": {
                    "1": "39.65%",
                    "2": "42.87%",
                    "3": "46.1%",
                    "4": "50.71%",
                    "5": "53.94%",
                    "6": "57.63%",
                    "7": "62.7%",
                    "8": "67.77%",
                    "9": "72.84%",
                    "10": "78.37%",
                    "11": "84.71%"
                }
            },
            {
                "名前": "2段ダメージ",
                "数値": {
                    "1": "39.73%",
                    "2": "42.97%",
                    "3": "46.2%",
                    "4": "50.82%",
                    "5": "54.05%",
                    "6": "57.75%",
                    "7": "62.83%",
                    "8": "67.91%",
                    "9": "73.0%",
                    "10": "78.54%",
                    "11": "84.89%"
                }
            },
            {
                "名前": "3段ダメージ",
                "数値": {
                    "1": "49.88%",
                    "2": "53.94%",
                    "3": "58.0%",
                    "4": "63.8%",
                    "5": "67.86%",
                    "6": "72.5%",
                    "7": "78.88%",
                    "8": "85.26%",
                    "9": "91.64%",
                    "10": "98.6%",
                    "11": "106.58%"
                }
            },
            {
                "名前": "4段ダメージ",
                "数値": {
                    "1": "28.98%+28.98%",
                    "2": "31.34%+31.34%",
                    "3": "33.7%+33.7%",
                    "4": "37.07%+37.07%",
                    "5": "39.43%+39.43%",
                    "6": "42.13%+42.13%",
                    "7": "45.83%+45.83%",
                    "8": "49.54%+49.54%",
                    "9": "53.25%+53.25%",
                    "10": "57.29%+57.29%",
                    "11": "61.92%+61.92%"
                },
                "HIT数": 2
            },
            {
                "名前": "5段ダメージ",
                "数値": {
                    "1": "65.45%",
                    "2": "70.77%",
                    "3": "76.1%",
                    "4": "83.71%",
                    "5": "89.04%",
                    "6": "95.13%",
                    "7": "103.5%",
                    "8": "111.87%",
                    "9": "120.24%",
                    "10": "129.37%",
                    "11": "139.83%"
                }
            }
        ],
        "icon_url": "images/characters/electro_5_polearm_RaidenShogun/talent_1.png"
    },
    "重撃": {
        "説明": "一定のスタミナを消費し、切り上げ攻撃を発動する。",
        "詳細": [
            {
                "名前": "重撃ダメージ",
                "数値": {
                    "1": "61.6%+74.4%",
                    "2": "65.8%+79.4%",
                    "3": "70.0%+84.5%",
                    "4": "75.6%+91.3%",
                    "5": "79.8%+96.3%",
                    "6": "84.7%+102.2%",
                    "7": "91.0%+109.9%",
                    "8": "97.3%+117.5%",
                    "9": "103.6%+125.1%",
                    "10": "109.9%+132.7%",
                    "11": "116.2%+140.3%",
                    "12": "122.5%+147.9%",
                    "13": "128.8%+155.5%"
                },
                "HIT数": 2
            }
        ]
    },
    "落下攻撃": {
        "説明": "空中から落下し地面に衝撃を与える。経路上の敵を攻撃し、落下時に範囲ダメージを与える。",
        "詳細": [
            {
                "名前": "落下期間のダメージ",
                "種類": "落下攻撃ダメージ",
                "数値": {
                    "1": "63.93%",
                    "2": "69.14%",
                    "3": "74.34%",
                    "4": "81.77%",
                    "5": "86.98%",
                    "6": "92.93%",
                    "7": "101.1%",
                    "8": "109.28%",
                    "9": "117.46%",
                    "10": "126.38%",
                    "11": "135.3%"
                }
            },
            {
                "名前": "低空/高空落下攻撃ダメージ",
                "種類": "落下攻撃ダメージ",
                "数値": {
                    "1": "127.84%",
                    "2": "138.24%",
                    "3": "148.65%",
                    "4": "163.51%",
                    "5": "173.92%",
                    "6": "185.81%",
                    "7": "202.16%",
                    "8": "218.51%",
                    "9": "234.86%",
                    "10": "252.7%",
                    "11": "270.54%"
                }
            },
            {
                "名前": "低空/高空落下攻撃ダメージ",
                "種類": "落下攻撃ダメージ",
                "数値": {
                    "1": "159.68%",
                    "2": "172.67%",
                    "3": "185.67%",
                    "4": "204.24%",
                    "5": "217.23%",
                    "6": "232.09%",
                    "7": "253.51%",
                    "8": "272.93%",
                    "9": "293.36%",
                    "10": "315.64%",
                    "11": "337.92%"
                }
            }
        ]
    },
    "元素スキル": {
        "名前": "神変·悪曜開眼",
        "説明": "雷電将軍が浄土の一角を展開し、周囲の敵に<span style=\"color: rgb(255, 172, 255)\">雷元素ダメージ</span>を与え、周囲のチーム全員に「雷罰悪曜の眼」を授ける。<br><br><span style=\"color: rgb(255, 215, 128)\">雷罰悪曜の眼</span><br>・雷罰悪曜の眼を持つキャラクターの攻撃が敵にダメージを与えると、雷罰悪曜の眼は連携攻撃を行い、敵の位置に<span style=\"color: rgb(255, 172, 255)\">雷元素範囲ダメージ</span>を与える。<br>・雷罰悪曜の眼を持つキャラクターは継続時間内に、元素爆発の元素エネルギーを基準に、元素爆発ダメージがアップする。<br><br>チーム毎の雷罰悪曜の眼は、0.9秒毎に1回のみ連携攻撃を行う。<br>チーム内自身以外のキャラクターが連携攻撃を発動した場合、与えるダメージは本来のダメージの20%となる。<br><br><em>「手眼」とは、偉大なる神通者が見るものすべてを支配することを指している。雷神は凶星の手眼を操り、眷属に加護を与え、敵に雷罰を下すことができる。</em>",
        "詳細": [
            {
                "名前": "スキルダメージ",
                "数値": {
                    "1": "117.2%",
                    "2": "125.99%",
                    "3": "134.78%",
                    "4": "146.5%",
                    "5": "155.29%",
                    "6": "164.08%",
                    "7": "175.8%",
                    "8": "187.52%",
                    "9": "199.24%",
                    "10": "210.96%",
                    "11": "222.68%",
                    "12": "234.4%",
                    "13": "249.05%"
                }
            },
            {
                "名前": "連携攻撃ダメージ",
                "数値": {
                    "1": "42.0%",
                    "2": "45.15%",
                    "3": "48.3%",
                    "4": "52.5%",
                    "5": "55.65%",
                    "6": "58.8%",
                    "7": "63.0%",
                    "8": "67.2%",
                    "9": "71.4%",
                    "10": "75.6%",
                    "11": "79.8%",
                    "12": "84.0%",
                    "13": "89.25%"
                }
            },
            {
                "条件": "雷罰悪曜の眼 元素爆発ダメージ+",
                "名前": "元素爆発ダメージアップ",
                "種類": "元素爆発ダメージバフ",
                "数値": {
                    "1": "0.22*元素エネルギー",
                    "2": "0.23*元素エネルギー",
                    "3": "0.24*元素エネルギー",
                    "4": "0.25*元素エネルギー",
                    "5": "0.26*元素エネルギー",
                    "6": "0.27*元素エネルギー",
                    "7": "0.28*元素エネルギー",
                    "8": "0.29*元素エネルギー",
                    "9": "0.3*元素エネルギー",
                    "10": "0.3*元素エネルギー",
                    "11": "0.3*元素エネルギー",
                    "12": "0.3*元素エネルギー",
                    "13": "0.3*元素エネルギー"
                }
            },
            {
                "名前": "非表示_元素爆発ダメージアップ",
                "種類": "非表示",
                "数値": {
                    "1": "0.22*元素エネルギー",
                    "2": "0.23*元素エネルギー",
                    "3": "0.24*元素エネルギー",
                    "4": "0.25*元素エネルギー",
                    "5": "0.26*元素エネルギー",
                    "6": "0.27*元素エネルギー",
                    "7": "0.28*元素エネルギー",
                    "8": "0.29*元素エネルギー",
                    "9": "0.3*元素エネルギー",
                    "10": "0.3*元素エネルギー",
                    "11": "0.3*元素エネルギー",
                    "12": "0.3*元素エネルギー",
                    "13": "0.3*元素エネルギー"
                }
            }
        ],
        "継続時間": 25,
        "クールタイム": 10,
        "粒子生成数": "初撃 0個\n連携攻撃 0.5個/HIT",
        "icon_url": "images/characters/electro_5_polearm_RaidenShogun/talent_2.png"
    },
    "元素爆発": {
        "名前": "奥義·夢想真説",
        "説明": "無数の真言を集結し、諸願百目の願力を尽くす。全ての呪詛を切り裂く夢想の一太刀を繰り出し、<span style=\"color:#FFACFFFF\">雷元素範囲ダメージ</span>を与える。その後一定時間内、「夢想の一心」を使用して戦う。発動時に消費した諸願百目の輪の願力層数を基準に、夢想の一太刀と夢想の一心の攻撃によるダメージをアップさせる。<br/><br/><span style=\"color:#FFD780FF\">夢想の一心</span><br/>この状態の雷電将軍は刀で攻撃を行う。通常攻撃、重撃、落下攻撃のダメージは、元素付与によって他の元素に変化しない<span style=\"color:#FFACFFFF\">雷元素ダメージ</span>へと変わる。さらに、攻撃が敵に命中すると、周囲のチーム全員の元素エネルギーを回復する。この方式での元素エネルギー回復は1秒毎に1回のみ可能で、継続時間内に最大5回まで発動可能。<br/>この状態の雷電将軍は中断耐性がアップし、<span style=\"color:#FFACFFFF\">感電</span>反応のダメージを受けなくなる。<br/>夢想の一心状態の時、雷電将軍の通常攻撃、重撃、落下攻撃のダメージは元素爆発ダメージと見なされる。<br/><br/>夢想の一心による効果は雷電将軍が退場する時に解除される。<br/><br/><span style=\"color:#FFD780FF\">諸願百目の輪</span><br/>周囲のチーム全員（雷電将軍自身を除く）が元素爆発を発動すると、元素爆発の元素エネルギーを基に、雷電将軍の諸願百目の輪に願力を蓄積する。<br/>蓄積できる願力は最大60層まで。<br/><br/>戦闘状態が解除されてから300秒後、諸願百目の輪に蓄積した願力はクリアされる。<br/><br/><i>これぞ雷電将軍が新たに悟った秘剣。「無想」を捨て、人々の「夢想」を背負うようになった。「真説」が「新説」を意味するように、稲妻も新章の幕開けを迎えた。</i>",
        "詳細": [
            {
                "名前": "夢想の一太刀基礎ダメージ",
                "数値": {
                    "1": "400.8%",
                    "2": "430.86%",
                    "3": "460.92%",
                    "4": "501%",
                    "5": "531.06%",
                    "6": "561.12%",
                    "7": "601.2%",
                    "8": "641.28%",
                    "9": "681.36%",
                    "10": "721.44%",
                    "11": "761.52%",
                    "12": "801.6%",
                    "13": "851.7%"
                }
            },
            {
                "条件": "諸願百目の輪の願力@1-60層",
                "名前": "願力アップ効果",
                "対象": "元素爆発ダメージ",
                "種類": "元素爆発ダメージアップ",
                "数値": {
                    "1": "3.89%攻撃力",
                    "2": "4.18%攻撃力",
                    "3": "4.47%攻撃力",
                    "4": "4.86%攻撃力",
                    "5": "5.15%攻撃力",
                    "6": "5.44%攻撃力",
                    "7": "5.83%攻撃力",
                    "8": "6.22%攻撃力",
                    "9": "6.61%攻撃力",
                    "10": "7.00%攻撃力",
                    "11": "7.39%攻撃力",
                    "12": "7.78%攻撃力",
                    "13": "8.26%攻撃力"
                }
            },
            {
                "条件": "夢想の一心",
                "名前": "願力アップ効果",
                "対象": "通常攻撃ダメージ",
                "種類": "元素爆発ダメージアップ",
                "数値": {
                    "1": "0.73%攻撃力*諸願百目の輪の願力",
                    "2": "0.78%攻撃力*諸願百目の輪の願力",
                    "3": "0.84%攻撃力*諸願百目の輪の願力",
                    "4": "0.91%攻撃力*諸願百目の輪の願力",
                    "5": "0.96%攻撃力*諸願百目の輪の願力",
                    "6": "1.02%攻撃力*諸願百目の輪の願力",
                    "7": "1.09%攻撃力*諸願百目の輪の願力",
                    "8": "1.16%攻撃力*諸願百目の輪の願力",
                    "9": "1.23%攻撃力*諸願百目の輪の願力",
                    "10": "1.31%攻撃力*諸願百目の輪の願力",
                    "11": "1.38%攻撃力*諸願百目の輪の願力",
                    "12": "1.45%攻撃力*諸願百目の輪の願力",
                    "13": "1.54%攻撃力*諸願百目の輪の願力"
                }
            },
            {
                "条件": "夢想の一心",
                "名前": "願力アップ効果",
                "対象": "重撃ダメージ",
                "種類": "元素爆発ダメージアップ",
                "数値": {
                    "1": "0.73%攻撃力*諸願百目の輪の願力",
                    "2": "0.78%攻撃力*諸願百目の輪の願力",
                    "3": "0.84%攻撃力*諸願百目の輪の願力",
                    "4": "0.91%攻撃力*諸願百目の輪の願力",
                    "5": "0.96%攻撃力*諸願百目の輪の願力",
                    "6": "1.02%攻撃力*諸願百目の輪の願力",
                    "7": "1.09%攻撃力*諸願百目の輪の願力",
                    "8": "1.16%攻撃力*諸願百目の輪の願力",
                    "9": "1.23%攻撃力*諸願百目の輪の願力",
                    "10": "1.31%攻撃力*諸願百目の輪の願力",
                    "11": "1.38%攻撃力*諸願百目の輪の願力",
                    "12": "1.45%攻撃力*諸願百目の輪の願力",
                    "13": "1.54%攻撃力*諸願百目の輪の願力"
                }
            },
            {
                "条件": "夢想の一心",
                "名前": "願力アップ効果",
                "対象": "落下攻撃ダメージ",
                "種類": "元素爆発ダメージアップ",
                "数値": {
                    "1": "0.73%攻撃力*諸願百目の輪の願力",
                    "2": "0.78%攻撃力*諸願百目の輪の願力",
                    "3": "0.84%攻撃力*諸願百目の輪の願力",
                    "4": "0.91%攻撃力*諸願百目の輪の願力",
                    "5": "0.96%攻撃力*諸願百目の輪の願力",
                    "6": "1.02%攻撃力*諸願百目の輪の願力",
                    "7": "1.09%攻撃力*諸願百目の輪の願力",
                    "8": "1.16%攻撃力*諸願百目の輪の願力",
                    "9": "1.23%攻撃力*諸願百目の輪の願力",
                    "10": "1.31%攻撃力*諸願百目の輪の願力",
                    "11": "1.38%攻撃力*諸願百目の輪の願力",
                    "12": "1.45%攻撃力*諸願百目の輪の願力",
                    "13": "1.54%攻撃力*諸願百目の輪の願力"
                }
            },
            {
                "名前": "非表示_夢想の一心エネルギー回復",
                "種類": "非表示",
                "数値": {
                    "1": 1.6,
                    "2": 1.7,
                    "3": 1.8,
                    "4": 1.9,
                    "5": 2.0,
                    "6": 2.1,
                    "7": 2.2,
                    "8": 2.3,
                    "9": 2.4,
                    "10": 2.5,
                    "11": 2.5,
                    "12": 2.5,
                    "13": 2.5
                }
            },
            {
                "名前": "夢想の一心エネルギー回復",
                "種類": "表示",
                "数値": "元素爆発#非表示_夢想の一心エネルギー回復"
            }
        ],
        "継続時間": 7,
        "クールタイム": 18,
        "元素エネルギー": 90,
        "icon_url": "images/characters/electro_5_polearm_RaidenShogun/talent_3.png"
    },
    "特殊通常攻撃": {
        "条件": "夢想の一心",
        "種類": "元素爆発ダメージ",
        "詳細": [
            {
                "名前": "1段ダメージ",
                "種類": "通常攻撃ダメージ",
                "数値": {
                    "1": "44.74%",
                    "2": "47.79%",
                    "3": "50.84%",
                    "4": "54.91%",
                    "5": "57.96%",
                    "6": "61.51%",
                    "7": "66.09%",
                    "8": "70.66%",
                    "9": "75.24%",
                    "10": "79.82%",
                    "11": "84.39%",
                    "12": "88.97%",
                    "13": "93.54%"
                },
                "元素": "雷",
                "ダメージバフ": "元素爆発ダメージバフ"
            },
            {
                "名前": "2段ダメージ",
                "種類": "通常攻撃ダメージ",
                "数値": {
                    "1": "43.96%",
                    "2": "46.95%",
                    "3": "49.95%",
                    "4": "53.95%",
                    "5": "56.94%",
                    "6": "60.44%",
                    "7": "64.94%",
                    "8": "69.43%",
                    "9": "73.93%",
                    "10": "78.43%",
                    "11": "82.92%",
                    "12": "87.41%",
                    "13": "91.91%"
                },
                "元素": "雷",
                "ダメージバフ": "元素爆発ダメージバフ"
            },
            {
                "名前": "3段ダメージ",
                "種類": "通常攻撃ダメージ",
                "数値": {
                    "1": "53.82%",
                    "2": "57.49%",
                    "3": "61.26%",
                    "4": "66.05%",
                    "5": "69.72%",
                    "6": "74.0%",
                    "7": "79.51%",
                    "8": "85.01%",
                    "9": "90.52%",
                    "10": "96.02%",
                    "11": "101.53%",
                    "12": "107.03%",
                    "13": "112.54%"
                },
                "元素": "雷",
                "ダメージバフ": "元素爆発ダメージバフ"
            },
            {
                "名前": "4段ダメージ",
                "種類": "通常攻撃ダメージ",
                "数値": {
                    "1": "30.89%+30.98%",
                    "2": "32.99%+33.09%",
                    "3": "35.1%+35.2%",
                    "4": "37.91%+38.02%",
                    "5": "40.01%+40.13%",
                    "6": "42.47%+42.59%",
                    "7": "45.63%+45.76%",
                    "8": "48.79%+48.93%",
                    "9": "51.95%+52.1%",
                    "10": "55.11%+55.26%",
                    "11": "58.27%+58.43%",
                    "12": "61.43%+61.6%",
                    "13": "64.58%+64.77%"
                },
                "元素": "雷",
                "HIT数": 2,
                "ダメージバフ": "元素爆発ダメージバフ"
            },
            {
                "名前": "5段ダメージ",
                "種類": "通常攻撃ダメージ",
                "数値": {
                    "1": "73.94%",
                    "2": "78.99%",
                    "3": "84.03%",
                    "4": "90.75%",
                    "5": "95.79%",
                    "6": "101.67%",
                    "7": "109.24%",
                    "8": "116.8%",
                    "9": "124.36%",
                    "10": "131.92%",
                    "11": "139.48%",
                    "12": "147.05%",
                    "13": "154.61%"
                },
                "元素": "雷",
                "ダメージバフ": "元素爆発ダメージバフ"
            }
        ]
    },
    "特殊重撃": {
        "条件": "夢想の一心",
        "種類": "元素爆発ダメージ",
        "詳細": [
            {
                "名前": "重撃ダメージ",
                "種類": "重撃ダメージ",
                "数値": {
                    "1": "61.6%+74.36%",
                    "2": "65.8%+79.43%",
                    "3": "70.0%+84.5%",
                    "4": "75.6%+91.26%",
                    "5": "79.8%+96.33%",
                    "6": "84.7%+102.25%",
                    "7": "91.0%+109.85%",
                    "8": "97.3%+117.46%",
                    "9": "103.6%+125.06%",
                    "10": "109.9%+132.67%",
                    "11": "116.2%+140.27%",
                    "12": "122.5%+147.88%",
                    "13": "128.8%+155.48%"
                },
                "元素": "雷",
                "HIT数": 2,
                "ダメージバフ": "元素爆発ダメージバフ"
            }
        ]
    },
    "特殊落下攻撃": {
        "条件": "夢想の一心",
        "種類": "元素爆発ダメージ",
        "説明": "空中から矢の雨を放ち凄まじいスピードで落下し地面に衝撃を与え、落下時に範囲ダメージを与える。",
        "詳細": [
            {
                "名前": "落下期間のダメージ",
                "種類": "落下攻撃ダメージ",
                "数値": {
                    "1": "63.93%",
                    "2": "69.14%",
                    "3": "74.34%",
                    "4": "81.77%",
                    "5": "86.98%",
                    "6": "92.93%",
                    "7": "101.1%",
                    "8": "109.28%",
                    "9": "117.46%",
                    "10": "126.38%",
                    "11": "135.3%",
                    "12": "144.22%",
                    "13": "153.14%"
                },
                "元素": "雷",
                "ダメージバフ": "元素爆発ダメージバフ"
            },
            {
                "名前": "低空/高空落下攻撃ダメージ",
                "種類": "落下攻撃ダメージ",
                "数値": {
                    "1": "127.84%",
                    "2": "138.24%",
                    "3": "148.65%",
                    "4": "163.51%",
                    "5": "173.92%",
                    "6": "185.81%",
                    "7": "202.16%",
                    "8": "218.51%",
                    "9": "234.86%",
                    "10": "252.7%",
                    "11": "270.54%",
                    "12": "288.38%",
                    "13": "306.22%"
                },
                "元素": "雷",
                "ダメージバフ": "元素爆発ダメージバフ"
            },
            {
                "名前": "低空/高空落下攻撃ダメージ",
                "種類": "落下攻撃ダメージ",
                "数値": {
                    "1": "159.68%",
                    "2": "172.67%",
                    "3": "185.67%",
                    "4": "204.24%",
                    "5": "217.23%",
                    "6": "232.09%",
                    "7": "253.51%",
                    "8": "272.93%",
                    "9": "293.36%",
                    "10": "315.64%",
                    "11": "337.92%",
                    "12": "360.2%",
                    "13": "382.48%"
                },
                "元素": "雷",
                "ダメージバフ": "元素爆発ダメージバフ"
            }
        ]
    },
    "固有天賦": [
        {
            "種類": "固有天賦",
            "名前": "千万の願望",
            "説明": "周囲にいるチーム中キャラクターが元素オーブまたは元素粒子を獲得した時、<span style=\"color:#FFD780FF\">諸願百目の輪</span>に願力を2層蓄積する。<br/>この効果は3秒毎に1回のみ発動可能。",
            "icon_url": "images/characters/electro_5_polearm_RaidenShogun/talent_4.png"
        },
        {
            "種類": "固有天賦",
            "名前": "殊勝な御体",
            "説明": "元素チャージ効率が100%を超えている場合、超えた分1%につき、雷電将軍は下記の効果を獲得する。<br>・<span style=\"color: rgb(255, 215, 128)\">夢想の一心</span>状態で提供する元素エネルギー回復+0.6%。<br>・<span style=\"color: rgb(255, 172, 255)\">雷元素ダメージ</span>+0.4%。",
            "詳細": [
                {
                    "種類": "雷元素ダメージバフ",
                    "数値": "100%元素チャージ効率-100*0.4"
                },
                {
                    "対象": "表示.夢想の一心エネルギー回復",
                    "種類": "元素爆発強化",
                    "数値": "100%元素チャージ効率-100*0.006*元素爆発#非表示_夢想の一心エネルギー回復"
                }
            ],
            "icon_url": "images/characters/electro_5_polearm_RaidenShogun/talent_5.png"
        },
        {
            "種類": "固有天賦",
            "名前": "天下名物狩り",
            "説明": "片手剣と長柄武器を突破する時、消費するモラ-50%。",
            "icon_url": "images/characters/electro_5_polearm_RaidenShogun/talent_6.png"
        }
    ],
    "命ノ星座": {
        "1": {
            "名前": "悪曜の呪詛",
            "説明": "<span style=\"color:#FFD780FF\">諸願百目の輪</span>の願力をより早く蓄積できるようになる。<span style=\"color:#FFACFFFF\">雷元素</span>タイプのキャラクターによる元素爆発が蓄積する願力+80%。他の元素タイプのキャラクターによる元素爆発が蓄積する願力+20%。",
            "icon_url": "images/characters/electro_5_polearm_RaidenShogun/summaryList_1.png",
            "詳細": []
        },
        "2": {
            "名前": "斬鉄断金",
            "説明": "<span style=\"color: rgb(255, 215, 128)\">奥義·夢想真説</span>の夢想の一太刀と夢想の一心状態下の雷電将軍による攻撃は敵の防御力60%を無視する。",
            "詳細": [
                {
                    "対象": "元素爆発ダメージ.夢想の一太刀基礎ダメージ",
                    "種類": "防御無視",
                    "数値": 60
                },
                {
                    "条件": "夢想の一心",
                    "対象": "通常攻撃ダメージ",
                    "種類": "防御無視",
                    "数値": 60
                },
                {
                    "条件": "夢想の一心",
                    "対象": "重撃ダメージ",
                    "種類": "防御無視",
                    "数値": 60
                },
                {
                    "条件": "夢想の一心",
                    "対象": "落下攻撃ダメージ",
                    "種類": "防御無視",
                    "数値": 60
                }
            ],
            "icon_url": "images/characters/electro_5_polearm_RaidenShogun/summaryList_2.png"
        },
        "3": {
            "名前": "眞影旧事",
            "説明": "<span style=\"color: rgb(255, 215, 128)\">奥義·夢想真説</span>のスキルLv.+3。<br>最大Lv.15まで。",
            "icon_url": "images/characters/electro_5_polearm_RaidenShogun/summaryList_3.png",
            "詳細": []
        },
        "4": {
            "名前": "常道への誓い",
            "説明": "<span style=\"color: rgb(255, 215, 128)\">奥義·夢想真説</span>による<span style=\"color: rgb(255, 215, 128)\">夢想の一心</span>状態終了後、周囲のチーム全員（雷電将軍自身を除く）の攻撃力+30%、持続時間10秒。",
            "icon_url": "images/characters/electro_5_polearm_RaidenShogun/summaryList_4.png",
            "詳細": []
        },
        "5": {
            "名前": "凶将の顕現",
            "説明": "<span style=\"color: rgb(255, 215, 128)\">神変·悪曜開眼</span>のスキルLv.+3。<br>最大Lv.15まで。",
            "icon_url": "images/characters/electro_5_polearm_RaidenShogun/summaryList_5.png",
            "詳細": []
        },
        "6": {
            "名前": "願いの代行者",
            "説明": "<span style=\"color: rgb(255, 215, 128)\">奥義·夢想真説</span>による<span style=\"color: rgb(255, 215, 128)\">夢想の一心</span>状態の時、雷電将軍の元素爆発ダメージが敵に命中すると、周囲のチーム全員（雷電将軍自身を除く）の元素爆発のクールタイム-1秒。<br>この効果は1秒毎に1回のみ発動可能で、継続時間内に最大5回まで発動できる。",
            "icon_url": "images/characters/electro_5_polearm_RaidenShogun/summaryList_6.png",
            "詳細": []
        }
    },
    "おすすめセット": [
        {
            "武器": "草薙の稲光",
            "聖遺物メイン効果3": "5_元素チャージ効率",
            "聖遺物メイン効果4": "5_攻撃力%",
            "聖遺物メイン効果5": "5_会心率",
            "聖遺物セット効果1": "絶縁の旗印",
            "聖遺物セット効果2": "絶縁の旗印",
            "聖遺物優先するサブ効果1": "会心ダメージ",
            "聖遺物優先するサブ効果2": "会心率",
            "聖遺物優先するサブ効果3": "元素チャージ効率"
        },
        {
            "武器": "草薙の稲光",
            "聖遺物メイン効果3": "5_元素チャージ効率",
            "聖遺物メイン効果4": "5_雷元素ダメージバフ",
            "聖遺物メイン効果5": "5_会心率",
            "聖遺物セット効果1": "絶縁の旗印",
            "聖遺物セット効果2": "絶縁の旗印",
            "聖遺物優先するサブ効果1": "会心ダメージ",
            "聖遺物優先するサブ効果2": "会心率",
            "聖遺物優先するサブ効果3": "元素チャージ効率"
        },
        {
            "武器": "天空の脊",
            "聖遺物メイン効果3": "5_元素チャージ効率",
            "聖遺物メイン効果4": "5_攻撃力%",
            "聖遺物メイン効果5": "5_会心率",
            "聖遺物セット効果1": "絶縁の旗印",
            "聖遺物セット効果2": "絶縁の旗印",
            "聖遺物優先するサブ効果1": "会心ダメージ",
            "聖遺物優先するサブ効果2": "会心率",
            "聖遺物優先するサブ効果3": "元素チャージ効率"
        },
        {
            "武器": "天空の脊",
            "聖遺物メイン効果3": "5_元素チャージ効率",
            "聖遺物メイン効果4": "5_雷元素ダメージバフ",
            "聖遺物メイン効果5": "5_会心率",
            "聖遺物セット効果1": "絶縁の旗印",
            "聖遺物セット効果2": "絶縁の旗印",
            "聖遺物優先するサブ効果1": "会心ダメージ",
            "聖遺物優先するサブ効果2": "会心率",
            "聖遺物優先するサブ効果3": "元素チャージ効率"
        },
        {
            "武器": "「漁獲」",
            "聖遺物メイン効果3": "5_元素チャージ効率",
            "聖遺物メイン効果4": "5_攻撃力%",
            "聖遺物メイン効果5": "5_会心率",
            "聖遺物セット効果1": "絶縁の旗印",
            "聖遺物セット効果2": "絶縁の旗印",
            "聖遺物優先するサブ効果1": "会心ダメージ",
            "聖遺物優先するサブ効果2": "会心率",
            "聖遺物優先するサブ効果3": "元素チャージ効率"
        },
        {
            "武器": "「漁獲」",
            "聖遺物メイン効果3": "5_元素チャージ効率",
            "聖遺物メイン効果4": "5_雷元素ダメージバフ",
            "聖遺物メイン効果5": "5_会心率",
            "聖遺物セット効果1": "絶縁の旗印",
            "聖遺物セット効果2": "絶縁の旗印",
            "聖遺物優先するサブ効果1": "会心ダメージ",
            "聖遺物優先するサブ効果2": "会心率",
            "聖遺物優先するサブ効果3": "元素チャージ効率"
        }
    ],
    "NEXT STEP": "元素爆発.夢想の一太刀基礎ダメージ"
}