{
    "名前": "北斗",
    "説明": "武装船隊「南十字」の頭領、豪快な姉貴。",
    "icon_url": "images/characters/face/electro_4_claymore_Beidou.png",
    "レアリティ": 4,
    "武器": "両手剣",
    "元素": "雷",
    "baseInfo": {
        "名前": "北斗",
        "誕生日": "2月14日",
        "命ノ星座": "南天海山座",
        "称号": "無冠の龍王",
        "神の目": "雷",
        "所属": "南十字船隊",
        "中国語 CV": "唐雅菁",
        "英語 CV": "Allegra Clark",
        "日本語 CV": "小清水亜美",
        "韓国語 CV": "정유미",
        "オリジナル料理": "豚肉の唐辛子炒め",
        "実装バージョン": "1.0"
    },
    "region": "璃月港",
    "ステータス": {
        "基礎HP": {
            "1+": 1094,
            "20": 2811,
            "20+": 3628,
            "40": 5435,
            "40+": 6015,
            "50": 6919,
            "50+": 7694,
            "60": 8597,
            "60+": 9178,
            "70": 10081,
            "70+": 10662,
            "80": 11565,
            "80+": 12146,
            "90": 13050
        },
        "基礎攻撃力": {
            "1+": 19,
            "20": 48,
            "20+": 63,
            "40": 94,
            "40+": 104,
            "50": 119,
            "50+": 133,
            "60": 148,
            "60+": 158,
            "70": 174,
            "70+": 184,
            "80": 200,
            "80+": 210,
            "90": 225
        },
        "基礎防御力": {
            "1+": 54,
            "20": 140,
            "20+": 180,
            "40": 270,
            "40+": 299,
            "50": 344.0,
            "50+": 382,
            "60": 427,
            "60+": 456,
            "70": 501,
            "70+": 530,
            "80": 575,
            "80+": 603,
            "90": 648
        },
        "雷元素ダメージバフ": {
            "1+": 0,
            "20": 0,
            "20+": 0,
            "40": 0,
            "40+": 6,
            "50": 6,
            "50+": 12,
            "60": 12,
            "60+": 12,
            "70": 12,
            "70+": 18,
            "80": 18,
            "80+": 24,
            "90": 24
        }
    },
    "通常攻撃": {
        "名前": "通常攻撃·征浪",
        "説明": "<span style=\"color:#FFD780FF\">通常攻撃</span><br/>最大5段の連続攻撃を行う。<br/><br/><span style=\"color:#FFD780FF\">重撃</span><br/>持続的にスタミナを消費し、素早い連続攻撃を発動する。<br/>重撃が終了した時に、更に強力な攻撃を1回放つ。<br/><br/><span style=\"color:#FFD780FF\">落下攻撃</span><br/>空中から落下し地面に衝撃を与える。経路上の敵を攻撃し、落下時に範囲ダメージを与える。",
        "詳細": [
            {
                "名前": "1段ダメージ",
                "数値": {
                    "1": "71.1%",
                    "2": "76.9%",
                    "3": "82.7%",
                    "4": "91.0%",
                    "5": "96.8%",
                    "6": "103%",
                    "7": "112%",
                    "8": "122%",
                    "9": "131%",
                    "10": "141%",
                    "11": "152%"
                }
            },
            {
                "名前": "2段ダメージ",
                "数値": {
                    "1": "70.9%",
                    "2": "76.6%",
                    "3": "82.4%",
                    "4": "90.6%",
                    "5": "96.4%",
                    "6": "103%",
                    "7": "112%",
                    "8": "121%",
                    "9": "130%",
                    "10": "140%",
                    "11": "151%"
                }
            },
            {
                "名前": "3段ダメージ",
                "数値": {
                    "1": "88.3%",
                    "2": "95.5%",
                    "3": "103%",
                    "4": "113%",
                    "5": "120%",
                    "6": "128%",
                    "7": "140%",
                    "8": "151%",
                    "9": "162%",
                    "10": "175%",
                    "11": "189%"
                }
            },
            {
                "名前": "4段ダメージ",
                "数値": {
                    "1": "86.5%",
                    "2": "93.6%",
                    "3": "101%",
                    "4": "111%",
                    "5": "118%",
                    "6": "126%",
                    "7": "137%",
                    "8": "148%",
                    "9": "159%",
                    "10": "171%",
                    "11": "185%"
                }
            },
            {
                "名前": "5段ダメージ",
                "数値": {
                    "1": "112%",
                    "2": "121%",
                    "3": "130%",
                    "4": "143%",
                    "5": "153%",
                    "6": "163%",
                    "7": "177%",
                    "8": "192%",
                    "9": "206%",
                    "10": "222%",
                    "11": "240%"
                }
            },
            {
                "条件": "命ノ星座@4",
                "名前": "星に導かれた岸線 ダメージ",
                "種類": "追加ダメージ",
                "数値": "20%攻撃力",
                "元素": "雷"
            }
        ],
        "icon_url": "images/characters/electro_4_claymore_Beidou/talent_1.png"
    },
    "重撃": {
        "説明": [
            "持続的にスタミナを消費し、素早く連続攻撃を発動する。",
            "重撃が終了した時に、更に強力な攻撃を1回放つ。"
        ],
        "詳細": [
            {
                "名前": "連続重撃ダメージ",
                "数値": {
                    "1": "56.3%",
                    "2": "60.9%",
                    "3": "65.4%",
                    "4": "72.0%",
                    "5": "76.6%",
                    "6": "81.8%",
                    "7": "89.0%",
                    "8": "96.2%",
                    "9": "103%",
                    "10": "111%",
                    "11": "119%"
                }
            },
            {
                "名前": "重撃終了ダメージ",
                "数値": {
                    "1": "102%",
                    "2": "110%",
                    "3": "118%",
                    "4": "130%",
                    "5": "138%",
                    "6": "148%",
                    "7": "161%",
                    "8": "174%",
                    "9": "187%",
                    "10": "201%",
                    "11": "215%"
                }
            }
        ]
    },
    "落下攻撃": {
        "説明": "空中から落下し地面に衝撃を与える。経路上の敵を攻撃し、落下時に範囲ダメージを与える。",
        "詳細": [
            {
                "名前": "落下期間のダメージ",
                "種類": "落下攻撃ダメージ",
                "数値": {
                    "1": "74.6%",
                    "2": "80.7%",
                    "3": "86.7%",
                    "4": "95.4%",
                    "5": "101.5%",
                    "6": "108.4%",
                    "7": "118%",
                    "8": "127.5%",
                    "9": "137%",
                    "10": "147.4%",
                    "11": "158%"
                }
            },
            {
                "名前": "低空/高空落下攻撃ダメージ",
                "種類": "落下攻撃ダメージ",
                "数値": {
                    "1": "149%",
                    "2": "161%",
                    "3": "173%",
                    "4": "191%",
                    "5": "203%",
                    "6": "217%",
                    "7": "236%",
                    "8": "255%",
                    "9": "274%",
                    "10": "295%",
                    "11": "316%"
                }
            },
            {
                "名前": "低空/高空落下攻撃ダメージ",
                "種類": "落下攻撃ダメージ",
                "数値": {
                    "1": "186%",
                    "2": "201%",
                    "3": "217%",
                    "4": "238%",
                    "5": "253%",
                    "6": "271%",
                    "7": "295%",
                    "8": "318%",
                    "9": "342%",
                    "10": "368%",
                    "11": "394%"
                }
            }
        ]
    },
    "元素スキル": {
        "名前": "浪追い",
        "説明": "心配することはない。彼女や彼女の仲間に手を出す者がいた場合、彼女は雷と大剣で十倍返しにする。<br><br><span style=\"color: rgb(255, 215, 128)\">一回押し</span><br>雷の力を凝集させ、前方に大剣を振り、<span style=\"color: rgb(255, 172, 255)\">雷元素ダメージ</span>を与える。<br><br><span style=\"color: rgb(255, 215, 128)\">長押し</span><br>武器をシールドとして使う、ダメージ吸収量は北斗のHP上限によって決まる。<br>元素スキルボタンを離す、またはスキル継続時間終了時、大剣を振り回して攻撃を行い、<span style=\"color: rgb(255, 172, 255)\">雷元素ダメージ</span>を与える。スキル期間中に受けた攻撃の回数により、与えるダメージを最大2回までアップさせる。<br>シールドには下記の効果がある。<br>・<span style=\"color: rgb(255, 172, 255)\">雷元素ダメージ</span>に対して250%の吸収効果がある。<br>・スキル発動時、北斗に<span style=\"color: rgb(255, 172, 255)\">雷元素付着</span>効果を付与する。<br><br><em>果てしない海に船を出し、雷を追い、浪を捕まえる。</em>",
        "詳細": [
            {
                "名前": "シールド吸収量",
                "種類": "シールド",
                "数値": {
                    "1": "14.4%HP上限+1386",
                    "2": "15.5%HP上限+1525",
                    "3": "16.6%HP上限+1675",
                    "4": "18.0%HP上限+1837",
                    "5": "19.1%HP上限+2010",
                    "6": "20.2%HP上限+2195",
                    "7": "21.6%HP上限+2392",
                    "8": "23.0%HP上限+2600",
                    "9": "24.5%HP上限+2819",
                    "10": "25.9%HP上限+3050",
                    "11": "27.4%HP上限+3293",
                    "12": "28.8%HP上限+3547",
                    "13": "30.6%HP上限+3813"
                }
            },
            {
                "名前": "基礎ダメージ",
                "数値": {
                    "1": "122%",
                    "2": "131%",
                    "3": "140%",
                    "4": "152%",
                    "5": "161%",
                    "6": "170%",
                    "7": "182%",
                    "8": "195%",
                    "9": "207%",
                    "10": "219%",
                    "11": "231%",
                    "12": "243%",
                    "13": "258%"
                }
            },
            {
                "名前": "被撃時ダメージ+",
                "数値": {
                    "1": "160%",
                    "2": "172%",
                    "3": "184%",
                    "4": "200%",
                    "5": "212%",
                    "6": "224%",
                    "7": "240%",
                    "8": "256%",
                    "9": "272%",
                    "10": "288%",
                    "11": "304%",
                    "12": "320%",
                    "13": "340%"
                }
            }
        ],
        "クールタイム": 7.5,
        "icon_url": "images/characters/electro_4_claymore_Beidou/talent_2.png"
    },
    "元素爆発": {
        "名前": "雷斫り",
        "説明": "巨獣海山との戦いを思い出した北斗は、巨獣と雷電の力を召喚し、雷獣の盾を作り、周囲の敵に<span style=\"color: rgb(255, 172, 255)\">雷元素ダメージ</span>を与える。<br><br><span style=\"color: rgb(255, 215, 128)\">雷獣の盾</span><br>・通常攻撃と重撃が近距離の敵に命中すると、雷の力で敵の間を跳躍する稲妻を発生させ、敵に<span style=\"color: rgb(255, 172, 255)\">雷元素ダメージ</span>を与える。<br>・キャラクターの中断耐性をアップさせ、受けるダメージを軽減する。<br><br>稲妻発生の効果は一秒に1回のみ。<br><br><em>雷来たり、海山を滅す。</em>",
        "詳細": [
            {
                "名前": "スキルダメージ",
                "数値": {
                    "1": "122%",
                    "2": "131%",
                    "3": "140%",
                    "4": "152%",
                    "5": "161%",
                    "6": "170%",
                    "7": "182%",
                    "8": "195%",
                    "9": "207%",
                    "10": "219%",
                    "11": "231%",
                    "12": "243%",
                    "13": "258%"
                }
            },
            {
                "名前": "稲妻ダメージ",
                "数値": {
                    "1": "96.0%",
                    "2": "103%",
                    "3": "110%",
                    "4": "120%",
                    "5": "127%",
                    "6": "134%",
                    "7": "144%",
                    "8": "154%",
                    "9": "163%",
                    "10": "173%",
                    "11": "182%",
                    "12": "192%",
                    "13": "204%"
                }
            },
            {
                "条件": "雷獣の盾",
                "名前": "ダメージ軽減",
                "種類": "ダメージ軽減",
                "数値": {
                    "1": 20,
                    "2": 21,
                    "3": 22,
                    "4": 24,
                    "5": 25,
                    "6": 26,
                    "7": 28,
                    "8": 30,
                    "9": 32,
                    "10": 34,
                    "11": 35,
                    "12": 36,
                    "13": 37
                }
            },
            {
                "名前": "ダメージ軽減",
                "種類": "表示",
                "数値": {
                    "1": 20,
                    "2": 21,
                    "3": 22,
                    "4": 24,
                    "5": 25,
                    "6": 26,
                    "7": 28,
                    "8": 30,
                    "9": 32,
                    "10": 34,
                    "11": 35,
                    "12": 36,
                    "13": 37
                }
            }
        ],
        "継続時間": 15,
        "クールタイム": 20,
        "元素エネルギー": 80,
        "icon_url": "images/characters/electro_4_claymore_Beidou/talent_3.png"
    },
    "固有天賦": [
        {
            "名前": "完全なる霊光",
            "種類": "固有天賦",
            "説明": "攻撃された瞬間に発動した<span style=\"color:#FFD780FF\">浪追い</span>の反撃は最大ダメージアップ効果を得る。",
            "icon_url": "images/characters/electro_4_claymore_Beidou/talent_4.png"
        },
        {
            "名前": "満天の霹靂",
            "種類": "固有天賦",
            "説明": "最大ダメージアップ効果のある<span style=\"color: rgb(255, 215, 128)\">浪追い</span>を発動した後の10秒間、下記の効果が発動される。<br>・通常攻撃と重撃の攻撃速度+15%、攻撃ダメージ+15%。<br>・重撃に必要な時間が大幅に減少する。",
            "icon_url": "images/characters/electro_4_claymore_Beidou/talent_5.png"
        },
        {
            "名前": "怒濤踏み",
            "種類": "固有天賦",
            "説明": "チーム内の自身のキャラクター全員が泳ぎに消費するスタミナ-20%。<br/>同じ効果を持つ固有天賦との重ね掛け不可。",
            "icon_url": "images/characters/electro_4_claymore_Beidou/talent_6.png"
        }
    ],
    "命ノ星座": {
        "1": {
            "名前": "四方に沈む魚龍",
            "説明": "<span style=\"color:#FFD780FF\">雷斫り</span>を発動した時、下記の効果が発動される。<br/>ダメージ吸収量がHP上限の16%に値するシールドを生成する。持続時間15秒。<br/>このシールドは<span style=\"color:#FFACFFFF\">雷元素ダメージ</span>に対して250%の吸収効果がある。",
            "詳細": [
                {
                    "名前": "雷斫りシールド吸収量",
                    "種類": "シールド",
                    "数値": "16%HP上限",
                    "元素": "雷"
                }
            ],
            "icon_url": "images/characters/electro_4_claymore_Beidou/summaryList_1.png"
        },
        "2": {
            "名前": "沸き上がる雷",
            "説明": "<span style=\"color:#FFD780FF\">雷斫り</span>の稲妻が2体の敵を追加で攻撃可能になる。",
            "icon_url": "images/characters/electro_4_claymore_Beidou/summaryList_2.png",
            "詳細": []
        },
        "3": {
            "名前": "雷引きの潮",
            "説明": "<span style=\"color:#FFD780FF\">浪追い</span>のスキルLv.+3。<br/>最大Lv.15まで。",
            "icon_url": "images/characters/electro_4_claymore_Beidou/summaryList_3.png",
            "詳細": []
        },
        "4": {
            "名前": "星に導かれた岸線",
            "説明": "攻撃を受けた後の10秒間、北斗の通常攻撃に追加で20%の<span style=\"color:#FFACFFFF\">雷元素ダメージ</span>が付与される。",
            "icon_url": "images/characters/electro_4_claymore_Beidou/summaryList_4.png",
            "詳細": []
        },
        "5": {
            "名前": "白波に映る霞光",
            "説明": "<span style=\"color:#FFD780FF\">雷斫り</span>のスキルLv.+3。<br/>最大Lv.15まで。",
            "icon_url": "images/characters/electro_4_claymore_Beidou/summaryList_5.png",
            "詳細": []
        },
        "6": {
            "名前": "北斗の祓い",
            "説明": "<span style=\"color:#FFD780FF\">雷斫り</span>継続中、周囲の敵の<span style=\"color:#FFACFFFF\">雷元素耐性</span>-15%。",
            "詳細": [
                {
                    "条件": "北斗の祓い 雷元素耐性-15%",
                    "種類": "敵雷元素耐性",
                    "数値": -15
                }
            ],
            "icon_url": "images/characters/electro_4_claymore_Beidou/summaryList_6.png"
        }
    },
    "おすすめセット": [
        {
            "武器": "狼の末路",
            "聖遺物メイン効果3": "5_攻撃力%",
            "聖遺物メイン効果4": "5_雷元素ダメージバフ",
            "聖遺物メイン効果5": "5_会心率",
            "聖遺物セット効果1": "雷のような怒り",
            "聖遺物セット効果2": "剣闘士のフィナーレ",
            "聖遺物優先するサブ効果1": "会心ダメージ",
            "聖遺物優先するサブ効果2": "会心率",
            "聖遺物優先するサブ効果3": "攻撃力%"
        },
        {
            "武器": "螭龍の剣",
            "聖遺物メイン効果3": "5_攻撃力%",
            "聖遺物メイン効果4": "5_雷元素ダメージバフ",
            "聖遺物メイン効果5": "5_会心率",
            "聖遺物セット効果1": "雷のような怒り",
            "聖遺物セット効果2": "剣闘士のフィナーレ",
            "聖遺物優先するサブ効果1": "会心ダメージ",
            "聖遺物優先するサブ効果2": "会心率",
            "聖遺物優先するサブ効果3": "攻撃力%"
        },
        {
            "武器": "銜玉の海皇",
            "聖遺物メイン効果3": "5_元素チャージ効率",
            "聖遺物メイン効果4": "5_雷元素ダメージバフ",
            "聖遺物メイン効果5": "5_会心率",
            "聖遺物セット効果1": "絶縁の旗印",
            "聖遺物セット効果2": "絶縁の旗印",
            "聖遺物優先するサブ効果1": "会心ダメージ",
            "聖遺物優先するサブ効果2": "会心率",
            "聖遺物優先するサブ効果3": "攻撃力%"
        },
        {
            "武器": "桂木斬長正",
            "聖遺物メイン効果3": "5_攻撃力%",
            "聖遺物メイン効果4": "5_雷元素ダメージバフ",
            "聖遺物メイン効果5": "5_会心率",
            "聖遺物セット効果1": "絶縁の旗印",
            "聖遺物セット効果2": "絶縁の旗印",
            "聖遺物優先するサブ効果1": "会心ダメージ",
            "聖遺物優先するサブ効果2": "会心率",
            "聖遺物優先するサブ効果3": "攻撃力%"
        },
        {
            "武器": "祭礼の大剣",
            "聖遺物メイン効果3": "5_攻撃力%",
            "聖遺物メイン効果4": "5_雷元素ダメージバフ",
            "聖遺物メイン効果5": "5_会心率",
            "聖遺物セット効果1": "雷のような怒り",
            "聖遺物セット効果2": "雷のような怒り",
            "聖遺物優先するサブ効果1": "会心ダメージ",
            "聖遺物優先するサブ効果2": "会心率",
            "聖遺物優先するサブ効果3": "攻撃力%"
        }
    ]
}