{
    "名前": "久岐忍",
    "説明": "有能で信頼できる「荒瀧派」の二番手——注：「有能」と「信頼できる」は「荒瀧派」ではなく、二番手のことを表している。",
    "icon_url": "images/characters/face/electro_4_sword_KukiShinobu.png",
    "レアリティ": 4,
    "武器": "片手剣",
    "元素": "雷",
    "baseInfo": {
        "名前": "久岐忍",
        "誕生日": "7月27日",
        "命ノ星座": "煩悩刈座",
        "称号": "煩悩刈除",
        "神の目": "雷",
        "所属": "荒瀧派",
        "中国語 CV": "杨凝",
        "英語 CV": "Kira Buckland",
        "日本語 CV": "水橋かおり",
        "韓国語 CV": "김율",
        "オリジナル料理": "オムライス·ワルツ",
        "実装バージョン": "2.7"
    },
    "region": "稲妻城",
    "ステータス": {
        "基礎HP": {
            "1+": 1030,
            "20": 2647,
            "20+": 3417,
            "40": 5118,
            "40+": 5665,
            "50": 6516,
            "50+": 7245,
            "60": 8096,
            "60+": 8643,
            "70": 9493,
            "70+": 10040,
            "80": 10891,
            "80+": 11438,
            "90": 12289
        },
        "基礎攻撃力": {
            "1+": 18,
            "20": 46,
            "20+": 59,
            "40": 88,
            "40+": 98,
            "50": 113,
            "50+": 125,
            "60": 140,
            "60+": 149,
            "70": 164,
            "70+": 174,
            "80": 188,
            "80+": 198,
            "90": 212
        },
        "基礎防御力": {
            "1+": 63,
            "20": 162,
            "20+": 209,
            "40": 313,
            "40+": 346,
            "50": 398,
            "50+": 443,
            "60": 495,
            "60+": 528,
            "70": 580,
            "70+": 613,
            "80": 665,
            "80+": 699,
            "90": 751
        },
        "HP%": {
            "1+": 0,
            "20": 0,
            "20+": 0,
            "40": 0,
            "40+": 6,
            "50": 6,
            "50+": 12,
            "60": 12,
            "60+": 12,
            "70": 12,
            "70+": 18,
            "80": 18,
            "80+": 24,
            "90": 24
        }
    },
    "オプション初期値": {
        "HP50%以下": false,
        "捨て去りし軟弱な心": false
    },
    "通常攻撃": {
        "名前": "通常攻撃·忍流飛刃斬り",
        "説明": "<span style=\"color:#FFD780FF\">通常攻撃</span><br/>剣による最大4段の連続攻撃を行う。<br/><br/><span style=\"color:#FFD780FF\">重撃</span><br/>一定のスタミナを消費し、前方に斬撃を2回放つ。<br/><br/><span style=\"color:#FFD780FF\">落下攻撃</span><br/>空中から落下し地面に衝撃を与える。経路上の敵を攻撃し、落下時に範囲ダメージを与える。",
        "詳細": [
            {
                "名前": "1段ダメージ",
                "数値": {
                    "1": "48.8%",
                    "2": "52.7%",
                    "3": "56.7%",
                    "4": "62.4%",
                    "5": "66.3%",
                    "6": "70.9%",
                    "7": "77.1%",
                    "8": "83.4%",
                    "9": "89.6%",
                    "10": "96.4%",
                    "11": "103.2%"
                }
            },
            {
                "名前": "2段ダメージ",
                "数値": {
                    "1": "44.6%",
                    "2": "48.2%",
                    "3": "51.8%",
                    "4": "57%",
                    "5": "60.6%",
                    "6": "64.8%",
                    "7": "70.5%",
                    "8": "76.2%",
                    "9": "81.8%",
                    "10": "88.1%",
                    "11": "94.3%"
                }
            },
            {
                "名前": "3段ダメージ",
                "数値": {
                    "1": "59.3%",
                    "2": "64.2%",
                    "3": "69%",
                    "4": "75.9%",
                    "5": "80.7%",
                    "6": "86.3%",
                    "7": "93.8%",
                    "8": "101.4%",
                    "9": "109%",
                    "10": "117.3%",
                    "11": "125.6%"
                }
            },
            {
                "名前": "4段ダメージ",
                "数値": {
                    "1": "76.1%",
                    "2": "82.3%",
                    "3": "88.5%",
                    "4": "97.4%",
                    "5": "103.6%",
                    "6": "110.6%",
                    "7": "120.4%",
                    "8": "130.1%",
                    "9": "139.8%",
                    "10": "150.5%",
                    "11": "161.1%"
                }
            }
        ],
        "icon_url": "images/characters/electro_4_sword_KukiShinobu/talent_1.png"
    },
    "重撃": {
        "詳細": [
            {
                "名前": "重撃ダメージ",
                "数値": {
                    "1": "55.6%+66.8%",
                    "2": "60.2%+72.2%",
                    "3": "64.7%+77.6%",
                    "4": "71.2%+85.4%",
                    "5": "75.7%+90.8%",
                    "6": "80.8%+97%",
                    "7": "88%+105.6%",
                    "8": "95.1%+114.1%",
                    "9": "102.2%+122.7%",
                    "10": "110%+132%",
                    "11": "117.7%+141.3%"
                },
                "HIT数": 2
            }
        ],
        "重撃スタミナ消費": 20
    },
    "落下攻撃": {
        "詳細": [
            {
                "名前": "落下期間のダメージ",
                "数値": {
                    "1": "63.9%",
                    "2": "69.1%",
                    "3": "74.3%",
                    "4": "81.8%",
                    "5": "87%",
                    "6": "92.9%",
                    "7": "101.1%",
                    "8": "109.3%",
                    "9": "117.5%",
                    "10": "126.4%",
                    "11": "135.3%"
                }
            },
            {
                "名前": "低空/高空落下攻撃ダメージ",
                "数値": {
                    "1": "128%",
                    "2": "138%",
                    "3": "149%",
                    "4": "164%",
                    "5": "174%",
                    "6": "186%",
                    "7": "202%",
                    "8": "219%",
                    "9": "235%",
                    "10": "253%",
                    "11": "271%"
                }
            },
            {
                "名前": "低空/高空落下攻撃ダメージ",
                "数値": {
                    "1": "160%",
                    "2": "173%",
                    "3": "186%",
                    "4": "204%",
                    "5": "217%",
                    "6": "232%",
                    "7": "253%",
                    "8": "273%",
                    "9": "293%",
                    "10": "316%",
                    "11": "338%"
                }
            }
        ]
    },
    "元素スキル": {
        "名前": "越祓雷草の輪",
        "説明": "越祓草輪を編み、一定のHPを消費して周囲の敵に<span style=\"color:#FFACFFFF\">雷元素ダメージ</span>を与える。<br/><br/><span style=\"color:#FFD780FF\">越祓草輪</span><br/>フィールド上のキャラクターと共に移動する。1.5秒毎に周囲の敵に<span style=\"color:#FFACFFFF\">雷元素ダメージ</span>を与え、範囲内のフィールド上キャラクターのHPを回復する。回復量は久岐忍のHP上限によって決まる。<br/><br/>スキル発動によるHP消費によって、久岐忍の残りHPが20%を下回ることはない。<br/><br/><i>腰に鳴草の輪を結び、邪祟を祓わん。</i>",
        "詳細": [
            {
                "名前": "スキルダメージ",
                "数値": {
                    "1": "75.7%",
                    "2": "81.4%",
                    "3": "87%",
                    "4": "94.6%",
                    "5": "100.3%",
                    "6": "106%",
                    "7": "113.6%",
                    "8": "121.1%",
                    "9": "128.7%",
                    "10": "136.3%",
                    "11": "143.9%",
                    "12": "151.4%",
                    "13": "160.9%"
                }
            },
            {
                "名前": "越祓草輪治療量",
                "数値": {
                    "1": "3%HP上限+289",
                    "2": "3.2%HP上限+318",
                    "3": "3.5%HP上限+349",
                    "4": "3.8%HP上限+383",
                    "5": "4%HP上限+419",
                    "6": "4.2%HP上限+457",
                    "7": "4.5%HP上限+498",
                    "8": "4.8%HP上限+542",
                    "9": "5.1%HP上限+587",
                    "10": "5.4%HP上限+636",
                    "11": "5.7%HP上限+686",
                    "12": "6%HP上限+739",
                    "13": "6.4%HP上限+795"
                },
                "種類": "HP回復"
            },
            {
                "名前": "越祓草輪ダメージ",
                "数値": {
                    "1": "25.2%",
                    "2": "27.1%",
                    "3": "29%",
                    "4": "31.6%",
                    "5": "33.4%",
                    "6": "35.3%",
                    "7": "37.9%",
                    "8": "40.4%",
                    "9": "42.9%",
                    "10": "45.4%",
                    "11": "48%",
                    "12": "50.5%",
                    "13": "53.6%"
                }
            },
            {
                "条件": "命ノ星座@4",
                "名前": "捨て去りし閉鎖の心",
                "数値": "9.7%HP上限"
            }
        ],
        "継続時間": 12,
        "クールタイム": 15,
        "icon_url": "images/characters/electro_4_sword_KukiShinobu/talent_2.png"
    },
    "元素爆発": {
        "名前": "御詠鳴神刈山祭",
        "説明": "退邪の刃を地面に突き刺し、邪悪なるものを祓う結界を前方に張って、その中にいる敵に<span style=\"color:#FFACFFFF\">雷元素ダメージ</span>を継続的に与える。ダメージ量は久岐忍のHP上限によって決まる。<br/>発動時、久岐忍のHPが50%以下の際、結界の継続時間が延びる。<br/><br/><i>元々は雑草を刈り、来年の豊作を祈るための祈祷術である。忍は巫女をやめた後も、この術を忘れなかった。</i>",
        "詳細": [
            {
                "名前": "1回のダメージ",
                "数値": {
                    "1": "3.6%HP上限",
                    "2": "3.9%HP上限",
                    "3": "4.2%HP上限",
                    "4": "4.5%HP上限",
                    "5": "4.8%HP上限",
                    "6": "5.0%HP上限",
                    "7": "5.4%HP上限",
                    "8": "5.8%HP上限",
                    "9": "6.1%HP上限",
                    "10": "6.5%HP上限",
                    "11": "6.8%HP上限",
                    "12": "7.2%HP上限",
                    "13": "7.7%HP上限"
                }
            },
            {
                "名前": "合計ダメージ",
                "数値": {
                    "1": "25.2%HP上限",
                    "2": "27.1%HP上限",
                    "3": "29%HP上限",
                    "4": "31.5%HP上限",
                    "5": "33.4%HP上限",
                    "6": "35.3%HP上限",
                    "7": "37.9%HP上限",
                    "8": "40.4%HP上限",
                    "9": "42.9%HP上限",
                    "10": "45.4%HP上限",
                    "11": "47.9%HP上限",
                    "12": "50.5%HP上限",
                    "13": "53.6%HP上限"
                }
            },
            {
                "条件": "HP50%以下",
                "種類": "元素爆発ダメージアップ",
                "対象": "元素爆発ダメージ.合計ダメージ",
                "数値": {
                    "1": "18.1%HP上限",
                    "2": "19.4%HP上限",
                    "3": "20.8%HP上限",
                    "4": "22.6%HP上限",
                    "5": "23.9%HP上限",
                    "6": "25.3%HP上限",
                    "7": "27%HP上限",
                    "8": "28.8%HP上限",
                    "9": "30.6%HP上限",
                    "10": "32.5%HP上限",
                    "11": "34.3%HP上限",
                    "12": "36%HP上限",
                    "13": "38.3%HP上限"
                }
            },
            {
                "条件": "HP50%以下",
                "種類": "継続時間.元素爆発",
                "数値": 1.5
            }
        ],
        "継続時間": 2,
        "クールタイム": 15,
        "元素エネルギー": 60,
        "icon_url": "images/characters/electro_4_sword_KukiShinobu/talent_3.png"
    },
    "固有天賦": [
        {
            "名前": "檻を破る志",
            "説明": "久岐忍のHPが50%以下の時、与える治療効果+15%。",
            "詳細": [
                {
                    "条件": "HP50%以下",
                    "種類": "与える治療効果",
                    "数値": 15
                }
            ],
            "icon_url": "images/characters/electro_4_sword_KukiShinobu/talent_4.png"
        },
        {
            "名前": "安心の処",
            "説明": "久岐忍の元素熟知を基準に、<span style=\"color: rgb(255, 215, 128)\">越祓雷草の輪</span>は以下の強化を得る。<br>・アップする治療量：元素熟知の75%。<br>・アップするダメージ量：元素熟知の25%。",
            "詳細": [
                {
                    "種類": "元素スキル強化",
                    "対象": "HP回復.越祓草輪治療量",
                    "数値": "75%元素熟知"
                },
                {
                    "種類": "元素スキルダメージアップ",
                    "対象": "元素スキルダメージ.越祓草輪ダメージ",
                    "数値": "25%元素熟知"
                }
            ],
            "icon_url": "images/characters/electro_4_sword_KukiShinobu/talent_5.png"
        },
        {
            "名前": "永き刻の祈り",
            "説明": "稲妻で20時間かかる探索任務を完了した時、獲得する報酬+25%。",
            "icon_url": "images/characters/electro_4_sword_KukiShinobu/talent_6.png"
        }
    ],
    "命ノ星座": {
        "1": {
            "名前": "捨て去りし憐憫の心",
            "説明": "<span style=\"color:#FFD780FF\">御詠鳴神刈山祭</span>の影響範囲+50%。",
            "icon_url": "images/characters/electro_4_sword_KukiShinobu/summaryList_1.png",
            "詳細": []
        },
        "2": {
            "名前": "捨て去りし僥倖の心",
            "説明": "<span style=\"color:#FFD780FF\">越祓草輪</span>の継続時間+3秒。",
            "詳細": [
                {
                    "種類": "継続時間.元素スキル",
                    "数値": 3
                }
            ],
            "icon_url": "images/characters/electro_4_sword_KukiShinobu/summaryList_2.png"
        },
        "3": {
            "名前": "捨て去りし苦痛の心",
            "説明": "<span style=\"color:#FFD780FF\">越祓雷草の輪</span>のスキルLv.+3。<br/>最大Lv.15まで。",
            "icon_url": "images/characters/electro_4_sword_KukiShinobu/summaryList_3.png",
            "詳細": []
        },
        "4": {
            "名前": "捨て去りし閉鎖の心",
            "説明": "久岐忍自身の<span style=\"color:#FFD780FF\">越祓草輪</span>を受けたキャラクターの通常攻撃、重撃、落下攻撃が敵に命中すると、雷草が敵の位置に落ち、久岐忍のHP上限の9.7%を基準に<span style=\"color:#FFACFFFF\">雷元素範囲ダメージ</span>を与える。<br/>5秒毎に1回のみ発動可能。",
            "詳細": [],
            "icon_url": "images/characters/electro_4_sword_KukiShinobu/summaryList_4.png"
        },
        "5": {
            "名前": "捨て去りし阿諛の心",
            "説明": "<span style=\"color:#FFD780FF\">御詠鳴神刈山祭</span>のスキルLv.+3。<br/>最大Lv.15まで。",
            "icon_url": "images/characters/electro_4_sword_KukiShinobu/summaryList_5.png",
            "詳細": []
        },
        "6": {
            "名前": "捨て去りし軟弱な心",
            "説明": "久岐忍が戦闘不能に至るダメージを受けた時、このダメージで戦闘不能にならない。この効果は久岐忍のHPが1の時に自動で発動され、60秒毎に1回のみ発動できる。<br/>また、久岐忍のHPが25%以下になると15秒間、自身の元素熟知+150、60秒毎に1回のみ発動できる。",
            "詳細": [
                {
                    "条件": "捨て去りし軟弱な心",
                    "種類": "元素熟知",
                    "数値": 150
                }
            ],
            "icon_url": "images/characters/electro_4_sword_KukiShinobu/summaryList_6.png"
        }
    },
    "おすすめセット": [
        {
            "武器": "西風剣",
            "聖遺物メイン効果3": "5_HP%",
            "聖遺物メイン効果4": "5_HP%",
            "聖遺物メイン効果5": "5_会心率",
            "聖遺物セット効果1": "千岩牢固",
            "聖遺物セット効果2": "千岩牢固",
            "聖遺物優先するサブ効果1": "会心率",
            "聖遺物優先するサブ効果2": "HP%",
            "聖遺物優先するサブ効果3": "元素チャージ効率"
        },
        {
            "武器": "西風剣",
            "聖遺物メイン効果3": "5_HP%",
            "聖遺物メイン効果4": "5_HP%",
            "聖遺物メイン効果5": "5_会心率",
            "聖遺物セット効果1": "千岩牢固",
            "聖遺物セット効果2": "雷のような怒り",
            "聖遺物優先するサブ効果1": "会心率",
            "聖遺物優先するサブ効果2": "HP%",
            "聖遺物優先するサブ効果3": "元素チャージ効率"
        },
        {
            "武器": "蒼古なる自由への誓い",
            "聖遺物メイン効果3": "5_HP%",
            "聖遺物メイン効果4": "5_HP%",
            "聖遺物メイン効果5": "5_与える治療効果",
            "聖遺物セット効果1": "千岩牢固",
            "聖遺物セット効果2": "千岩牢固",
            "聖遺物優先するサブ効果1": "元素チャージ効率",
            "聖遺物優先するサブ効果2": "HP%",
            "聖遺物優先するサブ効果3": "元素熟知"
        },
        {
            "武器": "蒼古なる自由への誓い",
            "聖遺物メイン効果3": "5_HP%",
            "聖遺物メイン効果4": "5_雷元素ダメージバフ",
            "聖遺物メイン効果5": "5_会心率",
            "聖遺物セット効果1": "千岩牢固",
            "聖遺物セット効果2": "雷のような怒り",
            "聖遺物優先するサブ効果1": "会心ダメージ",
            "聖遺物優先するサブ効果2": "会心率",
            "聖遺物優先するサブ効果3": "HP%"
        },
        {
            "武器": "匣中龍吟",
            "聖遺物メイン効果3": "5_HP%",
            "聖遺物メイン効果4": "5_雷元素ダメージバフ",
            "聖遺物メイン効果5": "5_会心率",
            "聖遺物セット効果1": "千岩牢固",
            "聖遺物セット効果2": "雷のような怒り",
            "聖遺物優先するサブ効果1": "会心ダメージ",
            "聖遺物優先するサブ効果2": "会心率",
            "聖遺物優先するサブ効果3": "HP%"
        }
    ]
}