{
    "名前": "ノエル",
    "レアリティ": 4,
    "武器": "両手剣",
    "元素": "岩",
    "ステータス": {
        "基礎HP": {
            "80": 10698,
            "80+": 11235,
            "90": 12071
        },
        "基礎攻撃力": {
            "80": 169,
            "80+": 178,
            "90": 191
        },
        "基礎防御力": {
            "80": 708,
            "80+": 743,
            "90": 799
        },
        "防御力%": {
            "80": 22.5,
            "80+": 30,
            "90": 30
        }
    },
    "通常攻撃": {
        "名前": "通常攻撃・西風剣術・メイド",
        "説明": "最大4段の連続攻撃を行う。",
        "詳細": [
            {
                "名前": "1段ダメージ",
                "数値": {
                    "1": "79.12%",
                    "2": "85.56%",
                    "3": "92.0%",
                    "4": "101.2%",
                    "5": "107.64%",
                    "6": "115%",
                    "7": "125.12%",
                    "8": "135.24%",
                    "9": "145.36%",
                    "10": "156.4%",
                    "11": "167.44%"
                }
            },
            {
                "名前": "2段ダメージ",
                "数値": {
                    "1": "73.36%",
                    "2": "79.33%",
                    "3": "85.3%",
                    "4": "93.83%",
                    "5": "99.8%",
                    "6": "106.63%",
                    "7": "116.01%",
                    "8": "125.39%",
                    "9": "134.77%",
                    "10": "145.01%",
                    "11": "155.25%"
                }
            },
            {
                "名前": "3段ダメージ",
                "数値": {
                    "1": "86.26%",
                    "2": "93.28%",
                    "3": "100.3%",
                    "4": "110.33%",
                    "5": "117.35%",
                    "6": "125.38%",
                    "7": "136.41%",
                    "8": "147.44%",
                    "9": "158.47%",
                    "10": "170.51%",
                    "11": "182.55%"
                }
            },
            {
                "名前": "4段ダメージ",
                "数値": {
                    "1": "113.43%",
                    "2": "122.67%",
                    "3": "131.9%",
                    "4": "145.09%",
                    "5": "154.32%",
                    "6": "164.88%",
                    "7": "179.38%",
                    "8": "193.89%",
                    "9": "208.4%",
                    "10": "224.23%",
                    "11": "240.06%"
                }
            }
        ]
    },
    "重撃": {
        "説明": [
            "継続的にスタミナを消費し、大剣を振り回し周囲の敵を攻撃する。",
            "重撃が終了したときに、さらに強力な攻撃を1回放つ。"
        ],
        "詳細": [
            {
                "名前": "連続重撃ダメージ",
                "数値": {
                    "1": "50.74%",
                    "2": "54.87%",
                    "3": "59.0%",
                    "4": "64.9%",
                    "5": "69.03%",
                    "6": "73.75%",
                    "7": "80.24%",
                    "8": "86.73%",
                    "9": "93.22%",
                    "10": "100.3%",
                    "11": "107.38%"
                }
            },
            {
                "名前": "重撃終了ダメージ",
                "数値": {
                    "1": "90.47%",
                    "2": "97.84%",
                    "3": "105.2%",
                    "4": "115.72%",
                    "5": "123.08%",
                    "6": "131.5%",
                    "7": "143.07%",
                    "8": "154.64%",
                    "9": "166.22%",
                    "10": "178.84%",
                    "11": "191.46%"
                }
            }
        ]
    },
    "落下攻撃": {
        "説明": "空中から落下し地面に衝撃を与える。経路上の敵を攻撃し、落下時に範囲ダメージを与える。",
        "詳細": [
            {
                "名前": "落下期間のダメージ",
                "種類": "落下攻撃ダメージ",
                "数値": {
                    "1": "74.59%",
                    "2": "80.66%",
                    "3": "86.73%",
                    "4": "95.4%",
                    "5": "101.47%",
                    "6": "108.41%",
                    "7": "117.95%",
                    "8": "127.49%",
                    "9": "137.03%",
                    "10": "147.44%",
                    "11": "157.85%"
                }
            },
            {
                "名前": "低空落下攻撃ダメージ",
                "種類": "落下攻撃ダメージ",
                "数値": {
                    "1": "149.14%",
                    "2": "161.28%",
                    "3": "173.42%",
                    "4": "190.77%",
                    "5": "202.91%",
                    "6": "216.78%",
                    "7": "235.86%",
                    "8": "254.93%",
                    "9": "274.01%",
                    "10": "294.82%",
                    "11": "315.63%"
                }
            },
            {
                "名前": "高空落下攻撃ダメージ",
                "種類": "落下攻撃ダメージ",
                "数値": {
                    "1": "186.29%",
                    "2": "201.45%",
                    "3": "216.62%",
                    "4": "238.28%",
                    "5": "253.44%",
                    "6": "270.77%",
                    "7": "294.6%",
                    "8": "318.42%",
                    "9": "342.25%",
                    "10": "368.25%",
                    "11": "394.24%"
                }
            }
        ]
    },
    "元素スキル": {
        "名前": "護心鎧",
        "説明": [
            "護身の岩鎧を召喚し、周囲の敵に岩元素ダメージを与え、シールドを生成する、ダメージ吸収量はノエルの防御力によって決まる。",
            "シールドは下記の効果が発動する。",
            "・ノエルの通常攻撃または重撃が命中したとき、一定の確率でチーム全員のHPを回復する。",
            "・全元素ダメージと物理ダメージに150%の吸収効果がある。",
            "回復効果の回復量はノエルの防御力によって決まる。",
            "*ノエルは奉仕するメイドであり、毅然たる騎士でもある。*"
        ],
        "詳細": [
            {
                "名前": "スキルダメージ",
                "数値": {
                    "1": "120%防御力",
                    "2": "129%防御力",
                    "3": "138%防御力",
                    "4": "150%防御力",
                    "5": "159%防御力",
                    "6": "168%防御力",
                    "7": "180%防御力",
                    "8": "192%防御力",
                    "9": "204%防御力",
                    "10": "216%防御力",
                    "11": "228%防御力",
                    "12": "240%防御力",
                    "13": "255%防御力"
                }
            },
            {
                "名前": "吸収量",
                "種類": "シールド",
                "数値": {
                    "1": "160%防御力+770",
                    "2": "172%防御力+847",
                    "3": "184%防御力+930",
                    "4": "200%防御力+1020",
                    "5": "212%防御力+1116",
                    "6": "224%防御力+1219",
                    "7": "240%防御力+1328",
                    "8": "256%防御力+1443",
                    "9": "272%防御力+1565",
                    "10": "288%防御力+1694",
                    "11": "304%防御力+1828",
                    "12": "320%防御力+1970",
                    "13": "340%防御力+2117"
                }
            },
            {
                "名前": "回復量",
                "種類": "HP回復",
                "数値": {
                    "1": "21.28%防御力+103",
                    "2": "22.88%防御力+113",
                    "3": "24.47%防御力+124",
                    "4": "26.60%防御力+136",
                    "5": "28.20%防御力+149",
                    "6": "29.79%防御力+163",
                    "7": "31.92%防御力+177",
                    "8": "34.05%防御力+193",
                    "9": "36.18%防御力+209",
                    "10": "38.30%防御力+226",
                    "11": "40.43%防御力+244",
                    "12": "42.56%防御力+263",
                    "13": "45.22%防御力+282"
                }
            }
        ],
        "継続時間": 12,
        "クールタイム": 24
    },
    "元素爆発": {
        "名前": "大掃除",
        "説明": [
            "盤石の力を武器に凝集し、周囲の敵に衝撃を与えて広範囲攻撃を1回行い、岩元素ダメージを与える。",
            "その後、下記の効果が発動される。",
            "・ノエルの攻撃範囲が大幅にアップする。",
            "・攻撃ダメージは岩元素ダメージとなり、元素付与によって他の元素に変化することはない。",
            "・ノエルの防御力を基準に攻撃力がアップする。",
            "*時に掃除が必要なのは、埃だけではありませんね…*"
        ],
        "詳細": [
            {
                "名前": "爆発ダメージ",
                "数値": {
                    "1": "67.2%",
                    "2": "72.24%",
                    "3": "77.28%",
                    "4": "84.0%",
                    "5": "89.04%",
                    "6": "94.08%",
                    "7": "100.8%",
                    "8": "107.52%",
                    "9": "114.24%",
                    "10": "120.96%",
                    "11": "127.68%",
                    "12": "134.4%",
                    "13": "142.8%",
                    "14": "151.2%"
                },
                "適用条件": [
                    "大掃除発動中"
                ]
            },
            {
                "名前": "スキルダメージ",
                "数値": {
                    "1": "92.8%",
                    "2": "99.76%",
                    "3": "106.72%",
                    "4": "116%",
                    "5": "122.96%",
                    "6": "129.92%",
                    "7": "139.2%",
                    "8": "148.48%",
                    "9": "157.76%",
                    "10": "167.04%",
                    "11": "176.32%",
                    "12": "186.6%",
                    "13": "197.2%",
                    "14": "208.8%"
                },
                "適用条件": [
                    "大掃除発動中"
                ]
            },
            {
                "条件": "大掃除発動中",
                "名前": "攻撃力アップ",
                "種類": "攻撃力",
                "数値": {
                    "1": "40%防御力",
                    "2": "43%防御力",
                    "3": "46%防御力",
                    "4": "50%防御力",
                    "5": "53%防御力",
                    "6": "56%防御力",
                    "7": "60%防御力",
                    "8": "64%防御力",
                    "9": "68%防御力",
                    "10": "72%防御力",
                    "11": "76%防御力",
                    "12": "80%防御力",
                    "13": "85%防御力",
                    "14": "90%防御力"
                }
            },
            {
                "条件": "大掃除発動中",
                "種類": "岩元素付与"
            }
        ],
        "継続時間": 15,
        "クールタイム": 15,
        "元素エネルギー": 60
    },
    "固有天賦": [
        {
            "名前": "誠心誠意",
            "種類": "固有天賦",
            "説明": [
                "ノエルが待機時、出場している自身のキャラクターのHPが30%以下になると自動で発動される。",
                "出場している自身のキャラクターにノエルの防御力400%相当のダメージを吸収するシールドを付与する、継続時間20秒。",
                "・全ての元素ダメージと物理ダメージに対して150%の吸収効果がある。",
                "60秒毎に1回のみ発動する。"
            ],
            "詳細": [
                {
                    "名前": "誠心誠意 シールド",
                    "種類": "シールド",
                    "数値": "400%防御力",
                    "元素": "岩"
                }
            ]
        },
        {
            "名前": "きれいさっぱり",
            "種類": "固有天賦",
            "説明": [
                "通常攻撃または重撃が4回命中するたびに、護心鎧のクールタイム-1秒。",
                "攻撃が同時に複数の敵に命中した場合は1回としてカウントされる。"
            ]
        },
        {
            "名前": "メイドの仕草",
            "種類": "固有天賦",
            "説明": "防御系料理を完璧調理したとき、12%の確率で料理を2倍獲得する。"
        }
    ],
    "命ノ星座": {
        "1": {
            "名前": "支援はお任せください",
            "説明": "同時に大掃除と護心鎧状態にいるとき、護心鎧のHP回復効果の発動率は100%になる"
        },
        "2": {
            "名前": "旋風のメイド",
            "説明": "ノエルの重撃スタミナ消費-20%、与えるダメージ+15%。",
            "詳細": [
                {
                    "種類": "重撃ダメージバフ",
                    "数値": 15
                }
            ]
        },
        "3": {
            "名前": "怪我はしません",
            "説明": [
                "護心鎧のスキルLv+3。",
                "最大Lv.15まで。"
            ]
        },
        "4": {
            "名前": "綺麗にしますから",
            "説明": "護心鎧の効果終了時、またはダメージによって破壊された時、周囲の敵に攻撃力400%分の岩元素ダメージを与える。",
            "詳細": [
                {
                    "名前": "綺麗にしますから 岩元素ダメージ",
                    "種類": "岩元素ダメージ",
                    "数値": "400%攻撃力",
                    "元素": "岩"
                }
            ]
        },
        "5": {
            "名前": "騎士団の掃除達人",
            "説明": [
                "大掃除のスキルLv.+3。",
                "最大Lv.15まで"
            ]
        },
        "6": {
            "名前": "埃は許しません",
            "説明": [
                "大掃除発動で、ノエルの防御力50%相当の攻撃力を追加でアップする。",
                "スキル継続中、敵1体倒すたびに、継続時間+1秒、最大10秒まで"
            ],
            "詳細": [
                {
                    "条件": "大掃除発動中",
                    "種類": "攻撃力",
                    "数値": "50%防御力"
                }
            ]
        }
    },
    "おすすめセット": [
        {
            "武器": "赤角石塵滅砕",
            "聖遺物メイン効果3": "5_防御力%",
            "聖遺物メイン効果4": "5_岩元素ダメージバフ",
            "聖遺物メイン効果5": "5_会心率",
            "聖遺物セット効果1": "華館夢醒形骸記",
            "聖遺物セット効果2": "華館夢醒形骸記",
            "聖遺物優先するサブ効果1": "会心率",
            "聖遺物優先するサブ効果2": "会心ダメージ",
            "聖遺物優先するサブ効果3": "防御力%"
        },
        {
            "武器": "螭龍の剣",
            "聖遺物メイン効果3": "5_防御力%",
            "聖遺物メイン効果4": "5_岩元素ダメージバフ",
            "聖遺物メイン効果5": "5_会心ダメージ",
            "聖遺物セット効果1": "華館夢醒形骸記",
            "聖遺物セット効果2": "華館夢醒形骸記",
            "聖遺物優先するサブ効果1": "会心率",
            "聖遺物優先するサブ効果2": "会心ダメージ",
            "聖遺物優先するサブ効果3": "防御力%"
        },
        {
            "武器": "天空の傲",
            "聖遺物メイン効果3": "5_防御力%",
            "聖遺物メイン効果4": "5_岩元素ダメージバフ",
            "聖遺物メイン効果5": "5_会心率",
            "聖遺物セット効果1": "華館夢醒形骸記",
            "聖遺物セット効果2": "華館夢醒形骸記",
            "聖遺物優先するサブ効果1": "会心ダメージ",
            "聖遺物優先するサブ効果2": "会心率",
            "聖遺物優先するサブ効果3": "防御力%"
        },
        {
            "武器": "螭龍の剣",
            "聖遺物メイン効果3": "5_防御力%",
            "聖遺物メイン効果4": "5_岩元素ダメージバフ",
            "聖遺物メイン効果5": "5_会心率",
            "聖遺物セット効果1": "華館夢醒形骸記",
            "聖遺物セット効果2": "華館夢醒形骸記",
            "聖遺物優先するサブ効果1": "会心ダメージ",
            "聖遺物優先するサブ効果2": "会心率",
            "聖遺物優先するサブ効果3": "防御力%"
        },
        {
            "武器": "赤角石塵滅砕",
            "聖遺物メイン効果3": "5_防御力%",
            "聖遺物メイン効果4": "5_岩元素ダメージバフ",
            "聖遺物メイン効果5": "5_会心率",
            "聖遺物セット効果1": "逆飛びの流星",
            "聖遺物セット効果2": "逆飛びの流星",
            "聖遺物優先するサブ効果1": "会心率",
            "聖遺物優先するサブ効果2": "会心ダメージ",
            "聖遺物優先するサブ効果3": "防御力%"
        },
        {
            "武器": "螭龍の剣",
            "聖遺物メイン効果3": "5_防御力%",
            "聖遺物メイン効果4": "5_岩元素ダメージバフ",
            "聖遺物メイン効果5": "5_会心ダメージ",
            "聖遺物セット効果1": "逆飛びの流星",
            "聖遺物セット効果2": "逆飛びの流星",
            "聖遺物優先するサブ効果1": "会心率",
            "聖遺物優先するサブ効果2": "会心ダメージ",
            "聖遺物優先するサブ効果3": "防御力%"
        },
        {
            "武器": "白影の剣",
            "聖遺物メイン効果3": "5_防御力%",
            "聖遺物メイン効果4": "5_岩元素ダメージバフ",
            "聖遺物メイン効果5": "5_会心率",
            "聖遺物セット効果1": "逆飛びの流星",
            "聖遺物セット効果2": "逆飛びの流星",
            "聖遺物優先するサブ効果1": "会心ダメージ",
            "聖遺物優先するサブ効果2": "会心率",
            "聖遺物優先するサブ効果3": "防御力%"
        },
        {
            "武器": "西風大剣",
            "聖遺物メイン効果3": "5_防御力%",
            "聖遺物メイン効果4": "5_岩元素ダメージバフ",
            "聖遺物メイン効果5": "5_会心率",
            "聖遺物セット効果1": "逆飛びの流星",
            "聖遺物セット効果2": "逆飛びの流星",
            "聖遺物優先するサブ効果1": "会心ダメージ",
            "聖遺物優先するサブ効果2": "会心率",
            "聖遺物優先するサブ効果3": "防御力%"
        },
        {
            "武器": "赤角石塵滅砕",
            "聖遺物メイン効果3": "5_防御力%",
            "聖遺物メイン効果4": "5_岩元素ダメージバフ",
            "聖遺物メイン効果5": "5_会心率",
            "聖遺物セット効果1": "剣闘士のフィナーレ",
            "聖遺物セット効果2": "剣闘士のフィナーレ",
            "聖遺物優先するサブ効果1": "会心率",
            "聖遺物優先するサブ効果2": "会心ダメージ",
            "聖遺物優先するサブ効果3": "防御力%"
        },
        {
            "武器": "螭龍の剣",
            "聖遺物メイン効果3": "5_防御力%",
            "聖遺物メイン効果4": "5_岩元素ダメージバフ",
            "聖遺物メイン効果5": "5_会心ダメージ",
            "聖遺物セット効果1": "剣闘士のフィナーレ",
            "聖遺物セット効果2": "剣闘士のフィナーレ",
            "聖遺物優先するサブ効果1": "会心率",
            "聖遺物優先するサブ効果2": "会心ダメージ",
            "聖遺物優先するサブ効果3": "防御力%"
        },
        {
            "武器": "西風大剣",
            "聖遺物メイン効果3": "5_防御力%",
            "聖遺物メイン効果4": "5_岩元素ダメージバフ",
            "聖遺物メイン効果5": "5_会心率",
            "聖遺物セット効果1": "剣闘士のフィナーレ",
            "聖遺物セット効果2": "剣闘士のフィナーレ",
            "聖遺物優先するサブ効果1": "会心ダメージ",
            "聖遺物優先するサブ効果2": "会心率",
            "聖遺物優先するサブ効果3": "防御力%"
        }
    ]
}