{
    "名前": "ゴロー",
    "説明": "海祇島軍隊の大将で、部下から厚く信頼されている。",
    "icon_url": "images/characters/face/geo_4_bow_Gorou.png",
    "レアリティ": 4,
    "武器": "弓",
    "元素": "岩",
    "baseInfo": {
        "名前": "ゴロー",
        "誕生日": "5月18日",
        "命ノ星座": "柴犬座",
        "称号": "雄々しき戎犬",
        "神の目": "岩",
        "所属": "海祇島",
        "中国語 CV": "杨昕燃",
        "英語 CV": "Cory Yee",
        "日本語 CV": "畠中祐",
        "韓国語 CV": "이새벽",
        "オリジナル料理": "常勝伝説",
        "実装バージョン": "2.3"
    },
    "region": "稲妻城",
    "ステータス": {
        "基礎HP": {
            "1+": 802,
            "20": 2061,
            "20+": 2661,
            "40": 3985,
            "40+": 4411,
            "50": 5074,
            "50+": 5642,
            "60": 6305,
            "60+": 6731,
            "70": 7393,
            "70+": 7818,
            "80": 8481,
            "80+": 8907.0,
            "90": 9570
        },
        "基礎攻撃力": {
            "1+": 15,
            "20": 39,
            "20+": 51,
            "40": 76,
            "40+": 84,
            "50": 97,
            "50+": 108,
            "60": 120,
            "60+": 128,
            "70": 141,
            "70+": 149,
            "80": 162,
            "80+": 170,
            "90": 183
        },
        "基礎防御力": {
            "1+": 54,
            "20": 140,
            "20+": 180,
            "40": 270,
            "40+": 299,
            "50": 344,
            "50+": 382,
            "60": 427,
            "60+": 456,
            "70": 501,
            "70+": 530,
            "80": 575,
            "80+": 603.0,
            "90": 648
        },
        "岩元素ダメージバフ": {
            "1+": 0,
            "20": 0,
            "20+": 0,
            "40": 0,
            "40+": 6,
            "50": 6,
            "50+": 12,
            "60": 12,
            "60+": 12,
            "70": 12,
            "70+": 18,
            "80": 18,
            "80+": 24,
            "90": 24
        }
    },
    "通常攻撃": {
        "名前": "通常攻撃·獣牙裂扇矢",
        "説明": "<span style=\"color:#FFD780FF\">通常攻撃</span><br/>最大4段の連続射撃を行う。<br/><br/><span style=\"color:#FFD780FF\">重撃</span><br/>ダメージがより高く、より精確な<span style=\"color:#FFD780FF\">狙い撃ち</span>を発動する。<br/>照準時、岩晶を矢先に凝集させ、岩晶に満ちた矢で敵に<span style=\"color:#FFE699FF\">岩元素ダメージ</span>を与える。<br/><br/><span style=\"color:#FFD780FF\">落下攻撃</span><br/>空中から矢の雨を放ち、凄まじいスピードで落下し地面に衝撃を与え、落下時に範囲ダメージを与える。",
        "詳細": [
            {
                "名前": "1段ダメージ",
                "数値": {
                    "1": "37.75%",
                    "2": "40.83%",
                    "3": "43.9%",
                    "4": "48.29%",
                    "5": "51.36%",
                    "6": "54.88%",
                    "7": "59.7%",
                    "8": "64.53%",
                    "9": "69.36%",
                    "10": "74.63%",
                    "11": "79.9%"
                }
            },
            {
                "名前": "2段ダメージ",
                "数値": {
                    "1": "37.15%",
                    "2": "40.18%",
                    "3": "43.2%",
                    "4": "47.52%",
                    "5": "50.54%",
                    "6": "54%",
                    "7": "58.75%",
                    "8": "63.5%",
                    "9": "68.26%",
                    "10": "73.44%",
                    "11": "78.62%"
                }
            },
            {
                "名前": "3段ダメージ",
                "数値": {
                    "1": "49.45%",
                    "2": "53.48%",
                    "3": "57.5%",
                    "4": "63.25%",
                    "5": "67.28%",
                    "6": "71.88%",
                    "7": "78.2%",
                    "8": "84.53%",
                    "9": "90.85%",
                    "10": "97.75%",
                    "11": "104.65%"
                }
            },
            {
                "名前": "4段ダメージ",
                "数値": {
                    "1": "59%",
                    "2": "63.8%",
                    "3": "68.6%",
                    "4": "75.46%",
                    "5": "80.26%",
                    "6": "85.75%",
                    "7": "93.3%",
                    "8": "100.84%",
                    "9": "108.39%",
                    "10": "116.62%",
                    "11": "124.85%"
                }
            }
        ],
        "icon_url": "images/characters/geo_4_bow_Gorou/talent_1.png"
    },
    "重撃": {
        "説明": [
            "ダメージがより高く、より精確な狙い撃ちを発動する。",
            "照準時、岩晶を矢先に凝集させ、岩晶の力に満ちた矢で敵に岩元素ダメージを与える。"
        ],
        "詳細": [
            {
                "名前": "狙い撃ち",
                "数値": {
                    "1": "43.86%",
                    "2": "47.43%",
                    "3": "51.0%",
                    "4": "56.1%",
                    "5": "59.67%",
                    "6": "63.75%",
                    "7": "69.36%",
                    "8": "74.97%",
                    "9": "80.58%",
                    "10": "86.7%",
                    "11": "92.82%"
                }
            },
            {
                "名前": "フルチャージ狙い撃ち",
                "元素": "岩",
                "数値": {
                    "1": "124%",
                    "2": "133.3%",
                    "3": "142.6%",
                    "4": "155%",
                    "5": "164.3%",
                    "6": "173.6%",
                    "7": "186%",
                    "8": "198.4%",
                    "9": "210.8%",
                    "10": "223.2%",
                    "11": "235.6%"
                }
            }
        ]
    },
    "落下攻撃": {
        "説明": "空中から矢の雨を放ち凄まじいスピードで落下し地面に衝撃を与え、落下時に範囲ダメージを与える。",
        "詳細": [
            {
                "名前": "落下期間のダメージ",
                "種類": "落下攻撃ダメージ",
                "数値": {
                    "1": "56.83%",
                    "2": "61.45%",
                    "3": "66.08%",
                    "4": "72.69%",
                    "5": "77.31%",
                    "6": "82.6%",
                    "7": "89.87%",
                    "8": "97.14%",
                    "9": "104.41%",
                    "10": "112.34%",
                    "11": "120.27%"
                }
            },
            {
                "名前": "低空/高空落下攻撃ダメージ",
                "種類": "落下攻撃ダメージ",
                "数値": {
                    "1": "113.63%",
                    "2": "122.88%",
                    "3": "132.13%",
                    "4": "145.35%",
                    "5": "154.59%",
                    "6": "165.17%",
                    "7": "179.7%",
                    "8": "194.23%",
                    "9": "208.77%",
                    "10": "224.62%",
                    "11": "240.48%"
                }
            },
            {
                "名前": "低空/高空落下攻撃ダメージ",
                "種類": "落下攻撃ダメージ",
                "数値": {
                    "1": "141.93%",
                    "2": "153.49%",
                    "3": "165.04%",
                    "4": "181.54%",
                    "5": "193.1%",
                    "6": "206.3%",
                    "7": "224.45%",
                    "8": "242.61%",
                    "9": "260.76%",
                    "10": "280.57%",
                    "11": "300.37%"
                }
            }
        ]
    },
    "元素スキル": {
        "名前": "犬坂の遠吠え方円陣",
        "説明": "<span style=\"color: rgb(255, 230, 153)\">岩元素範囲ダメージ</span>を与え、大将の旗指物を掲げる。<br><br><span style=\"color: rgb(255, 215, 128)\">大将の旗指物</span><br>発動時、チームにいる<span style=\"color: rgb(255, 230, 153)\">岩元素</span>タイプキャラクターの人数に応じて、領域内のフィールド上キャラクターに下記効果を与える。<br>・1人の時·「堅牢」：防御力がアップ。<br>・2人の時·「破耐」：上記効果に加え、中断耐性がアップ。<br>・3人の時·「粉砕」：上記効果に加え、<span style=\"color: rgb(255, 230, 153)\">岩元素ダメージ</span>がアップ。<br><br>ゴロー自身が創造した大将の旗指物は、同時に最大1つまで存在可能。キャラクターが獲得できる大将の旗指物の効果は1種のみ。キャラクターが領域を出た後、領域による効果は2秒続く。<br><br><span style=\"color: rgb(255, 215, 128)\">長押し</span><br>スキルの発動位置を調整できる。<br><br><em>「この陣の中にいれば、命の安全を保障しよう！」いつどこであろうとゴローが避けたいこと、それは仲間が傷つくことだ。</em>",
        "詳細": [
            {
                "名前": "スキルダメージ",
                "数値": {
                    "1": "107.2%",
                    "2": "115.24%",
                    "3": "123.28%",
                    "4": "134%",
                    "5": "142.04%",
                    "6": "150.08%",
                    "7": "160.8%",
                    "8": "171.52%",
                    "9": "182.24%",
                    "10": "192.96%",
                    "11": "203.68%",
                    "12": "214.4%",
                    "13": "227.8%"
                }
            },
            {
                "名前": "防御力アップ",
                "種類": "表示",
                "数値": {
                    "1": 206,
                    "2": 222,
                    "3": 237,
                    "4": 258,
                    "5": 273,
                    "6": 289,
                    "7": 309,
                    "8": 330,
                    "9": 350,
                    "10": 371,
                    "11": 392,
                    "12": 412,
                    "13": 438
                }
            },
            {
                "条件": "大将の旗指物·大将威儀&[チーム]岩元素キャラクター=1名",
                "種類": "防御力",
                "数値": {
                    "1": 206,
                    "2": 222,
                    "3": 237,
                    "4": 258,
                    "5": 273,
                    "6": 289,
                    "7": 309,
                    "8": 330,
                    "9": 350,
                    "10": 371,
                    "11": 392,
                    "12": 412,
                    "13": 438
                }
            },
            {
                "条件": "大将の旗指物·大将威儀&[チーム]岩元素キャラクター=2名",
                "種類": "防御力",
                "数値": {
                    "1": 206,
                    "2": 222,
                    "3": 237,
                    "4": 258,
                    "5": 273,
                    "6": 289,
                    "7": 309,
                    "8": 330,
                    "9": 350,
                    "10": 371,
                    "11": 392,
                    "12": 412,
                    "13": 438
                }
            },
            {
                "条件": "大将の旗指物·大将威儀&[チーム]岩元素キャラクター=3名",
                "種類": "防御力",
                "数値": {
                    "1": 206,
                    "2": 222,
                    "3": 237,
                    "4": 258,
                    "5": 273,
                    "6": 289,
                    "7": 309,
                    "8": 330,
                    "9": 350,
                    "10": 371,
                    "11": 392,
                    "12": 412,
                    "13": 438
                }
            },
            {
                "名前": "岩元素ダメージアップ",
                "種類": "表示",
                "数値": 15
            },
            {
                "条件": "大将の旗指物·大将威儀&[チーム]岩元素キャラクター=3名",
                "種類": "岩元素ダメージバフ",
                "数値": 15
            }
        ],
        "継続時間": 10,
        "クールタイム": 10,
        "粒子生成数": "2個",
        "icon_url": "images/characters/geo_4_bow_Gorou/talent_2.png"
    },
    "元素爆発": {
        "名前": "獣牙突撃陣形戦法",
        "説明": "大将の威厳を示し、<span style=\"color: rgb(255, 230, 153)\">岩元素範囲ダメージ</span>を与え、大将威儀の領域を展開して周囲の戦友を鼓舞する。<br><br><span style=\"color: rgb(255, 215, 128)\">大将威儀</span><br>大将威儀は以下の特性を持つ。<br>・領域は元素スキル「犬坂の遠吠え方円陣」が創造した大将の旗指物と同じ効果を持つ。発動時、チームにいる<span style=\"color: rgb(255, 230, 153)\">岩元素</span>タイプキャラクターの人数に応じて、領域内のフィールド上キャラクターに効果を与える。また、領域はフィールド上キャラクターと共に移動する。<br>・1.5秒毎に岩晶崩滅を発動し、領域内の敵1体に<span style=\"color: rgb(255, 230, 153)\">岩元素範囲ダメージ</span>を与える。<br>・1.5秒毎に領域内の結晶反応で生成した結晶の欠片を1つ、キャラクターの位置に引き寄せる。<br><br>発動時、ゴロー自身の大将の旗指物が存在する場合、それは破壊される。また、大将威儀の継続時間内、ゴロー自身が元素スキル「犬坂の遠吠え方円陣」を発動しても、大将の旗指物は創造されない。<br>ゴローが戦闘不能になった時、ゴロー自身の大将威儀効果はクリアされる。<br><br><em>「地の利を得たぞ！」ゴローは戦場の地勢を僅かに変えることができる。強敵に立ち向かう彼が用いる、勝利への秘訣だ。</em>",
        "詳細": [
            {
                "名前": "スキルダメージ",
                "数値": {
                    "1": "98.22%防御力",
                    "2": "105.58%防御力",
                    "3": "112.95%防御力",
                    "4": "122.77%防御力",
                    "5": "130.14%防御力",
                    "6": "137.5%防御力",
                    "7": "147.32%防御力",
                    "8": "157.15%防御力",
                    "9": "166.97%防御力",
                    "10": "176.79%防御力",
                    "11": "186.61%防御力",
                    "12": "196.43%防御力",
                    "13": "208.71%防御力"
                }
            },
            {
                "名前": "岩晶崩滅ダメージ",
                "数値": {
                    "1": "61.3%防御力",
                    "2": "65.9%防御力",
                    "3": "70.5%防御力",
                    "4": "76.63%防御力",
                    "5": "81.22%防御力",
                    "6": "85.82%防御力",
                    "7": "91.95%防御力",
                    "8": "98.08%防御力",
                    "9": "104.21%防御力",
                    "10": "110.34%防御力",
                    "11": "116.47%防御力",
                    "12": "122.6%防御力",
                    "13": "130.26%防御力"
                }
            }
        ],
        "継続時間": 9,
        "クールタイム": 20,
        "元素エネルギー": 80,
        "icon_url": "images/characters/geo_4_bow_Gorou/talent_3.png"
    },
    "固有天賦": [
        {
            "種類": "固有天賦",
            "名前": "風雨を恐れず",
            "説明": "<span style=\"color:#FFD780FF\">獣牙突撃陣形戦法</span>を発動した後の12秒間、周囲のチーム全員の防御力+25%。",
            "詳細": [
                {
                    "条件": "風雨を恐れず 防御力+25%",
                    "種類": "防御力%",
                    "数値": 25
                }
            ],
            "icon_url": "images/characters/geo_4_bow_Gorou/talent_4.png"
        },
        {
            "種類": "固有天賦",
            "名前": "報恩の守護",
            "説明": "防御力を基準に、ゴローの下記攻撃のダメージが増加する。<br>・<span style=\"color: rgb(255, 215, 128)\">犬坂の遠吠え方円陣</span>のスキルダメージが防御力156%分アップする。<br>・<span style=\"color: rgb(255, 215, 128)\">獣牙突撃陣形戦法</span>のスキルダメージと岩晶崩滅のダメージが防御力15.6%分アップする。",
            "詳細": [
                {
                    "種類": "元素スキルダメージアップ",
                    "数値": "156%防御力"
                },
                {
                    "種類": "元素爆発ダメージアップ",
                    "数値": "15.6%防御力"
                }
            ],
            "icon_url": "images/characters/geo_4_bow_Gorou/talent_5.png"
        },
        {
            "種類": "固有天賦",
            "名前": "キラキラ発見術",
            "説明": "ミニマップで周囲の<span style=\"color:#FFD780FF\">稲妻地域の特産</span>の位置を表示する。",
            "icon_url": "images/characters/geo_4_bow_Gorou/talent_6.png"
        }
    ],
    "命ノ星座": {
        "1": {
            "名前": "犬瞬·疾きこと風の如く",
            "説明": "ゴロー自身による<span style=\"color:#FFD780FF\">大将の旗指物</span>または<span style=\"color:#FFD780FF\">大将威儀</span>の領域にいるフィールド上キャラクター（ゴロー自身を除く）が敵に岩元素ダメージを与えると、ゴロー自身の<span style=\"color:#FFD780FF\">犬坂の遠吠え方円陣</span>のクールタイム-2秒。<br/>この効果は10秒毎に1回のみ発動可能。",
            "icon_url": "images/characters/geo_4_bow_Gorou/summaryList_1.png",
            "詳細": []
        },
        "2": {
            "名前": "犬座·確固たること鐘の如く",
            "説明": "<span style=\"color:#FFD780FF\">大将威儀</span>の持続時間内、近くのフィールド上キャラクターが結晶反応による結晶の欠片を獲得すると、ゴロー自身の大将威儀の継続時間+1秒。<br/>0.1秒毎に1回のみ発動可能、この方式で最大3秒まで延長できる。",
            "icon_url": "images/characters/geo_4_bow_Gorou/summaryList_2.png",
            "詳細": []
        },
        "3": {
            "名前": "犬爪·圧すること火の如く",
            "説明": "<span style=\"color:#FFD780FF\">犬坂の遠吠え方円陣</span>のスキルLv.+3。<br/>最大Lv.15まで。",
            "icon_url": "images/characters/geo_4_bow_Gorou/summaryList_3.png",
            "詳細": []
        },
        "4": {
            "名前": "犬舌·優しきこと水の如く",
            "説明": "<span style=\"color:#FFD780FF\">大将威儀</span>が「破耐」または「粉砕」効果を持つ時、1.5秒毎に領域内のフィールド上キャラクターのHPを回復する。回復量はゴロー自身の防御力50%分に相当する。",
            "詳細": [
                {
                    "名前": "犬舌·優しきこと水の如く",
                    "種類": "HP回復",
                    "数値": "50%防御力"
                }
            ],
            "icon_url": "images/characters/geo_4_bow_Gorou/summaryList_4.png"
        },
        "5": {
            "名前": "犬突·動くこと雷の如く",
            "説明": "<span style=\"color:#FFD780FF\">獣牙突撃陣形戦法</span>のスキルLv.+3。<br/>最大Lv.15まで。",
            "icon_url": "images/characters/geo_4_bow_Gorou/summaryList_5.png",
            "詳細": []
        },
        "6": {
            "名前": "犬勇·忠に厚きこと山の如く",
            "説明": "<span style=\"color: rgb(255, 215, 128)\">犬坂の遠吠え方円陣</span>または<span style=\"color: rgb(255, 215, 128)\">獣牙突撃陣形戦法</span>発動後の12秒間、発動時の領域状態に基づき、周囲チーム全員の<span style=\"color: rgb(255, 230, 153)\">岩元素ダメージ</span>の会心ダメージをアップする。<br>・「堅牢」：10%アップ。<br>・「破耐」：20%アップ。<br>・「粉砕」：40%アップ。<br><br>この効果は重ね掛けできず、最後に発動したものが反映される。",
            "詳細": [
                {
                    "条件": "犬勇·忠に厚きこと山の如く&[チーム]岩元素キャラクター@1-2名",
                    "種類": "岩元素ダメージ会心ダメージ",
                    "数値": 10
                },
                {
                    "条件": "犬勇·忠に厚きこと山の如く&[チーム]岩元素キャラクター=3名",
                    "種類": "岩元素ダメージ会心ダメージ",
                    "数値": 40
                }
            ],
            "icon_url": "images/characters/geo_4_bow_Gorou/summaryList_6.png"
        }
    },
    "おすすめセット": [
        {
            "武器": "西風猟弓",
            "聖遺物メイン効果3": "5_元素チャージ効率",
            "聖遺物メイン効果4": "5_岩元素ダメージバフ",
            "聖遺物メイン効果5": "5_会心率",
            "聖遺物セット効果1": "華館夢醒形骸記",
            "聖遺物セット効果2": "華館夢醒形骸記",
            "聖遺物優先するサブ効果1": "会心率",
            "聖遺物優先するサブ効果2": "会心ダメージ",
            "聖遺物優先するサブ効果3": "防御力%"
        },
        {
            "武器": "天空の翼",
            "聖遺物メイン効果3": "5_防御力%",
            "聖遺物メイン効果4": "5_岩元素ダメージバフ",
            "聖遺物メイン効果5": "5_会心ダメージ",
            "聖遺物セット効果1": "華館夢醒形骸記",
            "聖遺物セット効果2": "華館夢醒形骸記",
            "聖遺物優先するサブ効果1": "会心率",
            "聖遺物優先するサブ効果2": "会心ダメージ",
            "聖遺物優先するサブ効果3": "防御力%"
        },
        {
            "武器": "西風猟弓",
            "聖遺物メイン効果3": "5_元素チャージ効率",
            "聖遺物メイン効果4": "5_防御力%",
            "聖遺物メイン効果5": "5_会心率",
            "聖遺物セット効果1": "絶縁の旗印",
            "聖遺物セット効果2": "絶縁の旗印",
            "聖遺物優先するサブ効果1": "会心率",
            "聖遺物優先するサブ効果2": "会心ダメージ",
            "聖遺物優先するサブ効果3": "防御力%"
        },
        {
            "武器": "西風猟弓",
            "聖遺物メイン効果3": "5_元素チャージ効率",
            "聖遺物メイン効果4": "5_岩元素ダメージバフ",
            "聖遺物メイン効果5": "5_会心率",
            "聖遺物セット効果1": "悠久の磐岩",
            "聖遺物セット効果2": "悠久の磐岩",
            "聖遺物優先するサブ効果1": "会心率",
            "聖遺物優先するサブ効果2": "会心ダメージ",
            "聖遺物優先するサブ効果3": "防御力%"
        }
    ]
}