{
    "名前": "ゴロー",
    "レアリティ": 4,
    "武器": "弓",
    "元素": "岩",
    "ステータス": {
        "基礎HP": {
            "80": 8481,
            "80+": 8907,
            "90": 9570
        },
        "基礎攻撃力": {
            "80": 162,
            "80+": 170,
            "90": 183
        },
        "基礎防御力": {
            "80": 575,
            "80+": 603,
            "90": 648
        },
        "岩元素ダメージバフ": {
            "80": 18,
            "80+": 24,
            "90": 24
        }
    },
    "通常攻撃": {
        "名前": "通常攻撃・獣牙裂扇矢",
        "説明": "最大4段の連続射撃を行う。",
        "詳細": [
            {
                "名前": "1段ダメージ",
                "数値": {
                    "1": "37.75%",
                    "2": "40.83%",
                    "3": "43.9%",
                    "4": "48.29%",
                    "5": "51.36%",
                    "6": "54.88%",
                    "7": "59.7%",
                    "8": "64.53%",
                    "9": "69.36%",
                    "10": "74.63%",
                    "11": "79.9%"
                }
            },
            {
                "名前": "2段ダメージ",
                "数値": {
                    "1": "37.15%",
                    "2": "40.18%",
                    "3": "43.2%",
                    "4": "47.52%",
                    "5": "50.54%",
                    "6": "54%",
                    "7": "58.75%",
                    "8": "63.5%",
                    "9": "68.26%",
                    "10": "73.44%",
                    "11": "78.62%"
                }
            },
            {
                "名前": "3段ダメージ",
                "数値": {
                    "1": "49.45%",
                    "2": "53.48%",
                    "3": "57.5%",
                    "4": "63.25%",
                    "5": "67.28%",
                    "6": "71.88%",
                    "7": "78.2%",
                    "8": "84.53%",
                    "9": "90.85%",
                    "10": "97.75%",
                    "11": "104.65%"
                }
            },
            {
                "名前": "4段ダメージ",
                "数値": {
                    "1": "59%",
                    "2": "63.8%",
                    "3": "68.6%",
                    "4": "75.46%",
                    "5": "80.26%",
                    "6": "85.75%",
                    "7": "93.3%",
                    "8": "100.84%",
                    "9": "108.39%",
                    "10": "116.62%",
                    "11": "124.85%"
                }
            }
        ]
    },
    "重撃": {
        "説明": [
            "ダメージがより高く、より精確な狙い撃ちを発動する。",
            "照準時、岩晶を矢先に凝集させ、岩晶の力に満ちた矢で敵に岩元素ダメージを与える。"
        ],
        "詳細": [
            {
                "名前": "狙い撃ち",
                "数値": {
                    "1": "43.86%",
                    "2": "47.43%",
                    "3": "51.0%",
                    "4": "56.1%",
                    "5": "59.67%",
                    "6": "63.75%",
                    "7": "69.36%",
                    "8": "74.97%",
                    "9": "80.58%",
                    "10": "86.7%",
                    "11": "92.82%"
                }
            },
            {
                "名前": "フルチャージ狙い撃ち",
                "元素": "岩",
                "数値": {
                    "1": "124%",
                    "2": "133.3%",
                    "3": "142.6%",
                    "4": "155%",
                    "5": "164.3%",
                    "6": "173.6%",
                    "7": "186%",
                    "8": "198.4%",
                    "9": "210.8%",
                    "10": "223.2%",
                    "11": "235.6%"
                }
            }
        ]
    },
    "落下攻撃": {
        "説明": "空中から矢の雨を放ち凄まじいスピードで落下し地面に衝撃を与え、落下時に範囲ダメージを与える。",
        "詳細": [
            {
                "名前": "落下期間のダメージ",
                "種類": "落下攻撃ダメージ",
                "数値": {
                    "1": "56.83%",
                    "2": "61.45%",
                    "3": "66.08%",
                    "4": "72.69%",
                    "5": "77.31%",
                    "6": "82.6%",
                    "7": "89.87%",
                    "8": "97.14%",
                    "9": "104.41%",
                    "10": "112.34%",
                    "11": "120.27%"
                }
            },
            {
                "名前": "低空落下攻撃ダメージ",
                "種類": "落下攻撃ダメージ",
                "数値": {
                    "1": "113.63%",
                    "2": "122.88%",
                    "3": "132.13%",
                    "4": "145.35%",
                    "5": "154.59%",
                    "6": "165.17%",
                    "7": "179.7%",
                    "8": "194.23%",
                    "9": "208.77%",
                    "10": "224.62%",
                    "11": "240.48%"
                }
            },
            {
                "名前": "高空落下攻撃ダメージ",
                "種類": "落下攻撃ダメージ",
                "数値": {
                    "1": "141.93%",
                    "2": "153.49%",
                    "3": "165.04%",
                    "4": "181.54%",
                    "5": "193.1%",
                    "6": "206.3%",
                    "7": "224.45%",
                    "8": "242.61%",
                    "9": "260.76%",
                    "10": "280.57%",
                    "11": "300.37%"
                }
            }
        ]
    },
    "元素スキル": {
        "名前": "犬坂の遠吠え方円陣",
        "説明": [
            "岩元素範囲ダメージを与え、大将の旗指物を掲げる。",
            "**大将の旗指物**",
            "発動時、チームにいる岩元素タイプキャラクターの人数に応じて、領域内のフィールド上キャラクターに下記効果を与える。",
            "・1人の時・「堅牢」：防御力がアップ。",
            "・2人の時・「破耐」：上記効果に加え、中断耐性がアップ。",
            "・3人の時・「粉砕」：上記効果に加え、岩元素ダメージがアップ。",
            "ゴロー自身が創造した大将の旗指物は、同時に最大1つまで存在可能。キャラクターが獲得できる大将の旗指物の効果は1種のみ。",
            "キャラクターが領域を出た後、領域による効果は2秒続く。",
            "**長押し**",
            "スキルの発動位置を調整できる。",
            "*「この陣の中にいれば、命の安全を保障しよう！」いつどこであろうとゴローが避けたいこと、それは仲間が傷つくことだ。*"
        ],
        "詳細": [
            {
                "名前": "スキルダメージ",
                "数値": {
                    "1": "107.2%",
                    "2": "115.24%",
                    "3": "123.28%",
                    "4": "134%",
                    "5": "142.04%",
                    "6": "150.08%",
                    "7": "160.8%",
                    "8": "171.52%",
                    "9": "182.24%",
                    "10": "192.96%",
                    "11": "203.68%",
                    "12": "214.4%",
                    "13": "227.8%"
                }
            },
            {
                "名前": "防御力アップ",
                "種類": "表示",
                "数値": {
                    "1": "206",
                    "2": "222",
                    "3": "237",
                    "4": "258",
                    "5": "273",
                    "6": "289",
                    "7": "309",
                    "8": "330",
                    "9": "350",
                    "10": "371",
                    "11": "392",
                    "12": "412",
                    "13": "438"
                }
            },
            {
                "条件": "大将の旗指物・大将威儀 防御力+",
                "種類": "防御力",
                "数値": {
                    "1": "206",
                    "2": "222",
                    "3": "237",
                    "4": "258",
                    "5": "273",
                    "6": "289",
                    "7": "309",
                    "8": "330",
                    "9": "350",
                    "10": "371",
                    "11": "392",
                    "12": "412",
                    "13": "438"
                }
            },
            {
                "名前": "岩元素ダメージアップ",
                "種類": "表示",
                "数値": 15
            },
            {
                "条件": "大将の旗指物・大将威儀 岩元素ダメージ+",
                "種類": "岩元素ダメージバフ",
                "数値": 15
            }
        ],
        "継続時間": 10,
        "クールタイム": 10,
        "粒子生成数": "2個"
    },
    "元素爆発": {
        "名前": "獣牙突撃陣形戦法",
        "説明": [
            "大将の威厳を示し、岩元素範囲ダメージを与え、大将威儀の領域を展開して周囲の戦友を鼓舞する。",
            "**大将威儀**",
            "下記特性を持つ。",
            "・領域は元素スキル「犬坂の遠吠え方円陣」が創造した大将の旗指物と同じ効果を持つ。",
            "発動時、チームにいる岩元素タイプキャラクターの人数に応じて、領域内のフィールド上キャラクターに下記効果を与える。",
            "また、領域はフィールド上キャラクターと共に移動する。",
            "・1.5秒毎に岩晶崩滅を発動し、領域内の敵1体に岩元素範囲ダメージを与える。",
            "・1.5秒毎に領域内の結晶反応で生成した結晶の欠片を1つ、キャラクターの位置に引き寄せる。",
            "発動時、ゴロー自身の大将の旗指物が存在する場合、それは破壊される。",
            "また、大将威儀の継続時間内、ゴロー自身が元素スキル「犬坂の遠吠え方円陣」を発動しても、大将の旗指物は創造されない。",
            "ゴロー自身が戦闘不能になった時、ゴロー自身の大将威儀効果はクリアされる。",
            "*「地の利を得たぞ！」ゴローは戦場の地勢を僅かに変えることができる。強敵に立ち向かう彼が用いる、勝利への秘訣だ。*"
        ],
        "詳細": [
            {
                "名前": "スキルダメージ",
                "数値": {
                    "1": "98.22%防御力",
                    "2": "105.58%防御力",
                    "3": "112.95%防御力",
                    "4": "122.77%防御力",
                    "5": "130.14%防御力",
                    "6": "137.5%防御力",
                    "7": "147.32%防御力",
                    "8": "157.15%防御力",
                    "9": "166.97%防御力",
                    "10": "176.79%防御力",
                    "11": "186.61%防御力",
                    "12": "196.43%防御力",
                    "13": "208.71%防御力"
                }
            },
            {
                "名前": "岩晶崩滅ダメージ",
                "数値": {
                    "1": "61.3%防御力",
                    "2": "65.9%防御力",
                    "3": "70.5%防御力",
                    "4": "76.63%防御力",
                    "5": "81.22%防御力",
                    "6": "85.82%防御力",
                    "7": "91.95%防御力",
                    "8": "98.08%防御力",
                    "9": "104.21%防御力",
                    "10": "110.34%防御力",
                    "11": "116.47%防御力",
                    "12": "122.6%防御力",
                    "13": "130.26%防御力"
                }
            }
        ],
        "継続時間": 9,
        "クールタイム": 20,
        "元素エネルギー": 80
    },
    "固有天賦": [
        {
            "種類": "固有天賦",
            "名前": "風雨を恐れず",
            "説明": [
                "獣牙突撃陣形戦法を発動した後の12秒間、近くのチーム全員の防御力+25%。"
            ],
            "詳細": [
                {
                    "条件": "獣牙突撃陣形戦法発動後(12秒)防御力+25%",
                    "種類": "防御力%",
                    "数値": 25
                }
            ]
        },
        {
            "種類": "固有天賦",
            "名前": "報恩の守護",
            "説明": [
                "防御力を基にゴローの以下攻撃のダメージが増加する。",
                "・犬坂の遠吠え方円陣のスキルダメージが防御力156%分アップする。",
                "・獣牙突撃陣形戦法のスキルダメージと岩晶崩滅のダメージが防御力15.6%分アップする。"
            ],
            "詳細": [
                {
                    "種類": "元素スキルダメージアップ",
                    "数値": "156%防御力"
                },
                {
                    "種類": "元素爆発ダメージアップ",
                    "数値": "15.6%防御力"
                },
                {
                    "種類": "元素爆発ダメージアップ",
                    "数値": "15.6%防御力"
                }
            ]
        },
        {
            "種類": "固有天賦",
            "名前": "キラキラ発見術",
            "説明": "ミニマップで周囲の稲妻地域の特産の位置を表示する。"
        }
    ],
    "命ノ星座": {
        "1": {
            "名前": "犬瞬・疾きこと風の如く",
            "説明": [
                "ゴロー自身による大将の旗指物または大将威儀の領域にいるフィールド上キャラクター（ゴロー自身を除く）が敵に岩元素ダメージを与えると、",
                "ゴロー自身の犬坂の遠吠え方円陣のクールタイム-2秒。この効果は10秒毎に1回のみ発動可能。"
            ]
        },
        "2": {
            "名前": "犬座・確固たること鐘の如く",
            "説明": [
                "大将威儀の持続時間内、近くのフィールド上キャラクターが結晶反応による結晶の欠片を獲得すると、ゴロー自身の大将威儀の継続時間+1秒。",
                "0.1秒毎に1回のみ発動可能、この方式で最大3秒まで延長できる。"
            ]
        },
        "3": {
            "名前": "犬爪・圧すること火の如く",
            "説明": [
                "犬坂の遠吠え方円陣のスキルLv.+3。",
                "最大Lv.15まで。"
            ]
        },
        "4": {
            "名前": "犬舌・優しきこと水の如く",
            "説明": [
                "大将威儀が「破耐」または「粉砕」効果を持つ時、1.5秒毎に領域内のフィールド上キャラクターのHPを回復する。回復量はゴロー自身の防御力50%分に相当する。"
            ]
        },
        "5": {
            "名前": "犬突・動くこと雷の如く",
            "説明": [
                "獣牙突撃陣形戦法のスキルLv.+3。",
                "最大Lv.15まで。"
            ]
        },
        "6": {
            "名前": "犬勇・忠に厚きこと山の如く",
            "説明": [
                "犬坂の遠吠え方円陣または獣牙突撃陣形戦法発動後の12秒間、発動時の領域状態に基づき、周囲チーム全員の岩元素ダメージの会心ダメージをアップする。",
                "・「堅牢」：10%アップ。",
                "・「破耐」：20%アップ。",
                "・「粉砕」：40%アップ。",
                "この効果は重ね掛けできず、最後に発動したものが反映される。"
            ],
            "詳細": [
                {
                    "条件": "犬坂の遠吠え方円陣または獣牙突撃陣形戦法発動後(12秒)会心ダメージ+@10,20,40%",
                    "種類": "会心ダメージ",
                    "数値": 1
                }
            ]
        }
    },
    "おすすめセット": [
        {
            "武器": "西風猟弓",
            "聖遺物メイン効果3": "5_元素チャージ効率",
            "聖遺物メイン効果4": "5_岩元素ダメージバフ",
            "聖遺物メイン効果5": "5_会心率",
            "聖遺物セット効果1": "華館夢醒形骸記",
            "聖遺物セット効果2": "華館夢醒形骸記",
            "聖遺物優先するサブ効果1": "会心率",
            "聖遺物優先するサブ効果2": "会心ダメージ",
            "聖遺物優先するサブ効果3": "防御力%"
        },
        {
            "武器": "天空の翼",
            "聖遺物メイン効果3": "5_防御力%",
            "聖遺物メイン効果4": "5_岩元素ダメージバフ",
            "聖遺物メイン効果5": "5_会心ダメージ",
            "聖遺物セット効果1": "華館夢醒形骸記",
            "聖遺物セット効果2": "華館夢醒形骸記",
            "聖遺物優先するサブ効果1": "会心率",
            "聖遺物優先するサブ効果2": "会心ダメージ",
            "聖遺物優先するサブ効果3": "防御力%"
        },
        {
            "武器": "西風猟弓",
            "聖遺物メイン効果3": "5_元素チャージ効率",
            "聖遺物メイン効果4": "5_防御力%",
            "聖遺物メイン効果5": "5_会心率",
            "聖遺物セット効果1": "絶縁の旗印",
            "聖遺物セット効果2": "絶縁の旗印",
            "聖遺物優先するサブ効果1": "会心率",
            "聖遺物優先するサブ効果2": "会心ダメージ",
            "聖遺物優先するサブ効果3": "防御力%"
        },
        {
            "武器": "西風猟弓",
            "聖遺物メイン効果3": "5_元素チャージ効率",
            "聖遺物メイン効果4": "5_岩元素ダメージバフ",
            "聖遺物メイン効果5": "5_会心率",
            "聖遺物セット効果1": "悠久の磐岩",
            "聖遺物セット効果2": "悠久の磐岩",
            "聖遺物優先するサブ効果1": "会心率",
            "聖遺物優先するサブ効果2": "会心ダメージ",
            "聖遺物優先するサブ効果3": "防御力%"
        }
    ]
}