{
    "名前": "凝光",
    "説明": "「璃月七星」の一人、「天権」。富の多さで有名であり、全大陸で彼女に匹敵する者はまずいない。",
    "icon_url": "images/characters/face/geo_4_catalyst_Ningguang.png",
    "レアリティ": 4,
    "武器": "法器",
    "元素": "岩",
    "baseInfo": {
        "名前": "凝光",
        "誕生日": "8月26日",
        "命ノ星座": "璣衡儀座",
        "称号": "月を覆う天権",
        "神の目": "岩",
        "所属": "璃月七星",
        "中国語 CV": "杜冥鸦",
        "英語 CV": "Erin Ebers",
        "日本語 CV": "大原さやか",
        "韓国語 CV": "곽규미",
        "オリジナル料理": "乾坤モラミート",
        "実装バージョン": "1.0",
        "七聖召喚のカード": "$[{\"ep_id\":3191,\"icon\":\"https://upload-static.hoyoverse.com/hoyolab-wiki/2022/12/01/194600931/04f5250a14f6693d7583630bd84d1b06_434311017728284232.png\",\"amount\":0,\"name\":\"凝光\",\"menuId\":\"17\"}]$"
    },
    "region": "璃月港",
    "ステータス": {
        "基礎HP": {
            "1+": 821,
            "20": 2108,
            "20+": 2721,
            "40": 4076,
            "40+": 4512,
            "50": 5189,
            "50+": 5770,
            "60": 6448,
            "60+": 6884,
            "70": 7561,
            "70+": 7996,
            "80": 8674,
            "80+": 9110,
            "90": 9787
        },
        "基礎攻撃力": {
            "1+": 18,
            "20": 46,
            "20+": 59,
            "40": 88,
            "40+": 98,
            "50": 113,
            "50+": 125,
            "60": 140,
            "60+": 149.0,
            "70": 164,
            "70+": 174,
            "80": 188,
            "80+": 198,
            "90": 212
        },
        "基礎防御力": {
            "1+": 48,
            "20": 123,
            "20+": 159,
            "40": 239,
            "40+": 264,
            "50": 304,
            "50+": 338,
            "60": 378,
            "60+": 403,
            "70": 443,
            "70+": 468.0,
            "80": 508,
            "80+": 534,
            "90": 573
        },
        "岩元素ダメージバフ": {
            "1+": 0,
            "20": 0,
            "20+": 0,
            "40": 0,
            "40+": 6,
            "50": 6,
            "50+": 12,
            "60": 12,
            "60+": 12,
            "70": 12,
            "70+": 18,
            "80": 18,
            "80+": 24,
            "90": 24
        }
    },
    "固有変数": {
        "天権崩玉 宝石HIT数": 0
    },
    "オプション初期値": {
        "天権崩玉 宝石HIT数": 10
    },
    "通常攻撃": {
        "名前": "通常攻撃·千金擲",
        "説明": "<span style=\"color:#FFD780FF\">通常攻撃</span><br/>宝石を発射し、<span style=\"color:#FFE699FF\">岩元素ダメージ</span>を与える。<br/>命中した時、凝光に星璇を一枚付与する。<br/><br/><span style=\"color:#FFD780FF\">重撃</span><br/>スタミナを消費して巨大な宝石を発射し、<span style=\"color:#FFE699FF\">岩元素ダメージ</span>を与える。<br/>凝光に星璇がついている状態下で重撃を行うと、全ての星璇を一斉に発射し、さらにダメージを与える。<br/><br/><span style=\"color:#FFD780FF\">落下攻撃</span><br/>空中から晶岩の力を凝集しながら落下し、地面に衝撃を与える。経路上の敵を攻撃し、落下時に<span style=\"color:#FFE699FF\">岩元素範囲ダメージ</span>を与える。",
        "詳細": [
            {
                "名前": "通常攻撃ダメージ",
                "数値": {
                    "1": "28.0%",
                    "2": "30.1%",
                    "3": "32.2%",
                    "4": "35.0%",
                    "5": "37.1%",
                    "6": "39.2%",
                    "7": "42.0%",
                    "8": "44.8%",
                    "9": "47.6%",
                    "10": "50.4%",
                    "11": "53.3%"
                }
            },
            {
                "名前": "合計ダメージ",
                "数値": "通常攻撃#通常攻撃ダメージ*2"
            }
        ],
        "icon_url": "images/characters/geo_4_catalyst_Ningguang/talent_1.png"
    },
    "重撃": {
        "説明": [
            "スタミナを消費して巨大な宝石を発射し、岩元素ダメージを与える。",
            "凝光に星璇がついている状態下で重撃を行うと、全ての星璇を一斉に発射し、さらにダメージを与える。"
        ],
        "詳細": [
            {
                "名前": "重撃ダメージ",
                "数値": {
                    "1": "174%",
                    "2": "187%",
                    "3": "200%",
                    "4": "218%",
                    "5": "231%",
                    "6": "244%",
                    "7": "261%",
                    "8": "279%",
                    "9": "296%",
                    "10": "313%",
                    "11": "331%"
                }
            },
            {
                "名前": "星璇ダメージ",
                "数値": {
                    "1": "49.6%",
                    "2": "53.3%",
                    "3": "57.0%",
                    "4": "62.0%",
                    "5": "65.7%",
                    "6": "69.4%",
                    "7": "74.4%",
                    "8": "79.4%",
                    "9": "84.3%",
                    "10": "89.3%",
                    "11": "94.4%"
                }
            }
        ],
        "重撃スタミナ消費": 50
    },
    "落下攻撃": {
        "説明": "空中から晶岩の力を凝集しながら落下し、地面に衝撃を与える。経路上の敵を攻撃し、落下時に岩元素範囲ダメージを与える。",
        "詳細": [
            {
                "名前": "落下期間のダメージ",
                "種類": "落下攻撃ダメージ",
                "数値": {
                    "1": "56.8%",
                    "2": "61.5%",
                    "3": "66.1%",
                    "4": "72.7%",
                    "5": "77.3%",
                    "6": "82.6%",
                    "7": "89.9%",
                    "8": "97.1%",
                    "9": "104.4%",
                    "10": "112.3%",
                    "11": "120.3%"
                }
            },
            {
                "名前": "低空/高空落下攻撃ダメージ",
                "種類": "落下攻撃ダメージ",
                "数値": {
                    "1": "114%",
                    "2": "123%",
                    "3": "132%",
                    "4": "145%",
                    "5": "155%",
                    "6": "165%",
                    "7": "180%",
                    "8": "194%",
                    "9": "209%",
                    "10": "225%",
                    "11": "240%"
                }
            },
            {
                "名前": "低空/高空落下攻撃ダメージ",
                "種類": "落下攻撃ダメージ",
                "数値": {
                    "1": "142%",
                    "2": "153%",
                    "3": "165%",
                    "4": "182%",
                    "5": "193%",
                    "6": "206%",
                    "7": "224%",
                    "8": "243%",
                    "9": "261%",
                    "10": "281%",
                    "11": "300%"
                }
            }
        ]
    },
    "元素スキル": {
        "名前": "璇璣屏",
        "説明": "黄金、黒曜岩、強者の余裕で璇璣屏を作り、<span style=\"color: rgb(255, 230, 153)\">岩元素範囲ダメージ</span>を与える。<br><br><span style=\"color: rgb(255, 215, 128)\">璇璣屏</span><br>・敵の投擲攻撃を防御する。<br>・耐久度は凝光のHP上限によって決まる。<br><br>璇璣屏は<span style=\"color: rgb(255, 230, 153)\">岩元素創造物</span>と見なされ、一部の攻撃を防ぐことができるが、璇璣屏に登ることはできない。同時に最大1つまで存在可能。<br><br><em>星羅棋布、璇璣合屏。</em>",
        "詳細": [
            {
                "名前": "HP継承",
                "種類": "元素創造物HP",
                "数値": {
                    "1": "50.1%HP上限",
                    "2": "53.1%HP上限",
                    "3": "56.1%HP上限",
                    "4": "60.0%HP上限",
                    "5": "63.0%HP上限",
                    "6": "66.0%HP上限",
                    "7": "69.9%HP上限",
                    "8": "73.8%HP上限",
                    "9": "77.7%HP上限",
                    "10": "81.6%HP上限",
                    "11": "85.5%HP上限",
                    "12": "89.4%HP上限",
                    "13": "93.3%HP上限"
                }
            },
            {
                "名前": "スキルダメージ",
                "数値": {
                    "1": "230%",
                    "2": "248%",
                    "3": "265%",
                    "4": "288%",
                    "5": "305%",
                    "6": "323%",
                    "7": "346%",
                    "8": "369%",
                    "9": "392%",
                    "10": "415%",
                    "11": "438%",
                    "12": "461%",
                    "13": "490%"
                }
            }
        ],
        "クールタイム": 12,
        "粒子生成数": 3.5,
        "icon_url": "images/characters/geo_4_catalyst_Ningguang/talent_2.png"
    },
    "元素爆発": {
        "名前": "天権崩玉",
        "説明": "自身の周りに宝石を凝聚させ、それらを一気に放つ。自動索敵する宝石は周りの敵を攻撃し、大量の<span style=\"color:#FFE699FF\">岩元素ダメージ</span>を与える。<br/>周りに璇璣屏が存在する時に天権崩玉を発動すると、璇璣屏から追加で宝石が放たれ、敵を攻撃する。<br/><br/><i>星が散り、敵を滅ぼす。</i>",
        "詳細": [
            {
                "名前": "宝石ダメージ",
                "数値": {
                    "1": "87.0%",
                    "2": "93.5%",
                    "3": "100%",
                    "4": "109%",
                    "5": "115%",
                    "6": "122%",
                    "7": "130%",
                    "8": "139%",
                    "9": "148%",
                    "10": "157%",
                    "11": "165%",
                    "12": "174%",
                    "13": "185%",
                    "14": "196%"
                }
            },
            {
                "名前": "合計",
                "種類": "他所基準ダメージ",
                "数値": "元素爆発#宝石ダメージ*天権崩玉 宝石HIT数"
            },
            {
                "条件": "天権崩玉 宝石HIT数@1-12発",
                "種類": "固有変数"
            }
        ],
        "クールタイム": 12,
        "元素エネルギー": 40,
        "icon_url": "images/characters/geo_4_catalyst_Ningguang/talent_3.png"
    },
    "固有天賦": [
        {
            "名前": "物換星移",
            "説明": "星璇がついている間、凝光の重撃はスタミナを消費しない。",
            "icon_url": "images/characters/geo_4_catalyst_Ningguang/talent_4.png"
        },
        {
            "名前": "備えあれば憂いなし",
            "説明": "<span style=\"color:#FFD780FF\">璇璣屏</span>を突き抜けたキャラクターの<span style=\"color:#FFE699FF\">岩元素ダメージ</span>+12%、継続時間10秒。",
            "詳細": [
                {
                    "条件": "備えあれば憂いなし 岩元素ダメージ+12%",
                    "種類": "岩元素ダメージバフ",
                    "数値": 12
                }
            ],
            "icon_url": "images/characters/geo_4_catalyst_Ningguang/talent_5.png"
        },
        {
            "名前": "奇石宝物録",
            "説明": "ミニマップで周囲の<span style=\"color:#FFD780FF\">鍛造に使われる鉱石の鉱脈</span>の位置を表示する。",
            "icon_url": "images/characters/geo_4_catalyst_Ningguang/talent_6.png"
        }
    ],
    "命ノ星座": {
        "1": {
            "名前": "散る星の破片",
            "説明": "通常攻撃が命中すると範囲ダメージを与える。",
            "icon_url": "images/characters/geo_4_catalyst_Ningguang/summaryList_1.png",
            "詳細": []
        },
        "2": {
            "名前": "璇璣、崑崙を鎮める",
            "説明": "<span style=\"color:#FFD780FF\">璇璣屏</span>が破裂した時、クールタイムがリセットする。<br/>6秒毎に1回のみ発動可能。",
            "icon_url": "images/characters/geo_4_catalyst_Ningguang/summaryList_2.png",
            "詳細": []
        },
        "3": {
            "名前": "森羅星列の囲い",
            "説明": "<span style=\"color:#FFD780FF\">天権崩玉</span>のスキルLv.+3。<br/>最大Lv.15まで。",
            "icon_url": "images/characters/geo_4_catalyst_Ningguang/summaryList_3.png",
            "詳細": []
        },
        "4": {
            "名前": "神機妙道の陣組み",
            "説明": "<span style=\"color:#FFD780FF\">璇璣屏</span>付近のキャラクターの全元素耐性+10%。",
            "詳細": [
                {
                    "条件": "神機妙道の陣組み 全元素耐性+10%",
                    "種類": "全元素耐性",
                    "数値": 10
                }
            ],
            "icon_url": "images/characters/geo_4_catalyst_Ningguang/summaryList_4.png"
        },
        "5": {
            "名前": "瓊屏と千扇の守り",
            "説明": "<span style=\"color:#FFD780FF\">璇璣屏</span>のスキルLv.+3。<br/>最大Lv.15まで。",
            "icon_url": "images/characters/geo_4_catalyst_Ningguang/summaryList_5.png",
            "詳細": []
        },
        "6": {
            "名前": "燦々たる七星",
            "説明": "<span style=\"color:#FFD780FF\">天権崩玉</span>を放つ時、凝光に七枚の星璇を生成する。",
            "icon_url": "images/characters/geo_4_catalyst_Ningguang/summaryList_6.png",
            "詳細": []
        }
    },
    "おすすめセット": [
        {
            "武器": "四風原典",
            "聖遺物メイン効果3": "5_攻撃力%",
            "聖遺物メイン効果4": "5_岩元素ダメージバフ",
            "聖遺物メイン効果5": "5_会心ダメージ",
            "聖遺物セット効果1": "悠久の磐岩",
            "聖遺物セット効果2": "剣闘士のフィナーレ",
            "聖遺物優先するサブ効果1": "会心率",
            "聖遺物優先するサブ効果2": "会心ダメージ",
            "聖遺物優先するサブ効果3": "攻撃力%"
        },
        {
            "武器": "天空の巻",
            "聖遺物メイン効果3": "5_攻撃力%",
            "聖遺物メイン効果4": "5_岩元素ダメージバフ",
            "聖遺物メイン効果5": "5_会心率",
            "聖遺物セット効果1": "悠久の磐岩",
            "聖遺物セット効果2": "剣闘士のフィナーレ",
            "聖遺物優先するサブ効果1": "会心ダメージ",
            "聖遺物優先するサブ効果2": "会心率",
            "聖遺物優先するサブ効果3": "攻撃力%"
        },
        {
            "武器": "流浪楽章",
            "聖遺物メイン効果3": "5_攻撃力%",
            "聖遺物メイン効果4": "5_岩元素ダメージバフ",
            "聖遺物メイン効果5": "5_会心率",
            "聖遺物セット効果1": "悠久の磐岩",
            "聖遺物セット効果2": "剣闘士のフィナーレ",
            "聖遺物優先するサブ効果1": "会心率",
            "聖遺物優先するサブ効果2": "会心ダメージ",
            "聖遺物優先するサブ効果3": "攻撃力%"
        },
        {
            "武器": "匣中日月",
            "聖遺物メイン効果3": "5_攻撃力%",
            "聖遺物メイン効果4": "5_岩元素ダメージバフ",
            "聖遺物メイン効果5": "5_会心ダメージ",
            "聖遺物セット効果1": "悠久の磐岩",
            "聖遺物セット効果2": "剣闘士のフィナーレ",
            "聖遺物優先するサブ効果1": "会心率",
            "聖遺物優先するサブ効果2": "会心ダメージ",
            "聖遺物優先するサブ効果3": "攻撃力%"
        },
        {
            "武器": "金珀·試作",
            "聖遺物メイン効果3": "5_攻撃力%",
            "聖遺物メイン効果4": "5_岩元素ダメージバフ",
            "聖遺物メイン効果5": "5_会心率",
            "聖遺物セット効果1": "悠久の磐岩",
            "聖遺物セット効果2": "剣闘士のフィナーレ",
            "聖遺物優先するサブ効果1": "会心ダメージ",
            "聖遺物優先するサブ効果2": "会心率",
            "聖遺物優先するサブ効果3": "攻撃力%"
        }
    ],
    "NEXT STEP": "元素爆発.宝石ダメージ"
}