{
    "名前": "雲菫",
    "レアリティ": 4,
    "武器": "長柄武器",
    "元素": "岩",
    "ステータス": {
        "基礎HP": {
            "80": 9445,
            "80+": 9919,
            "90": 10657
        },
        "基礎攻撃力": {
            "80": 169,
            "80+": 178,
            "90": 191
        },
        "基礎防御力": {
            "80": 651,
            "80+": 684,
            "90": 734
        },
        "元素チャージ効率": {
            "80": 20,
            "80+": 26.7,
            "90": 26.7
        }
    },
    "通常攻撃": {
        "名前": "通常攻撃・拂雲出手",
        "説明": "槍による最大5段の連続攻撃を行う。",
        "詳細": [
            {
                "名前": "1段ダメージ",
                "数値": {
                    "1": "40.51%",
                    "2": "43.8%",
                    "3": "47.1%",
                    "4": "51.81%",
                    "5": "55.11",
                    "6": "58.88%",
                    "7": "64.06",
                    "8": "69.24%",
                    "9": "74.42%",
                    "10": "80.07%",
                    "11": "85.72%"
                }
            },
            {
                "名前": "2段ダメージ",
                "数値": {
                    "1": "40.25%",
                    "2": "43.52%",
                    "3": "46.8%",
                    "4": "51.48%",
                    "5": "54.76%",
                    "6": "58.5%",
                    "7": "63.65%",
                    "8": "68.8%",
                    "9": "73.94%",
                    "10": "79.56%",
                    "11": "85.18%"
                }
            },
            {
                "名前": "3段ダメージ",
                "数値": {
                    "1": "22.96%+27.52%",
                    "2": "24.83%+29.76%",
                    "3": "26.7%+32%",
                    "4": "29.37%+35.2%",
                    "5": "31.24%+37.44%",
                    "6": "33.38%+40%",
                    "7": "36.31%+43.52%",
                    "8": "39.25%+47.04%",
                    "9": "42.19%+45.39%",
                    "10": "45.39%+54.4%",
                    "11": "48.59%+58.24%"
                },
                "HIT数": 2
            },
            {
                "名前": "4段ダメージ",
                "数値": {
                    "1": "23.99%+28.81%",
                    "2": "25.95%+29.76%",
                    "3": "27.9%+33.5%",
                    "4": "30.69%+36.85%",
                    "5": "32.64%+39.2%",
                    "6": "34.88%+41.88%",
                    "7": "37.94%+45.56%",
                    "8": "41.01%+49.25%",
                    "9": "44.08%+49.25%",
                    "10": "47.43%+56.95%",
                    "11": "50.78%+60.97%"
                },
                "HIT数": 2
            },
            {
                "名前": "5段ダメージ",
                "数値": {
                    "1": "67.34%",
                    "2": "72.82%",
                    "3": "78.3%",
                    "4": "86.13%",
                    "5": "91.61%",
                    "6": "97.88%",
                    "7": "106.49%",
                    "8": "115.1%",
                    "9": "123.71%",
                    "10": "133.11%",
                    "11": "142.51%"
                }
            }
        ]
    },
    "重撃": {
        "説明": "一定のスタミナを消費して前方に突進し、経路上の敵にダメージを与える。",
        "詳細": [
            {
                "名前": "重撃ダメージ",
                "種類": "重撃ダメージ",
                "数値": {
                    "1": "121.69%",
                    "2": "131.6%",
                    "3": "141.5%",
                    "4": "155.65%",
                    "5": "165.56%",
                    "6": "176.88%",
                    "7": "192.44%",
                    "8": "208.01%",
                    "9": "223.57%",
                    "10": "240.55%",
                    "11": "260.01%"
                }
            }
        ],
        "重撃スタミナ消費": 25
    },
    "落下攻撃": {
        "説明": "空中から落下し地面に衝撃を与える。経路上の敵を攻撃し、落下時に範囲ダメージを与える。",
        "詳細": [
            {
                "名前": "落下期間のダメージ",
                "種類": "落下攻撃ダメージ",
                "数値": {
                    "1": "63.93%",
                    "2": "69.14%",
                    "3": "74.34%",
                    "4": "81.77%",
                    "5": "86.98%",
                    "6": "92.93%",
                    "7": "101.1%",
                    "8": "109.28%",
                    "9": "117.46%",
                    "10": "126.38%",
                    "11": "135.3%"
                }
            },
            {
                "名前": "低空落下攻撃ダメージ",
                "種類": "落下攻撃ダメージ",
                "数値": {
                    "1": "127.84%",
                    "2": "138.24%",
                    "3": "148.65%",
                    "4": "163.51%",
                    "5": "173.92%",
                    "6": "185.81%",
                    "7": "202.16%",
                    "8": "218.51%",
                    "9": "234.86%",
                    "10": "252.7%",
                    "11": "270.54%"
                }
            },
            {
                "名前": "高空落下攻撃ダメージ",
                "種類": "落下攻撃ダメージ",
                "数値": {
                    "1": "159.68%",
                    "2": "172.67%",
                    "3": "185.67%",
                    "4": "204.24%",
                    "5": "217.23%",
                    "6": "232.09%",
                    "7": "253.51%",
                    "8": "272.93%",
                    "9": "293.36%",
                    "10": "315.64%",
                    "11": "337.92%"
                }
            }
        ]
    },
    "元素スキル": {
        "名前": "旋雲開相",
        "説明": [
            "雲菫が武道劇で披露する殺陣は、実践でも通用する。",
            "**一回押し**",
            "雲をも切り裂く勢いで槍を回転させ、岩元素ダメージを与える。",
            "**長押し**",
            "旋雲開相の構えで力を溜め、シールドを作り出す。",
            "シールドのダメージ吸収量は雲菫のHP上限によって決まり、全元素ダメージおよび物理ダメージに対して150%の吸収効果を持つ。",
            "シールドは元素スキル発動完了まで継続する。元素スキルボタンを離す、または継続時間の終了時やシールドが破壊された時、蓄積された力を長槍から解き放ち、岩元素ダメージを与える。",
            "チャージ時間によって、発動時の状態は2段階に分かれる。",
            "*舞台上で見せる輝かしい一瞬は、その裏で努力を十年積み重ねてきた結晶である。*"
        ],
        "詳細": [
            {
                "名前": "一回押しダメージ",
                "数値": {
                    "1": "149.12%防御力",
                    "2": "160.3%防御力",
                    "3": "171.49%防御力",
                    "4": "186.4%防御力",
                    "5": "197.58%防御力",
                    "6": "208.77%防御力",
                    "7": "223.68%防御力",
                    "8": "238.59%防御力",
                    "9": "253.5%防御力",
                    "10": "268.42%防御力",
                    "11": "283.33%防御力",
                    "12": "298.24%防御力",
                    "13": "316.88%防御力"
                }
            },
            {
                "名前": "1段チャージダメージ",
                "数値": {
                    "1": "260.96%防御力",
                    "2": "280.53%防御力",
                    "3": "300.1%防御力",
                    "4": "326.2%防御力",
                    "5": "345.77%防御力",
                    "6": "365.34%防御力",
                    "7": "391.44%防御力",
                    "8": "417.54%防御力",
                    "9": "443.63%防御力",
                    "10": "469.73%防御力",
                    "11": "495.82%防御力",
                    "12": "521.92%防御力",
                    "13": "554.54%防御力"
                }
            },
            {
                "名前": "2段チャージダメージ",
                "数値": {
                    "1": "372.8%防御力",
                    "2": "400.76%防御力",
                    "3": "428.72%防御力",
                    "4": "466%防御力",
                    "5": "493.96%防御力",
                    "6": "521.92%防御力",
                    "7": "559.2%防御力",
                    "8": "596.48%防御力",
                    "9": "633.76%防御力",
                    "10": "671.04%防御力",
                    "11": "708.32%防御力",
                    "12": "745.6%防御力",
                    "13": "792.2%防御力"
                }
            },
            {
                "名前": "シールド吸収量",
                "種類": "シールド",
                "数値": {
                    "1": "12%HP上限+1155",
                    "2": "12.9%HP上限+1271",
                    "3": "13.8%HP上限+1396",
                    "4": "15%HP上限+1531",
                    "5": "15.9%HP上限+1675",
                    "6": "16.8%HP上限+1830",
                    "7": "18%HP上限+1993",
                    "8": "19.2%HP上限+2167",
                    "9": "20.4%HP上限+2350",
                    "10": "21.6%HP上限+2542",
                    "11": "22.8%HP上限+2744",
                    "12": "24%HP上限+2956",
                    "13": "25.5%HP上限+3178"
                }
            }
        ],
        "クールタイム": 9,
        "粒子生成数": "2/2.5/3個"
    },
    "元素爆発": {
        "名前": "破嶂の旌儀",
        "説明": [
            "岩元素範囲ダメージを与え、周囲のチーム全員に「飛雲旗陣」効果を与える。",
            "**飛雲旗陣**",
            "敵に通常攻撃ダメージを与える時、雲菫自身の防御力を基準にダメージがアップする。",
            "「飛雲旗陣」効果は継続時間の終了、または規定回数の発動後に消失する。",
            "一回の通常攻撃が複数の敵に命中した場合は、その敵の数に応じて発動回数が消費される。「飛雲旗陣」の発動回数は、付与されたキャラクターごとに計算される。",
            "「轟々と鳴る鼓の中、刀槍矛戟と空を舞う影が現れる。麗しき女性がその幕で演ずるは掌旗大将。」",
            "「紅絨毯の上で楽器が一斉に鳴り響く。妖魔を鎮める彼女の姿を、とくとご覧あれ。」"
        ],
        "詳細": [
            {
                "名前": "スキルダメージ",
                "数値": {
                    "1": "244%",
                    "2": "262.3%",
                    "3": "280.6%",
                    "4": "305%",
                    "5": "323.3%",
                    "6": "341.6%",
                    "7": "366%",
                    "8": "390.4%",
                    "9": "414.8%",
                    "10": "439.2%",
                    "11": "463.6%",
                    "12": "488%",
                    "13": "518.5%"
                }
            },
            {
                "条件": "飛雲旗陣",
                "種類": "通常攻撃ダメージアップ",
                "数値": {
                    "1": "32.16%防御力",
                    "2": "34.57%防御力",
                    "3": "36.98%防御力",
                    "4": "40.2%防御力",
                    "5": "42.61%防御力",
                    "6": "45.02%防御力",
                    "7": "48.24%防御力",
                    "8": "51.46%防御力",
                    "9": "54.67%防御力",
                    "10": "57.89%防御力",
                    "11": "61.1%防御力",
                    "12": "64.32%防御力",
                    "13": "68.34%防御力"
                }
            },
            {
                "名前": "ダメージアップ",
                "種類": "表示",
                "数値": {
                    "1": "32.16%防御力",
                    "2": "34.57%防御力",
                    "3": "36.98%防御力",
                    "4": "40.2%防御力",
                    "5": "42.61%防御力",
                    "6": "45.02%防御力",
                    "7": "48.24%防御力",
                    "8": "51.46%防御力",
                    "9": "54.67%防御力",
                    "10": "57.89%防御力",
                    "11": "61.1%防御力",
                    "12": "64.32%防御力",
                    "13": "68.34%防御力"
                }
            }
        ],
        "継続時間": 12,
        "発動回数": 30,
        "クールタイム": 15,
        "元素エネルギー": 60
    },
    "固有天賦": [
        {
            "名前": "自我堅守",
            "種類": "固有天賦",
            "説明": "攻撃された瞬間に発動する旋雲開相は、長押しの2段チャージ状態になる。"
        },
        {
            "名前": "独立嶄然",
            "種類": "固有天賦",
            "説明": [
                "チーム内キャラクターの元素タイプが1/2/3/4種類の時、「飛雲旗陣」による通常攻撃ダメージアップ効果は、さらに雲菫の防御力2.5%/5%/7.5%/11.5%分上乗せされる。"
            ],
            "詳細": [
                {
                    "条件": "飛雲旗陣&チーム内キャラクターの元素タイプ@1-4種類",
                    "種類": "通常攻撃ダメージアップ",
                    "数値": "2.5%防御力"
                },
                {
                    "条件": "飛雲旗陣&チーム内キャラクターの元素タイプ@4種類",
                    "種類": "通常攻撃ダメージアップ",
                    "数値": "1.5%防御力"
                },
                {
                    "条件": "チーム内キャラクターの元素タイプ@1-4種類",
                    "種類": "元素爆発強化",
                    "対象": "表示.ダメージアップ",
                    "数値": "2.5%防御力"
                },
                {
                    "条件": "チーム内キャラクターの元素タイプ@4種類",
                    "種類": "元素爆発強化",
                    "対象": "表示.ダメージアップ",
                    "数値": "1.5%防御力"
                }
            ]
        },
        {
            "名前": "清食養性",
            "種類": "固有天賦",
            "説明": "冒険系料理を完璧調理した時、12%の確率で料理を2倍獲得する。"
        }
    ],
    "命ノ星座": {
        "1": {
            "名前": "飛身趟馬",
            "説明": [
                "旋雲開相のクールタイム-18%"
            ]
        },
        "2": {
            "名前": "諸般切末",
            "説明": "破嶂の旌儀発動後、周囲チーム全員の通常攻撃ダメージ+15%、継続時間12秒。",
            "詳細": [
                {
                    "条件": "破嶂の旌儀発動後(12秒)通常攻撃ダメージ+15%",
                    "種類": "通常攻撃ダメージバフ",
                    "数値": 15
                }
            ]
        },
        "3": {
            "名前": "牙纛探海",
            "説明": [
                "破嶂の旌儀のスキルLv+3。",
                "最大Lv.15まで。"
            ]
        },
        "4": {
            "名前": "昇堂吊雲",
            "説明": [
                "雲菫が結晶反応を起こすと防御力+20%、継続時間12秒。"
            ],
            "詳細": [
                {
                    "条件": "結晶反応を起こした後(12秒)防御力+20%",
                    "種類": "防御力%",
                    "数値": 20
                }
            ]
        },
        "5": {
            "名前": "翹楚名坤",
            "説明": [
                "旋雲開相のスキルLv+3。",
                "最大Lv.15まで。"
            ]
        },
        "6": {
            "名前": "荘諧併持",
            "説明": "「飛雲旗陣」状態のキャラクターの通常攻撃の攻撃速度+12%。"
        }
    },
    "おすすめセット": [
        {
            "武器": "西風長槍",
            "聖遺物メイン効果3": "5_防御力%",
            "聖遺物メイン効果4": "5_防御力%",
            "聖遺物メイン効果5": "5_会心率",
            "聖遺物セット効果1": "華館夢醒形骸記",
            "聖遺物セット効果2": "華館夢醒形骸記",
            "聖遺物優先するサブ効果1": "会心率",
            "聖遺物優先するサブ効果2": "元素チャージ効率",
            "聖遺物優先するサブ効果3": "防御力%"
        },
        {
            "武器": "喜多院十文字槍",
            "聖遺物メイン効果3": "5_防御力%",
            "聖遺物メイン効果4": "5_防御力%",
            "聖遺物メイン効果5": "5_防御力%",
            "聖遺物セット効果1": "華館夢醒形骸記",
            "聖遺物セット効果2": "華館夢醒形骸記",
            "聖遺物優先するサブ効果1": "元素チャージ効率",
            "聖遺物優先するサブ効果2": "会心率",
            "聖遺物優先するサブ効果3": "会心ダメージ"
        },
        {
            "武器": "死闘の槍",
            "聖遺物メイン効果3": "5_防御力%",
            "聖遺物メイン効果4": "5_岩元素ダメージバフ",
            "聖遺物メイン効果5": "5_会心ダメージ",
            "聖遺物セット効果1": "華館夢醒形骸記",
            "聖遺物セット効果2": "華館夢醒形骸記",
            "聖遺物優先するサブ効果1": "会心率",
            "聖遺物優先するサブ効果2": "会心ダメージ",
            "聖遺物優先するサブ効果3": "防御力%"
        },
        {
            "武器": "西風長槍",
            "聖遺物メイン効果3": "5_防御力%",
            "聖遺物メイン効果4": "5_防御力%",
            "聖遺物メイン効果5": "5_会心率",
            "聖遺物セット効果1": "華館夢醒形骸記",
            "聖遺物セット効果2": "絶縁の旗印",
            "聖遺物優先するサブ効果1": "元素チャージ効率",
            "聖遺物優先するサブ効果2": "会心率",
            "聖遺物優先するサブ効果3": "防御力%"
        }
    ]
}