{
    "名前": "荒瀧一斗",
    "説明": "稲妻城の花見坂で活動する「荒瀧派」の初代親分。なにっ！？荒瀧派なんて聞いたこともないだと？喧嘩売ってんのか、コラァ！？",
    "icon_url": "images/characters/face/geo_5_claymore_AratakiItto.png",
    "レアリティ": 5,
    "武器": "両手剣",
    "元素": "岩",
    "baseInfo": {
        "名前": "荒瀧一斗",
        "誕生日": "6月1日",
        "命ノ星座": "天ノ牛座",
        "称号": "花坂豪快",
        "神の目": "岩",
        "所属": "荒瀧派",
        "中国語 CV": "刘照坤",
        "英語 CV": "Max Mittelman",
        "日本語 CV": "西川貴教",
        "韓国語 CV": "송준석",
        "オリジナル料理": "強者の道のり",
        "実装バージョン": "2.3"
    },
    "region": "稲妻城",
    "ステータス": {
        "基礎HP": {
            "1+": 1001,
            "20": 2597,
            "20+": 3455,
            "40": 5170,
            "40+": 5779,
            "50": 6649,
            "50+": 7462,
            "60": 8341,
            "60+": 8951,
            "70": 9839,
            "70+": 10448,
            "80": 11345,
            "80+": 11954,
            "90": 12858.0
        },
        "基礎攻撃力": {
            "1+": 18,
            "20": 46,
            "20+": 61,
            "40": 91,
            "40+": 102,
            "50": 117,
            "50+": 132,
            "60": 147,
            "60+": 158,
            "70": 174,
            "70+": 185,
            "80": 200,
            "80+": 211.0,
            "90": 227
        },
        "基礎防御力": {
            "1+": 75,
            "20": 194,
            "20+": 258,
            "40": 386,
            "40+": 431,
            "50": 496,
            "50+": 557.0,
            "60": 622,
            "60+": 668.0,
            "70": 734,
            "70+": 779,
            "80": 846,
            "80+": 892,
            "90": 959
        },
        "会心率": {
            "1+": 0,
            "20": 0,
            "20+": 0,
            "40": 0,
            "40+": 4.8,
            "50": 4.8,
            "50+": 9.6,
            "60": 9.6,
            "60+": 9.6,
            "70": 9.6,
            "70+": 14.4,
            "80": 14.4,
            "80+": 19.2,
            "90": 19.2
        }
    },
    "通常攻撃": {
        "名前": "通常攻撃·喧嘩屋伝説",
        "説明": "<span style=\"color: rgb(255, 215, 128)\">通常攻撃</span><br>最大4段の連続攻撃を行う。<br>2段目と4段目の攻撃が敵に命中すると、それぞれ1層分と2層分の「乱神の怪力」効果を獲得する。<br>所有できる乱神の怪力は最大5層までとなり、獲得するたびに既存の乱神の怪力の継続時間を更新する。<br><br>元素スキル「魔殺絶技·岩牛発破！」を発動またはダッシュした後の一定時間、通常攻撃の連撃段数がリセットされない。<br><br><span style=\"color: rgb(255, 215, 128)\">重撃</span><br>長押しで重撃を発動する時、乱神の怪力を所有していると、スタミナを消費しない「荒瀧逆袈裟」斬撃を発動できる。荒瀧逆袈裟を発動するたびに乱神の怪力が1層消費される。最後の1層を消費すると、強力なとどめの一撃を繰り出す。<br>乱神の怪力を所有していない時、スタミナを消費し、力強い左一文字斬りを繰り出す。<br><br><span style=\"color: rgb(255, 215, 128)\">落下攻撃</span><br>空中から落下し地面に衝撃を与える。経路上の敵を攻撃し、落下時に範囲ダメージを与える。",
        "詳細": [
            {
                "名前": "1段ダメージ",
                "数値": {
                    "1": "79.23%",
                    "2": "85.68%",
                    "3": "92.13%",
                    "4": "101.34%",
                    "5": "107.79%",
                    "6": "115.16%",
                    "7": "125.3%",
                    "8": "135.43%",
                    "9": "145.57%",
                    "10": "156.62%",
                    "11": "169.29%"
                }
            },
            {
                "名前": "2段ダメージ",
                "数値": {
                    "1": "76.37%",
                    "2": "82.58%",
                    "3": "88.8%",
                    "4": "97.68%",
                    "5": "103.9%",
                    "6": "111%",
                    "7": "120.77%",
                    "8": "130.54%",
                    "9": "140.3%",
                    "10": "150.96%",
                    "11": "163.17%"
                }
            },
            {
                "名前": "3段ダメージ",
                "数値": {
                    "1": "91.64%",
                    "2": "99.1%",
                    "3": "106.53%",
                    "4": "117.22%",
                    "5": "124.68%",
                    "6": "133.2%",
                    "7": "144.92%",
                    "8": "156.64%",
                    "9": "168.36%",
                    "10": "181.15%",
                    "11": "195.8%"
                }
            },
            {
                "名前": "4段ダメージ",
                "数値": {
                    "1": "117.22%",
                    "2": "126.77%",
                    "3": "136.31%",
                    "4": "149.94%",
                    "5": "159.48%",
                    "6": "170.39%",
                    "7": "185.38%",
                    "8": "200.37%",
                    "9": "215.37%",
                    "10": "231.72%",
                    "11": "250.47%"
                }
            }
        ],
        "icon_url": "images/characters/geo_5_claymore_AratakiItto/talent_1.png"
    },
    "重撃": {
        "説明": [
            "長押しで重撃を発動する時、乱神の怪力を所有していると、スタミナを消費しない「荒瀧逆袈裟」を発動できる。",
            "荒瀧逆袈裟を発動するたびに乱神の怪力が1層消費される。最後の1層を消費すると、強力なとどめの一撃を繰り出す。"
        ],
        "詳細": [
            {
                "名前": "荒瀧逆袈裟連斬ダメージ",
                "数値": {
                    "1": "91.16%",
                    "2": "98.58%",
                    "3": "106%",
                    "4": "116.6%",
                    "5": "124.02%",
                    "6": "132.5%",
                    "7": "144.16%",
                    "8": "155.82%",
                    "9": "167.48%",
                    "10": "180.2%",
                    "11": "194.78%"
                }
            },
            {
                "名前": "荒瀧逆袈裟とどめダメージ",
                "数値": {
                    "1": "190.92%",
                    "2": "206.46%",
                    "3": "222%",
                    "4": "244.2%",
                    "5": "259.74%",
                    "6": "277.5%",
                    "7": "301.92%",
                    "8": "326.34%",
                    "9": "350.76%",
                    "10": "377.4%",
                    "11": "407.93%"
                }
            },
            {
                "名前": "左一文字斬りダメージ",
                "数値": {
                    "1": "90.47%",
                    "2": "97.84%",
                    "3": "105.2%",
                    "4": "115.72%",
                    "5": "123.08%",
                    "6": "131.5%",
                    "7": "143.07%",
                    "8": "154.64%",
                    "9": "166.22%",
                    "10": "178.84%",
                    "11": "193.31%"
                }
            }
        ]
    },
    "落下攻撃": {
        "説明": "空中から落下し地面に衝撃を与える。経路上の敵を攻撃し、落下時に範囲ダメージを与える。",
        "詳細": [
            {
                "名前": "落下期間のダメージ",
                "種類": "落下攻撃ダメージ",
                "数値": {
                    "1": "81.38%",
                    "2": "88.49%",
                    "3": "95.16%",
                    "4": "104.67%",
                    "5": "111.33%",
                    "6": "118.94%",
                    "7": "129.41%",
                    "8": "139.88%",
                    "9": "150.33%",
                    "10": "161.76%",
                    "11": "173.18%"
                }
            },
            {
                "名前": "低空/高空落下攻撃ダメージ",
                "種類": "落下攻撃ダメージ",
                "数値": {
                    "1": "163.63%",
                    "2": "176.95%",
                    "3": "190.27%",
                    "4": "209.3%",
                    "5": "222.62%",
                    "6": "237.84%",
                    "7": "258.77%",
                    "8": "279.7%",
                    "9": "300.6%",
                    "10": "323.46%",
                    "11": "346.29%"
                }
            },
            {
                "名前": "低空/高空落下攻撃ダメージ",
                "種類": "落下攻撃ダメージ",
                "数値": {
                    "1": "204.39%",
                    "2": "221.02%",
                    "3": "237.66%",
                    "4": "261.42%",
                    "5": "278.06%",
                    "6": "297.07%",
                    "7": "323.21%",
                    "8": "349.36%",
                    "9": "375.5%",
                    "10": "404.02%",
                    "11": "432.54%"
                }
            }
        ]
    },
    "元素スキル": {
        "名前": "魔殺絶技·岩牛発破！",
        "説明": "荒瀧派の隠れた構成員である岩べこ「丑雄」を素早く投げつけ、命中した敵に<span style=\"color: rgb(255, 230, 153)\">岩元素ダメージ</span>を与える。「丑雄」が敵に命中すると、荒瀧一斗に「乱神の怪力」効果を1層与える。<br><br>「丑雄」はフィールドに残って戦闘のサポートを行う。<br>・持続的に周囲の敵を挑発し、攻撃を引き付ける。<br>・耐久度は荒瀧一斗のHP上限によって決まる。<br>・ダメージを受けると、荒瀧一斗自身に「乱神の怪力」効果を1層付与する。この方式での獲得は2秒毎に1回のみ可能。<br>・耐久度が尽きる、または継続時間が終了すると撤退し、荒瀧一斗自身に「乱神の怪力」を1層付与する。<br><br><span style=\"color: rgb(255, 215, 128)\">長押し</span><br>投擲方向を調整できる。<br><br>「丑雄」は<span style=\"color: rgb(255, 230, 153)\">岩元素創造物</span>とみなされる。荒瀧一斗自身が召喚した「丑雄」は、同時に1体しか存在できない。<br><br><em>スキル名は小説『鬼武道』（著·順吉）を参考にしたものだが、「鬼殺絶技」をそのまま流用するのは著作権上に問題があったようだ。一斗は「鬼」だというのに。</em>",
        "詳細": [
            {
                "名前": "スキルダメージ",
                "数値": {
                    "1": "307.2%",
                    "2": "330.24%",
                    "3": "353.28%",
                    "4": "384%",
                    "5": "407.04%",
                    "6": "430.08%",
                    "7": "460.8%",
                    "8": "491.52%",
                    "9": "522.24%",
                    "10": "552.96%",
                    "11": "583.68%",
                    "12": "614.4%",
                    "13": "652.8%"
                }
            },
            {
                "名前": "HP継承",
                "種類": "元素創造物HP",
                "数値": "100%HP上限"
            }
        ],
        "粒子生成数": "2～4個",
        "継続時間": 6,
        "クールタイム": 10,
        "icon_url": "images/characters/geo_5_claymore_AratakiItto/talent_2.png"
    },
    "元素爆発": {
        "名前": "最凶鬼王·一斗轟臨！！",
        "説明": "荒瀧派·一斗の威名を轟かせる時が来た！発動後、荒瀧一斗は一定時間「憤怒の鬼王」と化し、鬼王金砕棒で戦うようになる。<br>鬼王金砕棒は下記の特徴を持つ。<br>・通常攻撃、重撃、落下攻撃ダメージは、元素付与によって他の元素に変化しない<span style=\"color: rgb(255, 230, 153)\">岩元素ダメージ</span>へと変わる。<br>・荒瀧一斗の通常攻撃の攻撃速度がアップし、そして防御力を基準に攻撃力がアップする。<br>・1段目、3段目の攻撃が敵に命中すると、荒瀧一斗自身に「乱神の怪力」を1層付与する。<br>・荒瀧一斗の全元素耐性と物理耐性-20%。<br><br>「憤怒の鬼王」状態は、荒瀧一斗が退場する時に解除される。<br><br><em>一斗の奥義中の奥義（自称）。強くなるために何かを模倣するのは意味がない。何故なら、この世でもっとも強く、最凶の鬼王とは「荒瀧一斗」のことなのだから。それゆえ、一斗は一斗自身の真似をしていればいい。</em><br><em>なお、翔太はかっこいいと思っている。</em>",
        "詳細": [
            {
                "条件": "憤怒の鬼王",
                "名前": "攻撃力アップ",
                "種類": "攻撃力",
                "数値": {
                    "1": "57.6%防御力",
                    "2": "61.92%防御力",
                    "3": "66.24%防御力",
                    "4": "72%防御力",
                    "5": "76.32%防御力",
                    "6": "80.64%防御力",
                    "7": "86.4%防御力",
                    "8": "92.16%防御力",
                    "9": "97.92%防御力",
                    "10": "103.68%防御力",
                    "11": "109.44%防御力",
                    "12": "115.2%防御力",
                    "13": "122.4%防御力",
                    "14": "129.6%防御力"
                }
            },
            {
                "条件": "憤怒の鬼王",
                "種類": "岩元素付与"
            },
            {
                "条件": "憤怒の鬼王",
                "種類": "全元素耐性",
                "数値": -20
            },
            {
                "条件": "憤怒の鬼王",
                "種類": "物理耐性",
                "数値": -20
            }
        ],
        "継続時間": 11,
        "クールタイム": 18,
        "元素エネルギー": 70,
        "icon_url": "images/characters/geo_5_claymore_AratakiItto/talent_3.png"
    },
    "固有天賦": [
        {
            "名前": "荒瀧第一",
            "種類": "固有天賦",
            "説明": "荒瀧一斗が連続で「荒瀧逆袈裟」を発動した時、下記効果を獲得する。<br>・斬撃を繰り出すたびに、その後の斬撃の攻撃速度+10%。この方式でアップできる攻撃速度は30%まで。<br>・中断耐性がアップ。<br><br>これらの効果は連続斬撃が終了した時にクリアされる。",
            "icon_url": "images/characters/geo_5_claymore_AratakiItto/talent_4.png"
        },
        {
            "名前": "赤鬼の血",
            "種類": "固有天賦",
            "説明": "「荒瀧逆袈裟」のダメージが荒瀧一斗の防御力35%分アップする。",
            "詳細": [
                {
                    "対象": "重撃ダメージ.荒瀧逆袈裟連斬ダメージ",
                    "種類": "重撃ダメージアップ",
                    "数値": "35%防御力"
                },
                {
                    "対象": "重撃ダメージ.荒瀧逆袈裟とどめダメージ",
                    "種類": "重撃ダメージアップ",
                    "数値": "35%防御力"
                }
            ],
            "icon_url": "images/characters/geo_5_claymore_AratakiItto/talent_5.png"
        },
        {
            "名前": "乾裂枝砕き",
            "種類": "固有天賦",
            "説明": "チーム内の自身のキャラクターが木を攻撃し木材を獲得する時、25%の確率で木材を追加で獲得できる。",
            "icon_url": "images/characters/geo_5_claymore_AratakiItto/talent_6.png"
        }
    ],
    "命ノ星座": {
        "1": {
            "名前": "知らぬなら、聞かせてやろう",
            "説明": "<span style=\"color: rgb(255, 215, 128)\">最凶鬼王·一斗轟臨！！</span>発動後、荒瀧一斗は「乱神の怪力」効果を2層獲得する。発動1秒後、1.5秒の間、荒瀧一斗は0.5秒毎に「乱神の怪力」効果をさらに1層獲得する。",
            "icon_url": "images/characters/geo_5_claymore_AratakiItto/summaryList_1.png",
            "詳細": []
        },
        "2": {
            "名前": "衆よ集いて、山岳倒し",
            "説明": "<span style=\"color: rgb(255, 215, 128)\">最凶鬼王·一斗轟臨！！</span>を発動した後、チーム内に<span style=\"color: rgb(255, 230, 153)\">岩元素</span>タイプキャラクターが1人いる毎に、クールタイム-1.5秒、荒瀧一斗の元素エネルギーを6ポイント回復する。<br>この方式で短縮できるクールタイムは4.5秒までとなり、回復できる元素エネルギーは18ポイントまでとなる。",
            "icon_url": "images/characters/geo_5_claymore_AratakiItto/summaryList_2.png",
            "詳細": []
        },
        "3": {
            "名前": "牛王跨げば、水陸自在",
            "説明": "<span style=\"color: rgb(255, 215, 128)\">魔殺絶技·岩牛発破！</span>のスキルLv.+3。<br>最大Lv.15まで。",
            "icon_url": "images/characters/geo_5_claymore_AratakiItto/summaryList_3.png",
            "詳細": []
        },
        "4": {
            "名前": "奉行牢獄、御食事処",
            "説明": "<span style=\"color: rgb(255, 215, 128)\">最凶鬼王·一斗轟臨！！</span>による「憤怒の鬼王」状態が終了すると、周囲のチーム全員の防御力+20%、攻撃力+20%、継続時間10秒。",
            "詳細": [
                {
                    "条件": "奉行牢獄、御食事処 防御力+20%、攻撃力+20%",
                    "種類": "防御力%",
                    "数値": 20
                },
                {
                    "条件": "奉行牢獄、御食事処 防御力+20%、攻撃力+20%",
                    "種類": "攻撃力%",
                    "数値": 20
                }
            ],
            "icon_url": "images/characters/geo_5_claymore_AratakiItto/summaryList_4.png"
        },
        "5": {
            "名前": "花坂十年、轟く我が名",
            "説明": "<span style=\"color: rgb(255, 215, 128)\">最凶鬼王·一斗轟臨！！</span>のスキルLv.+3。<br>最大Lv.15まで。",
            "icon_url": "images/characters/geo_5_claymore_AratakiItto/summaryList_5.png",
            "詳細": []
        },
        "6": {
            "名前": "傾奇の張本、荒瀧一斗",
            "説明": "荒瀧一斗の重撃の会心ダメージ+70%。また、「荒瀧逆袈裟」を発動する時、50%の確率で「乱神の怪力」が消費されなくなる。",
            "詳細": [
                {
                    "対象": "重撃ダメージ",
                    "種類": "会心ダメージ",
                    "数値": 70
                }
            ],
            "icon_url": "images/characters/geo_5_claymore_AratakiItto/summaryList_6.png"
        }
    },
    "おすすめセット": [
        {
            "武器": "赤角石塵滅砕",
            "聖遺物メイン効果3": "5_防御力%",
            "聖遺物メイン効果4": "5_岩元素ダメージバフ",
            "聖遺物メイン効果5": "5_会心率",
            "聖遺物セット効果1": "華館夢醒形骸記",
            "聖遺物セット効果2": "華館夢醒形骸記",
            "聖遺物優先するサブ効果1": "会心率",
            "聖遺物優先するサブ効果2": "会心ダメージ",
            "聖遺物優先するサブ効果3": "防御力%"
        },
        {
            "武器": "螭龍の剣",
            "聖遺物メイン効果3": "5_防御力%",
            "聖遺物メイン効果4": "5_岩元素ダメージバフ",
            "聖遺物メイン効果5": "5_会心ダメージ",
            "聖遺物セット効果1": "華館夢醒形骸記",
            "聖遺物セット効果2": "華館夢醒形骸記",
            "聖遺物優先するサブ効果1": "会心率",
            "聖遺物優先するサブ効果2": "会心ダメージ",
            "聖遺物優先するサブ効果3": "防御力%"
        },
        {
            "武器": "天空の傲",
            "聖遺物メイン効果3": "5_防御力%",
            "聖遺物メイン効果4": "5_岩元素ダメージバフ",
            "聖遺物メイン効果5": "5_会心率",
            "聖遺物セット効果1": "華館夢醒形骸記",
            "聖遺物セット効果2": "華館夢醒形骸記",
            "聖遺物優先するサブ効果1": "会心ダメージ",
            "聖遺物優先するサブ効果2": "会心率",
            "聖遺物優先するサブ効果3": "防御力%"
        },
        {
            "武器": "西風大剣",
            "聖遺物メイン効果3": "5_防御力%",
            "聖遺物メイン効果4": "5_岩元素ダメージバフ",
            "聖遺物メイン効果5": "5_会心率",
            "聖遺物セット効果1": "華館夢醒形骸記",
            "聖遺物セット効果2": "華館夢醒形骸記",
            "聖遺物優先するサブ効果1": "会心ダメージ",
            "聖遺物優先するサブ効果2": "会心率",
            "聖遺物優先するサブ効果3": "防御力%"
        },
        {
            "武器": "赤角石塵滅砕",
            "聖遺物メイン効果3": "5_防御力%",
            "聖遺物メイン効果4": "5_岩元素ダメージバフ",
            "聖遺物メイン効果5": "5_会心率",
            "聖遺物セット効果1": "逆飛びの流星",
            "聖遺物セット効果2": "逆飛びの流星",
            "聖遺物優先するサブ効果1": "会心率",
            "聖遺物優先するサブ効果2": "会心ダメージ",
            "聖遺物優先するサブ効果3": "防御力%"
        },
        {
            "武器": "螭龍の剣",
            "聖遺物メイン効果3": "5_防御力%",
            "聖遺物メイン効果4": "5_岩元素ダメージバフ",
            "聖遺物メイン効果5": "5_会心ダメージ",
            "聖遺物セット効果1": "逆飛びの流星",
            "聖遺物セット効果2": "逆飛びの流星",
            "聖遺物優先するサブ効果1": "会心率",
            "聖遺物優先するサブ効果2": "会心ダメージ",
            "聖遺物優先するサブ効果3": "防御力%"
        },
        {
            "武器": "白影の剣",
            "聖遺物メイン効果3": "5_防御力%",
            "聖遺物メイン効果4": "5_岩元素ダメージバフ",
            "聖遺物メイン効果5": "5_会心率",
            "聖遺物セット効果1": "逆飛びの流星",
            "聖遺物セット効果2": "逆飛びの流星",
            "聖遺物優先するサブ効果1": "会心ダメージ",
            "聖遺物優先するサブ効果2": "会心率",
            "聖遺物優先するサブ効果3": "防御力%"
        },
        {
            "武器": "西風大剣",
            "聖遺物メイン効果3": "5_防御力%",
            "聖遺物メイン効果4": "5_岩元素ダメージバフ",
            "聖遺物メイン効果5": "5_会心率",
            "聖遺物セット効果1": "逆飛びの流星",
            "聖遺物セット効果2": "逆飛びの流星",
            "聖遺物優先するサブ効果1": "会心ダメージ",
            "聖遺物優先するサブ効果2": "会心率",
            "聖遺物優先するサブ効果3": "防御力%"
        }
    ],
    "NEXT STEP": "重撃.荒瀧逆袈裟連斬ダメージ"
}