{
    "名前": "鍾離",
    "説明": "「往生堂」に招かれた謎の客卿、博識であり、あらゆることに精通している。",
    "icon_url": "images/characters/face/geo_5_polearm_Zhongli.png",
    "レアリティ": 5,
    "武器": "長柄武器",
    "元素": "岩",
    "baseInfo": {
        "名前": "鍾離",
        "誕生日": "12月31日",
        "命ノ星座": "岩王帝君座",
        "称号": "浮世閑歩",
        "神の目": "岩<span class=\"wk-shady\">（神の心）</span>",
        "所属": "璃月港",
        "中国語 CV": "彭博",
        "英語 CV": "Keith Silverstein",
        "日本語 CV": "前野智昭",
        "韓国語 CV": "표영재",
        "神の心": "岩",
        "かつての名前": "<span class=\"wk-shady\">モラクス（魔神名）、岩王帝君、帝君</span>",
        "オリジナル料理": "とろ火で煮込んだ腌篤鮮",
        "実装バージョン": "1.1"
    },
    "region": "璃月港",
    "ステータス": {
        "基礎HP": {
            "1+": 1144,
            "20": 2967,
            "20+": 3948,
            "40": 5908,
            "40+": 6605,
            "50": 7599,
            "50+": 8528,
            "60": 9533,
            "60+": 10230.0,
            "70": 11243,
            "70+": 11940.0,
            "80": 12965,
            "80+": 13662,
            "90": 14695
        },
        "基礎攻撃力": {
            "1+": 20,
            "20": 51,
            "20+": 67,
            "40": 101,
            "40+": 113,
            "50": 130,
            "50+": 146,
            "60": 163,
            "60+": 175,
            "70": 192,
            "70+": 204,
            "80": 222,
            "80+": 233,
            "90": 251
        },
        "基礎防御力": {
            "1+": 57,
            "20": 149,
            "20+": 198,
            "40": 297,
            "40+": 332,
            "50": 382,
            "50+": 428.0,
            "60": 479,
            "60+": 514,
            "70": 564,
            "70+": 599,
            "80": 651,
            "80+": 686,
            "90": 738
        },
        "岩元素ダメージバフ": {
            "1+": 0,
            "20": 0,
            "20+": 0,
            "40": 0,
            "40+": 7.2,
            "50": 7.2,
            "50+": 14.4,
            "60": 14.4,
            "60+": 14.4,
            "70": 14.4,
            "70+": 21.6,
            "80": 21.6,
            "80+": 28.8,
            "90": 28.8
        }
    },
    "通常攻撃": {
        "名前": "通常攻撃·岩雨",
        "説明": "<span style=\"color:#FFD780FF\">通常攻撃</span><br/>槍による最大6段の連続攻撃を行う。<br/><br/><span style=\"color:#FFD780FF\">重撃</span><br/>一定のスタミナを消費して前方に疾行し、行動経路上と終着点に雨のような岩槍を投下する。<br/><br/><span style=\"color:#FFD780FF\">落下攻撃</span><br/>空中から落下し地面に衝撃を与える。経路上の敵を攻撃し、落下時に範囲ダメージを与える。",
        "詳細": [
            {
                "名前": "1段ダメージ",
                "数値": {
                    "1": "30.8%",
                    "2": "33.3%",
                    "3": "35.8%",
                    "4": "39.4%",
                    "5": "41.9%",
                    "6": "44.7%",
                    "7": "48.7%",
                    "8": "52.6%",
                    "9": "56.5%",
                    "10": "60.8%",
                    "11": "65.7%"
                }
            },
            {
                "名前": "2段ダメージ",
                "数値": {
                    "1": "31.2%",
                    "2": "33.7%",
                    "3": "36.2%",
                    "4": "39.8%",
                    "5": "42.4%",
                    "6": "45.3%",
                    "7": "49.3%",
                    "8": "53.2%",
                    "9": "57.2%",
                    "10": "61.6%",
                    "11": "66.6%"
                }
            },
            {
                "名前": "3段ダメージ",
                "数値": {
                    "1": "38.6%",
                    "2": "41.7%",
                    "3": "44.9%",
                    "4": "49.3%",
                    "5": "52.5%",
                    "6": "56.1%",
                    "7": "61.0%",
                    "8": "65.9%",
                    "9": "70.9%",
                    "10": "76.3%",
                    "11": "82.4%"
                }
            },
            {
                "名前": "4段ダメージ",
                "数値": {
                    "1": "42.9%",
                    "2": "46.4%",
                    "3": "49.9%",
                    "4": "54.9%",
                    "5": "58.4%",
                    "6": "62.4%",
                    "7": "67.9%",
                    "8": "73.4%",
                    "9": "78.9%",
                    "10": "84.9%",
                    "11": "91.7%"
                }
            },
            {
                "名前": "5段ダメージ",
                "数値": {
                    "1": "10.8%*4",
                    "2": "11.6%*4",
                    "3": "12.5%*4",
                    "4": "13.8%*4",
                    "5": "14.6%*4",
                    "6": "15.6%*4",
                    "7": "17.0%*4",
                    "8": "18.4%*4",
                    "9": "19.8%*4",
                    "10": "21.3%*4",
                    "11": "23.0%*4"
                },
                "HIT数": 4
            },
            {
                "名前": "6段ダメージ",
                "数値": {
                    "1": "54.5%",
                    "2": "58.9%",
                    "3": "63.4%",
                    "4": "69.7%",
                    "5": "74.1%",
                    "6": "79.2%",
                    "7": "86.2%",
                    "8": "93.2%",
                    "9": "100.1%",
                    "10": "107.7%",
                    "11": "116.4%"
                }
            }
        ],
        "icon_url": "images/characters/geo_5_polearm_Zhongli/talent_1.png"
    },
    "重撃": {
        "説明": "一定のスタミナを消費して前方に疾行し、行動経路上と終着点に雨のような岩槍を投下する。",
        "詳細": [
            {
                "名前": "重撃ダメージ",
                "数値": {
                    "1": "111%",
                    "2": "120%",
                    "3": "129%",
                    "4": "142%",
                    "5": "151%",
                    "6": "161%",
                    "7": "176%",
                    "8": "190%",
                    "9": "204%",
                    "10": "219%",
                    "11": "237%"
                }
            }
        ]
    },
    "落下攻撃": {
        "説明": "空中から落下し地面に衝撃を与える。経路上の敵を攻撃し、落下時に範囲ダメージを与える。",
        "詳細": [
            {
                "名前": "落下期間のダメージ",
                "種類": "落下攻撃ダメージ",
                "数値": {
                    "1": "63.9%",
                    "2": "69.1%",
                    "3": "74.3%",
                    "4": "81.8%",
                    "5": "87.0%",
                    "6": "92.9%",
                    "7": "101.1%",
                    "8": "109.3%",
                    "9": "117.5%",
                    "10": "126.4%",
                    "11": "135.3%"
                }
            },
            {
                "名前": "低空/高空落下攻撃ダメージ",
                "種類": "落下攻撃ダメージ",
                "数値": {
                    "1": "128%",
                    "2": "138%",
                    "3": "149%",
                    "4": "164%",
                    "5": "174%",
                    "6": "186%",
                    "7": "202%",
                    "8": "219%",
                    "9": "235%",
                    "10": "253%",
                    "11": "271%"
                }
            },
            {
                "名前": "低空/高空落下攻撃ダメージ",
                "種類": "落下攻撃ダメージ",
                "数値": {
                    "1": "160%",
                    "2": "173%",
                    "3": "186%",
                    "4": "204%",
                    "5": "217%",
                    "6": "232%",
                    "7": "253%",
                    "8": "273%",
                    "9": "293%",
                    "10": "316%",
                    "11": "338%"
                }
            }
        ]
    },
    "元素スキル": {
        "名前": "地心",
        "説明": "山脈の中、大地の上、盤石の間に岩の力が宿っている。しかしこの力を自由に扱える者は少ない。<br><br><span style=\"color: rgb(255, 215, 128)\">一回押し</span><br>大地の至るところにある岩元素を積み上げ、岩柱を生成する。<br><br><span style=\"color: rgb(255, 215, 128)\">長押し</span><br>付近の岩元素を爆発させ、下記の効果を発動する。<br>・岩柱が数の上限に達していない場合、岩柱を生成する。<br>・玉璋シールドを生成する。シールドのダメージ吸収量は鍾離のHP上限によって決まる。<br>・<span style=\"color: rgb(255, 230, 153)\">岩元素範囲ダメージ</span>を与える。<br>・周りに<span style=\"color: rgb(255, 230, 153)\">岩元素</span>を持つターゲットがいる場合、最大2つのターゲットの<span style=\"color: rgb(255, 230, 153)\">岩元素</span>を大量に消耗させる。この効果によるダメージは発生しない。<br><br><span style=\"color: rgb(255, 215, 128)\">岩柱</span><br>岩柱が生成された時、<span style=\"color: rgb(255, 230, 153)\">岩元素範囲ダメージ</span>を与える。<br>また、岩柱が存在している間、周囲の他の<span style=\"color: rgb(255, 230, 153)\">岩元素創造物</span>と一定時間の間隔で原岩共鳴をし、持続的に周囲の敵に<span style=\"color: rgb(255, 230, 153)\">岩元素ダメージ</span>を与える。<br>岩柱は<span style=\"color: rgb(255, 230, 153)\">岩元素創造物</span>と見なされ、攻撃を防ぐことができ、登ることもできる。同時に最大1つまで存在可能。<br><br><span style=\"color: rgb(255, 215, 128)\">玉璋シールド</span><br>全元素ダメージと物理ダメージに150%の吸収効果がある。<br>玉璋シールドに守られたキャラクターは、付近範囲内の敵の全元素耐性と物理耐性-20%。この効果は重ねがけ不可。<br><br><em>岩の堅きこと、物に於いて陥さざる無きなり。</em>",
        "詳細": [
            {
                "名前": "岩柱ダメージ",
                "数値": {
                    "1": "16.0%",
                    "2": "17.2%",
                    "3": "18.4%",
                    "4": "20.0%",
                    "5": "21.2%",
                    "6": "22.4%",
                    "7": "24.0%",
                    "8": "25.6%",
                    "9": "27.2%",
                    "10": "28.8%",
                    "11": "30.4%",
                    "12": "32.0%",
                    "13": "34.0%"
                }
            },
            {
                "名前": "共鳴ダメージ",
                "数値": {
                    "1": "32.0%",
                    "2": "34.4%",
                    "3": "36.8%",
                    "4": "40.0%",
                    "5": "42.4%",
                    "6": "44.8%",
                    "7": "48.0%",
                    "8": "51.2%",
                    "9": "54.4%",
                    "10": "57.6%",
                    "11": "60.8%",
                    "12": "64.0%",
                    "13": "68.0%"
                }
            },
            {
                "名前": "長押しダメージ",
                "数値": {
                    "1": "80%",
                    "2": "86%",
                    "3": "92%",
                    "4": "100%",
                    "5": "106%",
                    "6": "112%",
                    "7": "120%",
                    "8": "128%",
                    "9": "136%",
                    "10": "144%",
                    "11": "152%",
                    "12": "160%",
                    "13": "170%"
                }
            },
            {
                "名前": "シールド吸収量",
                "種類": "シールド",
                "数値": {
                    "1": "12.8%HP上限+1232",
                    "2": "13.8%HP上限+1356",
                    "3": "14.7%HP上限+1489",
                    "4": "16.0%HP上限+1633",
                    "5": "17.0%HP上限+1787",
                    "6": "17.9%HP上限+1951",
                    "7": "19.2%HP上限+2126",
                    "8": "20.5%HP上限+2311",
                    "9": "21.8%HP上限+2506",
                    "10": "23.0%HP上限+2712",
                    "11": "24.3%HP上限+2927",
                    "12": "25.6%HP上限+3153",
                    "13": "27.2%HP上限+3389"
                }
            },
            {
                "条件": "玉璋シールド 全元素と物理耐性-20%",
                "種類": "敵全元素耐性",
                "数値": -20
            },
            {
                "条件": "玉璋シールド 全元素と物理耐性-20%",
                "種類": "敵物理耐性",
                "数値": -20
            }
        ],
        "継続時間": 20,
        "一回押しクールタイム": 4,
        "長押しクールタイム": 12,
        "粒子生成数": "0.5個/原岩共鳴",
        "icon_url": "images/characters/geo_5_polearm_Zhongli/talent_2.png"
    },
    "元素爆発": {
        "名前": "天星",
        "説明": "巨大な星岩を落下させ、落下範囲内の敵に大量の<span style=\"color:#FFE699FF\">岩元素ダメージ</span>を与え、<span style=\"color:#FFE699FF\">石化</span>状態にする。<br/><br/><span style=\"color:#FFD780FF\">石化</span><br/><span style=\"color:#FFE699FF\">石化</span>状態の敵は行動不能になる。<br/><br/><i>蒼天の星岩を落とし、暗闇の運命を照らす。</i>",
        "詳細": [
            {
                "名前": "スキルダメージ",
                "数値": {
                    "1": "401%",
                    "2": "444%",
                    "3": "488%",
                    "4": "542%",
                    "5": "591%",
                    "6": "640%",
                    "7": "705%",
                    "8": "770%",
                    "9": "835%",
                    "10": "900%",
                    "11": "965%",
                    "12": "1030%",
                    "13": "1084%",
                    "14": "1138%"
                }
            }
        ],
        "クールタイム": 12,
        "元素エネルギー": 40,
        "icon_url": "images/characters/geo_5_polearm_Zhongli/talent_3.png"
    },
    "固有天賦": [
        {
            "種類": "固有天賦",
            "名前": "岩の宸断",
            "説明": "玉璋シールドはダメージを受けた際に防御効果を発動する。<br/>玉璋シールドに守られたキャラクターのシールド強化+5%。<br/>シールドが消えるまで、最大5回強度を上げることができる。",
            "詳細": [
                {
                    "条件": "岩の宸断 シールド強化@+5-25%",
                    "種類": "シールド強化",
                    "数値": 1
                }
            ],
            "icon_url": "images/characters/geo_5_polearm_Zhongli/talent_4.png"
        },
        {
            "種類": "固有天賦",
            "名前": "贅沢な食饌",
            "説明": "HP上限を基準に、鍾離の下記攻撃のダメージが増加する。<br>・通常攻撃、重撃と落下攻撃のダメージ増加量：HP上限の1.39%<br>・<span style=\"color: rgb(255, 215, 128)\">地心</span>の岩柱、共鳴と長押しダメージ増加量：HP上限の1.9%<br>・<span style=\"color: rgb(255, 215, 128)\">天星</span>ダメージ増加量：HP上限の33%",
            "詳細": [
                {
                    "種類": "通常攻撃ダメージアップ",
                    "数値": "1.39%HP上限"
                },
                {
                    "種類": "重撃ダメージアップ",
                    "数値": "1.39%HP上限"
                },
                {
                    "種類": "落下攻撃ダメージアップ",
                    "数値": "1.39%HP上限"
                },
                {
                    "種類": "元素スキルダメージアップ",
                    "数値": "1.9%HP上限"
                },
                {
                    "種類": "元素爆発ダメージアップ",
                    "数値": "33%HP上限"
                }
            ],
            "icon_url": "images/characters/geo_5_polearm_Zhongli/talent_5.png"
        },
        {
            "種類": "固有天賦",
            "名前": "結晶推命",
            "説明": "長柄武器を鍛造する時、消費した鉱石の15%が返還される。",
            "icon_url": "images/characters/geo_5_polearm_Zhongli/talent_6.png"
        }
    ],
    "命ノ星座": {
        "1": {
            "名前": "岩、天下の骨なり",
            "説明": "<span style=\"color:#FFD780FF\">地心</span>の岩柱が同時に最大2つまで存在可能になる。",
            "icon_url": "images/characters/geo_5_polearm_Zhongli/summaryList_1.png",
            "詳細": []
        },
        "2": {
            "名前": "石、玉の揺りかご",
            "説明": "<span style=\"color:#FFD780FF\">天星</span>落下時、近くにいる出場中のキャラクターに玉璋シールドを付与する。",
            "icon_url": "images/characters/geo_5_polearm_Zhongli/summaryList_2.png",
            "詳細": []
        },
        "3": {
            "名前": "圭璋、闇の中で輝く",
            "説明": "<span style=\"color:#FFD780FF\">地心</span>のスキルLv.+3。<br/>最大Lv.15まで。",
            "icon_url": "images/characters/geo_5_polearm_Zhongli/summaryList_3.png",
            "詳細": []
        },
        "4": {
            "名前": "黄玉、破れぬ堅さ",
            "説明": "<span style=\"color:#FFD780FF\">天星</span>の影響範囲+20%。<br/>さらに天星の石化効果の継続時間+2秒。",
            "icon_url": "images/characters/geo_5_polearm_Zhongli/summaryList_4.png",
            "詳細": []
        },
        "5": {
            "名前": "璧、天理を守る",
            "説明": "<span style=\"color:#FFD780FF\">天星</span>のスキルLv.+3。<br/>最大Lv.15まで。",
            "icon_url": "images/characters/geo_5_polearm_Zhongli/summaryList_5.png",
            "詳細": []
        },
        "6": {
            "名前": "金、天地の恵み",
            "説明": "玉璋シールドがダメージを受けた時、そのダメージ量の40%分のHPを回復する。<br/>一回の回復上限はキャラクターのHP上限の8%。",
            "icon_url": "images/characters/geo_5_polearm_Zhongli/summaryList_6.png",
            "詳細": []
        }
    },
    "おすすめセット": [
        {
            "武器": "護摩の杖",
            "聖遺物メイン効果3": "5_HP%",
            "聖遺物メイン効果4": "5_HP%",
            "聖遺物メイン効果5": "5_会心率",
            "聖遺物セット効果1": "千岩牢固",
            "聖遺物セット効果2": "千岩牢固",
            "聖遺物優先するサブ効果1": "会心率",
            "聖遺物優先するサブ効果2": "会心ダメージ"
        },
        {
            "武器": "西風長槍",
            "聖遺物メイン効果3": "5_HP%",
            "聖遺物メイン効果4": "5_HP%",
            "聖遺物メイン効果5": "5_会心率",
            "聖遺物セット効果1": "千岩牢固",
            "聖遺物セット効果2": "千岩牢固",
            "聖遺物優先するサブ効果1": "会心率",
            "聖遺物優先するサブ効果2": "会心ダメージ"
        },
        {
            "武器": "西風長槍",
            "聖遺物メイン効果3": "5_HP%",
            "聖遺物メイン効果4": "5_HP%",
            "聖遺物メイン効果5": "5_会心率",
            "聖遺物セット効果1": "旧貴族のしつけ",
            "聖遺物セット効果2": "旧貴族のしつけ",
            "聖遺物優先するサブ効果1": "会心率",
            "聖遺物優先するサブ効果2": "会心ダメージ"
        },
        {
            "武器": "「漁獲」",
            "聖遺物メイン効果3": "5_HP%",
            "聖遺物メイン効果4": "5_岩元素ダメージバフ",
            "聖遺物メイン効果5": "5_会心率",
            "聖遺物セット効果1": "絶縁の旗印",
            "聖遺物セット効果2": "絶縁の旗印",
            "聖遺物優先するサブ効果1": "会心ダメージ",
            "聖遺物優先するサブ効果2": "会心率"
        },
        {
            "武器": "流月の針",
            "聖遺物メイン効果3": "5_攻撃力%",
            "聖遺物メイン効果4": "5_物理ダメージバフ",
            "聖遺物メイン効果5": "5_会心率",
            "聖遺物セット効果1": "血染めの騎士道",
            "聖遺物セット効果2": "蒼白の炎",
            "聖遺物優先するサブ効果1": "会心ダメージ",
            "聖遺物優先するサブ効果2": "会心率",
            "聖遺物優先するサブ効果3": "攻撃力%"
        },
        {
            "武器": "黒纓槍",
            "聖遺物メイン効果3": "5_HP%",
            "聖遺物メイン効果4": "5_HP%",
            "聖遺物メイン効果5": "5_HP%",
            "聖遺物セット効果1": "千岩牢固",
            "聖遺物セット効果2": "千岩牢固",
            "聖遺物優先するサブ効果1": "元素チャージ効率"
        }
    ],
    "NEXT STEP": "元素爆発.スキルダメージ"
}