{
    "名前": "旅人(水)",
    "説明": "<span style=\"color: rgba(255, 255, 255, 0.65)\">世界の外から漂流してきた旅人。肉親が見知らぬ神に連れ去られたため、七神を探す旅に出た。</span>",
    "icon_url": "images/characters/face/hydro_5_sword_Traveler.png",
    "レアリティ": 5,
    "武器": "片手剣",
    "元素": "水",
    "baseInfo": {
        "和名 / 英名": "旅人 / Traveler",
        "命ノ星座": "旅人座",
        "所属": "ーー",
        "中国語 CV": "鹿喑&amp;宴宁",
        "英語 CV": "Zach Aguilar &amp; Sarah Miller-Crews",
        "日本語 CV": "堀江瞬&amp;悠木碧",
        "韓国語 CV": "이경태&amp;이새아",
        "オリジナル料理": "なし",
        "実装バージョン": "4.0"
    },
    "region": "その他",
    "ステータス": {
        "基礎HP": {
            "1+": 912,
            "20": 2342,
            "20+": 3024,
            "40": 4529,
            "40+": 5013,
            "50": 5766,
            "50+": 6411,
            "60": 7164,
            "60+": 7648,
            "70": 8401,
            "70+": 8885,
            "80": 9638,
            "80+": 10122,
            "90": 10875
        },
        "基礎攻撃力": {
            "1+": 18,
            "20": 46,
            "20+": 59,
            "40": 88,
            "40+": 98,
            "50": 113,
            "50+": 125,
            "60": 140,
            "60+": 149,
            "70": 164,
            "70+": 174,
            "80": 188,
            "80+": 198,
            "90": 212
        },
        "基礎防御力": {
            "1+": 57,
            "20": 147,
            "20+": 190,
            "40": 284,
            "40+": 315,
            "50": 362,
            "50+": 402,
            "60": 450,
            "60+": 480,
            "70": 527,
            "70+": 558,
            "80": 605,
            "80+": 635,
            "90": 683
        },
        "攻撃力%": {
            "1+": 0,
            "20": 0,
            "20+": 0,
            "40": 0,
            "40+": 6,
            "50": 6,
            "50+": 12,
            "60": 12,
            "60+": 12,
            "70": 12,
            "70+": 18,
            "80": 18,
            "80+": 24,
            "90": 24
        }
    },
    "通常攻撃": {
        "名前": "通常攻撃·異邦の激流",
        "説明": "<span style=\"color: #FFD780\">通常攻撃</span><br>剣による最大5段の連続攻撃を行う。<br><br><span style=\"color: rgb(255, 215, 128)\">重撃</span><br>一定のスタミナを消費し、前方に斬撃を2回放つ。<br><br><span style=\"color: rgb(255, 215, 128)\">落下攻撃</span><br>空中から落下し地面に衝撃を与える。経路上の敵を攻撃し、落下時に範囲ダメージを与える。",
        "icon_url": "images/characters/hydro_5_sword_Traveler/talent_1.png",
        "詳細": [
            {
                "名前": "1段ダメージ",
                "数値": {
                    "1": "44.5%",
                    "2": "48.1%",
                    "3": "51.7%",
                    "4": "56.9%",
                    "5": "60.5%",
                    "6": "64.6%",
                    "7": "70.3%",
                    "8": "76%",
                    "9": "81.7%",
                    "10": "87.9%",
                    "11": "94.1%"
                }
            },
            {
                "名前": "2段ダメージ",
                "数値": {
                    "1": "43.4%",
                    "2": "47%",
                    "3": "50.5%",
                    "4": "55.6%",
                    "5": "59.1%",
                    "6": "63.1%",
                    "7": "68.7%",
                    "8": "74.2%",
                    "9": "79.8%",
                    "10": "85.9%",
                    "11": "91.9%"
                }
            },
            {
                "名前": "3段ダメージ",
                "数値": {
                    "1": "53%",
                    "2": "57.3%",
                    "3": "61.6%",
                    "4": "67.8%",
                    "5": "72.1%",
                    "6": "77%",
                    "7": "83.8%",
                    "8": "90.6%",
                    "9": "97.3%",
                    "10": "104.7%",
                    "11": "112.1%"
                }
            },
            {
                "名前": "4段ダメージ",
                "数値": {
                    "1": "58.3%",
                    "2": "63.1%",
                    "3": "67.8%",
                    "4": "74.6%",
                    "5": "79.3%",
                    "6": "84.8%",
                    "7": "92.2%",
                    "8": "100%",
                    "9": "107%",
                    "10": "115%",
                    "11": "123%"
                }
            },
            {
                "名前": "5段ダメージ",
                "数値": {
                    "1": "70.8%",
                    "2": "76.5%",
                    "3": "82.3%",
                    "4": "90.5%",
                    "5": "96.3%",
                    "6": "106%",
                    "7": "112%",
                    "8": "121%",
                    "9": "130%",
                    "10": "140%",
                    "11": "150%"
                }
            }
        ]
    },
    "重撃": {
        "詳細": [
            {
                "名前": "重撃ダメージ",
                "数値": {
                    "1": "55.9%+60.7%",
                    "2": "60.5%+65.7%",
                    "3": "65.0%+70.6%",
                    "4": "71.5%+77.7%",
                    "5": "76.1%+82.6%",
                    "6": "81.3%+88.3%",
                    "7": "88.4%+96.0%",
                    "8": "96%+104%",
                    "9": "103%+112%",
                    "10": "111%+120%",
                    "11": "118%+128%"
                },
                "HIT数": 2
            }
        ],
        "重撃スタミナ消費": 20
    },
    "落下攻撃": {
        "詳細": [
            {
                "名前": "落下期間のダメージ",
                "数値": {
                    "1": "63.9%",
                    "2": "69.1%",
                    "3": "74.3%",
                    "4": "81.8%",
                    "5": "87%",
                    "6": "92.9%",
                    "7": "101%",
                    "8": "109.3%",
                    "9": "117.5%",
                    "10": "126.4%",
                    "11": "135.3%"
                }
            },
            {
                "名前": "低空/高空落下攻撃ダメージ",
                "数値": {
                    "1": "128%",
                    "2": "138%",
                    "3": "149%",
                    "4": "164%",
                    "5": "174%",
                    "6": "186%",
                    "7": "202%",
                    "8": "219%",
                    "9": "235%",
                    "10": "253%",
                    "11": "271%"
                }
            },
            {
                "名前": "低空/高空落下攻撃ダメージ",
                "数値": {
                    "1": "160%",
                    "2": "173%",
                    "3": "186%",
                    "4": "204%",
                    "5": "217%",
                    "6": "232%",
                    "7": "253%",
                    "8": "273%",
                    "9": "293%",
                    "10": "316%",
                    "11": "338%"
                }
            }
        ]
    },
    "元素スキル": {
        "名前": "水紋の剣",
        "説明": "大地を浄化できる激流を放つ。<br><br><span style=\"color: rgb(255, 215, 128)\">一回押し</span><br>前方に向かって飛散する激流を放ち、命中した敵に<span style=\"color: rgb(128, 192, 255)\">水元素ダメージ</span>を与える。<br><br><span style=\"color: rgb(255, 215, 128)\">長押し</span><br>照準モードに入り、狙った方向に向かって露雫を放ち続け、命中した敵に<span style=\"color: rgb(128, 192, 255)\">水元素ダメージ</span>を与える。<br>終了時、前方に向かって飛散する激流を放ち、命中した敵に<span style=\"color: rgb(128, 192, 255)\">水元素ダメージ</span>を与える。<br>充満：長押しによって発動した時、旅人のHPが50%を超えている場合、露雫によるダメージは旅人のHP上限を基にアップする。同時に、旅人は1秒毎に一定のHPを失う。<br><br><span style=\"color: rgb(255, 215, 128)\">始源の力：プネウマ</span><br>飛散する激流を放った後、敵を貫く霊息の棘が現れ、プネウマを帯びた<span style=\"color: rgb(128, 192, 255)\">水元素ダメージを</span>与える、一定間隔ごとに発動が可能。<br><br><em>パイモンと一緒に水面のさざ波を観察した。</em>",
        "icon_url": "images/characters/hydro_5_sword_Traveler/talent_2.png",
        "詳細": [
            {
                "名前": "飛散する激流のダメージ",
                "数値": {
                    "1": "189.3%",
                    "2": "203.5%",
                    "3": "217.7%",
                    "4": "236.6%",
                    "5": "250.8%",
                    "6": "265.0%",
                    "7": "283.9%",
                    "8": "302.8%",
                    "9": "321.8%",
                    "10": "340.7%"
                }
            },
            {
                "名前": "露雫のダメージ",
                "数値": {
                    "1": "32.8%",
                    "2": "35.3%",
                    "3": "37.7%",
                    "4": "41.0%",
                    "5": "43.5%",
                    "6": "45.9%",
                    "7": "49.2%",
                    "8": "52.5%",
                    "9": "55.8%",
                    "10": "59.0%"
                }
            },
            {
                "名前": "霊息の棘のダメージ",
                "数値": {
                    "1": "32.8%",
                    "2": "35.3%",
                    "3": "37.7%",
                    "4": "41.0%",
                    "5": "43.5%",
                    "6": "45.9%",
                    "7": "49.2%",
                    "8": "52.5%",
                    "9": "55.8%",
                    "10": "59.0%"
                }
            },
            {
                "名前": "非表示_霊息の棘の間隔",
                "数値": 9.0
            },
            {
                "名前": "充満のHP消費",
                "種類": "HP消費",
                "数値": "4.00%HP上限"
            },
            {
                "名前": "充満のダメージアップ",
                "種類": "元素スキルダメージアップ",
                "対象": "元素スキルダメージ.霊息の棘のダメージ",
                "数値": {
                    "1": "0.64%HP上限",
                    "2": "0.69%HP上限",
                    "3": "0.74%HP上限",
                    "4": "0.80%HP上限",
                    "5": "0.85%HP上限",
                    "6": "0.90%HP上限",
                    "7": "0.96%HP上限",
                    "8": "1.02%HP上限",
                    "9": "1.09%HP上限",
                    "10": "1.15%HP上限"
                }
            }
        ],
        "長押しの継続時間": "最大6.0",
        "クールタイム": 10.0
    },
    "元素爆発": {
        "名前": "昇流統水",
        "説明": "ゆっくりと移動する浮遊水沫を放ち、近くの敵に<span style=\"color: rgb(128, 192, 255)\">水元素ダメージ</span>を持続的に与える。<br><br><em>パイモンと一緒に潮の満ち引きを研究した。</em>",
        "icon_url": "images/characters/hydro_5_sword_Traveler/talent_3.png",
        "詳細": [
            {
                "名前": "スキルダメージ",
                "数値": {
                    "1": "101.9%",
                    "2": "109.5%",
                    "3": "117.1%",
                    "4": "127.3%",
                    "5": "135.0%",
                    "6": "142.6%",
                    "7": "152.8%",
                    "8": "163.0%",
                    "9": "173.2%",
                    "10": "183.4%"
                }
            }
        ],
        "継続時間": 4.0,
        "クールタイム": 20.0,
        "元素エネルギー": 80
    },
    "固有天賦": [
        {
            "名前": "無染の清水",
            "説明": "長押しで発動した<span style=\"color: #FFD780\">水紋の剣</span>による露雫が敵に命中した後、旅人の近くに源水の雫を生成する。旅人が源水の雫を拾うと、HPが7%回復する。<br>この方式で生成できる源水の雫は1秒毎に1つのみ。水紋の剣1回につき、生成できる源水の雫は4つまで。",
            "icon_url": "images/characters/hydro_5_sword_Traveler/talent_4.png",
            "詳細": [
                {
                    "名前": "源水の雫 HP回復",
                    "種類": "HP回復",
                    "数値": "7%HP上限"
                }
            ]
        },
        {
            "名前": "澄明の浄水",
            "説明": "長押しで<span style=\"color: #FFD780\">水紋の剣</span>を発動する時、充満によってHPを消費した場合、発動終了時に飛散する激流のダメージがアップする。ダメージアップ量は旅人がこの発動期間中に充満で消費したHPの合計の45%に相当する。<br>この方式でアップできる上記攻撃によるダメージは5000までとなる。",
            "icon_url": "images/characters/hydro_5_sword_Traveler/talent_5.png",
            "詳細": []
        }
    ],
    "命ノ星座": {
        "1": {
            "名前": "細波の湖水",
            "説明": "源水の雫を拾うと、旅人は元素エネルギーを2ポイント回復する。<br>固有天賦「無染の清水」を解放する必要がある。",
            "icon_url": "images/characters/hydro_5_sword_Traveler/summaryList_1.png",
            "詳細": []
        },
        "2": {
            "名前": "滔々の碧水",
            "説明": "<span style=\"color: #FFD780\">昇流統水</span>の浮遊水沫の移動速度-30%、継続時間+3秒。",
            "icon_url": "images/characters/hydro_5_sword_Traveler/summaryList_2.png",
            "詳細": []
        },
        "3": {
            "名前": "荒天の波水",
            "説明": "<span style=\"color: #FFD780\">水紋の剣</span>のスキルLv.+3。<br>最大Lv.15まで。",
            "icon_url": "images/characters/hydro_5_sword_Traveler/summaryList_3.png",
            "詳細": []
        },
        "4": {
            "名前": "傾落の流水",
            "説明": "<span style=\"color: #FFD780\">水紋の剣</span>を発動する時、ダメージ吸収量がHP上限の10%に値する水紋シールドを生成する。このシールドは<span style=\"color: #80C0FF\">水元素ダメージ</span>に対して250%の吸収効果があり、発動完了まで持続する。<br>2秒毎に1回、露雫が敵に命中した後、旅人が水紋シールド状態にある場合、水紋シールドのダメージ吸収量を旅人のHP上限の10%まで補充する。旅人が水紋シールド状態でない場合、水紋シールドを再生成する。",
            "icon_url": "images/characters/hydro_5_sword_Traveler/summaryList_4.png",
            "詳細": [
                {
                    "名前": "水紋シールド ダメージ吸収量",
                    "種類": "シールド",
                    "数値": "10%HP上限",
                    "元素": "水"
                }
            ]
        },
        "5": {
            "名前": "回旋の曲水",
            "説明": "<span style=\"color: #FFD780\">昇流統水</span>のスキルLv.+3。<br>最大Lv.15まで。",
            "icon_url": "images/characters/hydro_5_sword_Traveler/summaryList_5.png",
            "詳細": []
        },
        "6": {
            "名前": "正義の潮水",
            "説明": "旅人が源水の雫を拾う時、追加で周囲にいるHP割合の最も低いチーム内のキャラクターのHPを回復する。回復量はそのキャラクターのHP上限の6%に相当する。",
            "icon_url": "images/characters/hydro_5_sword_Traveler/summaryList_6.png",
            "詳細": []
        }
    },
    "おすすめセット": [
        {
            "武器": "西風剣",
            "聖遺物メイン効果3": "5_攻撃力%",
            "聖遺物メイン効果4": "5_水元素ダメージバフ",
            "聖遺物メイン効果5": "5_会心率",
            "聖遺物セット効果1": "水仙の夢",
            "聖遺物セット効果2": "水仙の夢",
            "聖遺物優先するサブ効果1": "会心ダメージ",
            "聖遺物優先するサブ効果2": "会心率",
            "聖遺物優先するサブ効果3": "攻撃力%"
        }
    ]
}