{
    "名前": "タルタリヤ",
    "説明": "ファトゥス第十一位、「公子」、その戦績や名前は広く知られている。",
    "icon_url": "images/characters/face/hydro_5_bow_Tartaglia.png",
    "レアリティ": 5,
    "武器": "弓",
    "元素": "水",
    "baseInfo": {
        "名前": "タルタリヤ",
        "誕生日": "7月20日",
        "命ノ星座": "空鯨座",
        "称号": "「公子」",
        "神の目": "水",
        "所属": "ファデュイ",
        "中国語 CV": "鱼冻",
        "英語 CV": "Griffin Burns",
        "日本語 CV": "木村良平",
        "韓国語 CV": "남도형",
        "オリジナル料理": "極みの一釣り",
        "実装バージョン": "1.1"
    },
    "region": "スネージナヤ",
    "ステータス": {
        "基礎HP": {
            "1+": 1020,
            "20": 2646,
            "20+": 3521,
            "40": 5268,
            "40+": 5889,
            "50": 6776,
            "50+": 7604,
            "60": 8500,
            "60+": 9121,
            "70": 10025,
            "70+": 10647,
            "80": 11561,
            "80+": 12182,
            "90": 13103.0
        },
        "基礎攻撃力": {
            "1+": 23,
            "20": 61,
            "20+": 81,
            "40": 121,
            "40+": 135,
            "50": 156,
            "50+": 175,
            "60": 195,
            "60+": 210,
            "70": 231,
            "70+": 245,
            "80": 266,
            "80+": 280,
            "90": 301
        },
        "基礎防御力": {
            "1+": 64,
            "20": 165,
            "20+": 219,
            "40": 328,
            "40+": 366,
            "50": 421,
            "50+": 473,
            "60": 528,
            "60+": 567,
            "70": 623,
            "70+": 662,
            "80": 719,
            "80+": 757,
            "90": 815
        },
        "水元素ダメージバフ": {
            "1+": 0,
            "20": 0,
            "20+": 0,
            "40": 0,
            "40+": 7.2,
            "50": 7.2,
            "50+": 14.4,
            "60": 14.4,
            "60+": 14.4,
            "70": 14.4,
            "70+": 21.6,
            "80": 21.6,
            "80+": 28.8,
            "90": 28.8
        }
    },
    "通常攻撃": {
        "名前": "通常攻撃·断雨",
        "説明": "<span style=\"color: rgb(255, 215, 128)\">通常攻撃</span><br>最大6段の連続射撃を行う。<br><br><span style=\"color: rgb(255, 215, 128)\">重撃</span><br>ダメージがより高く、より精確な<span style=\"color: rgb(255, 215, 128)\">狙い撃ち</span>を発動する。<br>照準時、水元素の力が矢先に集まる。激流を込めた矢が敵に命中する時に<span style=\"color: rgb(128, 192, 255)\">水元素ダメージ</span>を与え、断流効果を付与する。<br><br><span style=\"color: rgb(255, 215, 128)\">断流</span><br>断流状態の敵がタルタリヤの攻撃を受けると、<span style=\"color: rgb(128, 192, 255)\">水元素範囲ダメージ</span>が発生する。これらの効果によるダメージは通常攻撃ダメージと見なされる。<br>・断流·閃：フルチャージの狙い撃ち攻撃が断流状態の敵に命中した場合、連続範囲ダメージが発生する。断流·閃は0.7秒毎に1回のみ発動可能。<br>・断流·破：断流効果の敵を倒した時にウォーターブルームを放ち、近くの敵に断流効果を付与する。<br><br><span style=\"color: rgb(255, 215, 128)\">落下攻撃</span><br>空中から矢の雨を放ち、凄まじいスピードで落下し地面に衝撃を与え、落下時に範囲ダメージを与える。<br>魔王の武装·荒波の近接モード時、落下攻撃をすることはできない。",
        "詳細": [
            {
                "名前": "1段ダメージ",
                "数値": {
                    "1": "41.3%",
                    "2": "44.6%",
                    "3": "48.0%",
                    "4": "52.8%",
                    "5": "56.2%",
                    "6": "60.0%",
                    "7": "65.3%",
                    "8": "70.6%",
                    "9": "75.8%",
                    "10": "81.6%",
                    "11": "87.4%"
                }
            },
            {
                "名前": "2段ダメージ",
                "数値": {
                    "1": "46.3%",
                    "2": "50.0%",
                    "3": "53.8%",
                    "4": "59.2%",
                    "5": "62.9%",
                    "6": "67.3%",
                    "7": "73.2%",
                    "8": "79.1%",
                    "9": "85.0%",
                    "10": "91.5%",
                    "11": "97.9%"
                }
            },
            {
                "名前": "3段ダメージ",
                "数値": {
                    "1": "55.4%",
                    "2": "59.9%",
                    "3": "64.4%",
                    "4": "70.8%",
                    "5": "75.3%",
                    "6": "80.5%",
                    "7": "87.6%",
                    "8": "94.7%",
                    "9": "101.8%",
                    "10": "109.5%",
                    "11": "117.2%"
                }
            },
            {
                "名前": "4段ダメージ",
                "数値": {
                    "1": "57.0%",
                    "2": "61.7%",
                    "3": "66.3%",
                    "4": "72.9%",
                    "5": "77.6%",
                    "6": "82.9%",
                    "7": "90.2%",
                    "8": "97.5%",
                    "9": "104.8%",
                    "10": "112.7%",
                    "11": "120.7%"
                }
            },
            {
                "名前": "5段ダメージ",
                "数値": {
                    "1": "60.9%",
                    "2": "65.8%",
                    "3": "70.8%",
                    "4": "77.9%",
                    "5": "82.8%",
                    "6": "88.5%",
                    "7": "96.3%",
                    "8": "104.1%",
                    "9": "111.9%",
                    "10": "120.4%",
                    "11": "128.9%"
                }
            },
            {
                "名前": "6段ダメージ",
                "数値": {
                    "1": "72.8%",
                    "2": "78.7%",
                    "3": "84.6%",
                    "4": "93.1%",
                    "5": "99.0%",
                    "6": "105.8%",
                    "7": "115.1%",
                    "8": "124.4%",
                    "9": "133.7%",
                    "10": "143.8%",
                    "11": "154.0%"
                }
            }
        ],
        "icon_url": "images/characters/hydro_5_bow_Tartaglia/talent_1.png"
    },
    "重撃": {
        "説明": [
            "ダメージがより高く、より精確な狙い撃ちを発動する。",
            "照準時、水元素の力が矢先に集まる。激流を込めた矢が敵に命中する時に水元素ダメージを与え、断流効果を付与する。"
        ],
        "詳細": [
            {
                "名前": "狙い撃ち",
                "数値": {
                    "1": "43.9%",
                    "2": "47.4%",
                    "3": "51.0%",
                    "4": "56.1%",
                    "5": "59.7%",
                    "6": "63.8%",
                    "7": "69.4%",
                    "8": "75.0%",
                    "9": "80.6%",
                    "10": "86.7%",
                    "11": "92.8%"
                }
            },
            {
                "名前": "フルチャージ狙い撃ち",
                "元素": "水",
                "数値": {
                    "1": "124%",
                    "2": "133%",
                    "3": "143%",
                    "4": "155%",
                    "5": "164%",
                    "6": "174%",
                    "7": "186%",
                    "8": "198%",
                    "9": "211%",
                    "10": "223%",
                    "11": "236%"
                }
            },
            {
                "名前": "断流·閃ダメージ",
                "種類": "通常攻撃ダメージ",
                "数値": {
                    "1": "12.4%*3",
                    "2": "13.3%*3",
                    "3": "14.3%*3",
                    "4": "15.5%*3",
                    "5": "16.4%*3",
                    "6": "17.4%*3",
                    "7": "18.6%*3",
                    "8": "19.8%*3",
                    "9": "21.1%*3",
                    "10": "22.3%*3",
                    "11": "23.6%*3"
                },
                "HIT数": 3,
                "元素": "水"
            },
            {
                "名前": "断流·破ダメージ",
                "種類": "通常攻撃ダメージ",
                "数値": {
                    "1": "62.0%",
                    "2": "66.7%",
                    "3": "71.3%",
                    "4": "77.5%",
                    "5": "82.2%",
                    "6": "86.8%",
                    "7": "93.0%",
                    "8": "99.2%",
                    "9": "105.4%",
                    "10": "111.6%",
                    "11": "117.8%"
                },
                "元素": "水"
            }
        ]
    },
    "落下攻撃": {
        "説明": "空中から矢の雨を放ち凄まじいスピードで落下し地面に衝撃を与え、落下時に範囲ダメージを与える。",
        "詳細": [
            {
                "名前": "落下期間のダメージ",
                "種類": "落下攻撃ダメージ",
                "数値": {
                    "1": "56.8%",
                    "2": "61.5%",
                    "3": "66.1%",
                    "4": "72.7%",
                    "5": "77.3%",
                    "6": "82.6%",
                    "7": "89.9%",
                    "8": "97.1%",
                    "9": "104.4%",
                    "10": "112.3%",
                    "11": "120.3%"
                }
            },
            {
                "名前": "低空/高空落下攻撃ダメージ",
                "種類": "落下攻撃ダメージ",
                "数値": {
                    "1": "114%",
                    "2": "123%",
                    "3": "132%",
                    "4": "145%",
                    "5": "155%",
                    "6": "165%",
                    "7": "180%",
                    "8": "194%",
                    "9": "209%",
                    "10": "225%",
                    "11": "240%"
                }
            },
            {
                "名前": "低空/高空落下攻撃ダメージ",
                "種類": "落下攻撃ダメージ",
                "数値": {
                    "1": "142%",
                    "2": "153%",
                    "3": "165%",
                    "4": "182%",
                    "5": "193%",
                    "6": "206%",
                    "7": "224%",
                    "8": "243%",
                    "9": "261%",
                    "10": "281%",
                    "11": "300%"
                }
            }
        ]
    },
    "元素スキル": {
        "名前": "魔王の武装·荒波",
        "説明": "水で構成された武装を解放し、周囲の敵に<span style=\"color: rgb(128, 192, 255)\">水元素ダメージ</span>を与え、近接モードに入る。<br>この状態の時、タルタリヤの通常攻撃と重撃は<span style=\"color: rgb(128, 192, 255)\">水元素ダメージ</span>となり、元素付与によって他の元素に変化することはない。また、攻撃は下記のように変化する。<br><br><span style=\"color: rgb(255, 215, 128)\">通常攻撃</span><br>最大6段の<span style=\"color: rgb(128, 192, 255)\">水元素</span>斬撃を行う。<br><br><span style=\"color: rgb(255, 215, 128)\">重撃</span><br>スタミナを消費して前方に斬撃を2回放ち、<span style=\"color: rgb(128, 192, 255)\">水元素ダメージ</span>を与える。<br><br><span style=\"color: rgb(255, 215, 128)\">断流·斬</span><br>近接攻撃が断流状態の敵に命中すると断流·斬を1回発動し、<span style=\"color: rgb(128, 192, 255)\">水元素範囲ダメージ</span>を与える。断流·斬が与えたダメージは元素スキルダメージと見なされ、1.5秒毎に1回のみ発動可能。<br><br>スキル発動30秒後、または再びスキルを発動すると効果が解除され、遠隔モードに戻り、クールタイムに入る。近接モードの継続時間が長いほど、クールタイムは長くなる。<br>30秒継続した後に自動的に遠隔モードに戻った場合、スキルのクールタイムは更に長くなる。<br><br><em>弓が苦手という弱点を克服するために、わざわざ弓を武器にしたのだ。しかし本当の戦いの中では、実力を見せなければならない時がある…</em>",
        "詳細": [
            {
                "名前": "状態切替時に与えるダメージ",
                "数値": {
                    "1": "72%",
                    "2": "77%",
                    "3": "83%",
                    "4": "90%",
                    "5": "95%",
                    "6": "101%",
                    "7": "108%",
                    "8": "115%",
                    "9": "122%",
                    "10": "130%",
                    "11": "137%",
                    "12": "144%",
                    "13": "153%"
                }
            },
            {
                "条件": "魔王の武装·荒波による近接モード",
                "種類": "通常攻撃ダメージアップ",
                "数値": 0
            }
        ],
        "最大継続時間": 30,
        "クールタイム": "6.0～36.0",
        "継続時間終了後のクールタイム": 45,
        "icon_url": "images/characters/hydro_5_bow_Tartaglia/talent_2.png"
    },
    "元素爆発": {
        "名前": "極悪技·尽滅閃",
        "説明": "タルタリヤの戦闘モードによって、異なる攻撃を発動する。<br><br><span style=\"color: rgb(255, 215, 128)\">遠隔モード·魔弾一閃</span><br>前方に素早く水元素を込めた魔矢を放ち、<span style=\"color: rgb(128, 192, 255)\">水元素範囲ダメージ</span>を与え、敵に断流効果を付与する。<br>発動後、元素エネルギーが一部返還される。<br><br><span style=\"color: rgb(255, 215, 128)\">近接モード·尽滅の水光</span><br>広範囲の斬撃を1回仕掛け、周囲全ての敵に大量の<span style=\"color: rgb(128, 192, 255)\">水元素ダメージ</span>を与え、断流·爆を発動する。<br><br><span style=\"color: rgb(255, 215, 128)\">断流·爆</span><br>尽滅の水光が断流状態の敵に命中した場合、断流効果が消耗され、スチームバーストを発生させて<span style=\"color: rgb(128, 192, 255)\">水元素範囲ダメージ</span>を与える。断流·爆が与えたダメージは元素爆発ダメージと見なされる。<br><br><em>激しく流れる水、彼の故郷の雪国ではあまり見られない。水を操られるのは、水の大切さを理解しているからだろう。</em>",
        "詳細": [
            {
                "名前": "スキルダメージ·近接",
                "数値": {
                    "1": "464%",
                    "2": "499%",
                    "3": "534%",
                    "4": "580%",
                    "5": "615%",
                    "6": "650%",
                    "7": "696%",
                    "8": "742%",
                    "9": "789%",
                    "10": "835%",
                    "11": "882%",
                    "12": "928%",
                    "13": "986%"
                }
            },
            {
                "名前": "スキルダメージ·遠隔",
                "数値": {
                    "1": "378%",
                    "2": "407%",
                    "3": "435%",
                    "4": "473%",
                    "5": "501%",
                    "6": "530%",
                    "7": "568%",
                    "8": "605%",
                    "9": "643%",
                    "10": "681%",
                    "11": "719%",
                    "12": "757%",
                    "13": "804%"
                }
            },
            {
                "名前": "断流·爆ダメージ",
                "数値": {
                    "1": "120%",
                    "2": "129%",
                    "3": "138%",
                    "4": "150%",
                    "5": "159%",
                    "6": "168%",
                    "7": "180%",
                    "8": "192%",
                    "9": "204%",
                    "10": "216%",
                    "11": "228%",
                    "12": "240%",
                    "13": "255%"
                }
            }
        ],
        "クールタイム": 15,
        "元素エネルギー": 60,
        "icon_url": "images/characters/hydro_5_bow_Tartaglia/talent_3.png"
    },
    "特殊通常攻撃": {
        "条件": "魔王の武装·荒波による近接モード",
        "種類": "元素スキルダメージ",
        "説明": "最大6段の水元素斬撃を発動する。",
        "詳細": [
            {
                "名前": "1段ダメージ",
                "種類": "通常攻撃ダメージ",
                "数値": {
                    "1": "38.9%",
                    "2": "42.0%",
                    "3": "45.2%",
                    "4": "49.7%",
                    "5": "52.9%",
                    "6": "56.5%",
                    "7": "61.5%",
                    "8": "66.4%",
                    "9": "71.4%",
                    "10": "76.8%",
                    "11": "82.3%",
                    "12": "87.7%",
                    "13": "93.1%"
                },
                "元素": "水"
            },
            {
                "名前": "2段ダメージ",
                "種類": "通常攻撃ダメージ",
                "数値": {
                    "1": "41.6%",
                    "2": "45.0%",
                    "3": "48.4%",
                    "4": "53.2%",
                    "5": "56.6%",
                    "6": "60.5%",
                    "7": "65.8%",
                    "8": "71.1%",
                    "9": "76.5%",
                    "10": "82.3%",
                    "11": "88.1%",
                    "12": "93.9%",
                    "13": "99.7%"
                },
                "元素": "水"
            },
            {
                "名前": "3段ダメージ",
                "種類": "通常攻撃ダメージ",
                "数値": {
                    "1": "56.3%",
                    "2": "60.9%",
                    "3": "65.5%",
                    "4": "72.1%",
                    "5": "76.6%",
                    "6": "81.9%",
                    "7": "89.1%",
                    "8": "96.3%",
                    "9": "103.5%",
                    "10": "111.4%",
                    "11": "119.2%",
                    "12": "127.1%",
                    "13": "134.9%"
                },
                "元素": "水"
            },
            {
                "名前": "4段ダメージ",
                "種類": "通常攻撃ダメージ",
                "数値": {
                    "1": "59.9%",
                    "2": "64.8%",
                    "3": "69.7%",
                    "4": "76.7%",
                    "5": "81.5%",
                    "6": "87.1%",
                    "7": "94.8%",
                    "8": "102.5%",
                    "9": "110.1%",
                    "10": "118.5%",
                    "11": "126.9%",
                    "12": "135.2%",
                    "13": "143.6%"
                },
                "元素": "水"
            },
            {
                "名前": "5段ダメージ",
                "種類": "通常攻撃ダメージ",
                "数値": {
                    "1": "55.3%",
                    "2": "59.8%",
                    "3": "64.3%",
                    "4": "70.7%",
                    "5": "75.2%",
                    "6": "80.4%",
                    "7": "87.4%",
                    "8": "94.5%",
                    "9": "101.6%",
                    "10": "109.3%",
                    "11": "117%",
                    "12": "124.7%",
                    "13": "132.5%"
                },
                "元素": "水"
            },
            {
                "名前": "6段ダメージ",
                "種類": "通常攻撃ダメージ",
                "数値": {
                    "1": "35.4%+37.7%",
                    "2": "38.3%+40.7%",
                    "3": "41.2%+43.8%",
                    "4": "45.3%+48.2%",
                    "5": "48.2%+51.2%",
                    "6": "51.5%+54.8%",
                    "7": "56.0%+59.6%",
                    "8": "60.6%+64.4%",
                    "9": "65.1%+69.2%",
                    "10": "70%+74.5%",
                    "11": "75%+79.7%",
                    "12": "79.9%+85.0%",
                    "13": "84.9%+90.2%"
                },
                "HIT数": 2,
                "元素": "水"
            }
        ]
    },
    "特殊重撃": {
        "条件": "魔王の武装·荒波による近接モード",
        "種類": "元素スキルダメージ",
        "説明": [
            "スタミナを消費して、前方に2回斬撃し、水元素ダメージを与える。"
        ],
        "詳細": [
            {
                "名前": "重撃ダメージ",
                "種類": "重撃ダメージ",
                "数値": {
                    "1": "60.2%+72.0%",
                    "2": "65.1%+77.8%",
                    "3": "70.0%+83.7%",
                    "4": "77.0%+92.1%",
                    "5": "81.9%+97.9%",
                    "6": "87.5%+104.6%",
                    "7": "95.2%+113.8%",
                    "8": "102.9%+123.0%",
                    "9": "110.6%+132.2%",
                    "10": "119%+142.3%",
                    "11": "127.4%+152.3%",
                    "12": "135.8%+162.4%",
                    "13": "144.2%+172.4%"
                },
                "HIT数": 2,
                "元素": "水"
            },
            {
                "名前": "断流·斬ダメージ",
                "種類": "元素スキルダメージ",
                "数値": {
                    "1": "60%",
                    "2": "65%",
                    "3": "70%",
                    "4": "77%",
                    "5": "82%",
                    "6": "88%",
                    "7": "95%",
                    "8": "103%",
                    "9": "111%",
                    "10": "119%",
                    "11": "127%",
                    "12": "136%",
                    "13": "144%"
                },
                "元素": "水"
            }
        ]
    },
    "特殊落下攻撃": {
        "条件": "魔王の武装·荒波による近接モード"
    },
    "固有天賦": [
        {
            "種類": "固有天賦",
            "名前": "無尽蔵",
            "説明": "断流効果の継続時間+8秒。",
            "icon_url": "images/characters/hydro_5_bow_Tartaglia/talent_4.png"
        },
        {
            "種類": "固有天賦",
            "名前": "水形剣",
            "説明": "<span style=\"color: rgb(255, 215, 128)\">魔王の武装·荒波</span>の近接モード時、通常攻撃と重撃が会心を発生すると、命中した敵に断流効果を付与する。",
            "icon_url": "images/characters/hydro_5_bow_Tartaglia/talent_5.png"
        },
        {
            "種類": "固有天賦",
            "名前": "武芸マスター",
            "説明": "チーム内の自身のキャラクター全員の<span style=\"color:#FFD780FF\">通常攻撃</span>Lv.+1。",
            "icon_url": "images/characters/hydro_5_bow_Tartaglia/talent_6.png"
        }
    ],
    "命ノ星座": {
        "1": {
            "名前": "魔王の武装·押波",
            "説明": "<span style=\"color: rgb(255, 215, 128)\">魔王の武装·荒波</span>のクールタイム-20%。",
            "icon_url": "images/characters/hydro_5_bow_Tartaglia/summaryList_1.png",
            "詳細": []
        },
        "2": {
            "名前": "魔王の武装·暗流",
            "説明": "断流効果の影響を受けた敵が倒されると、タルタリヤの元素エネルギーが4回復する。",
            "icon_url": "images/characters/hydro_5_bow_Tartaglia/summaryList_2.png",
            "詳細": []
        },
        "3": {
            "名前": "淵の災い·紛争の源",
            "説明": "<span style=\"color: rgb(255, 215, 128)\">魔王の武装·荒波</span>のスキルLv.+3。<br>最大Lv.15まで。",
            "icon_url": "images/characters/hydro_5_bow_Tartaglia/summaryList_3.png",
            "詳細": []
        },
        "4": {
            "名前": "淵の災い·復水放流",
            "説明": "4秒毎に、タルタリヤによって発動された断流効果がフィールドに存在する時、タルタリヤが<span style=\"color: rgb(255, 215, 128)\">魔王の武装·荒波</span>の近接モードの場合、断流·斬を発動する。それ以外の場合、断流·閃を発動する。<br>この効果によって発動された断流·斬と断流·閃は、この二つのスキル本来の発動時間制限を受けない。また、本来のスキルへの発動時間制限にも影響を与えない。",
            "icon_url": "images/characters/hydro_5_bow_Tartaglia/summaryList_4.png",
            "詳細": []
        },
        "5": {
            "名前": "極悪技·雨斬り",
            "説明": "<span style=\"color: rgb(255, 215, 128)\">極悪技·尽滅閃</span>のスキルLv.+3。<br>最大Lv.15まで。",
            "icon_url": "images/characters/hydro_5_bow_Tartaglia/summaryList_5.png",
            "詳細": []
        },
        "6": {
            "名前": "極悪技·天使の滅び",
            "説明": "<span style=\"color: rgb(255, 215, 128)\">極悪技·尽滅閃</span>発動時、<span style=\"color: rgb(255, 215, 128)\">魔王の武装·荒波</span>のクールタイムをリセットする。<br>この効果は遠隔モードに戻った後に発動する。",
            "icon_url": "images/characters/hydro_5_bow_Tartaglia/summaryList_6.png",
            "詳細": []
        }
    },
    "おすすめセット": [
        {
            "武器": "冬極の白星",
            "聖遺物メイン効果3": "5_攻撃力%",
            "聖遺物メイン効果4": "5_水元素ダメージバフ",
            "聖遺物メイン効果5": "5_会心ダメージ",
            "聖遺物セット効果1": "沈淪の心",
            "聖遺物セット効果2": "沈淪の心",
            "聖遺物優先するサブ効果1": "会心率",
            "聖遺物優先するサブ効果2": "会心ダメージ",
            "聖遺物優先するサブ効果3": "攻撃力%"
        },
        {
            "武器": "飛雷の鳴弦",
            "聖遺物メイン効果3": "5_攻撃力%",
            "聖遺物メイン効果4": "5_水元素ダメージバフ",
            "聖遺物メイン効果5": "5_会心率",
            "聖遺物セット効果1": "沈淪の心",
            "聖遺物セット効果2": "沈淪の心",
            "聖遺物優先するサブ効果1": "会心率",
            "聖遺物優先するサブ効果2": "会心ダメージ",
            "聖遺物優先するサブ効果3": "攻撃力%"
        },
        {
            "武器": "弓蔵",
            "聖遺物メイン効果3": "5_攻撃力%",
            "聖遺物メイン効果4": "5_水元素ダメージバフ",
            "聖遺物メイン効果5": "5_会心率",
            "聖遺物セット効果1": "沈淪の心",
            "聖遺物セット効果2": "沈淪の心",
            "聖遺物優先するサブ効果1": "会心率",
            "聖遺物優先するサブ効果2": "会心ダメージ",
            "聖遺物優先するサブ効果3": "攻撃力%"
        },
        {
            "武器": "破魔の弓",
            "聖遺物メイン効果3": "5_攻撃力%",
            "聖遺物メイン効果4": "5_水元素ダメージバフ",
            "聖遺物メイン効果5": "5_会心率",
            "聖遺物セット効果1": "沈淪の心",
            "聖遺物セット効果2": "沈淪の心",
            "聖遺物優先するサブ効果1": "会心率",
            "聖遺物優先するサブ効果2": "会心ダメージ",
            "聖遺物優先するサブ効果3": "攻撃力%"
        },
        {
            "武器": "破魔の弓",
            "聖遺物メイン効果3": "5_攻撃力%",
            "聖遺物メイン効果4": "5_水元素ダメージバフ",
            "聖遺物メイン効果5": "5_会心ダメージ",
            "聖遺物セット効果1": "沈淪の心",
            "聖遺物セット効果2": "沈淪の心",
            "聖遺物優先するサブ効果1": "会心率",
            "聖遺物優先するサブ効果2": "会心ダメージ",
            "聖遺物優先するサブ効果3": "攻撃力%"
        },
        {
            "武器": "天空の翼",
            "聖遺物メイン効果3": "5_攻撃力%",
            "聖遺物メイン効果4": "5_水元素ダメージバフ",
            "聖遺物メイン効果5": "5_会心率",
            "聖遺物セット効果1": "沈淪の心",
            "聖遺物セット効果2": "剣闘士のフィナーレ",
            "聖遺物優先するサブ効果1": "会心ダメージ",
            "聖遺物優先するサブ効果2": "会心率",
            "聖遺物優先するサブ効果3": "攻撃力%"
        }
    ],
    "NEXT STEP": "通常攻撃.1段ダメージ"
}