{
    "名前": "行秋",
    "説明": "よく本売り場で見かける少年。手には剣を、胸の中には義侠心を。",
    "icon_url": "images/characters/face/hydro_4_sword_Xingqiu.png",
    "レアリティ": 4,
    "武器": "片手剣",
    "元素": "水",
    "baseInfo": {
        "名前": "行秋",
        "誕生日": "10月9日",
        "命ノ星座": "錦織座",
        "称号": "少壮気鋭",
        "神の目": "水",
        "所属": "飛雲商会",
        "中国語 CV": "唐雅菁",
        "英語 CV": "Cristina Vee Valenzuela",
        "日本語 CV": "皆川純子",
        "韓国語 CV": "곽규미",
        "オリジナル料理": "江湖百味",
        "実装バージョン": "1.0",
        "七聖召喚のカード": "$[{\"ep_id\":3179,\"icon\":\"https://upload-static.hoyoverse.com/hoyolab-wiki/2022/12/01/194600931/c37e98b53fc0f199d1c821b38717a80c_6025565773331862722.png\",\"amount\":0,\"name\":\"行秋\",\"menuId\":\"17\"}]$"
    },
    "region": "璃月港",
    "ステータス": {
        "基礎HP": {
            "1+": 857,
            "20": 2202,
            "20+": 2842,
            "40": 4257,
            "40+": 4712,
            "50": 5420,
            "50+": 6027,
            "60": 6735,
            "60+": 7190,
            "70": 7897,
            "70+": 8352,
            "80": 9060,
            "80+": 9514,
            "90": 10222
        },
        "基礎攻撃力": {
            "1+": 17,
            "20": 43,
            "20+": 56,
            "40": 84,
            "40+": 93,
            "50": 107,
            "50+": 119,
            "60": 133,
            "60+": 142,
            "70": 156,
            "70+": 165,
            "80": 179,
            "80+": 188,
            "90": 202
        },
        "基礎防御力": {
            "1+": 64,
            "20": 163,
            "20+": 211,
            "40": 316,
            "40+": 349,
            "50": 402,
            "50+": 447,
            "60": 499,
            "60+": 533.0,
            "70": 585,
            "70+": 619,
            "80": 671,
            "80+": 705,
            "90": 758
        },
        "攻撃力%": {
            "1+": 0,
            "20": 0,
            "20+": 0,
            "40": 0,
            "40+": 6,
            "50": 6,
            "50+": 12,
            "60": 12,
            "60+": 12,
            "70": 12,
            "70+": 18,
            "80": 18,
            "80+": 24,
            "90": 24
        }
    },
    "通常攻撃": {
        "名前": "通常攻撃·古華剣法",
        "説明": "<span style=\"color:#FFD780FF\">通常攻撃</span><br/>剣による最大5段の連続攻撃を行う。<br/><br/><span style=\"color:#FFD780FF\">重撃</span><br/>一定のスタミナを消費し、前方に斬撃を2回放つ。<br/><br/><span style=\"color:#FFD780FF\">落下攻撃</span><br/>空中から落下し地面に衝撃を与える。経路上の敵を攻撃し、落下時に範囲ダメージを与える。",
        "詳細": [
            {
                "名前": "1段ダメージ",
                "数値": {
                    "1": "46.6%",
                    "2": "50.4%",
                    "3": "54.2%",
                    "4": "59.6%",
                    "5": "63.4%",
                    "6": "67.8%",
                    "7": "73.7%",
                    "8": "79.7%",
                    "9": "85.6%",
                    "10": "92.1%",
                    "11": "99.6%"
                }
            },
            {
                "名前": "2段ダメージ",
                "数値": {
                    "1": "47.6%",
                    "2": "51.5%",
                    "3": "55.4%",
                    "4": "60.9%",
                    "5": "64.8%",
                    "6": "69.3%",
                    "7": "75.3%",
                    "8": "81.4%",
                    "9": "87.5%",
                    "10": "94.2%",
                    "11": "102%"
                }
            },
            {
                "名前": "3段ダメージ",
                "数値": {
                    "1": "28.6%+28.6%",
                    "2": "30.9%+30.9%",
                    "3": "33.2%+33.2%",
                    "4": "36.5%+36.5%",
                    "5": "38.8%+38.8%",
                    "6": "41.5%+41.5%",
                    "7": "45.2%+45.2%",
                    "8": "48.8%+48.8%",
                    "9": "52.5%+52.5%",
                    "10": "56.4%+56.4%",
                    "11": "61.0%+61.0%"
                },
                "HIT数": 2
            },
            {
                "名前": "4段ダメージ",
                "数値": {
                    "1": "56.0%",
                    "2": "60.5%",
                    "3": "65.1%",
                    "4": "71.6%",
                    "5": "76.2%",
                    "6": "81.4%",
                    "7": "88.5%",
                    "8": "95.7%",
                    "9": "103%",
                    "10": "111%",
                    "11": "120%"
                }
            },
            {
                "名前": "5段ダメージ",
                "数値": {
                    "1": "35.9%+35.9%",
                    "2": "38.8%+38.8%",
                    "3": "41.7%+41.7%",
                    "4": "45.9%+45.9%",
                    "5": "48.8%+48.8%",
                    "6": "52.1%+52.1%",
                    "7": "56.7%+56.7%",
                    "8": "61.3%+61.3%",
                    "9": "65.9%+65.9%",
                    "10": "70.9%+70.9%",
                    "11": "76.6%+76.6%"
                },
                "HIT数": 2
            }
        ],
        "icon_url": "images/characters/hydro_4_sword_Xingqiu/talent_1.png"
    },
    "重撃": {
        "説明": [
            "一定のスタミナを消費し、風の力に満ちた斬り上げ攻撃を発動される。斬り上げられた敵はゆっくりと降下する。"
        ],
        "詳細": [
            {
                "名前": "重撃ダメージ",
                "数値": {
                    "1": "47.3%+56.2%",
                    "2": "51.2%+60.7%",
                    "3": "55.0%+65.3%",
                    "4": "60.5%+71.8%",
                    "5": "64.4%+76.4%",
                    "6": "68.8%+81.6%",
                    "7": "74.8%+88.8%",
                    "8": "80.9%+96.0%",
                    "9": "86.9%+103%",
                    "10": "93.5%+111%",
                    "11": "101%+120%"
                },
                "HIT数": 2
            }
        ]
    },
    "落下攻撃": {
        "説明": "空中から落下し地面に衝撃を与える。経路上の敵を攻撃し、落下時に範囲ダメージを与える。",
        "詳細": [
            {
                "名前": "落下期間のダメージ",
                "種類": "落下攻撃ダメージ",
                "数値": {
                    "1": "63.9%",
                    "2": "69.1%",
                    "3": "74.3%",
                    "4": "81.8%",
                    "5": "87.0%",
                    "6": "92.9%",
                    "7": "101.1%",
                    "8": "109.3%",
                    "9": "117.5%",
                    "10": "126.4%",
                    "11": "135.3%"
                }
            },
            {
                "名前": "低空/高空落下攻撃ダメージ",
                "種類": "落下攻撃ダメージ",
                "数値": {
                    "1": "128%",
                    "2": "138%",
                    "3": "149%",
                    "4": "164%",
                    "5": "174%",
                    "6": "186%",
                    "7": "202%",
                    "8": "219%",
                    "9": "235%",
                    "10": "253%",
                    "11": "271%"
                }
            },
            {
                "名前": "低空/高空落下攻撃ダメージ",
                "種類": "落下攻撃ダメージ",
                "数値": {
                    "1": "160%",
                    "2": "173%",
                    "3": "186%",
                    "4": "204%",
                    "5": "217%",
                    "6": "232%",
                    "7": "253%",
                    "8": "273%",
                    "9": "293%",
                    "10": "316%",
                    "11": "338%"
                }
            }
        ]
    },
    "元素スキル": {
        "名前": "古華剣·画雨籠山",
        "説明": "2段連続の攻撃を仕掛け、前方の敵に<span style=\"color: rgb(128, 192, 255)\">水元素ダメージ</span>を与え、出場している自身のキャラクターの周りに最大本数の「雨すだれの剣」を生成する。<br>「雨すだれの剣」は以下の特性を持つ。<br>・キャラクターが攻撃を受ける時、「雨すだれの剣」が破壊される代わりに、キャラクターが受けるダメージを減少させる。<br>・キャラクターの中断耐性をアップする。<br>行秋の<span style=\"color: rgb(128, 192, 255)\">水元素ダメージアップ</span>の20%分は「雨すだれの剣」のダメージ軽減効果に転換される。<br><br>最大24%のダメージ軽減効果を得られる。<br>「雨すだれの剣」の初期最大数は3本。<br>発動した瞬間、キャラクターに<span style=\"color: rgb(128, 192, 255)\">湿潤</span>状態を付与する。<br><br><em>「蛟竜斬り易く、雨描き難し。」</em>",
        "詳細": [
            {
                "名前": "スキルダメージ",
                "数値": {
                    "1": "168%+191%",
                    "2": "181%+206%",
                    "3": "193%+220%",
                    "4": "210%+239%",
                    "5": "223%+253%",
                    "6": "235%+268%",
                    "7": "252%+287%",
                    "8": "269%+306%",
                    "9": "286%+325%",
                    "10": "302%+344%",
                    "11": "319%+363%",
                    "12": "336%+382%",
                    "13": "357%+406%"
                },
                "HIT数": 2
            },
            {
                "条件": "雨すだれの剣",
                "名前": "ダメージ軽減",
                "種類": "ダメージ軽減",
                "数値": {
                    "1": 20,
                    "2": 21,
                    "3": 22,
                    "4": 23,
                    "5": 24,
                    "6": 25,
                    "7": 26,
                    "8": 27,
                    "9": 28,
                    "10": 29,
                    "11": 29,
                    "12": 29,
                    "13": 29
                }
            },
            {
                "名前": "ダメージ軽減",
                "種類": "表示_1",
                "数値": {
                    "1": 20,
                    "2": 21,
                    "3": 22,
                    "4": 23,
                    "5": 24,
                    "6": 25,
                    "7": 26,
                    "8": 27,
                    "9": 28,
                    "10": 29,
                    "11": 29,
                    "12": 29,
                    "13": 29
                }
            },
            {
                "条件": "雨すだれの剣",
                "種類": "ダメージ軽減",
                "数値": "20%水元素ダメージバフ",
                "上限": 24
            },
            {
                "対象": "表示_1.ダメージ軽減",
                "種類": "元素スキル強化",
                "数値": "20%水元素ダメージバフ",
                "上限": 24
            }
        ],
        "継続時間": 15,
        "クールタイム": 21,
        "icon_url": "images/characters/hydro_4_sword_Xingqiu/talent_2.png"
    },
    "元素爆発": {
        "名前": "古華剣·裁雨留虹",
        "説明": "虹剣勢を展開し、幻影の剣雨を使い、キャラクターに最大数の雨すだれの剣を付与する。<br><br><span style=\"color: rgb(255, 215, 128)\">虹剣勢</span><br>・出場している自身のキャラクターの通常攻撃時に剣雨攻撃を発動し、<span style=\"color: rgb(128, 192, 255)\">水元素ダメージ</span>を与える。<br>・雨すだれの剣の数は終始最大数をキープする。<br><br><em>「裁雨の法」、古華派秘伝の秘技の一つである。</em>",
        "詳細": [
            {
                "名前": "剣雨のダメージ",
                "数値": {
                    "1": "54.3%",
                    "2": "58.3%",
                    "3": "62.4%",
                    "4": "67.8%",
                    "5": "71.9%",
                    "6": "76.0%",
                    "7": "81.4%",
                    "8": "86.8%",
                    "9": "92.3%",
                    "10": "97.7%",
                    "11": "103%",
                    "12": "109%",
                    "13": "115%"
                }
            }
        ],
        "継続時間": 15,
        "クールタイム": 20,
        "元素エネルギー": 80,
        "icon_url": "images/characters/hydro_4_sword_Xingqiu/talent_3.png"
    },
    "固有天賦": [
        {
            "名前": "水生みの要訣",
            "種類": "固有天賦",
            "説明": "雨すだれの剣が破壊、または継続時間終了時に、キャラクターのHPを行秋のHP上限の6%分回復する。",
            "icon_url": "images/characters/hydro_4_sword_Xingqiu/talent_4.png"
        },
        {
            "名前": "虚実の筆",
            "種類": "固有天賦",
            "説明": "行秋の<span style=\"color:#80C0FFFF\">水元素ダメージ</span>+20%。",
            "詳細": [
                {
                    "種類": "水元素ダメージバフ",
                    "数値": 20
                }
            ],
            "icon_url": "images/characters/hydro_4_sword_Xingqiu/talent_5.png"
        },
        {
            "名前": "靈光突如",
            "種類": "固有天賦",
            "説明": "キャラクター天賦素材を合成する時、25%の確率で一部の材料が返還される。",
            "icon_url": "images/characters/hydro_4_sword_Xingqiu/talent_6.png"
        }
    ],
    "命ノ星座": {
        "1": {
            "名前": "すだれの残香",
            "説明": "雨すだれの剣の最大本数+1。",
            "icon_url": "images/characters/hydro_4_sword_Xingqiu/summaryList_1.png",
            "詳細": []
        },
        "2": {
            "名前": "青空の虹",
            "説明": "<span style=\"color: rgb(255, 215, 128)\">古華剣·裁雨留虹</span>の継続時間+3秒。<br>その他、剣雨攻撃を受けた敵の<span style=\"color: rgb(128, 192, 255)\">水元素耐性</span>-15%、継続時間4秒。",
            "詳細": [
                {
                    "条件": "青空の虹 水元素耐性-15%",
                    "種類": "敵水元素耐性",
                    "数値": -15
                }
            ],
            "icon_url": "images/characters/hydro_4_sword_Xingqiu/summaryList_2.png"
        },
        "3": {
            "名前": "詩の錦",
            "説明": "<span style=\"color: rgb(255, 215, 128)\">古華剣·裁雨留虹</span>のスキルLv.+3。<br>最大Lv.15まで。",
            "icon_url": "images/characters/hydro_4_sword_Xingqiu/summaryList_3.png",
            "詳細": []
        },
        "4": {
            "名前": "孤舟斬蛟",
            "説明": "<span style=\"color: rgb(255, 215, 128)\">古華剣·裁雨留虹</span>継続中、<span style=\"color: rgb(255, 215, 128)\">古華剣·画雨籠山</span>の与えるダメージ+50%。",
            "詳細": [
                {
                    "条件": "孤舟斬蛟 古華剣·画雨籠山の与えるダメージ+50%",
                    "対象": "元素スキルダメージ",
                    "種類": "別枠乗算",
                    "数値": "150"
                }
            ],
            "icon_url": "images/characters/hydro_4_sword_Xingqiu/summaryList_4.png"
        },
        "5": {
            "名前": "雨深閉門",
            "説明": "<span style=\"color: rgb(255, 215, 128)\">古華剣·画雨籠山</span>のスキルLv.+3。<br>最大Lv.15まで。",
            "icon_url": "images/characters/hydro_4_sword_Xingqiu/summaryList_5.png",
            "詳細": []
        },
        "6": {
            "名前": "万文ここにあり",
            "説明": "<span style=\"color: rgb(255, 215, 128)\">古華剣·裁雨留虹</span>が剣雨攻撃を2回発動する度に、次の剣雨攻撃が大幅に強化され、敵に命中する時行秋の元素エネルギーを3回復する。",
            "icon_url": "images/characters/hydro_4_sword_Xingqiu/summaryList_6.png",
            "詳細": []
        }
    },
    "おすすめセット": [
        {
            "武器": "祭礼の剣",
            "聖遺物メイン効果3": "5_攻撃力%",
            "聖遺物メイン効果4": "5_水元素ダメージバフ",
            "聖遺物メイン効果5": "5_会心率",
            "聖遺物セット効果1": "旧貴族のしつけ",
            "聖遺物セット効果2": "旧貴族のしつけ",
            "聖遺物優先するサブ効果1": "会心ダメージ",
            "聖遺物優先するサブ効果2": "会心率",
            "聖遺物優先するサブ効果3": "攻撃力%"
        },
        {
            "武器": "祭礼の剣",
            "聖遺物メイン効果3": "5_攻撃力%",
            "聖遺物メイン効果4": "5_水元素ダメージバフ",
            "聖遺物メイン効果5": "5_会心率",
            "聖遺物セット効果1": "沈淪の心",
            "聖遺物セット効果2": "剣闘士のフィナーレ",
            "聖遺物優先するサブ効果1": "会心ダメージ",
            "聖遺物優先するサブ効果2": "会心率",
            "聖遺物優先するサブ効果3": "攻撃力%"
        },
        {
            "武器": "祭礼の剣",
            "聖遺物メイン効果3": "5_攻撃力%",
            "聖遺物メイン効果4": "5_水元素ダメージバフ",
            "聖遺物メイン効果5": "5_会心率",
            "聖遺物セット効果1": "旧貴族のしつけ",
            "聖遺物セット効果2": "剣闘士のフィナーレ",
            "聖遺物優先するサブ効果1": "会心ダメージ",
            "聖遺物優先するサブ効果2": "会心率",
            "聖遺物優先するサブ効果3": "攻撃力%"
        },
        {
            "武器": "祭礼の剣",
            "聖遺物メイン効果3": "5_元素チャージ効率",
            "聖遺物メイン効果4": "5_水元素ダメージバフ",
            "聖遺物メイン効果5": "5_会心率",
            "聖遺物セット効果1": "絶縁の旗印",
            "聖遺物セット効果2": "絶縁の旗印",
            "聖遺物優先するサブ効果1": "会心ダメージ",
            "聖遺物優先するサブ効果2": "会心率",
            "聖遺物優先するサブ効果3": "攻撃力%"
        },
        {
            "武器": "磐岩結緑",
            "聖遺物メイン効果3": "5_攻撃力%",
            "聖遺物メイン効果4": "5_水元素ダメージバフ",
            "聖遺物メイン効果5": "5_会心ダメージ",
            "聖遺物セット効果1": "絶縁の旗印",
            "聖遺物セット効果2": "絶縁の旗印",
            "聖遺物優先するサブ効果1": "会心率",
            "聖遺物優先するサブ効果2": "会心ダメージ",
            "聖遺物優先するサブ効果3": "攻撃力%"
        },
        {
            "武器": "腐植の剣",
            "聖遺物メイン効果3": "5_攻撃力%",
            "聖遺物メイン効果4": "5_水元素ダメージバフ",
            "聖遺物メイン効果5": "5_会心率",
            "聖遺物セット効果1": "沈淪の心",
            "聖遺物セット効果2": "剣闘士のフィナーレ",
            "聖遺物優先するサブ効果1": "会心ダメージ",
            "聖遺物優先するサブ効果2": "会心率",
            "聖遺物優先するサブ効果3": "攻撃力%"
        }
    ],
    "NEXT STEP": "元素爆発.剣雨のダメージ"
}