{
    "名前": "夜蘭",
    "説明": "総務司所属を称する謎の人物。しかし、総務司の名簿上では「存在しない人」となっている。",
    "icon_url": "images/characters/face/hydro_5_bow_Yelan.png",
    "レアリティ": 5,
    "武器": "弓",
    "元素": "水",
    "baseInfo": {
        "名前": "夜蘭",
        "誕生日": "4月20日",
        "命ノ星座": "幽客座",
        "称号": "幽谷に咲く蘭",
        "神の目": "水",
        "所属": "岩上茶室",
        "中国語 CV": "徐慧",
        "英語 CV": "Laura Post",
        "日本語 CV": "遠藤綾",
        "韓国語 CV": "민아",
        "オリジナル料理": "美露エビ",
        "実装バージョン": "2.7"
    },
    "region": "璃月港",
    "ステータス": {
        "基礎HP": {
            "1+": 1125,
            "20": 2918,
            "20+": 3883,
            "40": 5810,
            "40+": 6495,
            "50": 7472,
            "50+": 8386,
            "60": 9374,
            "60+": 10059,
            "70": 11056,
            "70+": 11741,
            "80": 12749,
            "80+": 13434,
            "90": 14450.0
        },
        "基礎攻撃力": {
            "1+": 19,
            "20": 49,
            "20+": 66,
            "40": 98,
            "40+": 110,
            "50": 126,
            "50+": 142,
            "60": 158,
            "60+": 170,
            "70": 187,
            "70+": 198,
            "80": 215,
            "80+": 227,
            "90": 244
        },
        "基礎防御力": {
            "1+": 43,
            "20": 111,
            "20+": 147,
            "40": 220,
            "40+": 246,
            "50": 283,
            "50+": 318,
            "60": 355,
            "60+": 381,
            "70": 419,
            "70+": 445,
            "80": 483,
            "80+": 509,
            "90": 548
        },
        "会心率": {
            "1+": 0,
            "20": 0,
            "20+": 0,
            "40": 0,
            "40+": 4.8,
            "50": 4.8,
            "50+": 9.6,
            "60": 9.6,
            "60+": 9.6,
            "70": 9.6,
            "70+": 14.4,
            "80": 14.4,
            "80+": 19.2,
            "90": 19.2
        }
    },
    "オプション初期値": {
        "先後の決め手": 3,
        "気随気儘 与えるダメージ": 0
    },
    "通常攻撃": {
        "名前": "通常攻撃·匿影隠曜の弓",
        "説明": "<span style=\"color:#FFD780FF\">通常攻撃</span><br/>最大4段の連続射撃を行う。<br/><br/><span style=\"color:#FFD780FF\">重撃</span><br/>ダメージがより高く、より精確な<span style=\"color:#FFD780FF\">狙い撃ち</span>を発動する。<br/>照準時、流水を矢先に凝集させ、激流に満ちた矢で敵に<span style=\"color:#80C0FFFF\">水元素ダメージ</span>を与える。<br/><br/><span style=\"color:#FFD780FF\">打破</span><br/>戦闘状態が解除されてから5秒経過すると「打破」状態に入り、次のフルチャージ狙い撃ちのチャージ時間-80%、かつフルチャージ時に「打破の矢」を放ち、夜蘭のHP上限を基準に<span style=\"color:#80C0FFFF\">水元素範囲ダメージ</span>を与える。<br/><br/><span style=\"color:#FFD780FF\">落下攻撃</span><br/>空中から矢の雨を放ち、凄まじいスピードで落下し地面に衝撃を与え、落下時に範囲ダメージを与える。",
        "詳細": [
            {
                "名前": "1段ダメージ",
                "数値": {
                    "1": "40.68%",
                    "2": "43.99%",
                    "3": "47.3%",
                    "4": "52.03%",
                    "5": "55.34%",
                    "6": "59.13%",
                    "7": "64.33%",
                    "8": "69.53%",
                    "9": "74.73%",
                    "10": "80.41%",
                    "11": "86.09%"
                }
            },
            {
                "名前": "2段ダメージ",
                "数値": {
                    "1": "39.04%",
                    "2": "42.22%",
                    "3": "45.4%",
                    "4": "49.94%",
                    "5": "53.12%",
                    "6": "56.75%",
                    "7": "61.74%",
                    "8": "66.74%",
                    "9": "71.73%",
                    "10": "77.18%",
                    "11": "82.63%"
                }
            },
            {
                "名前": "3段ダメージ",
                "数値": {
                    "1": "51.6%",
                    "2": "55.8%",
                    "3": "60%",
                    "4": "66%",
                    "5": "70.2%",
                    "6": "75%",
                    "7": "81.6%",
                    "8": "88.2%",
                    "9": "94.8%",
                    "10": "102%",
                    "11": "109.2%"
                }
            },
            {
                "名前": "4段ダメージ",
                "数値": {
                    "1": "32.51%+32.51%",
                    "2": "35.15%+35.15%",
                    "3": "37.8%+37.8%",
                    "4": "41.58%+41.58%",
                    "5": "44.23%+44.23%",
                    "6": "47.25%+47.25%",
                    "7": "51.41%+51.41%",
                    "8": "55.57%+55.57%",
                    "9": "59.72%+59.72%",
                    "10": "64.26%+64.26%",
                    "11": "68.8%+68.8%"
                },
                "HIT数": 2
            }
        ],
        "icon_url": "images/characters/hydro_5_bow_Yelan/talent_1.png"
    },
    "重撃": {
        "詳細": [
            {
                "名前": "狙い撃ち",
                "数値": {
                    "1": "43.86%",
                    "2": "47.43%",
                    "3": "51%",
                    "4": "56.1%",
                    "5": "59.67%",
                    "6": "63.75%",
                    "7": "69.36%",
                    "8": "74.97%",
                    "9": "80.58%",
                    "10": "86.7%",
                    "11": "92.82%"
                }
            },
            {
                "名前": "フルチャージ狙い撃ち",
                "数値": {
                    "1": "124%",
                    "2": "133.3%",
                    "3": "142.6%",
                    "4": "155%",
                    "5": "164.3%",
                    "6": "173.6%",
                    "7": "186%",
                    "8": "198.4%",
                    "9": "210.8%",
                    "10": "223.2%",
                    "11": "235.6%"
                },
                "元素": "水"
            },
            {
                "名前": "打破の矢ダメージ",
                "数値": {
                    "1": "11.58%HP上限",
                    "2": "12.44%HP上限",
                    "3": "13.31%HP上限",
                    "4": "14.47%HP上限",
                    "5": "15.34%HP上限",
                    "6": "16.21%HP上限",
                    "7": "17.36%HP上限",
                    "8": "18.52%HP上限",
                    "9": "19.68%HP上限",
                    "10": "20.84%HP上限",
                    "11": "21.99%HP上限"
                },
                "元素": "水"
            }
        ]
    },
    "落下攻撃": {
        "詳細": [
            {
                "名前": "落下期間のダメージ",
                "数値": {
                    "1": "56.8%",
                    "2": "61.5%",
                    "3": "66.1%",
                    "4": "72.7%",
                    "5": "77.3%",
                    "6": "82.6%",
                    "7": "89.9%",
                    "8": "97.1%",
                    "9": "104.4%",
                    "10": "112.3%",
                    "11": "120.3%"
                }
            },
            {
                "名前": "低空/高空落下攻撃ダメージ",
                "数値": {
                    "1": "114%",
                    "2": "123%",
                    "3": "132%",
                    "4": "145%",
                    "5": "155%",
                    "6": "165%",
                    "7": "180%",
                    "8": "194%",
                    "9": "209%",
                    "10": "225%",
                    "11": "241%"
                }
            },
            {
                "名前": "低空/高空落下攻撃ダメージ",
                "数値": {
                    "1": "142%",
                    "2": "154%",
                    "3": "165%",
                    "4": "182%",
                    "5": "193%",
                    "6": "206%",
                    "7": "225%",
                    "8": "243%",
                    "9": "261%",
                    "10": "281%",
                    "11": "300%"
                }
            }
        ]
    },
    "元素スキル": {
        "名前": "絡み合う命の糸",
        "説明": "「命の糸」を引きながら疾走し、経路上の敵を絡めてマークする。<br/>疾走終了時、「命の糸」は爆発し、夜蘭のHP上限を基準に<span style=\"color:#80C0FFFF\">水元素ダメージ</span>をマークした敵に与える。<br/><br/><span style=\"color:#FFD780FF\">一回押し</span><br/>驚異的なスピードで疾走し、前方へと一定距離移動する。<br/><br/><span style=\"color:#FFD780FF\">長押し</span><br/>疾走を続け、かつ本状態中は中断耐性をアップさせる。<br/>継続時間中、夜蘭は進行方向を変えることができる。再び発動すると疾走状態を早期に終了できる。<br/><br/>また、「命の糸」が爆発する際、マークした敵1体につき、夜蘭が「打破」状態に入る確率が34%アップする。<br/><br/><i>彼女が糸に指を掛け、それを引いた時、陰謀を企てる悪党や賊たちは、初めて自分の定められた運命に気付く。</i>",
        "詳細": [
            {
                "名前": "スキルダメージ",
                "数値": {
                    "1": "22.61%HP上限",
                    "2": "24.31%HP上限",
                    "3": "26.01%HP上限",
                    "4": "28.27%HP上限",
                    "5": "29.96%HP上限",
                    "6": "31.66%HP上限",
                    "7": "33.92%HP上限",
                    "8": "36.18%HP上限",
                    "9": "38.44%HP上限",
                    "10": "40.7%HP上限",
                    "11": "42.97%HP上限",
                    "12": "45.23%HP上限",
                    "13": "48.05%HP上限"
                }
            }
        ],
        "長押し最大継続時間": 3,
        "クールタイム": 10,
        "icon_url": "images/characters/hydro_5_bow_Yelan/talent_2.png"
    },
    "元素爆発": {
        "名前": "深謀玲瓏賽",
        "説明": "<span style=\"color: rgb(128, 192, 255)\">水元素範囲ダメージ</span>を与えた後、「玲瓏一擲」を凝集させて戦闘を支援する。<br><br><span style=\"color: rgb(255, 215, 128)\">玲瓏一擲</span><br>キャラクターに追従し、以下の状況で夜蘭のHP上限を基準に<span style=\"color: rgb(128, 192, 255)\">水元素ダメージ</span>の連携攻撃を発動する。<br>・フィールド上でチーム内の自身キャラクターが通常攻撃を行う時、1秒につき1回発動する。<br>・夜蘭自身が放った「命の糸」が爆発して敵に命中した時、連携攻撃を1回発動する。<br><br><em>「賭け事ばかりしていてはダメよ。胴元として、数の大小でそれを説明してあげるわ。サイコロを1つしか持たない君が、どうやって私が持つ7つのサイコロに勝つのかしら？」</em>",
        "詳細": [
            {
                "名前": "スキルダメージ",
                "数値": {
                    "1": "7.31%HP上限",
                    "2": "7.86%HP上限",
                    "3": "8.4%HP上限",
                    "4": "9.14%HP上限",
                    "5": "9.68%HP上限",
                    "6": "10.23%HP上限",
                    "7": "10.96%HP上限",
                    "8": "11.69%HP上限",
                    "9": "12.42%HP上限",
                    "10": "13.15%HP上限",
                    "11": "13.89%HP上限",
                    "12": "14.62%HP上限",
                    "13": "15.53%HP上限"
                }
            },
            {
                "名前": "玲瓏一擲ダメージ",
                "数値": {
                    "1": "4.87%HP上限*3",
                    "2": "5.24%HP上限*3",
                    "3": "5.6%HP上限*3",
                    "4": "6.09%HP上限*3",
                    "5": "6.46%HP上限*3",
                    "6": "6.82%HP上限*3",
                    "7": "7.31%HP上限*3",
                    "8": "7.8%HP上限*3",
                    "9": "8.28%HP上限*3",
                    "10": "8.77%HP上限*3",
                    "11": "9.26%HP上限*3",
                    "12": "9.74%HP上限*3",
                    "13": "10.35%HP上限*3"
                },
                "HIT数": 3
            },
            {
                "条件": "命ノ星座@2",
                "名前": "罠に陥る者、多々益善",
                "数値": "14%HP上限"
            }
        ],
        "継続時間": 15,
        "クールタイム": 18,
        "元素エネルギー": 70,
        "icon_url": "images/characters/hydro_5_bow_Yelan/talent_3.png"
    },
    "特殊通常攻撃": {
        "条件": "権謀術数",
        "種類": "重撃ダメージ",
        "詳細": [
            {
                "名前": "勝ち得る者、独り勝ち",
                "種類": "重撃ダメージ",
                "数値": {
                    "1": "11.58%HP上限*1.56",
                    "2": "12.44%HP上限*1.56",
                    "3": "13.31%HP上限*1.56",
                    "4": "14.47%HP上限*1.56",
                    "5": "15.34%HP上限*1.56",
                    "6": "16.21%HP上限*1.56",
                    "7": "17.36%HP上限*1.56",
                    "8": "18.52%HP上限*1.56",
                    "9": "19.68%HP上限*1.56",
                    "10": "20.84%HP上限*1.56",
                    "11": "21.99%HP上限*1.56"
                },
                "元素": "水"
            }
        ]
    },
    "固有天賦": [
        {
            "名前": "先後の決め手",
            "説明": "チーム内キャラクターの元素タイプが1/2/3/4種類の時、夜蘭自身のHP上限+6%/12%/18%/30%。",
            "詳細": [
                {
                    "条件": "[チーム]キャラクターの元素タイプ@required_1-4種類",
                    "種類": "HP%",
                    "数値": 6
                },
                {
                    "条件": "[チーム]キャラクターの元素タイプ=required_4種類",
                    "種類": "HP%",
                    "数値": 6
                }
            ],
            "icon_url": "images/characters/hydro_5_bow_Yelan/talent_4.png"
        },
        {
            "名前": "気随気儘",
            "説明": "<span style=\"color:#FFD780FF\">「玲瓏一擲」</span>継続時間中、フィールド上にいるチーム内の自身キャラクターの与えるダメージ+1%、1秒毎に3.5%アップする。最大で50%までアップする。<br/>継続時間中、深謀玲瓏賽を再発動すると、既存の上記効果が先にクリアされる。",
            "詳細": [
                {
                    "条件": "気随気儘 与えるダメージ@+1-50/3.5%",
                    "種類": "与えるダメージ",
                    "数値": 1
                }
            ],
            "icon_url": "images/characters/hydro_5_bow_Yelan/talent_5.png"
        },
        {
            "名前": "長考一手",
            "説明": "璃月で20時間かかる探索任務を完了した時、獲得する報酬+25%。",
            "icon_url": "images/characters/hydro_5_bow_Yelan/talent_6.png"
        }
    ],
    "命ノ星座": {
        "1": {
            "名前": "共謀する者、以局征局",
            "説明": "<span style=\"color:#FFD780FF\">絡み合う命の糸</span>の使用可能回数+1。",
            "icon_url": "images/characters/hydro_5_bow_Yelan/summaryList_1.png",
            "詳細": []
        },
        "2": {
            "名前": "罠に陥る者、多々益善",
            "説明": "<span style=\"color:#FFD780FF\">「玲瓏一擲」</span>による連携攻撃を行った時、追加で水の矢を1本発射し、夜蘭のHP上限の14%に相当する水元素ダメージを与える。<br/>1.8秒毎に1回のみ発動可能。",
            "icon_url": "images/characters/hydro_5_bow_Yelan/summaryList_2.png",
            "詳細": []
        },
        "3": {
            "名前": "壺振り師、賽子詭計",
            "説明": "<span style=\"color:#FFD780FF\">深謀玲瓏賽</span>のスキルLv.+3。<br/>最大Lv.15まで。",
            "icon_url": "images/characters/hydro_5_bow_Yelan/summaryList_3.png",
            "詳細": []
        },
        "4": {
            "名前": "騙し取る者、移花接木",
            "説明": "<span style=\"color:#FFD780FF\">「命の糸」</span>が爆発した時、マークした敵1体につき、チーム全員のHP上限+10%、継続時間25秒。この方式でアップできるHP上限は最大40%まで。",
            "詳細": [
                {
                    "条件": "騙し取る者、移花接木@1-4体",
                    "種類": "HP%",
                    "数値": 10
                }
            ],
            "icon_url": "images/characters/hydro_5_bow_Yelan/summaryList_4.png"
        },
        "5": {
            "名前": "胴元になる者、三仙奇術",
            "説明": "<span style=\"color:#FFD780FF\">絡み合う命の糸</span>のスキルLv.+3。<br/>最大Lv.15まで。",
            "icon_url": "images/characters/hydro_5_bow_Yelan/summaryList_5.png",
            "詳細": []
        },
        "6": {
            "名前": "勝ち得る者、独り勝ち",
            "説明": "<span style=\"color:#FFD780FF\">深謀玲瓏賽</span>を発動後、夜蘭は「権謀術数」状態に入る。<br/>通常攻撃は特殊な「打破の矢」に変化する。この矢は打破の矢に近い特性を持ち、与えるダメージは打破の矢の156%、かつ重撃ダメージとみなされる。<br/><br/>「権謀術数」状態の継続時間は最大20秒となり、5本の矢が発射されると終了する。",
            "詳細": [
                {
                    "条件": "権謀術数",
                    "種類": "通常攻撃ダメージアップ",
                    "数値": 0
                }
            ],
            "icon_url": "images/characters/hydro_5_bow_Yelan/summaryList_6.png"
        }
    },
    "おすすめセット": [
        {
            "武器": "若水",
            "聖遺物メイン効果3": "5_元素チャージ効率",
            "聖遺物メイン効果4": "5_水元素ダメージバフ",
            "聖遺物メイン効果5": "5_会心率",
            "聖遺物セット効果1": "絶縁の旗印",
            "聖遺物セット効果2": "絶縁の旗印",
            "聖遺物優先するサブ効果1": "会心ダメージ",
            "聖遺物優先するサブ効果2": "会心率",
            "聖遺物優先するサブ効果3": "HP%"
        },
        {
            "武器": "終焉を嘆く詩",
            "聖遺物メイン効果3": "5_HP%",
            "聖遺物メイン効果4": "5_水元素ダメージバフ",
            "聖遺物メイン効果5": "5_会心率",
            "聖遺物セット効果1": "絶縁の旗印",
            "聖遺物セット効果2": "絶縁の旗印",
            "聖遺物優先するサブ効果1": "会心ダメージ",
            "聖遺物優先するサブ効果2": "会心率",
            "聖遺物優先するサブ効果3": "HP%"
        },
        {
            "武器": "絶弦",
            "聖遺物メイン効果3": "5_元素チャージ効率",
            "聖遺物メイン効果4": "5_水元素ダメージバフ",
            "聖遺物メイン効果5": "5_会心率",
            "聖遺物セット効果1": "絶縁の旗印",
            "聖遺物セット効果2": "絶縁の旗印",
            "聖遺物優先するサブ効果1": "会心ダメージ",
            "聖遺物優先するサブ効果2": "会心率",
            "聖遺物優先するサブ効果3": "HP%"
        },
        {
            "武器": "落霞",
            "聖遺物メイン効果3": "5_HP%",
            "聖遺物メイン効果4": "5_水元素ダメージバフ",
            "聖遺物メイン効果5": "5_会心率",
            "聖遺物セット効果1": "絶縁の旗印",
            "聖遺物セット効果2": "絶縁の旗印",
            "聖遺物優先するサブ効果1": "会心ダメージ",
            "聖遺物優先するサブ効果2": "会心率",
            "聖遺物優先するサブ効果3": "HP%"
        },
        {
            "武器": "西風猟弓",
            "聖遺物メイン効果3": "5_HP%",
            "聖遺物メイン効果4": "5_水元素ダメージバフ",
            "聖遺物メイン効果5": "5_会心率",
            "聖遺物セット効果1": "絶縁の旗印",
            "聖遺物セット効果2": "絶縁の旗印",
            "聖遺物優先するサブ効果1": "会心ダメージ",
            "聖遺物優先するサブ効果2": "会心率",
            "聖遺物優先するサブ効果3": "HP%"
        },
        {
            "武器": "祭礼の弓",
            "聖遺物メイン効果3": "5_HP%",
            "聖遺物メイン効果4": "5_水元素ダメージバフ",
            "聖遺物メイン効果5": "5_会心率",
            "聖遺物セット効果1": "絶縁の旗印",
            "聖遺物セット効果2": "絶縁の旗印",
            "聖遺物優先するサブ効果1": "会心ダメージ",
            "聖遺物優先するサブ効果2": "会心率",
            "聖遺物優先するサブ効果3": "HP%"
        },
        {
            "武器": "若水",
            "聖遺物メイン効果3": "5_HP%",
            "聖遺物メイン効果4": "5_水元素ダメージバフ",
            "聖遺物メイン効果5": "5_会心率",
            "聖遺物セット効果1": "沈淪の心",
            "聖遺物セット効果2": "千岩牢固",
            "聖遺物優先するサブ効果1": "会心ダメージ",
            "聖遺物優先するサブ効果2": "会心率",
            "聖遺物優先するサブ効果3": "HP%"
        },
        {
            "武器": "終焉を嘆く詩",
            "聖遺物メイン効果3": "5_HP%",
            "聖遺物メイン効果4": "5_水元素ダメージバフ",
            "聖遺物メイン効果5": "5_会心率",
            "聖遺物セット効果1": "沈淪の心",
            "聖遺物セット効果2": "千岩牢固",
            "聖遺物優先するサブ効果1": "会心ダメージ",
            "聖遺物優先するサブ効果2": "会心率",
            "聖遺物優先するサブ効果3": "HP%"
        },
        {
            "武器": "絶弦",
            "聖遺物メイン効果3": "5_HP%",
            "聖遺物メイン効果4": "5_水元素ダメージバフ",
            "聖遺物メイン効果5": "5_会心率",
            "聖遺物セット効果1": "沈淪の心",
            "聖遺物セット効果2": "千岩牢固",
            "聖遺物優先するサブ効果1": "会心ダメージ",
            "聖遺物優先するサブ効果2": "会心率",
            "聖遺物優先するサブ効果3": "HP%"
        },
        {
            "武器": "落霞",
            "聖遺物メイン効果3": "5_HP%",
            "聖遺物メイン効果4": "5_水元素ダメージバフ",
            "聖遺物メイン効果5": "5_会心率",
            "聖遺物セット効果1": "沈淪の心",
            "聖遺物セット効果2": "千岩牢固",
            "聖遺物優先するサブ効果1": "会心ダメージ",
            "聖遺物優先するサブ効果2": "会心率",
            "聖遺物優先するサブ効果3": "HP%"
        },
        {
            "武器": "西風猟弓",
            "聖遺物メイン効果3": "5_HP%",
            "聖遺物メイン効果4": "5_水元素ダメージバフ",
            "聖遺物メイン効果5": "5_会心率",
            "聖遺物セット効果1": "沈淪の心",
            "聖遺物セット効果2": "千岩牢固",
            "聖遺物優先するサブ効果1": "会心ダメージ",
            "聖遺物優先するサブ効果2": "会心率",
            "聖遺物優先するサブ効果3": "HP%"
        },
        {
            "武器": "祭礼の弓",
            "聖遺物メイン効果3": "5_HP%",
            "聖遺物メイン効果4": "5_水元素ダメージバフ",
            "聖遺物メイン効果5": "5_会心率",
            "聖遺物セット効果1": "沈淪の心",
            "聖遺物セット効果2": "千岩牢固",
            "聖遺物優先するサブ効果1": "会心ダメージ",
            "聖遺物優先するサブ効果2": "会心率",
            "聖遺物優先するサブ効果3": "HP%"
        }
    ],
    "NEXT STEP": "元素爆発.玲瓏一擲ダメージ"
}