{
    "名前": "神里綾人",
    "説明": "若く有能な社奉行神里家の現当主。穏やかで礼儀正しく、物事をそつなく処理する。",
    "icon_url": "images/characters/face/hydro_5_sword_KamisatoAyato.png",
    "レアリティ": 5,
    "武器": "片手剣",
    "元素": "水",
    "baseInfo": {
        "名前": "神里綾人",
        "誕生日": "3月26日",
        "命ノ星座": "神守柏座",
        "称号": "磐祭葉守",
        "神の目": "水",
        "所属": "社奉行",
        "中国語 CV": "赵路",
        "英語 CV": "Chris Hackney",
        "日本語 CV": "石田彰",
        "韓国語 CV": "장민혁",
        "オリジナル料理": "「静寂閑雅」",
        "実装バージョン": "2.6"
    },
    "region": "稲妻城",
    "ステータス": {
        "基礎HP": {
            "1+": 1068,
            "20": 2770,
            "20+": 3685,
            "40": 5514,
            "40+": 6165,
            "50": 7092,
            "50+": 7960,
            "60": 8897,
            "60+": 9548,
            "70": 10494,
            "70+": 11144,
            "80": 12101,
            "80+": 12751,
            "90": 13715
        },
        "基礎攻撃力": {
            "1+": 23,
            "20": 60,
            "20+": 80,
            "40": 120,
            "40+": 134,
            "50": 155,
            "50+": 174,
            "60": 194,
            "60+": 208,
            "70": 229,
            "70+": 243,
            "80": 264,
            "80+": 278,
            "90": 299
        },
        "基礎防御力": {
            "1+": 60,
            "20": 155,
            "20+": 206,
            "40": 309,
            "40+": 345,
            "50": 397,
            "50+": 446,
            "60": 499,
            "60+": 535,
            "70": 588,
            "70+": 624,
            "80": 678,
            "80+": 715,
            "90": 769
        },
        "会心ダメージ": {
            "1+": 0,
            "20": 0,
            "20+": 0,
            "40": 0,
            "40+": 9.6,
            "50": 9.6,
            "50+": 19.2,
            "60": 19.2,
            "60+": 19.2,
            "70": 19.2,
            "70+": 28.8,
            "80": 28.8,
            "80+": 38.4,
            "90": 38.4
        }
    },
    "オプション初期値": {
        "浪閃": 4
    },
    "通常攻撃": {
        "名前": "通常攻撃·神里流·転",
        "説明": "<span style=\"color:#FFD780FF\">通常攻撃</span><br/>剣による最大5段の連続攻撃を行う。<br/><br/><span style=\"color:#FFD780FF\">重撃</span><br/>一定のスタミナを消費し、前方へ突進と同時に居合斬りを見舞う。<br/><br/><span style=\"color:#FFD780FF\">落下攻撃</span><br/>空中から落下し地面に衝撃を与える。経路上の敵を攻撃し、落下時に範囲ダメージを与える。",
        "詳細": [
            {
                "名前": "1段ダメージ",
                "数値": {
                    "1": "45.0%",
                    "2": "48.6%",
                    "3": "52.3%",
                    "4": "57.5%",
                    "5": "61.2%",
                    "6": "65.4%",
                    "7": "71.1%",
                    "8": "76.9%",
                    "9": "82.6%",
                    "10": "88.9%",
                    "11": "95.2%"
                }
            },
            {
                "名前": "2段ダメージ",
                "数値": {
                    "1": "47.2%",
                    "2": "51.0%",
                    "3": "54.8%",
                    "4": "60.3%",
                    "5": "64.2%",
                    "6": "68.5%",
                    "7": "74.6%",
                    "8": "80.6%",
                    "9": "86.6%",
                    "10": "93.2%",
                    "11": "99.8%"
                }
            },
            {
                "名前": "3段ダメージ",
                "数値": {
                    "1": "58.6%",
                    "2": "63.4%",
                    "3": "68.2%",
                    "4": "75.0%",
                    "5": "79.7%",
                    "6": "85.2%",
                    "7": "92.7%",
                    "8": "100.2%",
                    "9": "107.7%",
                    "10": "115.9%",
                    "11": "124.0%"
                }
            },
            {
                "名前": "4段ダメージ",
                "数値": {
                    "1": "29.4%*2",
                    "2": "31.8%*2",
                    "3": "34.2%*2",
                    "4": "37.7%*2",
                    "5": "40.1%*2",
                    "6": "42.8%*2",
                    "7": "46.6%*2",
                    "8": "50.3%*2",
                    "9": "54.1%*2",
                    "10": "58.2%*2",
                    "11": "62.3%*2"
                },
                "HIT数": 2
            },
            {
                "名前": "5段ダメージ",
                "数値": {
                    "1": "75.6%",
                    "2": "81.8%",
                    "3": "87.9%",
                    "4": "96.7%",
                    "5": "102.9%",
                    "6": "109.9%",
                    "7": "119.6%",
                    "8": "129.2%",
                    "9": "138.9%",
                    "10": "149.5%",
                    "11": "160.0%"
                }
            }
        ],
        "icon_url": "images/characters/hydro_5_sword_KamisatoAyato/talent_1.png"
    },
    "重撃": {
        "説明": "一定のスタミナを消費し、前方へ突進と同時に居合斬りを見舞う。",
        "詳細": [
            {
                "名前": "重撃ダメージ",
                "種類": "重撃ダメージ",
                "数値": {
                    "1": "129.5%",
                    "2": "140.1%",
                    "3": "150.6%",
                    "4": "165.7%",
                    "5": "176.2%",
                    "6": "188.3%",
                    "7": "204.8%",
                    "8": "221.4%",
                    "9": "238.0%",
                    "10": "256.0%",
                    "11": "274.1%"
                }
            }
        ],
        "重撃スタミナ消費": 20
    },
    "落下攻撃": {
        "説明": "空中から落下し地面に衝撃を与える。経路上の敵を攻撃し、落下時に範囲ダメージを与える。",
        "詳細": [
            {
                "名前": "落下期間のダメージ",
                "種類": "落下攻撃ダメージ",
                "数値": {
                    "1": "63.93%",
                    "2": "69.14%",
                    "3": "74.34%",
                    "4": "81.77%",
                    "5": "86.98%",
                    "6": "92.93%",
                    "7": "101.1%",
                    "8": "109.28%",
                    "9": "117.46%",
                    "10": "126.38%",
                    "11": "135.3%"
                }
            },
            {
                "名前": "低空/高空落下攻撃ダメージ",
                "種類": "落下攻撃ダメージ",
                "数値": {
                    "1": "127.84%",
                    "2": "138.24%",
                    "3": "148.65%",
                    "4": "163.51%",
                    "5": "173.92%",
                    "6": "185.81%",
                    "7": "202.16%",
                    "8": "218.51%",
                    "9": "234.86%",
                    "10": "252.7%",
                    "11": "270.54%"
                }
            },
            {
                "名前": "低空/高空落下攻撃ダメージ",
                "種類": "落下攻撃ダメージ",
                "数値": {
                    "1": "159.68%",
                    "2": "172.67%",
                    "3": "185.67%",
                    "4": "204.24%",
                    "5": "217.23%",
                    "6": "232.09%",
                    "7": "253.51%",
                    "8": "272.93%",
                    "9": "293.36%",
                    "10": "315.64%",
                    "11": "337.92%"
                }
            }
        ]
    },
    "元素スキル": {
        "名前": "神里流·鏡花",
        "説明": "神里綾人は素早く移動後、「滝廻鑑花」状態に入り、元の位置に「水の幻影」を創造する。<br/>水の幻影は形成後、周囲に敵が存在する場合または継続時間終了時に破裂し、<span style=\"color:#80C0FFFF\">水元素範囲ダメージ</span>を与える。<br/><br/><span style=\"color:#FFD780FF\">滝廻鑑花</span><br/>この状態の神里綾人は瞬水剣で素早い攻撃を繰り出し、通常攻撃は元素付与によって他の元素に変化しない<span style=\"color:#80C0FFFF\">水元素範囲ダメージ</span>へと変わる。<br/>その他、以下の効果を持つ。<br/>·瞬水剣が敵に命中すると、神里綾人に「浪閃」効果を付与し、神里綾人自身の現在のHP上限を基準に、瞬水剣のダメージがアップする。初期状態では、浪閃を最大4層重ね掛けでき、瞬水剣の攻撃を通して0.1秒ごとに最大1層獲得できる。滝廻鑑花状態が終了した時に効果は消失する。<br/>·神里綾人の中断耐性がアップする。<br/>·重撃と落下攻撃が発動できなくなる。<br/><br/>滝廻鑑花状態は神里綾人が退場する時に解除される。滝廻鑑花状態で再度神里流·鏡花を発動すると、既存の滝廻鑑花状態が解除される。<br/><br/><i>「一体いつから、手応えを感じていたように錯覚していたのですか？」</i><br/><i>——武芸だけでなく、計略に関することも同様である。しかし、他の二つの奉行に座している当主の面子を立てるためにも、この言葉は言うべきではない。それゆえ、これを聞いたことのある人はトーマ、一斗、綾華の三人だけである。</i>",
        "詳細": [
            {
                "条件": "滝廻鑑花&浪閃@1-5層",
                "名前": "浪閃ダメージアップ",
                "種類": "通常攻撃ダメージアップ",
                "数値": {
                    "1": "0.56%HP上限",
                    "2": "0.61%HP上限",
                    "3": "0.65%HP上限",
                    "4": "0.72%HP上限",
                    "5": "0.76%HP上限",
                    "6": "0.82%HP上限",
                    "7": "0.89%HP上限",
                    "8": "0.96%HP上限",
                    "9": "1.03%HP上限",
                    "10": "1.11%HP上限",
                    "11": "1.19%HP上限",
                    "12": "1.27%HP上限",
                    "13": "1.34%HP上限"
                }
            },
            {
                "名前": "水の幻影ダメージ",
                "数値": {
                    "1": "101.5%",
                    "2": "109.7%",
                    "3": "118.0%",
                    "4": "129.8%",
                    "5": "138.1%",
                    "6": "147.5%",
                    "7": "160.5%",
                    "8": "173.5%",
                    "9": "186.4%",
                    "10": "200.6%",
                    "11": "214.8%",
                    "12": "228.9%",
                    "13": "243.1%"
                }
            }
        ],
        "滝廻鑑花継続時間": 6,
        "水の幻影継続時間": 6,
        "クールタイム": 12,
        "icon_url": "images/characters/hydro_5_sword_KamisatoAyato/talent_2.png"
    },
    "元素爆発": {
        "名前": "神里流·水囿",
        "説明": "清浄之園囿を展開し、その場に存在する雑音をすべて消し去る。<br/>持続的に水沫剣を落とし、範囲内の敵に<span style=\"color:#80C0FFFF\">水元素ダメージ</span>を与え、中にいるキャラクターの通常攻撃ダメージをアップさせる。<br/><br/><i>「見えましたよ。この静水の中、貴方の脈打つ心の波紋が。」</i>",
        "詳細": [
            {
                "名前": "水沫剣ダメージ",
                "数値": {
                    "1": "66.5%",
                    "2": "71.4%",
                    "3": "76.4%",
                    "4": "83.1%",
                    "5": "88.1%",
                    "6": "93.0%",
                    "7": "99.7%",
                    "8": "106.3%",
                    "9": "113.0%",
                    "10": "119.6%",
                    "11": "126.3%",
                    "12": "132.9%",
                    "13": "141.2%"
                }
            },
            {
                "条件": "清浄之園囿",
                "名前": "通常攻撃ダメージアップ",
                "種類": "通常攻撃ダメージバフ",
                "数値": {
                    "1": 11,
                    "2": 12,
                    "3": 13,
                    "4": 14,
                    "5": 15,
                    "6": 16,
                    "7": 17,
                    "8": 18,
                    "9": 19,
                    "10": 20,
                    "11": 20,
                    "12": 20,
                    "13": 20
                }
            },
            {
                "条件": "清浄之園囿",
                "名前": "通常攻撃ダメージアップ",
                "種類": "表示",
                "数値": {
                    "1": 11,
                    "2": 12,
                    "3": 13,
                    "4": 14,
                    "5": 15,
                    "6": 16,
                    "7": 17,
                    "8": 18,
                    "9": 19,
                    "10": 20,
                    "11": 20,
                    "12": 20,
                    "13": 20
                }
            }
        ],
        "継続時間": 18,
        "クールタイム": 20,
        "元素エネルギー": 80,
        "icon_url": "images/characters/hydro_5_sword_KamisatoAyato/talent_3.png"
    },
    "特殊通常攻撃": {
        "条件": "滝廻鑑花",
        "種類": "元素スキルダメージ",
        "詳細": [
            {
                "名前": "瞬水剣1段ダメージ",
                "種類": "通常攻撃ダメージ",
                "数値": {
                    "1": "52.9%",
                    "2": "57.2%",
                    "3": "61.5%",
                    "4": "67.7%",
                    "5": "72.0%",
                    "6": "76.9%",
                    "7": "83.6%",
                    "8": "90.4%",
                    "9": "97.2%",
                    "10": "104.6%",
                    "11": "111.9%",
                    "12": "119.3%",
                    "13": "126.7%"
                },
                "元素": "水",
                "ダメージバフ": "通常攻撃ダメージバフ"
            },
            {
                "名前": "瞬水剣2段ダメージ",
                "種類": "通常攻撃ダメージ",
                "数値": {
                    "1": "58.9%",
                    "2": "63.7%",
                    "3": "68.5%",
                    "4": "75.4%",
                    "5": "80.1%",
                    "6": "85.6%",
                    "7": "93.2%",
                    "8": "100.7%",
                    "9": "108.2%",
                    "10": "116.5%",
                    "11": "124.7%",
                    "12": "132.9%",
                    "13": "141.1%"
                },
                "元素": "水",
                "ダメージバフ": "通常攻撃ダメージバフ"
            },
            {
                "名前": "瞬水剣3段ダメージ",
                "種類": "通常攻撃ダメージ",
                "数値": {
                    "1": "64.9%",
                    "2": "70.2%",
                    "3": "75.5%",
                    "4": "83.1%",
                    "5": "88.3%",
                    "6": "94.4%",
                    "7": "102.7%",
                    "8": "111.0%",
                    "9": "119.3%",
                    "10": "128.4%",
                    "11": "137.4%",
                    "12": "146.5%",
                    "13": "155.5%"
                },
                "元素": "水",
                "ダメージバフ": "通常攻撃ダメージバフ"
            },
            {
                "条件": "命ノ星座@6",
                "名前": "乱觴無底 瞬水剣ダメージ",
                "種類": "通常攻撃ダメージ",
                "数値": "450%",
                "元素": "水",
                "ダメージバフ": "通常攻撃ダメージバフ",
                "除外条件": [
                    {
                        "名前": "浪閃"
                    }
                ]
            }
        ]
    },
    "特殊重撃": {
        "条件": "滝廻鑑花",
        "詳細": []
    },
    "特殊落下攻撃": {
        "条件": "滝廻鑑花",
        "詳細": []
    },
    "固有天賦": [
        {
            "名前": "神里流·峰を纏いし清滝",
            "説明": "<span style=\"color: rgb(255, 215, 128)\">神里流·鏡花</span>は下記の効果を持つ。<br>・発動後、神里綾人は2層の浪閃効果を獲得する。<br>・水の幻影が破裂すると、神里綾人は重ね掛け上限に相当する浪閃効果を獲得する。",
            "icon_url": "images/characters/hydro_5_sword_KamisatoAyato/talent_4.png",
            "詳細": []
        },
        {
            "名前": "神里流·満ちゆく破月",
            "説明": "神里綾人が待機中の時、元素エネルギーが40未満の場合、1秒毎に元素エネルギーを2回復する。",
            "icon_url": "images/characters/hydro_5_sword_KamisatoAyato/talent_5.png",
            "詳細": []
        },
        {
            "名前": "神里流·日常茶飯",
            "説明": "料理を完璧調理した時、18%の確率で「微妙な」品質の同一料理を獲得する。",
            "icon_url": "images/characters/hydro_5_sword_KamisatoAyato/talent_6.png",
            "詳細": []
        }
    ],
    "命ノ星座": {
        "1": {
            "名前": "鏡華風姿",
            "説明": "HP50%以下の敵に対して、<span style=\"color:#FFD780FF\">瞬水剣</span>によるダメージ+40%。",
            "詳細": [
                {
                    "条件": "鏡華風姿 瞬水剣ダメージ+40%",
                    "種類": "通常攻撃ダメージバフ",
                    "数値": 40
                }
            ],
            "icon_url": "images/characters/hydro_5_sword_KamisatoAyato/summaryList_1.png"
        },
        "2": {
            "名前": "世に源泉ありて",
            "説明": "<span style=\"color:#FFD780FF\">浪閃</span>の重ね掛け上限が5層になる。神里綾人が3層以上の浪閃状態の時、HP上限が50%アップする。",
            "詳細": [
                {
                    "条件": "浪閃=3層",
                    "種類": "HP%",
                    "数値": 50
                },
                {
                    "条件": "浪閃=4層",
                    "種類": "HP%",
                    "数値": 50
                },
                {
                    "条件": "浪閃=5層",
                    "種類": "HP%",
                    "数値": 50
                }
            ],
            "icon_url": "images/characters/hydro_5_sword_KamisatoAyato/summaryList_2.png"
        },
        "3": {
            "名前": "無意弄花",
            "説明": "<span style=\"color: rgb(255, 215, 128)\">神里流·鏡花</span>のスキルLv.+3。<br>最大Lv.15まで。",
            "icon_url": "images/characters/hydro_5_sword_KamisatoAyato/summaryList_3.png",
            "詳細": []
        },
        "4": {
            "名前": "細流厭わず",
            "説明": "<span style=\"color: rgb(255, 215, 128)\">神里流·水囿</span>発動後、周囲チーム全員の通常攻撃速度+15%、継続期間15秒。",
            "icon_url": "images/characters/hydro_5_sword_KamisatoAyato/summaryList_4.png",
            "詳細": []
        },
        "5": {
            "名前": "万水一露",
            "説明": "<span style=\"color: rgb(255, 215, 128)\">神里流·水囿</span>のスキルLv.+3。<br>最大Lv.15まで。",
            "icon_url": "images/characters/hydro_5_sword_KamisatoAyato/summaryList_5.png",
            "詳細": []
        },
        "6": {
            "名前": "濫觴無底",
            "説明": "<span style=\"color: rgb(255, 215, 128)\">神里流·鏡花</span>発動後、神里綾人の次に発動する瞬水剣が敵に命中した時、神里綾人の攻撃力450%分のダメージを持つ瞬水剣を2回追加で発動する。<br>追加で発動する2回の瞬水剣は浪閃の効果を受けない。",
            "icon_url": "images/characters/hydro_5_sword_KamisatoAyato/summaryList_6.png",
            "詳細": []
        }
    },
    "おすすめセット": [
        {
            "武器": "波乱月白経津",
            "聖遺物メイン効果3": "5_攻撃力%",
            "聖遺物メイン効果4": "5_水元素ダメージバフ",
            "聖遺物メイン効果5": "5_会心ダメージ",
            "聖遺物セット効果1": "来歆の余響",
            "聖遺物セット効果2": "来歆の余響",
            "聖遺物優先するサブ効果1": "会心率",
            "聖遺物優先するサブ効果2": "会心ダメージ",
            "聖遺物優先するサブ効果3": "攻撃力%"
        },
        {
            "武器": "磐岩結緑",
            "聖遺物メイン効果3": "5_攻撃力%",
            "聖遺物メイン効果4": "5_水元素ダメージバフ",
            "聖遺物メイン効果5": "5_会心ダメージ",
            "聖遺物セット効果1": "来歆の余響",
            "聖遺物セット効果2": "来歆の余響",
            "聖遺物優先するサブ効果1": "会心率",
            "聖遺物優先するサブ効果2": "会心ダメージ",
            "聖遺物優先するサブ効果3": "攻撃力%"
        },
        {
            "武器": "霧切の廻光",
            "聖遺物メイン効果3": "5_攻撃力%",
            "聖遺物メイン効果4": "5_水元素ダメージバフ",
            "聖遺物メイン効果5": "5_会心率",
            "聖遺物セット効果1": "来歆の余響",
            "聖遺物セット効果2": "来歆の余響",
            "聖遺物優先するサブ効果1": "会心ダメージ",
            "聖遺物優先するサブ効果2": "会心率",
            "聖遺物優先するサブ効果3": "攻撃力%"
        },
        {
            "武器": "黒剣",
            "聖遺物メイン効果3": "5_攻撃力%",
            "聖遺物メイン効果4": "5_水元素ダメージバフ",
            "聖遺物メイン効果5": "5_会心ダメージ",
            "聖遺物セット効果1": "来歆の余響",
            "聖遺物セット効果2": "来歆の余響",
            "聖遺物優先するサブ効果1": "会心率",
            "聖遺物優先するサブ効果2": "会心ダメージ",
            "聖遺物優先するサブ効果3": "攻撃力%"
        },
        {
            "武器": "波乱月白経津",
            "聖遺物メイン効果3": "5_攻撃力%",
            "聖遺物メイン効果4": "5_水元素ダメージバフ",
            "聖遺物メイン効果5": "5_会心ダメージ",
            "聖遺物セット効果1": "剣闘士のフィナーレ",
            "聖遺物セット効果2": "剣闘士のフィナーレ",
            "聖遺物優先するサブ効果1": "会心率",
            "聖遺物優先するサブ効果2": "会心ダメージ",
            "聖遺物優先するサブ効果3": "攻撃力%"
        },
        {
            "武器": "磐岩結緑",
            "聖遺物メイン効果3": "5_攻撃力%",
            "聖遺物メイン効果4": "5_水元素ダメージバフ",
            "聖遺物メイン効果5": "5_会心ダメージ",
            "聖遺物セット効果1": "剣闘士のフィナーレ",
            "聖遺物セット効果2": "剣闘士のフィナーレ",
            "聖遺物優先するサブ効果1": "会心率",
            "聖遺物優先するサブ効果2": "会心ダメージ",
            "聖遺物優先するサブ効果3": "攻撃力%"
        },
        {
            "武器": "霧切の廻光",
            "聖遺物メイン効果3": "5_攻撃力%",
            "聖遺物メイン効果4": "5_水元素ダメージバフ",
            "聖遺物メイン効果5": "5_会心率",
            "聖遺物セット効果1": "剣闘士のフィナーレ",
            "聖遺物セット効果2": "剣闘士のフィナーレ",
            "聖遺物優先するサブ効果1": "会心ダメージ",
            "聖遺物優先するサブ効果2": "会心率",
            "聖遺物優先するサブ効果3": "攻撃力%"
        },
        {
            "武器": "黒剣",
            "聖遺物メイン効果3": "5_攻撃力%",
            "聖遺物メイン効果4": "5_水元素ダメージバフ",
            "聖遺物メイン効果5": "5_会心ダメージ",
            "聖遺物セット効果1": "剣闘士のフィナーレ",
            "聖遺物セット効果2": "剣闘士のフィナーレ",
            "聖遺物優先するサブ効果1": "会心率",
            "聖遺物優先するサブ効果2": "会心ダメージ",
            "聖遺物優先するサブ効果3": "攻撃力%"
        },
        {
            "武器": "波乱月白経津",
            "聖遺物メイン効果3": "5_攻撃力%",
            "聖遺物メイン効果4": "5_水元素ダメージバフ",
            "聖遺物メイン効果5": "5_会心ダメージ",
            "聖遺物セット効果1": "沈淪の心",
            "聖遺物セット効果2": "沈淪の心",
            "聖遺物優先するサブ効果1": "会心率",
            "聖遺物優先するサブ効果2": "会心ダメージ",
            "聖遺物優先するサブ効果3": "攻撃力%"
        },
        {
            "武器": "磐岩結緑",
            "聖遺物メイン効果3": "5_攻撃力%",
            "聖遺物メイン効果4": "5_水元素ダメージバフ",
            "聖遺物メイン効果5": "5_会心ダメージ",
            "聖遺物セット効果1": "沈淪の心",
            "聖遺物セット効果2": "沈淪の心",
            "聖遺物優先するサブ効果1": "会心率",
            "聖遺物優先するサブ効果2": "会心ダメージ",
            "聖遺物優先するサブ効果3": "攻撃力%"
        },
        {
            "武器": "霧切の廻光",
            "聖遺物メイン効果3": "5_攻撃力%",
            "聖遺物メイン効果4": "5_水元素ダメージバフ",
            "聖遺物メイン効果5": "5_会心率",
            "聖遺物セット効果1": "沈淪の心",
            "聖遺物セット効果2": "沈淪の心",
            "聖遺物優先するサブ効果1": "会心ダメージ",
            "聖遺物優先するサブ効果2": "会心率",
            "聖遺物優先するサブ効果3": "攻撃力%"
        },
        {
            "武器": "黒剣",
            "聖遺物メイン効果3": "5_攻撃力%",
            "聖遺物メイン効果4": "5_水元素ダメージバフ",
            "聖遺物メイン効果5": "5_会心ダメージ",
            "聖遺物セット効果1": "沈淪の心",
            "聖遺物セット効果2": "沈淪の心",
            "聖遺物優先するサブ効果1": "会心率",
            "聖遺物優先するサブ効果2": "会心ダメージ",
            "聖遺物優先するサブ効果3": "攻撃力%"
        },
        {
            "武器": "波乱月白経津",
            "聖遺物メイン効果3": "5_攻撃力%",
            "聖遺物メイン効果4": "5_水元素ダメージバフ",
            "聖遺物メイン効果5": "5_会心ダメージ",
            "聖遺物セット効果1": "追憶のしめ縄",
            "聖遺物セット効果2": "追憶のしめ縄",
            "聖遺物優先するサブ効果1": "会心率",
            "聖遺物優先するサブ効果2": "会心ダメージ",
            "聖遺物優先するサブ効果3": "攻撃力%"
        },
        {
            "武器": "磐岩結緑",
            "聖遺物メイン効果3": "5_攻撃力%",
            "聖遺物メイン効果4": "5_水元素ダメージバフ",
            "聖遺物メイン効果5": "5_会心ダメージ",
            "聖遺物セット効果1": "追憶のしめ縄",
            "聖遺物セット効果2": "追憶のしめ縄",
            "聖遺物優先するサブ効果1": "会心率",
            "聖遺物優先するサブ効果2": "会心ダメージ",
            "聖遺物優先するサブ効果3": "攻撃力%"
        },
        {
            "武器": "霧切の廻光",
            "聖遺物メイン効果3": "5_攻撃力%",
            "聖遺物メイン効果4": "5_水元素ダメージバフ",
            "聖遺物メイン効果5": "5_会心率",
            "聖遺物セット効果1": "追憶のしめ縄",
            "聖遺物セット効果2": "追憶のしめ縄",
            "聖遺物優先するサブ効果1": "会心ダメージ",
            "聖遺物優先するサブ効果2": "会心率",
            "聖遺物優先するサブ効果3": "攻撃力%"
        },
        {
            "武器": "黒剣",
            "聖遺物メイン効果3": "5_攻撃力%",
            "聖遺物メイン効果4": "5_水元素ダメージバフ",
            "聖遺物メイン効果5": "5_会心ダメージ",
            "聖遺物セット効果1": "追憶のしめ縄",
            "聖遺物セット効果2": "追憶のしめ縄",
            "聖遺物優先するサブ効果1": "会心率",
            "聖遺物優先するサブ効果2": "会心ダメージ",
            "聖遺物優先するサブ効果3": "攻撃力%"
        },
        {
            "武器": "天目影打",
            "聖遺物メイン効果3": "5_攻撃力%",
            "聖遺物メイン効果4": "5_水元素ダメージバフ",
            "聖遺物メイン効果5": "5_会心率",
            "聖遺物セット効果1": "剣闘士のフィナーレ",
            "聖遺物セット効果2": "剣闘士のフィナーレ",
            "聖遺物優先するサブ効果1": "会心ダメージ",
            "聖遺物優先するサブ効果2": "会心率",
            "聖遺物優先するサブ効果3": "攻撃力%"
        }
    ],
    "NEXT STEP": "通常攻撃.瞬水剣1段ダメージ"
}