{
    "名前": "ニィロウ",
    "説明": "「ズバイルシアター」の噂に名高い踊り子。そのダンスはしなやかで美しく、彼女自身も優しく純粋な心で人と接する。",
    "icon_url": "images/characters/face/hydro_5_sword_Nilou.png",
    "レアリティ": 5,
    "武器": "片手剣",
    "元素": "水",
    "baseInfo": {
        "名称": "ニィロウ",
        "誕生日": "12月3日",
        "命ノ星座": "睡蓮座",
        "称号": "絨毯に舞い落ちる蓮光",
        "神の目": "水",
        "所属": "ズバイルシアター",
        "中国語 CV": "紫苏九月",
        "英語 CV": "Dani Chambers",
        "日本語 CV": "金元寿子",
        "韓国語 CV": "채림",
        "オリジナル料理": "ひらめく踊り",
        "実装バージョン": "3.1"
    },
    "region": "スメール",
    "ステータス": {
        "基礎HP": {
            "1+": 1182,
            "20": 3066,
            "20+": 4080,
            "40": 6105,
            "40+": 6825,
            "50": 7852,
            "50+": 8813,
            "60": 9850,
            "60+": 10571,
            "70": 11618,
            "70+": 12338,
            "80": 13397,
            "80+": 14117,
            "90": 15185
        },
        "基礎攻撃力": {
            "1+": 18,
            "20": 47,
            "20+": 62,
            "40": 93,
            "40+": 103,
            "50": 119,
            "50+": 134,
            "60": 149,
            "60+": 160,
            "70": 176,
            "70+": 187,
            "80": 203,
            "80+": 214,
            "90": 230
        },
        "基礎防御力": {
            "1+": 57,
            "20": 147,
            "20+": 196,
            "40": 293,
            "40+": 327,
            "50": 377,
            "50+": 423,
            "60": 473,
            "60+": 507,
            "70": 557,
            "70+": 592,
            "80": 643,
            "80+": 677,
            "90": 729
        },
        "HP%": {
            "1+": 0,
            "20": 0,
            "20+": 0,
            "40": 0,
            "40+": 7.2,
            "50": 7.2,
            "50+": 14.4,
            "60": 14.4,
            "60+": 14.4,
            "70": 14.4,
            "70+": 21.6,
            "80": 21.6,
            "80+": 28.8,
            "90": 28.8
        }
    },
    "通常攻撃": {
        "名前": "通常攻撃·弦月のダンス",
        "説明": "<span style=\"color: rgb(255, 215, 128)\">通常攻撃</span><br>最大3段の連続攻撃を行う。<br><br><span style=\"color: rgb(255, 215, 128)\">重撃</span><br>一定のスタミナを消費し、回転斬りを1回発動する。<br><br><span style=\"color: rgb(255, 215, 128)\">落下攻撃</span><br>空中から落下し地面に衝撃を与える。経路上の敵を攻撃し、落下時に範囲ダメージを与える。",
        "icon_url": "images/characters/hydro_5_sword_Nilou/talent_1.png",
        "詳細": [
            {
                "名前": "1段ダメージ",
                "数値": {
                    "1": "50.3%",
                    "2": "54.4%",
                    "3": "58.5%",
                    "4": "64.3%",
                    "5": "68.4%",
                    "6": "73.1%",
                    "7": "79.6%",
                    "8": "86.0%",
                    "9": "92.4%",
                    "10": "99.4%",
                    "11": "106.5%"
                }
            },
            {
                "名前": "2段ダメージ",
                "数値": {
                    "1": "45.4%",
                    "2": "49.1%",
                    "3": "52.8%",
                    "4": "58.1%",
                    "5": "61.8%",
                    "6": "66.0%",
                    "7": "71.9%",
                    "8": "77.7%",
                    "9": "83.5%",
                    "10": "89.8%",
                    "11": "96.2%"
                }
            },
            {
                "名前": "3段ダメージ",
                "数値": {
                    "1": "70.4%",
                    "2": "76.1%",
                    "3": "81.8%",
                    "4": "90.0%",
                    "5": "95.7%",
                    "6": "102.3%",
                    "7": "111.3%",
                    "8": "120.3%",
                    "9": "129.3%",
                    "10": "139.1%",
                    "11": "148.9%"
                }
            }
        ]
    },
    "重撃": {
        "詳細": [
            {
                "名前": "重撃ダメージ",
                "数値": {
                    "1": "50.2%+54.4%",
                    "2": "54.3%+58.9%",
                    "3": "58.4%+63.3%",
                    "4": "64.2%+69.6%",
                    "5": "68.3%+74.1%",
                    "6": "73.0%+79.1%",
                    "7": "79.4%+86.1%",
                    "8": "85.8%+93.1%",
                    "9": "92.3%+100.0%",
                    "10": "99.3%+107.6%",
                    "11": "106.3%+115.2%"
                },
                "HIT数": 2
            }
        ]
    },
    "落下攻撃": {
        "詳細": [
            {
                "名前": "落下期間のダメージ",
                "数値": {
                    "1": "63.9%",
                    "2": "69.1%",
                    "3": "74.3%",
                    "4": "81.8%",
                    "5": "87.0%",
                    "6": "92.9%",
                    "7": "101.1%",
                    "8": "109.3%",
                    "9": "117.5%",
                    "10": "126.4%",
                    "11": "135.3%"
                }
            },
            {
                "名前": "低空/高空落下攻撃ダメージ",
                "種類": "落下攻撃ダメージ",
                "数値": {
                    "1": "127.84%",
                    "2": "138.24%",
                    "3": "148.65%",
                    "4": "163.51%",
                    "5": "173.92%",
                    "6": "185.81%",
                    "7": "202.16%",
                    "8": "218.51%",
                    "9": "234.86%",
                    "10": "252.7%",
                    "11": "270.54%"
                }
            },
            {
                "名前": "低空/高空落下攻撃ダメージ",
                "種類": "落下攻撃ダメージ",
                "数値": {
                    "1": "159.68%",
                    "2": "172.67%",
                    "3": "185.67%",
                    "4": "204.24%",
                    "5": "217.23%",
                    "6": "232.09%",
                    "7": "253.51%",
                    "8": "272.93%",
                    "9": "293.36%",
                    "10": "315.64%",
                    "11": "337.92%"
                }
            }
        ]
    },
    "元素スキル": {
        "名前": "七域のダンス",
        "説明": "「ピルエット」状態に入り、ニィロウのHP上限を基準に周囲の敵へ<span style=\"color: rgb(128, 192, 255)\">水元素ダメージ</span>を与える。<br>ピルエット状態において、ニィロウの通常攻撃と元素スキルは、それぞれ「剣舞のステップ」と「旋舞のステップ」へと変わり、与えるダメージが元素付与によって他の元素に変化しない<span style=\"color: rgb(128, 192, 255)\">水元素ダメージ</span>へと変わる、このダメージは元素スキルダメージと見なされる。<br><br>この状態の時、ニィロウの3段目のステップでピルエット状態を解除し、3段目のステップのタイプに応じて、それぞれ下記効果を発動する。<br>・剣舞のステップの場合：水月を一つ発動し、命中した敵に<span style=\"color: rgb(128, 192, 255)\">水元素ダメージ</span>を与え、ニィロウに祈月状態を付与する。この状態において、ニィロウの通常攻撃は剣舞のステップへと変わり、最後の一撃で水月を発動する。<br>・旋舞のステップの場合：空を洗う水輪を一つ発動し、<span style=\"color: rgb(128, 192, 255)\">水元素範囲ダメージ</span>を与える。また、フィールド上の自身のキャラクターと共に移動する天を滌う水環を生成し、中にいる敵に継続的に<span style=\"color: rgb(128, 192, 255)\">湿潤</span>状態を付与する。<br><br>ピルエット、または祈月状態の時、ニィロウは重撃を行うことができない。上記の状態はニィロウが退場する時に解除される。<br><br><em>「彼女のしなやかな足先が水面を優しく撫で、揺らぐさざ波の光はまるで七天の耀きのようである。」</em>",
        "icon_url": "images/characters/hydro_5_sword_Nilou/talent_2.png",
        "詳細": [
            {
                "条件": "ピルエット",
                "種類": "元素熟知",
                "数値": 0
            },
            {
                "名前": "スキルダメージ",
                "数値": {
                    "1": "3.34%HP上限",
                    "2": "3.59%HP上限",
                    "3": "3.84%HP上限",
                    "4": "4.17%HP上限",
                    "5": "4.42%HP上限",
                    "6": "4.67%HP上限",
                    "7": "5.01%HP上限",
                    "8": "5.34%HP上限",
                    "9": "5.68%HP上限",
                    "10": "6.01%HP上限",
                    "11": "6.34%HP上限",
                    "12": "6.68%HP上限",
                    "13": "7.10%HP上限"
                }
            },
            {
                "名前": "旋舞のステップ1段ダメージ",
                "数値": {
                    "1": "3.26%HP上限",
                    "2": "3.51%HP上限",
                    "3": "3.75%HP上限",
                    "4": "4.08%HP上限",
                    "5": "4.32%HP上限",
                    "6": "4.57%HP上限",
                    "7": "4.89%HP上限",
                    "8": "5.22%HP上限",
                    "9": "5.55%HP上限",
                    "10": "5.87%HP上限",
                    "11": "6.20%HP上限",
                    "12": "6.52%HP上限",
                    "13": "6.93%HP上限"
                }
            },
            {
                "名前": "旋舞のステップ2段ダメージ",
                "数値": {
                    "1": "3.96%HP上限",
                    "2": "4.26%HP上限",
                    "3": "4.55%HP上限",
                    "4": "4.95%HP上限",
                    "5": "5.25%HP上限",
                    "6": "5.54%HP上限",
                    "7": "5.94%HP上限",
                    "8": "6.34%HP上限",
                    "9": "6.73%HP上限",
                    "10": "7.13%HP上限",
                    "11": "7.52%HP上限",
                    "12": "7.92%HP上限",
                    "13": "8.42%HP上限"
                }
            },
            {
                "名前": "水輪ダメージ",
                "数値": {
                    "1": "5.06%HP上限",
                    "2": "5.44%HP上限",
                    "3": "5.82%HP上限",
                    "4": "6.33%HP上限",
                    "5": "6.71%HP上限",
                    "6": "7.09%HP上限",
                    "7": "7.59%HP上限",
                    "8": "8.10%HP上限",
                    "9": "8.60%HP上限",
                    "10": "9.11%HP上限",
                    "11": "9.62%HP上限",
                    "12": "10.12%HP上限",
                    "13": "10.76%HP上限"
                }
            }
        ],
        "ピルエット継続時間": 10,
        "祈月継続時間": 8,
        "天を滌う水環の継続時間": 12,
        "クールタイム": 18
    },
    "元素爆発": {
        "名前": "浮蓮のダンス·遠夢聆泉",
        "説明": "遠夢聆泉のダンスを踊り、遥かなる水の蓮華を展開し、ニィロウのHP上限を基準に<span style=\"color: #80C0FF\">水元素範囲ダメージ</span>を与える。また、命中した敵に「久遠の惑溺」状態を付与する。<br>短時間後、久遠の惑溺状態の敵は<span style=\"color: #80C0FF\">水元素ダメージ</span>を受ける。<br><br><em>「たとえ私たちは、あの遥かなる夢を見たことがなくとも、このダンスだけは、夢のような遐景を写している。」</em>",
        "icon_url": "images/characters/hydro_5_sword_Nilou/talent_3.png",
        "詳細": [
            {
                "名前": "スキルダメージ",
                "数値": {
                    "1": "18.4%HP上限",
                    "2": "19.8%HP上限",
                    "3": "21.2%HP上限",
                    "4": "23.0%HP上限",
                    "5": "24.4%HP上限",
                    "6": "25.8%HP上限",
                    "7": "27.6%HP上限",
                    "8": "29.5%HP上限",
                    "9": "31.3%HP上限",
                    "10": "33.2%HP上限",
                    "11": "35.0%HP上限",
                    "12": "36.9%HP上限",
                    "13": "39.2%HP上限"
                }
            },
            {
                "名前": "久遠の惑溺ダメージ",
                "数値": {
                    "1": "22.5%HP上限",
                    "2": "24.2%HP上限",
                    "3": "25.9%HP上限",
                    "4": "28.2%HP上限",
                    "5": "29.8%HP上限",
                    "6": "31.5%HP上限",
                    "7": "33.8%HP上限",
                    "8": "36.0%HP上限",
                    "9": "38.3%HP上限",
                    "10": "40.6%HP上限",
                    "11": "42.8%HP上限",
                    "12": "45.1%HP上限",
                    "13": "47.9%HP上限"
                }
            }
        ],
        "クールタイム": 18,
        "元素エネルギー": 70
    },
    "特殊通常攻撃": {
        "条件": "ピルエット",
        "種類": "元素スキルダメージ",
        "詳細": [
            {
                "名前": "剣舞のステップ1段ダメージ",
                "数値": {
                    "1": "4.55%HP上限",
                    "2": "4.89%HP上限",
                    "3": "5.24%HP上限",
                    "4": "5.69%HP上限",
                    "5": "6.03%HP上限",
                    "6": "6.37%HP上限",
                    "7": "6.83%HP上限",
                    "8": "7.28%HP上限",
                    "9": "7.74%HP上限",
                    "10": "8.19%HP上限",
                    "11": "8.65%HP上限",
                    "12": "9.11%HP上限",
                    "13": "9.67%HP上限"
                },
                "元素": "水",
                "ダメージバフ": "元素スキルダメージバフ"
            },
            {
                "名前": "剣舞のステップ2段ダメージ",
                "数値": {
                    "1": "5.14%HP上限",
                    "2": "5.53%HP上限",
                    "3": "5.92%HP上限",
                    "4": "6.43%HP上限",
                    "5": "6.82%HP上限",
                    "6": "7.20%HP上限",
                    "7": "7.72%HP上限",
                    "8": "8.23%HP上限",
                    "9": "8.75%HP上限",
                    "10": "9.26%HP上限",
                    "11": "9.77%HP上限",
                    "12": "10.29%HP上限",
                    "13": "10.93%HP上限"
                },
                "元素": "水",
                "ダメージバフ": "元素スキルダメージバフ"
            },
            {
                "名前": "水月ダメージ",
                "数値": {
                    "1": "7.17%HP上限",
                    "2": "7.71%HP上限",
                    "3": "8.24%HP上限",
                    "4": "8.96%HP上限",
                    "5": "9.50%HP上限",
                    "6": "10.04%HP上限",
                    "7": "10.75%HP上限",
                    "8": "11.47%HP上限",
                    "9": "12.19%HP上限",
                    "10": "12.90%HP上限",
                    "11": "13.62%HP上限",
                    "12": "14.34%HP上限",
                    "13": "15.23%HP上限"
                },
                "元素": "水",
                "ダメージバフ": "元素スキルダメージバフ"
            }
        ]
    },
    "特殊重撃": {
        "条件": "ピルエット"
    },
    "固有天賦": [
        {
            "名前": "落花廻旋の庭",
            "説明": "チーム全員の元素タイプが<span style=\"color: rgb(153, 255, 136)\">草元素</span>と<span style=\"color: rgb(128, 192, 255)\">水元素</span>であり、かつ草元素と水元素のキャラクターが少なくとも一人ずついる時、ニィロウの<span style=\"color: rgb(255, 215, 128)\">七域のダンス</span>の3段目のステップが完了すると、周囲のチーム全員に「金盃の豊穣」状態を付与する、継続時間30秒。<br>金盃の豊穣状態のキャラクターが<span style=\"color: rgb(153, 255, 136)\">草元素の攻撃</span>を受けた後、周囲のチーム全員の元素熟知+100、継続時間10秒。また、開花反応を起こした時、草原核の代わりに「豊穣の核」が生成される。<br>草原核に比べ、豊穣の核は生成された直後に迸り、より大きな影響範囲を持つ。<br>豊穣の核は超開花反応と烈開花反応を起こすことができず、草原核と上限数を共有する。豊穣の核の攻撃は、開花反応による草原核の攻撃と見なされる。<br>チーム内キャラクターの元素タイプが固有天賦の条件を満たさない場合、既存の金盃の豊穣効果はクリアされる。",
            "icon_url": "images/characters/hydro_5_sword_Nilou/talent_4.png",
            "詳細": [
                {
                    "条件": "金盃の豊穣&落花廻旋の庭 元素熟知+100",
                    "種類": "元素熟知",
                    "数値": 100
                }
            ]
        },
        {
            "名前": "軽やかに舞う永世の夢",
            "説明": "ニィロウのHP上限が30000を超えている時、その上限が1000超えるごとに「金盃の豊穣」状態のキャラクターが起こした豊穣の核によるダメージ+9%。<br>この方法でアップできる豊穣の核のダメージは最大400%までとなる。",
            "icon_url": "images/characters/hydro_5_sword_Nilou/talent_5.png",
            "詳細": [
                {
                    "条件": "金盃の豊穣",
                    "種類": "開花反応ボーナス",
                    "数値": "HP上限-30000*0.009",
                    "上限": 400,
                    "下限": 0
                }
            ]
        },
        {
            "名前": "白き玉蓮の盃",
            "説明": "冒険系料理を完璧調理した時、12%の確率で料理を2倍獲得する。",
            "icon_url": "images/characters/hydro_5_sword_Nilou/talent_6.png",
            "詳細": []
        }
    ],
    "命ノ星座": {
        "1": {
            "名前": "却月の舞踊",
            "説明": "<span style=\"color: #FFD780\">七域のダンス</span>は、以下の強化効果を獲得する。<br>・水月によるダメージ+65%。<br>・天を滌う水環の継続時間+6秒。",
            "icon_url": "images/characters/hydro_5_sword_Nilou/summaryList_1.png",
            "詳細": [
                {
                    "対象": "元素スキルダメージ.水月ダメージ",
                    "種類": "元素スキルダメージバフ",
                    "数値": 65
                }
            ]
        },
        "2": {
            "名前": "星天の花雨",
            "説明": "「金盃の豊穣」状態のキャラクターが敵に<span style=\"color: #80C0FF\">水元素ダメージ</span>を与えた後、その敵の<span style=\"color: #80C0FF\">水元素耐性</span>-35%、継続時間10秒。開花反応を起こして敵にダメージを与えた後、その敵の<span style=\"color: #99FF88\">草元素耐性</span>-35%、継続時間10秒。<br>固有天賦「落花廻旋の庭」を解放する必要がある。",
            "icon_url": "images/characters/hydro_5_sword_Nilou/summaryList_2.png",
            "詳細": [
                {
                    "条件": "星天の花雨 水元素耐性-35%",
                    "種類": "敵水元素耐性",
                    "数値": -35
                },
                {
                    "条件": "星天の花雨 草元素耐性-35%",
                    "種類": "敵草元素耐性",
                    "数値": -35
                }
            ]
        },
        "3": {
            "名前": "朝影の蓮歩",
            "説明": "<span style=\"color: #FFD780\">浮蓮のダンス·遠夢聆泉</span>のスキルLv.+3。<br>最大Lv.15まで。",
            "icon_url": "images/characters/hydro_5_sword_Nilou/summaryList_3.png",
            "詳細": []
        },
        "4": {
            "名前": "清漣の音節",
            "説明": "<span style=\"color: #FFD780\">七域のダンス</span>のピルエット状態の3段目のステップが敵に命中すると、ニィロウの元素エネルギーが15回復する。同時に<span style=\"color: #FFD780\">浮蓮のダンス·遠夢聆泉</span>によるダメージ+50%、継続時間8秒。",
            "icon_url": "images/characters/hydro_5_sword_Nilou/summaryList_4.png",
            "詳細": [
                {
                    "条件": "清漣の音節 元素爆発ダメージ+50%",
                    "種類": "元素爆発ダメージバフ",
                    "数値": 50
                }
            ]
        },
        "5": {
            "名前": "旋舞の流光",
            "説明": "<span style=\"color: #FFD780\">七域のダンス</span>のスキルLv.+3。<br>最大Lv.15まで。",
            "icon_url": "images/characters/hydro_5_sword_Nilou/summaryList_5.png",
            "詳細": []
        },
        "6": {
            "名前": "霜絶の弦歌",
            "説明": "HP上限1000ごとにニィロウの会心率+0.6%、会心ダメージ+1.2%。<br>この方式でアップできる会心率は最大30%、会心ダメージは最大60%となる。",
            "icon_url": "images/characters/hydro_5_sword_Nilou/summaryList_6.png",
            "詳細": [
                {
                    "種類": "会心率",
                    "数値": "HP上限*0.0006",
                    "上限": 30
                },
                {
                    "種類": "会心ダメージ",
                    "数値": "HP上限*0.0012",
                    "上限": 60
                }
            ]
        }
    },
    "おすすめセット": [
        {
            "武器": "聖顕の鍵",
            "聖遺物メイン効果3": "5_HP%",
            "聖遺物メイン効果4": "5_HP%",
            "聖遺物メイン効果5": "5_HP%",
            "聖遺物セット効果1": "千岩牢固",
            "聖遺物セット効果2": "大地を流浪する楽団",
            "聖遺物優先するサブ効果1": "HP%",
            "聖遺物優先するサブ効果2": "元素熟知",
            "聖遺物優先するサブ効果3": "元素チャージ効率"
        },
        {
            "武器": "磐岩結緑",
            "聖遺物メイン効果3": "5_HP%",
            "聖遺物メイン効果4": "5_HP%",
            "聖遺物メイン効果5": "5_会心ダメージ",
            "聖遺物セット効果1": "千岩牢固",
            "聖遺物セット効果2": "沈淪の心",
            "聖遺物優先するサブ効果1": "会心率",
            "聖遺物優先するサブ効果2": "会心ダメージ",
            "聖遺物優先するサブ効果3": "HP%"
        },
        {
            "武器": "鉄蜂の刺し",
            "聖遺物メイン効果3": "5_HP%",
            "聖遺物メイン効果4": "5_HP%",
            "聖遺物メイン効果5": "5_HP%",
            "聖遺物セット効果1": "千岩牢固",
            "聖遺物セット効果2": "大地を流浪する楽団",
            "聖遺物優先するサブ効果1": "HP%",
            "聖遺物優先するサブ効果2": "元素熟知",
            "聖遺物優先するサブ効果3": "元素チャージ効率"
        },
        {
            "武器": "腐植の剣",
            "聖遺物メイン効果3": "5_HP%",
            "聖遺物メイン効果4": "5_水元素ダメージバフ",
            "聖遺物メイン効果5": "5_会心率",
            "聖遺物セット効果1": "千岩牢固",
            "聖遺物セット効果2": "沈淪の心",
            "聖遺物優先するサブ効果1": "会心ダメージ",
            "聖遺物優先するサブ効果2": "会心率",
            "聖遺物優先するサブ効果3": "HP%"
        },
        {
            "武器": "祭礼の剣",
            "聖遺物メイン効果3": "5_HP%",
            "聖遺物メイン効果4": "5_水元素ダメージバフ",
            "聖遺物メイン効果5": "5_会心率",
            "聖遺物セット効果1": "千岩牢固",
            "聖遺物セット効果2": "沈淪の心",
            "聖遺物優先するサブ効果1": "会心ダメージ",
            "聖遺物優先するサブ効果2": "会心率",
            "聖遺物優先するサブ効果3": "HP%"
        }
    ],
    "チームバフ": [
        {
            "条件": "金盃の豊穣",
            "種類": "元素熟知",
            "数値": 100
        },
        {
            "条件": "金盃の豊穣",
            "種類": "開花反応ボーナス",
            "数値": "HP上限-30000*0.009",
            "上限": 400,
            "下限": 0
        },
        {
            "条件": "第2重 星天の花雨 水元素耐性",
            "種類": "敵水元素耐性",
            "数値": -35
        },
        {
            "条件": "第2重 星天の花雨 草元素耐性",
            "種類": "敵草元素耐性",
            "数値": -35
        }
    ]
}