{
    "名前": "キャンディス",
    "説明": "琥珀色の左目を持つ、キングデシェレトの末裔。アアル村のガーディアンをしている。",
    "icon_url": "images/characters/face/hydro_4_polearm_Candace.png",
    "レアリティ": 4,
    "武器": "長柄武器",
    "元素": "水",
    "baseInfo": {
        "名称": "キャンディス",
        "誕生日": "5月3日",
        "命ノ星座": "矢盾座",
        "称号": "浮金の誓願",
        "神の目": "水",
        "所属": "アアル村",
        "中国語 CV": "张琦",
        "英語 CV": "Shara Kirby",
        "日本語 CV": "柚木涼香",
        "韓国語 CV": "전영수",
        "オリジナル料理": "至れり尽くせり",
        "実装バージョン": "3.1"
    },
    "region": "スメール",
    "ステータス": {
        "基礎HP": {
            "1+": 912,
            "20": 2342,
            "20+": 3024,
            "40": 4529,
            "40+": 5013,
            "50": 5766,
            "50+": 6411,
            "60": 7164,
            "60+": 7648,
            "70": 8401,
            "70+": 8885,
            "80": 9638,
            "80+": 10122,
            "90": 10875
        },
        "基礎攻撃力": {
            "1+": 18,
            "20": 46,
            "20+": 59,
            "40": 89,
            "40+": 98,
            "50": 113,
            "50+": 125,
            "60": 140,
            "60+": 150,
            "70": 164,
            "70+": 174,
            "80": 188,
            "80+": 198,
            "90": 213
        },
        "基礎防御力": {
            "1+": 57,
            "20": 147,
            "20+": 190,
            "40": 284,
            "40+": 315,
            "50": 362,
            "50+": 402,
            "60": 450,
            "60+": 480,
            "70": 527,
            "70+": 558,
            "80": 605,
            "80+": 635,
            "90": 683
        },
        "HP%": {
            "1+": 0,
            "20": 0,
            "20+": 0,
            "40": 0,
            "40+": 6,
            "50": 6,
            "50+": 12,
            "60": 12,
            "60+": 12,
            "70": 12,
            "70+": 18,
            "80": 18,
            "80+": 24,
            "90": 24
        }
    },
    "通常攻撃": {
        "名前": "通常攻撃·流耀槍術·守勢",
        "説明": "<span style=\"color: rgb(255, 215, 128)\">通常攻撃</span><br>槍による最大4段の連続攻撃を行う。<br><br><span style=\"color: rgb(255, 215, 128)\">重撃</span><br>一定のスタミナを消費して前方に突進し、経路上の敵にダメージを与える。<br><br><span style=\"color: rgb(255, 215, 128)\">落下攻撃</span><br>空中から落下し地面に衝撃を与える。経路上の敵を攻撃し、落下時に範囲ダメージを与える。",
        "icon_url": "images/characters/hydro_4_polearm_Candace/talent_1.png",
        "詳細": [
            {
                "名前": "1段ダメージ",
                "数値": {
                    "1": "60.8%",
                    "2": "65.8%",
                    "3": "70.7%",
                    "4": "77.8%",
                    "5": "82.7%",
                    "6": "88.4%",
                    "7": "96.2%",
                    "8": "103.9%",
                    "9": "111.7%",
                    "10": "120.2%",
                    "11": "128.7%"
                }
            },
            {
                "名前": "2段ダメージ",
                "数値": {
                    "1": "61.2%",
                    "2": "66.1%",
                    "3": "71.1%",
                    "4": "78.2%",
                    "5": "83.2%",
                    "6": "88.9%",
                    "7": "96.7%",
                    "8": "104.5%",
                    "9": "112.3%",
                    "10": "120.9%",
                    "11": "129.4%"
                }
            },
            {
                "名前": "3段ダメージ",
                "数値": {
                    "1": "35.5%+43.4%",
                    "2": "38.4%+46.9%",
                    "3": "41.26%+50.44%",
                    "4": "45.4%+55.5%",
                    "5": "48.3%+59.0%",
                    "6": "51.5%+63.0%",
                    "7": "56.1%+68.6%",
                    "8": "60.7%+74.1%",
                    "9": "65.2%+79.7%",
                    "10": "70.2%+85.7%",
                    "11": "75.1%+91.8%"
                },
                "HIT数": 2
            },
            {
                "名前": "4段ダメージ",
                "数値": {
                    "1": "94.9%",
                    "2": "102.7%",
                    "3": "110.4%",
                    "4": "121.4%",
                    "5": "129.2%",
                    "6": "138.0%",
                    "7": "150.1%",
                    "8": "162.3%",
                    "9": "174.4%",
                    "10": "187.7%",
                    "11": "200.9%"
                }
            },
            {
                "条件": "命ノ星座@6&赤冠より授かりし祝福",
                "名前": "満溢の潮汐",
                "数値": "15%HP上限",
                "元素": "水",
                "ダメージバフ": "元素爆発ダメージバフ"
            }
        ]
    },
    "重撃": {
        "詳細": [
            {
                "名前": "重撃ダメージ",
                "数値": {
                    "1": "124.2%",
                    "2": "134.3%",
                    "3": "144.4%",
                    "4": "158.8%",
                    "5": "168.9%",
                    "6": "180.5%",
                    "7": "196.4%",
                    "8": "212.3%",
                    "9": "228.2%",
                    "10": "245.5%",
                    "11": "262.8%"
                }
            }
        ],
        "重撃スタミナ消費": 25
    },
    "落下攻撃": {
        "詳細": [
            {
                "名前": "落下期間のダメージ",
                "数値": {
                    "1": "63.9%",
                    "2": "69.1%",
                    "3": "74.3%",
                    "4": "81.8%",
                    "5": "87.0%",
                    "6": "92.9%",
                    "7": "101.1%",
                    "8": "109.3%",
                    "9": "117.5%",
                    "10": "126.4%",
                    "11": "135.3%"
                }
            },
            {
                "名前": "低空/高空落下攻撃ダメージ",
                "数値": {
                    "1": "128%",
                    "2": "138%",
                    "3": "149%",
                    "4": "164%",
                    "5": "174%",
                    "6": "186%",
                    "7": "202%",
                    "8": "219%",
                    "9": "235%",
                    "10": "253%",
                    "11": "271%"
                }
            },
            {
                "名前": "低空/高空落下攻撃ダメージ",
                "数値": {
                    "1": "160%",
                    "2": "173%",
                    "3": "186%",
                    "4": "204%",
                    "5": "217%",
                    "6": "232%",
                    "7": "253%",
                    "8": "273%",
                    "9": "293%",
                    "10": "316%",
                    "11": "338%"
                }
            }
        ]
    },
    "元素スキル": {
        "名前": "聖儀·蒼鷺による庇護",
        "説明": "キャンディスの戦闘スタイルは、洪水のような軍勢が迫ろうとも耐えられるものである。<br><br><span style=\"color: rgb(255, 215, 128)\">一回押し</span><br>盾を持って衝撃を放ち、前方の敵に<span style=\"color: rgb(128, 192, 255)\">水元素ダメージ</span>を与える。<br><br><span style=\"color: rgb(255, 215, 128)\">長押し</span><br>盾を構え、周囲の敵からの攻撃を防ぐシールドを形成する。シールドのダメージ吸収量はキャンディスのHP上限によって決まり、<span style=\"color: rgb(128, 192, 255)\">水元素ダメージ</span>に対しては250%の吸収効果を持つ。シールドは元素スキル発動完了まで継続する。<br>長押しして一定時間が過ぎると、キャンディスはチャージを完了し、元素スキルボタンを離した時、または継続時間の終了時やシールドが破壊された時にジャンプ攻撃を行い、前方の敵に<span style=\"color: rgb(128, 192, 255)\">水元素ダメージ</span>を与える。<br><br><em>ガーディアンたちが受け継いできた誓いは、受け継がれてきた盾よりも堅固なものである。</em>",
        "icon_url": "images/characters/hydro_4_polearm_Candace/talent_2.png",
        "詳細": [
            {
                "名前": "ダメージ吸収量",
                "種類": "シールド",
                "数値": {
                    "1": "12.0%HP上限+1156",
                    "2": "12.9%HP上限+1271",
                    "3": "13.8%HP上限+1396",
                    "4": "15.0%HP上限+1531",
                    "5": "15.9%HP上限+1676",
                    "6": "16.8%HP上限+1830",
                    "7": "18.0%HP上限+1993",
                    "8": "19.2%HP上限+2167",
                    "9": "20.4%HP上限+2350",
                    "10": "21.6%HP上限+2542",
                    "11": "22.8%HP上限+2745",
                    "12": "24.0%HP上限+2957",
                    "13": "25.5%HP上限+3178"
                }
            },
            {
                "名前": "基礎ダメージ",
                "数値": {
                    "1": "12.0%HP上限",
                    "2": "12.9%HP上限",
                    "3": "13.8%HP上限",
                    "4": "15.0%HP上限",
                    "5": "15.9%HP上限",
                    "6": "16.8%HP上限",
                    "7": "18.0%HP上限",
                    "8": "19.2%HP上限",
                    "9": "20.4%HP上限",
                    "10": "21.6%HP上限",
                    "11": "22.8%HP上限",
                    "12": "24.0%HP上限",
                    "13": "25.5%HP上限"
                }
            },
            {
                "名前": "チャージ後のダメージ",
                "数値": {
                    "1": "19.0%HP上限",
                    "2": "20.5%HP上限",
                    "3": "21.9%HP上限",
                    "4": "23.8%HP上限",
                    "5": "25.2%HP上限",
                    "6": "26.7%HP上限",
                    "7": "28.6%HP上限",
                    "8": "30.5%HP上限",
                    "9": "32.4%HP上限",
                    "10": "34.3%HP上限",
                    "11": "36.2%HP上限",
                    "12": "38.1%HP上限",
                    "13": "40.5%HP上限"
                }
            }
        ],
        "一回押しクールタイム": 6.0,
        "長押しクールタイム": 9.0
    },
    "元素爆発": {
        "名前": "聖儀·灰鴒の呼び潮",
        "説明": "武器を高く掲げて神佑を招来し、キャンディスのHP上限を基準に<span style=\"color: #80C0FF\">水元素範囲ダメージ</span>を与える。またフィールド上の自身のキャラクターに｢赤冠より授かりし祝福｣状態を継続的に付与する。<br><br><span style=\"color: rgb(255, 215, 128)\">赤冠より授かりし祝福</span><br>以下の特性を持つ。<br>・キャラクターの通常攻撃が敵に元素ダメージを与える時、そのダメージがアップする。<br>・キャラクター登場時、水波衝撃を発動し、周囲の敵に<span style=\"color: rgb(128, 192, 255)\">水元素ダメージ</span>を与える。継続時間中、この効果の発動可能回数には上限がある。<br>・この状態にある片手剣、両手剣、長柄武器キャラクターには<span style=\"color: rgb(128, 192, 255)\">水元素付与</span>状態を獲得する。<br><br><em>キャンディスの一族が代々受け継いできた秘儀。古い信仰は千年の時を経て消え去ってしまったが、砂海は今も古国の末裔を守っている。</em>",
        "icon_url": "images/characters/hydro_4_polearm_Candace/talent_3.png",
        "詳細": [
            {
                "名前": "スキルダメージ",
                "数値": {
                    "1": "6.6%HP上限",
                    "2": "7.1%HP上限",
                    "3": "7.6%HP上限",
                    "4": "8.3%HP上限",
                    "5": "8.8%HP上限",
                    "6": "9.3%HP上限",
                    "7": "9.9%HP上限",
                    "8": "10.6%HP上限",
                    "9": "11.2%HP上限",
                    "10": "11.9%HP上限",
                    "11": "12.6%HP上限",
                    "12": "13.2%HP上限",
                    "13": "14.0%HP上限"
                }
            },
            {
                "名前": "ダメージ上昇",
                "種類": "表示",
                "数値": "HP上限/1000*0.5+20"
            },
            {
                "条件": "赤冠より授かりし祝福",
                "対象": "通常攻撃ダメージ",
                "種類": "全元素ダメージバフ",
                "数値": "HP上限/1000*0.5+20"
            },
            {
                "名前": "水波衝撃ダメージ",
                "数値": {
                    "1": "6.6%HP上限",
                    "2": "7.1%HP上限",
                    "3": "7.6%HP上限",
                    "4": "8.3%HP上限",
                    "5": "8.8%HP上限",
                    "6": "9.3%HP上限",
                    "7": "9.9%HP上限",
                    "8": "10.6%HP上限",
                    "9": "11.2%HP上限",
                    "10": "11.9%HP上限",
                    "11": "12.6%HP上限",
                    "12": "13.2%HP上限",
                    "13": "14.0%HP上限"
                }
            },
            {
                "条件": "赤冠より授かりし祝福",
                "種類": "水元素付与"
            }
        ],
        "継続時間": 9.0,
        "水波衝撃発動回数": 3,
        "クールタイム": 15.0,
        "元素エネルギー": 60
    },
    "固有天賦": [
        {
            "名前": "流羽の守り",
            "説明": "<span style=\"color: #FFD780\">聖儀·蒼鷺による庇護</span>を長押ししている間に攻撃を受けると、チャージが瞬時に完了する。",
            "icon_url": "images/characters/hydro_4_polearm_Candace/talent_4.png",
            "詳細": []
        },
        {
            "名前": "砂の円蓋",
            "説明": "<span style=\"color: #FFD780\">聖儀·灰鴒の呼び潮</span>の赤冠より授かりし祝福状態にあるキャラクターが通常攻撃で敵に元素ダメージを与えると、キャンディのHP上限1000ごとにその時のダメージ+0.5%。",
            "icon_url": "images/characters/hydro_4_polearm_Candace/talent_5.png",
            "詳細": []
        },
        {
            "名前": "暁の初陽へ",
            "説明": "チーム内の自身のキャラクター全員が登りに消費するスタミナ-20%。<br>同じ効果を持つ固有天賦との重ね掛け不可。",
            "icon_url": "images/characters/hydro_4_polearm_Candace/talent_6.png",
            "詳細": []
        }
    ],
    "命ノ星座": {
        "1": {
            "名前": "赤砂の後嗣",
            "説明": "<span style=\"color: #FFD780\">聖儀·灰鴒の呼び潮</span>の赤冠より授かりし祝福状態の継続時間+3秒。",
            "icon_url": "images/characters/hydro_4_polearm_Candace/summaryList_1.png",
            "詳細": [
                {
                    "種類": "継続時間.元素爆発",
                    "数値": 3
                }
            ]
        },
        "2": {
            "名前": "貫月の鋒芒",
            "説明": "<span style=\"color: #FFD780\">聖儀·蒼鷺による庇護</span>が敵に命中すると、キャンディスのHP上限+20%、継続時間15秒。",
            "icon_url": "images/characters/hydro_4_polearm_Candace/summaryList_2.png",
            "詳細": [
                {
                    "条件": "貫月の鋒芒 HP上限+20%",
                    "種類": "HP%",
                    "数値": 20
                }
            ]
        },
        "3": {
            "名前": "織狩の奉祀",
            "説明": "<span style=\"color: #FFD780\">聖儀·灰鴒の呼び潮</span>のスキルLv.+3。<br>最大Lv.15まで。",
            "icon_url": "images/characters/hydro_4_polearm_Candace/summaryList_3.png",
            "詳細": []
        },
        "4": {
            "名前": "戌守の誓約",
            "説明": "<span style=\"color: #FFD780\">聖儀·蒼鷺による庇護</span>の長押しのクールタイムを短縮し、一回押しと同じクールタイムにする。",
            "icon_url": "images/characters/hydro_4_polearm_Candace/summaryList_4.png",
            "詳細": [
                {
                    "種類": "長押しクールタイム.元素スキル",
                    "数値": -3
                }
            ]
        },
        "5": {
            "名前": "金縷の蒼瞳",
            "説明": "<span style=\"color: #FFD780\">聖儀·蒼鷺による庇護</span>のスキルLv.+3。<br>最大Lv.15まで。",
            "icon_url": "images/characters/hydro_4_polearm_Candace/summaryList_5.png",
            "詳細": []
        },
        "6": {
            "名前": "満溢の潮汐",
            "説明": "<span style=\"color: #FFD780\">聖儀·灰鴒の呼び潮</span>の赤冠より授かりし祝福状態のフィールドキャラクター(キャンディス自身を除く)の通常攻撃が敵に元素ダメージを与えた時、氾濫する潮撃を放ち、キャンディスのHP上限の15%に相当する<span style=\"color: rgb(128, 192, 255)\">水元素範囲ダメージ</span>を与える。<br>この効果は2.3秒ごとに1回のみ発動でき、与えたダメージは元素爆発ダメージと見なされる。",
            "icon_url": "images/characters/hydro_4_polearm_Candace/summaryList_6.png",
            "詳細": []
        }
    },
    "おすすめセット": [
        {
            "武器": "西風長槍",
            "聖遺物メイン効果3": "5_HP%",
            "聖遺物メイン効果4": "5_HP%",
            "聖遺物メイン効果5": "5_会心率",
            "聖遺物セット効果1": "千岩牢固",
            "聖遺物セット効果2": "絶縁の旗印",
            "聖遺物優先するサブ効果1": "会心率",
            "聖遺物優先するサブ効果2": "元素チャージ効率",
            "聖遺物優先するサブ効果3": "HP%"
        },
        {
            "武器": "黒纓槍",
            "聖遺物メイン効果3": "5_HP%",
            "聖遺物メイン効果4": "5_HP%",
            "聖遺物メイン効果5": "5_HP%",
            "聖遺物セット効果1": "千岩牢固",
            "聖遺物セット効果2": "絶縁の旗印",
            "聖遺物優先するサブ効果1": "元素チャージ効率",
            "聖遺物優先するサブ効果2": "HP%",
            "聖遺物優先するサブ効果3": "HP"
        },
        {
            "武器": "護摩の杖",
            "聖遺物メイン効果3": "5_HP%",
            "聖遺物メイン効果4": "5_水元素ダメージバフ",
            "聖遺物メイン効果5": "5_会心率",
            "聖遺物セット効果1": "千岩牢固",
            "聖遺物セット効果2": "絶縁の旗印",
            "聖遺物優先するサブ効果1": "会心率",
            "聖遺物優先するサブ効果2": "会心ダメージ",
            "聖遺物優先するサブ効果3": "HP%"
        }
    ],
    "チームバフ": [
        {
            "条件": "赤冠より授かりし祝福",
            "対象": "通常攻撃ダメージ",
            "種類": "全元素ダメージバフ",
            "数値": "元素爆発#ダメージ上昇"
        },
        {
            "条件": "赤冠より授かりし祝福",
            "種類": "水元素付与"
        }
    ]
}