{
    "名前": "珊瑚宮心海",
    "説明": "海祇島の「現人神の巫女」、海祇島すべての事務を担当している少女。",
    "icon_url": "images/characters/face/hydro_5_catalyst_SangonomiyaKokomi.png",
    "レアリティ": 5,
    "武器": "法器",
    "元素": "水",
    "baseInfo": {
        "名前": "珊瑚宮心海",
        "誕生日": "2月22日",
        "命ノ星座": "睡竜座",
        "称号": "真珠の智",
        "神の目": "水",
        "所属": "海祇島",
        "中国語 CV": "龟娘",
        "英語 CV": "Risa Mei",
        "日本語 CV": "三森すずこ",
        "韓国語 CV": "여윤미",
        "オリジナル料理": "「奇策」",
        "実装バージョン": "2.1"
    },
    "region": "稲妻城",
    "ステータス": {
        "基礎HP": {
            "1+": 1049,
            "20": 2720,
            "20+": 3619,
            "40": 5416,
            "40+": 6055,
            "50": 6966,
            "50+": 7818,
            "60": 8738,
            "60+": 9377,
            "70": 10306,
            "70+": 10945,
            "80": 11885,
            "80+": 12524,
            "90": 13471
        },
        "基礎攻撃力": {
            "1+": 18,
            "20": 47,
            "20+": 63,
            "40": 94,
            "40+": 105,
            "50": 121,
            "50+": 136,
            "60": 152,
            "60+": 163,
            "70": 179,
            "70+": 190,
            "80": 207,
            "80+": 218,
            "90": 234
        },
        "基礎防御力": {
            "1+": 51,
            "20": 133,
            "20+": 177,
            "40": 264,
            "40+": 295,
            "50": 340,
            "50+": 381,
            "60": 426,
            "60+": 457,
            "70": 503,
            "70+": 534,
            "80": 580,
            "80+": 611,
            "90": 657
        },
        "水元素ダメージバフ": {
            "1+": 0,
            "20": 0,
            "20+": 0,
            "40": 0,
            "40+": 7.2,
            "50": 7.2,
            "50+": 14.4,
            "60": 14.4,
            "60+": 14.4,
            "70": 14.4,
            "70+": 21.6,
            "80": 21.6,
            "80+": 28.8,
            "90": 28.8
        }
    },
    "オプション初期値": {
        "雲海の波立ち": false
    },
    "通常攻撃": {
        "名前": "通常攻撃·水の常形",
        "説明": "<span style=\"color:#FFD780FF\">通常攻撃</span><br/>水元素で形成した遊魚による最大3段の連続攻撃を行い、<span style=\"color:#80C0FFFF\">水元素ダメージ</span>を与える。<br/><br/><span style=\"color:#FFD780FF\">重撃</span><br/>一定のスタミナを消費し、短い詠唱をした後、敵に<span style=\"color:#80C0FFFF\">水元素範囲ダメージ</span>を与える。<br/><br/><span style=\"color:#FFD780FF\">落下攻撃</span><br/>空中から水元素の力を凝集しながら落下し、地面に衝撃を与える。経路上の敵を攻撃し、落下時に<span style=\"color:#80C0FFFF\">水元素範囲ダメージ</span>を与える。",
        "詳細": [
            {
                "名前": "1段ダメージ",
                "数値": {
                    "1": "68.4%",
                    "2": "73.5%",
                    "3": "78.6%",
                    "4": "85.5%",
                    "5": "90.6%",
                    "6": "95.7%",
                    "7": "102.6%",
                    "8": "109.4%",
                    "9": "116.2%",
                    "10": "123.1%",
                    "11": "129.91%"
                }
            },
            {
                "名前": "2段ダメージ",
                "数値": {
                    "1": "61.5%",
                    "2": "66.2%",
                    "3": "70.8%",
                    "4": "76.9%",
                    "5": "81.5%",
                    "6": "86.2%",
                    "7": "92.3%",
                    "8": "98.5%",
                    "9": "104.6%",
                    "10": "110.8%",
                    "11": "116.92%"
                }
            },
            {
                "名前": "3段ダメージ",
                "数値": {
                    "1": "94.3%",
                    "2": "101.4%",
                    "3": "108.5%",
                    "4": "117.9%",
                    "5": "125.0%",
                    "6": "132.0%",
                    "7": "141.5%",
                    "8": "150.9%",
                    "9": "160.3%",
                    "10": "169.8%",
                    "11": "179.18%"
                }
            },
            {
                "条件": "命ノ星座@1&儀来羽衣",
                "名前": "水を渓に決する ダメージ",
                "種類": "追加ダメージ",
                "数値": "30%HP上限",
                "元素": "水"
            }
        ],
        "icon_url": "images/characters/hydro_5_catalyst_SangonomiyaKokomi/talent_1.png"
    },
    "重撃": {
        "説明": "一定のスタミナを消費し、短い詠唱をした後、敵に水元素範囲ダメージを与える。",
        "詳細": [
            {
                "名前": "重撃ダメージ",
                "数値": {
                    "1": "148%",
                    "2": "159%",
                    "3": "171%",
                    "4": "185%",
                    "5": "197%",
                    "6": "208%",
                    "7": "222%",
                    "8": "237%",
                    "9": "252%",
                    "10": "267%",
                    "11": "281.81%"
                }
            }
        ],
        "重撃スタミナ消費": 50
    },
    "落下攻撃": {
        "説明": "空中から水元素の力を凝集しながら落下し、地面に衝撃を与える。経路上の敵を攻撃し、落下時に水元素範囲ダメージを与える。",
        "詳細": [
            {
                "名前": "落下期間のダメージ",
                "種類": "落下攻撃ダメージ",
                "数値": {
                    "1": "56.8%",
                    "2": "61.5%",
                    "3": "66.1%",
                    "4": "72.7%",
                    "5": "77.3%",
                    "6": "82.6%",
                    "7": "89.9%",
                    "8": "97.1%",
                    "9": "104.4%",
                    "10": "112.3%",
                    "11": "120.3%"
                }
            },
            {
                "名前": "低空/高空落下攻撃ダメージ",
                "種類": "落下攻撃ダメージ",
                "数値": {
                    "1": "114%",
                    "2": "123%",
                    "3": "132%",
                    "4": "145%",
                    "5": "155%",
                    "6": "165%",
                    "7": "180%",
                    "8": "194%",
                    "9": "209%",
                    "10": "225%",
                    "11": "240%"
                }
            },
            {
                "名前": "低空/高空落下攻撃ダメージ",
                "種類": "落下攻撃ダメージ",
                "数値": {
                    "1": "142%",
                    "2": "153%",
                    "3": "165%",
                    "4": "182%",
                    "5": "193%",
                    "6": "206%",
                    "7": "224%",
                    "8": "243%",
                    "9": "261%",
                    "10": "281%",
                    "11": "300%"
                }
            }
        ]
    },
    "元素スキル": {
        "名前": "海月の誓い",
        "説明": "仲間を治療できる水元素の生命体「化海月」を召喚する。<br/>発動した瞬間、珊瑚宮心海に<span style=\"color:#80C0FFFF\">湿潤</span>状態を付与する。<br/><br/><span style=\"color:#FFD780FF\">化海月</span><br/>一定間隔で、周囲の敵に<span style=\"color:#80C0FFFF\">水元素ダメージ</span>を与え、周囲のフィールド上のキャラクターのHPを回復する。回復量は珊瑚宮心海のHP上限によって決まる。<br/><br/><i>完璧な仕事モードを保つために、心海は適宜「エネルギー」を補充する必要がある。</i>",
        "詳細": [
            {
                "名前": "回復量",
                "種類": "HP回復",
                "数値": {
                    "1": "4.4%HP上限+424",
                    "2": "4.7%HP上限+466",
                    "3": "5.1%HP上限+512",
                    "4": "5.5%HP上限+561",
                    "5": "5.8%HP上限+614",
                    "6": "6.2%HP上限+671",
                    "7": "6.6%HP上限+731",
                    "8": "7.0%HP上限+795",
                    "9": "7.5%HP上限+862",
                    "10": "7.9%HP上限+932",
                    "11": "8.4%HP上限+1006",
                    "12": "8.8%HP上限+1084",
                    "13": "9.35%HP上限+1165"
                }
            },
            {
                "名前": "波紋ダメージ",
                "数値": {
                    "1": "109.2%",
                    "2": "117.4%",
                    "3": "125.6%",
                    "4": "136.5%",
                    "5": "144.7%",
                    "6": "152.9%",
                    "7": "164.8%",
                    "8": "174.7%",
                    "9": "185.6%",
                    "10": "196.5%",
                    "11": "207.5%",
                    "12": "218.4%",
                    "13": "232.03%"
                }
            }
        ],
        "継続時間": 12,
        "クールタイム": 20,
        "icon_url": "images/characters/hydro_5_catalyst_SangonomiyaKokomi/talent_2.png"
    },
    "元素爆発": {
        "名前": "海人の羽衣",
        "説明": "海祇の力を降臨させ、周囲の敵に<span style=\"color: rgb(128, 192, 255)\">水元素ダメージ</span>を与え、珊瑚宮の水を凝縮してできた「儀来羽衣」を羽織る。<br><br><span style=\"color: rgb(255, 215, 128)\">儀来羽衣</span><br>・珊瑚宮心海の通常攻撃、重撃、及び元素スキルの「化海月」によるダメージをアップさせる。ダメージアップ量は珊瑚宮心海のHP上限によって決まる。<br>・通常攻撃と重撃が敵に命中すると、周囲のチーム全員のHPを回復する。HP回復量は珊瑚宮心海のHP上限によって決まる。<br>・珊瑚宮心海の中断耐性をアップさせ、水面上での移動を可能にする。<br><br>効果は珊瑚宮心海が退場する時に解除される。<br><br><em>彼女を包む透き通った光は羽衣に変化し、珊瑚宮様の華麗なる姿を映し出す。</em>",
        "詳細": [
            {
                "名前": "スキルダメージ",
                "数値": {
                    "1": "10.4%HP上限",
                    "2": "11.2%HP上限",
                    "3": "12.0%HP上限",
                    "4": "13.0%HP上限",
                    "5": "13.8%HP上限",
                    "6": "14.6%HP上限",
                    "7": "15.6%HP上限",
                    "8": "16.7%HP上限",
                    "9": "17.7%HP上限",
                    "10": "18.75%HP上限",
                    "11": "19.79%HP上限",
                    "12": "20.83%HP上限",
                    "13": "22.1%HP上限"
                }
            },
            {
                "条件": "儀来羽衣",
                "種類": "通常攻撃ダメージアップ",
                "数値": {
                    "1": "4.8%HP上限",
                    "2": "5.2%HP上限",
                    "3": "5.6%HP上限",
                    "4": "6.1%HP上限",
                    "5": "6.4%HP上限",
                    "6": "6.8%HP上限",
                    "7": "7.3%HP上限",
                    "8": "7.7%HP上限",
                    "9": "8.2%HP上限",
                    "10": "8.71%HP上限",
                    "11": "9.2%HP上限",
                    "12": "9.68%HP上限",
                    "13": "10.3%HP上限"
                }
            },
            {
                "条件": "儀来羽衣",
                "種類": "重撃ダメージアップ",
                "数値": {
                    "1": "6.8%HP上限",
                    "2": "7.3%HP上限",
                    "3": "7.8%HP上限",
                    "4": "8.5%HP上限",
                    "5": "9.0%HP上限",
                    "6": "9.5%HP上限",
                    "7": "10.2%HP上限",
                    "8": "10.8%HP上限",
                    "9": "11.5%HP上限",
                    "10": "12.2%HP上限",
                    "11": "12.87%HP上限",
                    "12": "13.55%HP上限",
                    "13": "14.4%HP上限"
                }
            },
            {
                "条件": "儀来羽衣",
                "種類": "元素スキルダメージアップ",
                "数値": {
                    "1": "7.1%HP上限",
                    "2": "7.6%HP上限",
                    "3": "8.2%HP上限",
                    "4": "8.9%HP上限",
                    "5": "9.4%HP上限",
                    "6": "9.9%HP上限",
                    "7": "10.6%HP上限",
                    "8": "11.4%HP上限",
                    "9": "12.1%HP上限",
                    "10": "12.77%HP上限",
                    "11": "13.48%HP上限",
                    "12": "14.19%HP上限",
                    "13": "15.1%HP上限"
                }
            },
            {
                "名前": "命中回復量",
                "種類": "HP回復",
                "数値": {
                    "1": "0.81%HP上限+77",
                    "2": "0.87%HP上限+85",
                    "3": "0.93%HP上限+93",
                    "4": "1.01%HP上限+102",
                    "5": "1.07%HP上限+112",
                    "6": "1.13%HP上限+122",
                    "7": "1.21%HP上限+133",
                    "8": "1.29%HP上限+144",
                    "9": "1.37%HP上限+157",
                    "10": "1.45%HP上限+169",
                    "11": "1.54%HP上限+183",
                    "12": "1.62%HP上限+197",
                    "13": "1.72%HP上限+212"
                }
            }
        ],
        "継続時間": 10,
        "クールタイム": 18,
        "元素エネルギー": 70,
        "icon_url": "images/characters/hydro_5_catalyst_SangonomiyaKokomi/talent_3.png"
    },
    "固有天賦": [
        {
            "名前": "葛籠の中の玉櫛",
            "説明": "<span style=\"color:#FFD780FF\">海人の羽衣</span>発動時、フィールド上に珊瑚宮心海自身の化海月が存在する場合、化海月の継続時間をリセットする。",
            "icon_url": "images/characters/hydro_5_catalyst_SangonomiyaKokomi/talent_4.png"
        },
        {
            "名前": "真珠の御唄",
            "説明": "<span style=\"color:#FFD780FF\">海人の羽衣</span>の儀来羽衣状態にある時、珊瑚宮心海のHP上限を基準にアップする通常攻撃と重撃のダメージがさらに増えるようになる。アップする量は珊瑚宮心海の与える治療効果の15%となる。",
            "詳細": [
                {
                    "条件": "儀来羽衣",
                    "種類": "通常攻撃ダメージアップ",
                    "数値": "0.15%与える治療効果*HP上限"
                },
                {
                    "条件": "儀来羽衣",
                    "種類": "重撃ダメージアップ",
                    "数値": "0.15%与える治療効果*HP上限"
                }
            ],
            "icon_url": "images/characters/hydro_5_catalyst_SangonomiyaKokomi/talent_5.png"
        },
        {
            "名前": "海祇の姬君",
            "説明": "チーム内の自身のキャラクター全員が泳ぎに消費するスタミナ-20%。<br/>同じ効果を持つ固有天賦との重ね掛け不可。",
            "icon_url": "images/characters/hydro_5_catalyst_SangonomiyaKokomi/talent_6.png"
        },
        {
            "名前": "余すことなき策略",
            "説明": "珊瑚宮心海の与える治療効果+25%、会心率-100%。",
            "詳細": [
                {
                    "種類": "与える治療効果",
                    "数値": 25
                },
                {
                    "種類": "会心率",
                    "数値": -100
                }
            ],
            "icon_url": "images/characters/hydro_5_catalyst_SangonomiyaKokomi/talent_7.png"
        }
    ],
    "命ノ星座": {
        "1": {
            "名前": "水を渓に決する",
            "説明": "<span style=\"color:#FFD780FF\">海人の羽衣</span>による「儀来羽衣」状態の時、珊瑚宮心海の通常攻撃の最後の一撃は追加で遊魚を一匹召喚し、珊瑚宮心海のHP上限30%分の<span style=\"color:#80C0FFFF\">水元素ダメージ</span>を与える。<br/>このダメージは通常攻撃ダメージとみなされない。",
            "icon_url": "images/characters/hydro_5_catalyst_SangonomiyaKokomi/summaryList_1.png",
            "詳細": []
        },
        "2": {
            "名前": "雲海の波立ち",
            "説明": "珊瑚宮心海のHP上限を基準に、HP50%以下のキャラクターに対し、下記方式による回復量がアップする。<br>・<span style=\"color: rgb(255, 215, 128)\">海月の誓い</span>の化海月：HP上限の4.5%<br>・<span style=\"color: rgb(255, 215, 128)\">海人の羽衣</span>の通常攻撃と重撃：HP上限の0.6%。",
            "詳細": [
                {
                    "条件": "雲海の波立ち",
                    "種類": "元素スキル強化",
                    "対象": "HP回復.回復量",
                    "数値": "4.5%HP上限"
                },
                {
                    "条件": "雲海の波立ち",
                    "種類": "元素爆発強化",
                    "対象": "HP回復.命中回復量",
                    "数値": "0.6%HP上限"
                }
            ],
            "icon_url": "images/characters/hydro_5_catalyst_SangonomiyaKokomi/summaryList_2.png"
        },
        "3": {
            "名前": "月舟霧渚",
            "説明": "<span style=\"color:#FFD780FF\">海人の羽衣</span>のスキルLv.+3。<br/>最大Lv.15まで。",
            "icon_url": "images/characters/hydro_5_catalyst_SangonomiyaKokomi/summaryList_3.png",
            "詳細": []
        },
        "4": {
            "名前": "月に摂す千の川",
            "説明": "<span style=\"color:#FFD780FF\">海人の羽衣</span>による儀来羽衣状態の時、珊瑚宮心海の通常攻撃の攻撃速度+10%。そして通常攻撃が敵に命中すると、元素エネルギーを0.8ポイント回復する。<br/>この効果は0.2秒毎に1回のみ発動可能。",
            "icon_url": "images/characters/hydro_5_catalyst_SangonomiyaKokomi/summaryList_4.png",
            "詳細": []
        },
        "5": {
            "名前": "百川集海",
            "説明": "<span style=\"color:#FFD780FF\">海月の誓い</span>のスキルLv.+3。<br/>最大Lv.15まで。",
            "icon_url": "images/characters/hydro_5_catalyst_SangonomiyaKokomi/summaryList_5.png",
            "詳細": []
        },
        "6": {
            "名前": "珊瑚一心",
            "説明": "<span style=\"color:#FFD780FF\">海人の羽衣</span>による儀来羽衣状態の時、珊瑚宮心海の通常攻撃または重撃でHP80%以上のキャラクターに治療を行うと、<span style=\"color:#80C0FFFF\">水元素ダメージ</span>+40%、継続時間4秒。",
            "詳細": [
                {
                    "条件": "珊瑚一心",
                    "種類": "水元素ダメージバフ",
                    "数値": 40
                }
            ],
            "icon_url": "images/characters/hydro_5_catalyst_SangonomiyaKokomi/summaryList_6.png"
        }
    },
    "おすすめセット": [
        {
            "武器": "不滅の月華",
            "聖遺物メイン効果3": "5_HP%",
            "聖遺物メイン効果4": "5_水元素ダメージバフ",
            "聖遺物メイン効果5": "5_与える治療効果",
            "聖遺物セット効果1": "海染硨磲",
            "聖遺物セット効果2": "海染硨磲",
            "聖遺物優先するサブ効果1": "HP%",
            "聖遺物優先するサブ効果2": "元素チャージ効率",
            "聖遺物優先するサブ効果3": "元素熟知"
        },
        {
            "武器": "不滅の月華",
            "聖遺物メイン効果3": "5_HP%",
            "聖遺物メイン効果4": "5_水元素ダメージバフ",
            "聖遺物メイン効果5": "5_与える治療効果",
            "聖遺物セット効果1": "沈淪の心",
            "聖遺物セット効果2": "愛される少女",
            "聖遺物優先するサブ効果1": "HP%",
            "聖遺物優先するサブ効果2": "元素チャージ効率",
            "聖遺物優先するサブ効果3": "元素熟知"
        },
        {
            "武器": "不滅の月華",
            "聖遺物メイン効果3": "5_HP%",
            "聖遺物メイン効果4": "5_水元素ダメージバフ",
            "聖遺物メイン効果5": "5_与える治療効果",
            "聖遺物セット効果1": "千岩牢固",
            "聖遺物セット効果2": "千岩牢固",
            "聖遺物優先するサブ効果1": "HP%",
            "聖遺物優先するサブ効果2": "元素チャージ効率",
            "聖遺物優先するサブ効果3": "元素熟知"
        },
        {
            "武器": "金珀·試作",
            "聖遺物メイン効果3": "5_HP%",
            "聖遺物メイン効果4": "5_水元素ダメージバフ",
            "聖遺物メイン効果5": "5_与える治療効果",
            "聖遺物セット効果1": "海染硨磲",
            "聖遺物セット効果2": "海染硨磲",
            "聖遺物優先するサブ効果1": "HP%",
            "聖遺物優先するサブ効果2": "元素チャージ効率",
            "聖遺物優先するサブ効果3": "元素熟知"
        },
        {
            "武器": "金珀·試作",
            "聖遺物メイン効果3": "5_HP%",
            "聖遺物メイン効果4": "5_水元素ダメージバフ",
            "聖遺物メイン効果5": "5_与える治療効果",
            "聖遺物セット効果1": "沈淪の心",
            "聖遺物セット効果2": "愛される少女",
            "聖遺物優先するサブ効果1": "HP%",
            "聖遺物優先するサブ効果2": "元素チャージ効率",
            "聖遺物優先するサブ効果3": "元素熟知"
        },
        {
            "武器": "金珀·試作",
            "聖遺物メイン効果3": "5_HP%",
            "聖遺物メイン効果4": "5_水元素ダメージバフ",
            "聖遺物メイン効果5": "5_与える治療効果",
            "聖遺物セット効果1": "千岩牢固",
            "聖遺物セット効果2": "千岩牢固",
            "聖遺物優先するサブ効果1": "HP%",
            "聖遺物優先するサブ効果2": "元素チャージ効率",
            "聖遺物優先するサブ効果3": "元素熟知"
        },
        {
            "武器": "祭礼の断片",
            "聖遺物メイン効果3": "5_HP%",
            "聖遺物メイン効果4": "5_HP%",
            "聖遺物メイン効果5": "5_与える治療効果",
            "聖遺物セット効果1": "海染硨磲",
            "聖遺物セット効果2": "海染硨磲",
            "聖遺物優先するサブ効果1": "HP%",
            "聖遺物優先するサブ効果2": "元素チャージ効率",
            "聖遺物優先するサブ効果3": "元素熟知"
        },
        {
            "武器": "祭礼の断片",
            "聖遺物メイン効果3": "5_HP%",
            "聖遺物メイン効果4": "5_HP%",
            "聖遺物メイン効果5": "5_与える治療効果",
            "聖遺物セット効果1": "沈淪の心",
            "聖遺物セット効果2": "愛される少女",
            "聖遺物優先するサブ効果1": "HP%",
            "聖遺物優先するサブ効果2": "元素チャージ効率",
            "聖遺物優先するサブ効果3": "元素熟知"
        },
        {
            "武器": "祭礼の断片",
            "聖遺物メイン効果3": "5_HP%",
            "聖遺物メイン効果4": "5_HP%",
            "聖遺物メイン効果5": "5_与える治療効果",
            "聖遺物セット効果1": "千岩牢固",
            "聖遺物セット効果2": "千岩牢固",
            "聖遺物優先するサブ効果1": "HP%",
            "聖遺物優先するサブ効果2": "元素チャージ効率",
            "聖遺物優先するサブ効果3": "元素熟知"
        },
        {
            "武器": "龍殺しの英傑譚",
            "聖遺物メイン効果3": "5_HP%",
            "聖遺物メイン効果4": "5_HP%",
            "聖遺物メイン効果5": "5_与える治療効果",
            "聖遺物セット効果1": "海染硨磲",
            "聖遺物セット効果2": "海染硨磲",
            "聖遺物優先するサブ効果1": "HP%",
            "聖遺物優先するサブ効果2": "元素チャージ効率",
            "聖遺物優先するサブ効果3": "元素熟知"
        },
        {
            "武器": "龍殺しの英傑譚",
            "聖遺物メイン効果3": "5_HP%",
            "聖遺物メイン効果4": "5_HP%",
            "聖遺物メイン効果5": "5_与える治療効果",
            "聖遺物セット効果1": "沈淪の心",
            "聖遺物セット効果2": "愛される少女",
            "聖遺物優先するサブ効果1": "HP%",
            "聖遺物優先するサブ効果2": "元素チャージ効率",
            "聖遺物優先するサブ効果3": "元素熟知"
        },
        {
            "武器": "龍殺しの英傑譚",
            "聖遺物メイン効果3": "5_HP%",
            "聖遺物メイン効果4": "5_HP%",
            "聖遺物メイン効果5": "5_与える治療効果",
            "聖遺物セット効果1": "千岩牢固",
            "聖遺物セット効果2": "千岩牢固",
            "聖遺物優先するサブ効果1": "HP%",
            "聖遺物優先するサブ効果2": "元素チャージ効率",
            "聖遺物優先するサブ効果3": "元素熟知"
        }
    ]
}