{
    "名前": "バーバラ",
    "説明": "モンド城のみんなはバーバラが大好き。ちなみに「アイドル」という言葉は彼女が雑誌で見たものらしい。",
    "icon_url": "images/characters/face/hydro_4_catalyst_Barbara.png",
    "レアリティ": 4,
    "武器": "法器",
    "元素": "水",
    "baseInfo": {
        "名前": "バーバラ",
        "誕生日": "7月5日",
        "命ノ星座": "金杯座",
        "称号": "キラキラアイドル",
        "神の目": "水",
        "所属": "西風教会",
        "中国語 CV": "宋媛媛",
        "英語 CV": "Laura Stahl",
        "日本語 CV": "鬼頭明里",
        "韓国語 CV": "윤아영",
        "オリジナル料理": "スパイシーポトフ",
        "実装バージョン": "1.0",
        "七聖召喚のカード": "$[{\"ep_id\":3180,\"icon\":\"https://upload-static.hoyoverse.com/hoyolab-wiki/2022/12/01/194600931/c6ac0dbf3ded0fa17b5dcf1f46f20930_7837860986239967594.png\",\"amount\":0,\"name\":\"バーバラ\",\"menuId\":\"17\"}]$"
    },
    "region": "モンド城",
    "ステータス": {
        "基礎HP": {
            "1+": 821,
            "20": 2108,
            "20+": 2721,
            "40": 4076,
            "40+": 4512,
            "50": 5189,
            "50+": 5770,
            "60": 6448,
            "60+": 6884,
            "70": 7561,
            "70+": 7996,
            "80": 8674,
            "80+": 9110,
            "90": 9787
        },
        "基礎攻撃力": {
            "1+": 13,
            "20": 34,
            "20+": 44,
            "40": 66,
            "40+": 73,
            "50": 84,
            "50+": 94,
            "60": 105,
            "60+": 112,
            "70": 123,
            "70+": 130,
            "80": 141,
            "80+": 148,
            "90": 159
        },
        "基礎防御力": {
            "1+": 56,
            "20": 144,
            "20+": 186,
            "40": 279,
            "40+": 308,
            "50": 355,
            "50+": 394,
            "60": 441,
            "60+": 470,
            "70": 517,
            "70+": 546,
            "80": 593,
            "80+": 623,
            "90": 669
        },
        "HP%": {
            "1+": 0,
            "20": 0,
            "20+": 0,
            "40": 0,
            "40+": 6,
            "50": 6,
            "50+": 12,
            "60": 12,
            "60+": 12,
            "70": 12,
            "70+": 18,
            "80": 18,
            "80+": 24,
            "90": 24
        }
    },
    "通常攻撃": {
        "名前": "通常攻撃·水の囁き",
        "説明": "<span style=\"color:#FFD780FF\">通常攻撃</span><br/>最大4段の連続攻撃を行い、<span style=\"color:#80C0FFFF\">水元素ダメージ</span>を与える。<br/><br/><span style=\"color:#FFD780FF\">重撃</span><br/>一定のスタミナを消費し、短い詠唱をした後、敵に<span style=\"color:#80C0FFFF\">水元素範囲ダメージ</span>を与える。<br/><br/><span style=\"color:#FFD780FF\">落下攻撃</span><br/>空中から水元素の力を凝集しながら落下し、地面に衝撃を与える。経路上の敵を攻撃し、落下時に<span style=\"color:#80C0FFFF\">水元素範囲ダメージ</span>を与える。",
        "詳細": [
            {
                "名前": "1段ダメージ",
                "数値": {
                    "1": "37.8%",
                    "2": "40.7%",
                    "3": "43.5%",
                    "4": "47.3%",
                    "5": "50.1%",
                    "6": "53.0%",
                    "7": "56.8%",
                    "8": "60.5%",
                    "9": "64.3%",
                    "10": "68.1%",
                    "11": "72.1%"
                }
            },
            {
                "名前": "2段ダメージ",
                "数値": {
                    "1": "35.5%",
                    "2": "38.2%",
                    "3": "40.8%",
                    "4": "44.4%",
                    "5": "47.1%",
                    "6": "49.7%",
                    "7": "53.3%",
                    "8": "56.8%",
                    "9": "60.4%",
                    "10": "63.9%",
                    "11": "67.6%"
                }
            },
            {
                "名前": "3段ダメージ",
                "数値": {
                    "1": "41.0%",
                    "2": "44.1%",
                    "3": "47.2%",
                    "4": "51.3%",
                    "5": "54.4%",
                    "6": "57.5%",
                    "7": "61.6%",
                    "8": "65.7%",
                    "9": "69.8%",
                    "10": "73.9%",
                    "11": "78.1%"
                }
            },
            {
                "名前": "4段ダメージ",
                "数値": {
                    "1": "55.2%",
                    "2": "59.3%",
                    "3": "63.5%",
                    "4": "69.0%",
                    "5": "73.1%",
                    "6": "77.3%",
                    "7": "82.8%",
                    "8": "88.3%",
                    "9": "93.8%",
                    "10": "99.4%",
                    "11": "105.1%"
                }
            }
        ],
        "icon_url": "images/characters/hydro_4_catalyst_Barbara/talent_1.png"
    },
    "重撃": {
        "説明": "一定のスタミナを消費し、短い詠唱をした後、敵に水元素範囲ダメージを与える。",
        "詳細": [
            {
                "名前": "重撃ダメージ",
                "数値": {
                    "1": "166%",
                    "2": "179%",
                    "3": "191%",
                    "4": "208%",
                    "5": "220%",
                    "6": "233%",
                    "7": "249%",
                    "8": "266%",
                    "9": "283%",
                    "10": "299%",
                    "11": "317%"
                }
            }
        ],
        "重撃スタミナ消費": 50
    },
    "落下攻撃": {
        "説明": "空中から水元素の力を凝集しながら落下し、地面に衝撃を与える。経路上の敵を攻撃し、落下時に水元素範囲ダメージを与える。",
        "詳細": [
            {
                "名前": "落下期間のダメージ",
                "種類": "落下攻撃ダメージ",
                "数値": {
                    "1": "56.8%",
                    "2": "61.5%",
                    "3": "66.1%",
                    "4": "72.7%",
                    "5": "77.3%",
                    "6": "82.6%",
                    "7": "89.9%",
                    "8": "97.1%",
                    "9": "104.4%",
                    "10": "112.3%",
                    "11": "120.3%"
                }
            },
            {
                "名前": "低空/高空落下攻撃ダメージ",
                "種類": "落下攻撃ダメージ",
                "数値": {
                    "1": "114%",
                    "2": "123%",
                    "3": "132%",
                    "4": "145%",
                    "5": "155%",
                    "6": "165%",
                    "7": "180%",
                    "8": "194%",
                    "9": "209%",
                    "10": "225%",
                    "11": "240%"
                }
            },
            {
                "名前": "低空/高空落下攻撃ダメージ",
                "種類": "落下攻撃ダメージ",
                "数値": {
                    "1": "142%",
                    "2": "153%",
                    "3": "165%",
                    "4": "182%",
                    "5": "193%",
                    "6": "206%",
                    "7": "224%",
                    "8": "243%",
                    "9": "261%",
                    "10": "281%",
                    "11": "300%"
                }
            }
        ]
    },
    "元素スキル": {
        "名前": "公演、開始♪",
        "説明": "躍動する歌声のような水の玉を召喚し、歌声の輪を作って周囲の敵に<span style=\"color: rgb(128, 192, 255)\">水元素ダメージ</span>を与え、さらに<span style=\"color: rgb(128, 192, 255)\">湿潤</span>状態を付与する。<br><br><span style=\"color: rgb(255, 215, 128)\">歌声の輪</span><br>・バーバラの通常攻撃が命中した時、チーム内の自身のキャラクター全員または付近の味方のHPを回復する。回復量はバーバラのHP上限によって決まる。<br>・重撃が命中した時、回復量は4倍になる。<br>・一定時間の間隔で、出場している自身のキャラクターのHPを回復する。<br>・キャラクター、または接触した敵に<span style=\"color: rgb(128, 192, 255)\">湿潤</span>状態を付与する。<br><br><em>バーバラの音楽はみんなを治療する魔法。</em>",
        "詳細": [
            {
                "名前": "命中回復量",
                "種類": "HP回復",
                "数値": {
                    "1": "0.75%HP上限+72",
                    "2": "0.81%HP上限+79",
                    "3": "0.86%HP上限+87",
                    "4": "0.94%HP上限+96",
                    "5": "0.99%HP上限+105",
                    "6": "1.05%HP上限+114",
                    "7": "1.13%HP上限+125",
                    "8": "1.20%HP上限+135",
                    "9": "1.28%HP上限+147",
                    "10": "1.35%HP上限+159",
                    "11": "1.43%HP上限+172",
                    "12": "1.50%HP上限+185",
                    "13": "1.59%HP上限+199"
                }
            },
            {
                "名前": "命中回復量(重撃)",
                "種類": "他所基準HP回復",
                "数値": "元素スキル#命中回復量*4"
            },
            {
                "名前": "継続回復量",
                "種類": "HP回復",
                "数値": {
                    "1": "4.00%HP上限+385",
                    "2": "4.30%HP上限+424",
                    "3": "4.60%HP上限+465",
                    "4": "5.00%HP上限+510",
                    "5": "5.30%HP上限+559",
                    "6": "5.60%HP上限+610",
                    "7": "6.00%HP上限+664",
                    "8": "6.40%HP上限+722",
                    "9": "6.80%HP上限+783",
                    "10": "7.20%HP上限+847",
                    "11": "7.60%HP上限+915",
                    "12": "8.00%HP上限+986",
                    "13": "8.50%HP上限+1059"
                }
            },
            {
                "名前": "水玉ダメージ",
                "数値": {
                    "1": "58.4%",
                    "2": "62.8%",
                    "3": "67.2%",
                    "4": "73.0%",
                    "5": "77.4%",
                    "6": "81.8%",
                    "7": "87.6%",
                    "8": "93.4%",
                    "9": "99.3%",
                    "10": "105%",
                    "11": "111%",
                    "12": "117%",
                    "13": "124%"
                }
            }
        ],
        "継続時間": 15,
        "クールタイム": 32,
        "icon_url": "images/characters/hydro_4_catalyst_Barbara/talent_2.png"
    },
    "元素爆発": {
        "名前": "シャイニングミラクル♪",
        "説明": "周囲にいる味方とチーム内の自身のキャラクター全員のHPを大量に回復する、回復量はバーバラのHP上限によって決まる。<br/><br/><i>人々を癒す心はバーバラの戦う源であり、歌う力である。</i>",
        "詳細": [
            {
                "名前": "回復量",
                "種類": "HP回復",
                "数値": {
                    "1": "17.6%HP上限+1694",
                    "2": "18.9%HP上限+1864",
                    "3": "20.2%HP上限+2047",
                    "4": "22.0%HP上限+2245",
                    "5": "23.3%HP上限+2457",
                    "6": "24.6%HP上限+2683",
                    "7": "26.4%HP上限+2923",
                    "8": "28.2%HP上限+3177",
                    "9": "29.9%HP上限+3445",
                    "10": "31.7%HP上限+3728",
                    "11": "33.4%HP上限+4024",
                    "12": "35.2%HP上限+4335",
                    "13": "37.4%HP上限+4660"
                }
            }
        ],
        "クールタイム": 20,
        "元素エネルギー": 80,
        "icon_url": "images/characters/hydro_4_catalyst_Barbara/talent_3.png"
    },
    "固有天賦": [
        {
            "名前": "輝く季節",
            "説明": "<span style=\"color:#FFD780FF\">公演、開始♪</span>歌声の輪が継続している間、スタミナ消費-12%。",
            "icon_url": "images/characters/hydro_4_catalyst_Barbara/talent_4.png"
        },
        {
            "名前": "アンコール",
            "説明": "出場している自身のキャラクターが元素オーブまたは元素粒子を獲得した時、<span style=\"color:#FFD780FF\">公演、開始♪</span>の歌声の輪の継続時間+1秒。<br/>この方法で最大5秒まで延長可能。",
            "icon_url": "images/characters/hydro_4_catalyst_Barbara/talent_5.png"
        },
        {
            "名前": "気持ち♪注入",
            "説明": "回復系料理を完璧調理した時、12%の確率で料理を2倍獲得する。",
            "icon_url": "images/characters/hydro_4_catalyst_Barbara/talent_6.png"
        }
    ],
    "命ノ星座": {
        "1": {
            "名前": "虹色の歌",
            "説明": "10秒毎に元素エネルギーを1回復する。",
            "icon_url": "images/characters/hydro_4_catalyst_Barbara/summaryList_1.png",
            "詳細": []
        },
        "2": {
            "名前": "元気溌剌",
            "説明": "<span style=\"color:#FFD780FF\">公演、開始♪</span>のクールタイム-15%。<br/>スキル継続中、出場している自身のキャラクターの与える<span style=\"color:#80C0FFFF\">水元素ダメージ</span>+15%。",
            "詳細": [
                {
                    "条件": "元気溌剌 水元素ダメージ+15%",
                    "種類": "水元素ダメージバフ",
                    "数値": 15
                },
                {
                    "種類": "クールタイム短縮",
                    "対象": "元素スキル",
                    "数値": "-15%"
                }
            ],
            "icon_url": "images/characters/hydro_4_catalyst_Barbara/summaryList_2.png"
        },
        "3": {
            "名前": "明日の星",
            "説明": "<span style=\"color:#FFD780FF\">シャイニングミラクル♪</span>のスキルLv.+3。<br/>最大Lv.15まで。",
            "icon_url": "images/characters/hydro_4_catalyst_Barbara/summaryList_3.png",
            "詳細": []
        },
        "4": {
            "名前": "努力が魔法なの",
            "説明": "重撃が敵に命中する度に、バーバラの元素エネルギーが1回復する。<br/>一回で最大元素エネルギーが5まで回復できる。",
            "icon_url": "images/characters/hydro_4_catalyst_Barbara/summaryList_4.png",
            "詳細": []
        },
        "5": {
            "名前": "純真な絆",
            "説明": "<span style=\"color:#FFD780FF\">公演、開始♪</span>のスキルLv.+3。<br/>最大Lv.15まで。",
            "icon_url": "images/characters/hydro_4_catalyst_Barbara/summaryList_5.png",
            "詳細": []
        },
        "6": {
            "名前": "美しいものをあなたに",
            "説明": "バーバラ待機中に出場している自身のキャラクターが戦闘不能になると、下記の効果が発動される。<br>・戦闘不能になったキャラクターを復活させる。<br>・該当キャラクターのHPが100%回復される。<br>この効果は15分毎に1回のみ発動可能。",
            "icon_url": "images/characters/hydro_4_catalyst_Barbara/summaryList_6.png",
            "詳細": []
        }
    },
    "おすすめセット": [
        {
            "武器": "龍殺しの英傑譚",
            "聖遺物メイン効果3": "5_HP%",
            "聖遺物メイン効果4": "5_HP%",
            "聖遺物メイン効果5": "5_与える治療効果",
            "聖遺物セット効果1": "海染硨磲",
            "聖遺物セット効果2": "海染硨磲",
            "聖遺物優先するサブ効果1": "HP%"
        },
        {
            "武器": "金珀·試作",
            "聖遺物メイン効果3": "5_HP%",
            "聖遺物メイン効果4": "5_HP%",
            "聖遺物メイン効果5": "5_与える治療効果",
            "聖遺物セット効果1": "海染硨磲",
            "聖遺物セット効果2": "海染硨磲",
            "聖遺物優先するサブ効果1": "HP%"
        },
        {
            "武器": "祭礼の断片",
            "聖遺物メイン効果3": "5_元素熟知",
            "聖遺物メイン効果4": "5_元素熟知",
            "聖遺物メイン効果5": "5_与える治療効果",
            "聖遺物セット効果1": "海染硨磲",
            "聖遺物セット効果2": "海染硨磲",
            "聖遺物優先するサブ効果1": "HP%",
            "聖遺物優先するサブ効果2": "元素熟知",
            "聖遺物優先するサブ効果3": "元素チャージ効率"
        },
        {
            "武器": "四風原典",
            "聖遺物メイン効果3": "5_攻撃力%",
            "聖遺物メイン効果4": "5_水元素ダメージバフ",
            "聖遺物メイン効果5": "5_会心ダメージ",
            "聖遺物セット効果1": "大地を流浪する楽団",
            "聖遺物セット効果2": "大地を流浪する楽団",
            "聖遺物優先するサブ効果1": "会心ダメージ",
            "聖遺物優先するサブ効果2": "会心率",
            "聖遺物優先するサブ効果3": "攻撃力%"
        }
    ]
}