{
    "名前": "モナ",
    "説明": "謎の占星術師の少女、自分のことを「偉大なる占星術師モナ」と自称し、その肩書きに相応しい実力を持っている。博学であり高慢。",
    "icon_url": "images/characters/face/hydro_5_catalyst_Mona.png",
    "レアリティ": 5,
    "武器": "法器",
    "元素": "水",
    "baseInfo": {
        "名前": "モナ",
        "誕生日": "8月31日",
        "命ノ星座": "映天座",
        "称号": "星天水鏡",
        "神の目": "水",
        "所属": "モンド城",
        "中国語 CV": "陈婷婷",
        "英語 CV": "Felecia Angelle",
        "日本語 CV": "小原好美",
        "韓国語 CV": "우정신",
        "オリジナル料理": "最高の知恵·生活",
        "実装バージョン": "1.0",
        "七聖召喚のカード": "$[{\"ep_id\":3178,\"icon\":\"https://upload-static.hoyoverse.com/hoyolab-wiki/2022/12/01/194600931/2c2d8a83c9a5a9a97531fee1491efa85_2781863236340730832.png\",\"amount\":0,\"name\":\"モナ\",\"menuId\":\"17\"}]$"
    },
    "region": "モンド城",
    "ステータス": {
        "基礎HP": {
            "1+": 810,
            "20": 2102,
            "20+": 2797,
            "40": 4185,
            "40+": 4678,
            "50": 5383,
            "50+": 6041,
            "60": 6752,
            "60+": 7246.0,
            "70": 7964,
            "70+": 8458,
            "80": 9184,
            "80+": 9677,
            "90": 10409
        },
        "基礎攻撃力": {
            "1+": 22,
            "20": 58,
            "20+": 77,
            "40": 115,
            "40+": 129,
            "50": 148,
            "50+": 167,
            "60": 186,
            "60+": 200,
            "70": 220,
            "70+": 233,
            "80": 253,
            "80+": 267,
            "90": 287
        },
        "基礎防御力": {
            "1+": 51,
            "20": 132,
            "20+": 176,
            "40": 263,
            "40+": 294,
            "50": 338,
            "50+": 379,
            "60": 424,
            "60+": 455,
            "70": 500,
            "70+": 531,
            "80": 576,
            "80+": 607,
            "90": 653
        },
        "元素チャージ効率": {
            "1+": 0,
            "20": 0,
            "20+": 0,
            "40": 0,
            "40+": 8,
            "50": 8,
            "50+": 16,
            "60": 16,
            "60+": 16,
            "70": 16,
            "70+": 24,
            "80": 24,
            "80+": 32,
            "90": 32
        }
    },
    "オプション初期値": {
        "星異": false,
        "災厄の修辞 重撃ダメージ": 0
    },
    "通常攻撃": {
        "名前": "通常攻撃·因果点破",
        "説明": "<span style=\"color:#FFD780FF\">通常攻撃</span><br/>最大4段の連続攻撃を行い、<span style=\"color:#80C0FFFF\">水元素ダメージ</span>を与える。<br/><br/><span style=\"color:#FFD780FF\">重撃</span><br/>一定のスタミナを消費し、短い詠唱をした後、敵に<span style=\"color:#80C0FFFF\">水元素範囲ダメージ</span>を与える。<br/><br/><span style=\"color:#FFD780FF\">落下攻撃</span><br/>空中から水元素の力を凝集しながら落下し、地面に衝撃を与える。経路上の敵を攻撃し、落下時に<span style=\"color:#80C0FFFF\">水元素範囲ダメージ</span>を与える。",
        "詳細": [
            {
                "名前": "1段ダメージ",
                "数値": {
                    "1": "37.6%",
                    "2": "40.4%",
                    "3": "43.2%",
                    "4": "47.0%",
                    "5": "49.8%",
                    "6": "52.6%",
                    "7": "56.4%",
                    "8": "60.2%",
                    "9": "63.9%",
                    "10": "67.7%",
                    "11": "71.4%"
                }
            },
            {
                "名前": "2段ダメージ",
                "数値": {
                    "1": "36.0%",
                    "2": "38.7%",
                    "3": "41.4%",
                    "4": "45.0%",
                    "5": "47.7%",
                    "6": "50.4%",
                    "7": "54.0%",
                    "8": "57.6%",
                    "9": "61.2%",
                    "10": "64.8%",
                    "11": "68.4%"
                }
            },
            {
                "名前": "3段ダメージ",
                "数値": {
                    "1": "44.8%",
                    "2": "48.2%",
                    "3": "51.5%",
                    "4": "56.0%",
                    "5": "59.4%",
                    "6": "62.7%",
                    "7": "67.2%",
                    "8": "71.7%",
                    "9": "76.2%",
                    "10": "80.6%",
                    "11": "85.1%"
                }
            },
            {
                "名前": "4段ダメージ",
                "数値": {
                    "1": "56.2%",
                    "2": "60.4%",
                    "3": "64.6%",
                    "4": "70.2%",
                    "5": "74.4%",
                    "6": "78.6%",
                    "7": "84.2%",
                    "8": "89.9%",
                    "9": "95.5%",
                    "10": "101%",
                    "11": "107%"
                }
            }
        ],
        "icon_url": "images/characters/hydro_5_catalyst_Mona/talent_1.png"
    },
    "重撃": {
        "説明": "一定のスタミナを消費し、短い詠唱をした後、敵に水元素範囲ダメージを与える。",
        "詳細": [
            {
                "名前": "重撃ダメージ",
                "数値": {
                    "1": "150%",
                    "2": "161%",
                    "3": "172%",
                    "4": "187%",
                    "5": "198%",
                    "6": "210%",
                    "7": "225%",
                    "8": "240%",
                    "9": "255%",
                    "10": "269%",
                    "11": "285%"
                }
            }
        ],
        "重撃スタミナ消費": 50
    },
    "落下攻撃": {
        "説明": "空中から水元素の力を凝集しながら落下し、地面に衝撃を与える。経路上の敵を攻撃し、落下時に水元素範囲ダメージを与える。",
        "詳細": [
            {
                "名前": "落下期間のダメージ",
                "種類": "落下攻撃ダメージ",
                "数値": {
                    "1": "56.8%",
                    "2": "61.5%",
                    "3": "66.1%",
                    "4": "72.7%",
                    "5": "77.3%",
                    "6": "82.6%",
                    "7": "89.9%",
                    "8": "97.1%",
                    "9": "104.4%",
                    "10": "112.3%",
                    "11": "120.3%"
                }
            },
            {
                "名前": "低空/高空落下攻撃ダメージ",
                "種類": "落下攻撃ダメージ",
                "数値": {
                    "1": "114%",
                    "2": "123%",
                    "3": "132%",
                    "4": "145%",
                    "5": "155%",
                    "6": "165%",
                    "7": "180%",
                    "8": "194%",
                    "9": "209%",
                    "10": "225%",
                    "11": "240%"
                }
            },
            {
                "名前": "低空/高空落下攻撃ダメージ",
                "種類": "落下攻撃ダメージ",
                "数値": {
                    "1": "142%",
                    "2": "153%",
                    "3": "165%",
                    "4": "182%",
                    "5": "193%",
                    "6": "206%",
                    "7": "224%",
                    "8": "243%",
                    "9": "261%",
                    "10": "281%",
                    "11": "300%"
                }
            }
        ]
    },
    "元素スキル": {
        "名前": "水中幻願",
        "説明": "水しぶきを集め、運命の虚影を形成する。<br><br><span style=\"color: rgb(255, 215, 128)\">虚影</span><br>虚影は以下の特性を持つ。<br>・持続的に周囲の敵を挑発し、攻撃を引き付ける。<br>・持続的に付近の敵に<span style=\"color: rgb(128, 192, 255)\">水元素範囲ダメージ</span>を与える。<br>・継続時間終了時、虚影が破裂し、<span style=\"color: rgb(128, 192, 255)\">水元素範囲ダメージ</span>を与える。<br><br><span style=\"color: rgb(255, 215, 128)\">長押し</span><br>水流の勢いを利用し、素早く後退する。<br><br>水中幻願によって作られた虚影は、同時に最大1つまで存在可能。<br><br><em>造詣が深い占星術師は自身が創造した虚影で厄運から免れる。だがここまで厄運を挑発する者は、テイワットでもモナだけであろう。</em>",
        "詳細": [
            {
                "名前": "継続ダメージ",
                "数値": {
                    "1": "32.0%",
                    "2": "34.4%",
                    "3": "36.8%",
                    "4": "40.0%",
                    "5": "42.4%",
                    "6": "44.8%",
                    "7": "48.0%",
                    "8": "51.2%",
                    "9": "54.4%",
                    "10": "57.6%",
                    "11": "60.8%",
                    "12": "64.0%",
                    "13": "68.0%"
                }
            },
            {
                "名前": "爆裂ダメージ",
                "数値": {
                    "1": "133%",
                    "2": "143%",
                    "3": "153%",
                    "4": "166%",
                    "5": "176%",
                    "6": "186%",
                    "7": "199%",
                    "8": "212%",
                    "9": "226%",
                    "10": "239%",
                    "11": "252%",
                    "12": "266%",
                    "13": "282%"
                }
            }
        ],
        "クールタイム": 12,
        "icon_url": "images/characters/hydro_5_catalyst_Mona/talent_2.png"
    },
    "元素爆発": {
        "名前": "星命定軌",
        "説明": "清らかなさざなみを集め、虚幻の星空を映し、広範囲の敵に泡影状態を与える。<br><br><span style=\"color: rgb(255, 215, 128)\">泡影</span><br>星の泡で敵を拘束し、<span style=\"color: rgb(128, 192, 255)\">湿潤</span>状態を付与する。比較的に弱い敵は泡影に拘束され、行動不能になる。<br>泡影状態の敵がダメージを受けると、以下の効果を受ける。<br>・星異状態を与えられ、次に受けるダメージがアップする。<br>・泡影の効果が解除する。解除時、<span style=\"color: rgb(128, 192, 255)\">水元素ダメージ</span>を受ける。<br><br><span style=\"color: rgb(255, 215, 128)\">星異</span><br>星異状態継続中、受けるダメージがアップする。<br><br><em>神の眼差しが天空の光を導き、運命は運命と呼ばれるようになった。</em>",
        "詳細": [
            {
                "名前": "泡影破裂ダメージ",
                "数値": {
                    "1": "442%",
                    "2": "476%",
                    "3": "509%",
                    "4": "553%",
                    "5": "586%",
                    "6": "619%",
                    "7": "664%",
                    "8": "708%",
                    "9": "752%",
                    "10": "796%",
                    "11": "841%",
                    "12": "885%",
                    "13": "940%"
                },
                "適用条件": [
                    "星異"
                ]
            },
            {
                "条件": "星異",
                "種類": "与えるダメージ",
                "数値": {
                    "1": 42,
                    "2": 44,
                    "3": 46,
                    "4": 48,
                    "5": 50,
                    "6": 52,
                    "7": 54,
                    "8": 56,
                    "9": 58,
                    "10": 60,
                    "11": 60,
                    "12": 60,
                    "13": 60
                }
            },
            {
                "名前": "ダメージアップ",
                "種類": "表示",
                "数値": {
                    "1": 42,
                    "2": 44,
                    "3": 46,
                    "4": 48,
                    "5": 50,
                    "6": 52,
                    "7": 54,
                    "8": 56,
                    "9": 58,
                    "10": 60,
                    "11": 60,
                    "12": 60,
                    "13": 60
                }
            }
        ],
        "星異継続時間": {
            "1": 4,
            "2": 4,
            "3": 4,
            "4": 4.5,
            "5": 4.5,
            "6": 4.5,
            "7": 5,
            "8": 5,
            "9": 5,
            "10": 5,
            "11": 5,
            "12": 5,
            "13": 5
        },
        "クールタイム": 15,
        "元素エネルギー": 60,
        "icon_url": "images/characters/hydro_5_catalyst_Mona/talent_4.png"
    },
    "その他戦闘天賦": [
        {
            "名前": "虚実流動",
            "説明": "<span style=\"color:#FFD780FF\">ダッシュの代わりに発動する</span><br/>水流に隠れて激流となり、スタミナを消費して素早く移動する。<br/><br/>虚実流動状態のモナは水面上を高速移動できる。<br/>虚実流動状態が終了し、姿を現した時に、周囲の敵に<span style=\"color:#80C0FFFF\">湿潤</span>状態を与える。<br/><br/><i>これは彼女の先生にすらできない、モナだけの技だ。水元素の神の目のおかげではない。しつこく叱ってくる先生から逃げた結果である。</i>",
            "icon_url": "images/characters/hydro_5_catalyst_Mona/talent_3.png"
        }
    ],
    "固有天賦": [
        {
            "名前": "「おばば、私を捕まえられますか～」",
            "説明": "<span style=\"color:#FFD780FF\">虚実流動</span>状態に入った2秒後、周囲に敵がいる場合、自動的に虚影を1つ生成する。<br/>虚影は2秒間存在した後に破裂する。破裂ダメージは<span style=\"color:#FFD780FF\">水中幻願</span>のダメージの50%に相当する。",
            "icon_url": "images/characters/hydro_5_catalyst_Mona/talent_5.png"
        },
        {
            "名前": "「運命の流れに任せましょう！」",
            "説明": "モナの与える<span style=\"color:#80C0FFFF\">水元素ダメージ</span>が増加する。増加量はモナの元素チャージ効率の20%に相当する。",
            "詳細": [
                {
                    "種類": "水元素ダメージバフ",
                    "数値": "20%元素チャージ効率"
                }
            ],
            "icon_url": "images/characters/hydro_5_catalyst_Mona/talent_6.png"
        },
        {
            "名前": "運行原理",
            "説明": "武器突破素材を合成する時、25%の確率で一部の材料が返還される。",
            "icon_url": "images/characters/hydro_5_catalyst_Mona/talent_7.png"
        }
    ],
    "命ノ星座": {
        "1": {
            "名前": "沈没の預言",
            "説明": "チーム内の自身のキャラクターの攻撃が星異状態の敵に命中した後の8秒間、<span style=\"color: rgb(128, 192, 255)\">水元素の関連反応</span>の効果が強化される。<br>・感電反応ダメージ+15%、蒸発反応ダメージ+15%、水元素の拡散反応によるダメージ+15%。<br>・凍結反応の継続時間+15%。",
            "詳細": [
                {
                    "条件": "星異",
                    "種類": "感電反応ボーナス",
                    "数値": 15
                },
                {
                    "条件": "星異",
                    "種類": "蒸発反応ボーナス",
                    "数値": 15
                },
                {
                    "条件": "星異",
                    "種類": "拡散反応ボーナス",
                    "数値": 15
                },
                {
                    "条件": "星異",
                    "種類": "凍結反応ボーナス",
                    "数値": 15
                }
            ],
            "icon_url": "images/characters/hydro_5_catalyst_Mona/summaryList_1.png"
        },
        "2": {
            "名前": "星月の連珠",
            "説明": "通常攻撃が命中した時、20%の確率で自動的に重撃を発動する。<br/>5秒毎に1回のみ発動可能。",
            "icon_url": "images/characters/hydro_5_catalyst_Mona/summaryList_2.png",
            "詳細": []
        },
        "3": {
            "名前": "果てしない天象",
            "説明": "<span style=\"color:#FFD780FF\">星命定軌</span>のスキルLv.+3。<br/>最大Lv.15まで。",
            "icon_url": "images/characters/hydro_5_catalyst_Mona/summaryList_3.png",
            "詳細": []
        },
        "4": {
            "名前": "絶滅の預言",
            "説明": "チーム内の自身のキャラクターが星異状態の敵を攻撃する時、会心率+15%。",
            "詳細": [
                {
                    "条件": "星異",
                    "種類": "会心率",
                    "数値": 15
                }
            ],
            "icon_url": "images/characters/hydro_5_catalyst_Mona/summaryList_4.png"
        },
        "5": {
            "名前": "運命の愚弄",
            "説明": "<span style=\"color:#FFD780FF\">水中幻願</span>のスキルLv.+3。<br/>最大Lv.15まで。",
            "icon_url": "images/characters/hydro_5_catalyst_Mona/summaryList_5.png",
            "詳細": []
        },
        "6": {
            "名前": "災厄の修辞",
            "説明": "モナが<span style=\"color:#FFD780FF\">虚実流動</span>状態に入った後、1秒移動する毎に、次の重撃ダメージ+60%。<br/>最大180%まで、継続時間8秒。",
            "詳細": [
                {
                    "条件": "災厄の修辞 重撃ダメージ@+60-180%",
                    "種類": "重撃ダメージバフ",
                    "数値": 1
                }
            ],
            "icon_url": "images/characters/hydro_5_catalyst_Mona/summaryList_6.png"
        }
    },
    "おすすめセット": [
        {
            "武器": "流浪楽章",
            "聖遺物メイン効果3": "5_攻撃力%",
            "聖遺物メイン効果4": "5_水元素ダメージバフ",
            "聖遺物メイン効果5": "5_会心率",
            "聖遺物セット効果1": "絶縁の旗印",
            "聖遺物セット効果2": "絶縁の旗印",
            "聖遺物優先するサブ効果1": "会心率",
            "聖遺物優先するサブ効果2": "会心ダメージ",
            "聖遺物優先するサブ効果3": "攻撃力%"
        },
        {
            "武器": "四風原典",
            "聖遺物メイン効果3": "5_攻撃力%",
            "聖遺物メイン効果4": "5_攻撃力%",
            "聖遺物メイン効果5": "5_会心ダメージ",
            "聖遺物セット効果1": "絶縁の旗印",
            "聖遺物セット効果2": "絶縁の旗印",
            "聖遺物優先するサブ効果1": "会心率",
            "聖遺物優先するサブ効果2": "会心ダメージ",
            "聖遺物優先するサブ効果3": "攻撃力%"
        },
        {
            "武器": "天空の巻",
            "聖遺物メイン効果3": "5_攻撃力%",
            "聖遺物メイン効果4": "5_水元素ダメージバフ",
            "聖遺物メイン効果5": "5_会心率",
            "聖遺物セット効果1": "絶縁の旗印",
            "聖遺物セット効果2": "絶縁の旗印",
            "聖遺物優先するサブ効果1": "会心ダメージ",
            "聖遺物優先するサブ効果2": "会心率",
            "聖遺物優先するサブ効果3": "攻撃力%"
        },
        {
            "武器": "西風秘典",
            "聖遺物メイン効果3": "5_攻撃力%",
            "聖遺物メイン効果4": "5_攻撃力%",
            "聖遺物メイン効果5": "5_会心率",
            "聖遺物セット効果1": "絶縁の旗印",
            "聖遺物セット効果2": "絶縁の旗印",
            "聖遺物優先するサブ効果1": "会心ダメージ",
            "聖遺物優先するサブ効果2": "会心率",
            "聖遺物優先するサブ効果3": "攻撃力%"
        },
        {
            "武器": "金珀·試作",
            "聖遺物メイン効果3": "5_攻撃力%",
            "聖遺物メイン効果4": "5_水元素ダメージバフ",
            "聖遺物メイン効果5": "5_会心率",
            "聖遺物セット効果1": "旧貴族のしつけ",
            "聖遺物セット効果2": "旧貴族のしつけ",
            "聖遺物優先するサブ効果1": "会心ダメージ",
            "聖遺物優先するサブ効果2": "会心率",
            "聖遺物優先するサブ効果3": "攻撃力%"
        },
        {
            "武器": "龍殺しの英傑譚",
            "聖遺物メイン効果3": "5_元素チャージ効率",
            "聖遺物メイン効果4": "5_攻撃力%",
            "聖遺物メイン効果5": "5_会心率",
            "聖遺物セット効果1": "旧貴族のしつけ",
            "聖遺物セット効果2": "旧貴族のしつけ",
            "聖遺物優先するサブ効果1": "会心ダメージ",
            "聖遺物優先するサブ効果2": "会心率",
            "聖遺物優先するサブ効果3": "攻撃力%"
        }
    ],
    "NEXT STEP": "元素爆発.泡影破裂ダメージ"
}