{
    "名前": "ヌヴィレット",
    "説明": "フォンテーヌの最高審判官。一分の隙もない「公正無私」な振る舞いで名高い。",
    "icon_url": "images/characters/face/hydro_5_catalyst_Neuvillette.png",
    "レアリティ": 5,
    "武器": "法器",
    "元素": "水",
    "baseInfo": {
        "和名 / 英名": "ヌヴィレット / Neuvilette",
        "誕生日": "12月18日",
        "命ノ星座": "？？？",
        "称号": "告諭の潮騒",
        "？？？": "水",
        "所属": "フォンテーヌ廷",
        "中国語 CV": "桑毓泽",
        "英語 CV": "Ray Chase",
        "日本語 CV": "神谷浩史",
        "韓国語 CV": "곽윤상",
        "実装バージョン": "4.1"
    },
    "region": "フォンテーヌ",
    "ステータス": {
        "基礎HP": {
            "1+": 1144,
            "20": 2967,
            "20+": 3948,
            "40": 5908,
            "40+": 6605,
            "50": 7599,
            "50+": 8528,
            "60": 9533,
            "60+": 10230,
            "70": 11243,
            "70+": 11940,
            "80": 12965,
            "80+": 13662,
            "90": 14695
        },
        "基礎攻撃力": {
            "1+": 39,
            "20": 65,
            "20+": 79,
            "40": 107,
            "40+": 117,
            "50": 131,
            "50+": 144,
            "60": 158,
            "60+": 168,
            "70": 183,
            "70+": 193,
            "80": 207,
            "80+": 217,
            "90": 232
        },
        "基礎防御力": {
            "1+": 45,
            "20": 116,
            "20+": 155,
            "40": 232,
            "40+": 259,
            "50": 298,
            "50+": 335,
            "60": 374,
            "60+": 401,
            "70": 441,
            "70+": 468,
            "80": 509,
            "80+": 536,
            "90": 576
        },
        "会心ダメージ": {
            "1+": 0,
            "20": 0,
            "20+": 0,
            "40": 0,
            "40+": 9.6,
            "50": 9.6,
            "50+": 19.2,
            "60": 19.2,
            "60+": 19.2,
            "70": 19.2,
            "70+": 28.8,
            "80": 28.8,
            "80+": 38.4,
            "90": 38.4
        }
    },
    "通常攻撃": {
        "名前": "通常攻撃·清きこと水の如し",
        "説明": "<span style=\"color: rgb(255, 215, 128)\">通常攻撃</span><br>杖を軽く振り、波を駆使して最大3段の攻撃を行い、<span style=\"color: rgb(128, 192, 255)\">水元素ダメージ</span>を与える。<br><br><span style=\"color: rgb(255, 215, 128)\">集力·心証開示</span><br>重撃では集力を行い、その間ヌヴィレットは水の力を集め、徐々に<span style=\"color: rgb(128, 192, 255)\">審理のエンブレム</span>を構成する。この状態の時、ヌヴィレットは移動と向きの調整ができ、一定範囲内の<span style=\"color: rgb(128, 192, 255)\">源水の雫</span>を吸収する。<br>源水の雫を 1 個吸収するたびに、エンブレム構成の速度を早め、ヌヴィレットのHPを回復させる。<br>集力を中断した時、エンブレムが未完成の場合、重撃を行う。工ンブレムが完成している場合、代わりに重撃·衡平な裁量を行う。<br><br><span style=\"color: rgb(255, 215, 128)\">重撃</span><br>一定のスタミナを消費し、迸る水環で敵に猛烈な攻撃を仕掛け、<span style=\"color: rgb(128, 192, 255)\">水元素範囲ダメージ</span>を与える。<br><br><span style=\"color: rgb(255, 215, 128)\">重撃·衡平な裁量</span><br>荒れ狂う洪水を放ち、前方直線範囲内にいる敵に継続的な<span style=\"color: rgb(128, 192, 255)\">水元素範囲ダメージ</span>を与える。<br>重撃·衡平な裁量はスタミナを消費しない。継続時間3秒。<br>HPが50%を超えている場合、衡平な裁量を発動中、ヌヴィレットは持続的にHPを消費する。<br><br><span style=\"color: rgb(255, 215, 128)\">落下攻撃</span><br>空中から水元素の力を凝集しながら落下し、地面に衝撃を与える。経路上の敵を攻撃し、落下時に<span style=\"color: rgb(128, 192, 255)\">水元素範囲ダメージ</span>を与える。",
        "icon_url": "images/characters/hydro_5_catalyst_Neuvillette/talent_1.png",
        "詳細": [
            {
                "名前": "1段ダメージ",
                "数値": {
                    "1": "54.6%",
                    "2": "58.7%",
                    "3": "62.8%",
                    "4": "68.2%",
                    "5": "72.3%",
                    "6": "76.4%",
                    "7": "81.9%",
                    "8": "87.3%",
                    "9": "92.8%",
                    "10": "98.2%",
                    "11": "103.7%",
                    "12": "109.2%",
                    "13": "116.0%",
                    "14": "122.8%"
                }
            },
            {
                "名前": "2段ダメージ",
                "数値": {
                    "1": "46.2%",
                    "2": "49.7%",
                    "3": "53.2%",
                    "4": "57.8%",
                    "5": "61.3%",
                    "6": "64.7%",
                    "7": "69.4%",
                    "8": "74.0%",
                    "9": "78.6%",
                    "10": "83.2%",
                    "11": "87.9%",
                    "12": "92.5%",
                    "13": "98.3%",
                    "14": "104.1%"
                }
            },
            {
                "名前": "3段ダメージ",
                "数値": {
                    "1": "72.3%",
                    "2": "77.8%",
                    "3": "83.2%",
                    "4": "90.4%",
                    "5": "95.8%",
                    "6": "101.3%",
                    "7": "108.5%",
                    "8": "115.7%",
                    "9": "123.0%",
                    "10": "130.2%",
                    "11": "137.4%",
                    "12": "144.7%",
                    "13": "153.7%",
                    "14": "162.8%"
                }
            }
        ]
    },
    "重撃": {
        "詳細": [
            {
                "名前": "重撃ダメージ",
                "数値": {
                    "1": "136.8%",
                    "2": "147.1%",
                    "3": "157.3%",
                    "4": "171.0%",
                    "5": "181.3%",
                    "6": "191.5%",
                    "7": "205.2%",
                    "8": "218.9%",
                    "9": "232.6%",
                    "10": "246.2%",
                    "11": "259.9%",
                    "12": "273.6%",
                    "13": "290.7%",
                    "14": "307.8%"
                }
            },
            {
                "名前": "重撃·エクイティ裁定の継続ダメージ",
                "数値": {
                    "1": "7.32%HP上限",
                    "2": "7.91%HP上限",
                    "3": "8.51%HP上限",
                    "4": "9.36%HP上限",
                    "5": "9.96%HP上限",
                    "6": "10.64%HP上限",
                    "7": "11.57%HP上限",
                    "8": "12.51%HP上限",
                    "9": "13.45%HP上限",
                    "10": "14.47%HP上限",
                    "11": "15.49%HP上限",
                    "12": "16.51%HP上限",
                    "13": "17.53%HP上限",
                    "14": "18.55%HP上限"
                }
            },
            {
                "条件": "命ノ星座@6",
                "名前": "洪水",
                "数値": {
                    "1": "10%HP上限",
                    "2": "10%HP上限",
                    "3": "10%HP上限",
                    "4": "10%HP上限",
                    "5": "10%HP上限",
                    "6": "10%HP上限",
                    "7": "10%HP上限",
                    "8": "10%HP上限",
                    "9": "10%HP上限",
                    "10": "10%HP上限",
                    "11": "10%HP上限",
                    "12": "10%HP上限",
                    "13": "10%HP上限",
                    "14": "10%HP上限"
                }
            },
            {
                "名前": "HP回復/1個",
                "種類": "HP回復",
                "数値": "16.0%HP上限"
            },
            {
                "名前": "HP消費/0.5",
                "種類": "HP消費",
                "数値": "8.0%HP上限"
            }
        ],
        "重撃スタミナ消費": 50.0
    },
    "落下攻撃": {
        "詳細": [
            {
                "名前": "落下期間のダメージ",
                "数値": {
                    "1": "56.8%",
                    "2": "61.5%",
                    "3": "66.1%",
                    "4": "72.7%",
                    "5": "77.3%",
                    "6": "82.6%",
                    "7": "89.9%",
                    "8": "97.1%",
                    "9": "104.4%",
                    "10": "112.3%",
                    "11": "120.3%",
                    "12": "128.2%",
                    "13": "136.1%",
                    "14": "144.1%"
                }
            },
            {
                "名前": "低空/高空落下攻撃ダメージ",
                "数値": {
                    "1": "114%",
                    "2": "123%",
                    "3": "132%",
                    "4": "145%",
                    "5": "155%",
                    "6": "165%",
                    "7": "180%",
                    "8": "194%",
                    "9": "209%",
                    "10": "225%",
                    "11": "240%",
                    "12": "256%",
                    "13": "272%",
                    "14": "288%"
                }
            },
            {
                "名前": "低空/高空落下攻撃ダメージ",
                "数値": {
                    "1": "142%",
                    "2": "153%",
                    "3": "165%",
                    "4": "182%",
                    "5": "193%",
                    "6": "206%",
                    "7": "224%",
                    "8": "243%",
                    "9": "261%",
                    "10": "281%",
                    "11": "300%",
                    "12": "320%",
                    "13": "340%",
                    "14": "360%"
                }
            }
        ]
    },
    "元素スキル": {
        "名前": "涙よ、私は必ずや償おう",
        "説明": "立ち騒ぐ瀑を降らせ、ヌヴィレットのHP上限を基に、前方の敵へ<span style=\"color: rgb(128, 192, 255)\">水元素範囲ダメージ</span>を与える。敵に命中後、近くに源水の雫を3個生成する。<br><br><span style=\"color: rgb(255, 215, 128)\">アルケー：プネウマ</span><br>立ち騒ぐ瀑を降らせた後、敵を貫く霊息の棘が生成され、<span style=\"color: #FFE699\">プネウマ</span>を帯びた<span style=\"color: rgb(128, 192, 255)\">水元素ダメージ</span>を与える、一定間隔ごとに発動が可能。<br><br><em>「法律は諸々の悪行を抑えられるが、罪そのものを消すことはできない。」</em>",
        "icon_url": "images/characters/hydro_5_catalyst_Neuvillette/talent_2.png",
        "詳細": [
            {
                "名前": "スキルダメージ",
                "数値": {
                    "1": "12.86%HP上限",
                    "2": "13.83%HP上限",
                    "3": "14.79%HP上限",
                    "4": "16.08%HP上限",
                    "5": "17.04%HP上限",
                    "6": "18.01%HP上限",
                    "7": "19.30%HP上限",
                    "8": "20.58%HP上限",
                    "9": "21.87%HP上限",
                    "10": "23.16%HP上限"
                }
            },
            {
                "名前": "霊息の棘のダメージ",
                "数値": {
                    "1": "20.8%",
                    "2": "22.4%",
                    "3": "23.9%",
                    "4": "26.0%",
                    "5": "27.6%",
                    "6": "29.1%",
                    "7": "31.2%",
                    "8": "33.3%",
                    "9": "35.4%",
                    "10": "37.4%"
                }
            }
        ],
        "霊息の棘の間隔": 10.0,
        "源水の雫の継続時間": 15.0,
        "クールタイム": 12.0
    },
    "元素爆発": {
        "名前": "海よ、私は帰ってきた",
        "説明": "迸る怒涛を放ち、ヌヴィレットのHP上限を基に、<span style=\"color: rgb(128, 192, 255)\">水元素範囲ダメージ</span>を与える。その後、近くに瀑を2つ降らし、小範囲に<span style=\"color: rgb(128, 192, 255)\">水元素ダメージ</span>を与える。前方の一定範囲内に源水の雫を6個生成する。<br><br><em>「法律は、公布されてようやく成り立つ。だがその上に、自然の法則は太古からあらゆる種族と世代を律してきたのだ。」</em>",
        "icon_url": "images/characters/hydro_5_catalyst_Neuvillette/talent_3.png",
        "詳細": [
            {
                "名前": "スキルダメージ",
                "数値": {
                    "1": "22.26%HP上限",
                    "2": "23.93%HP上限",
                    "3": "25.60%HP上限",
                    "4": "27.82%HP上限",
                    "5": "29.49%HP上限",
                    "6": "31.16%HP上限",
                    "7": "33.39%HP上限",
                    "8": "35.61%HP上限",
                    "9": "37.84%HP上限",
                    "10": "40.06%HP上限",
                    "11": "42.29%HP上限",
                    "12": "44.52%HP上限",
                    "13": "47.30%HP上限"
                }
            },
            {
                "名前": "瀑のダメージ",
                "数値": {
                    "1": "9.11%HP上限",
                    "2": "9.79%HP上限",
                    "3": "10.47%HP上限",
                    "4": "11.38%HP上限",
                    "5": "12.06%HP上限",
                    "6": "12.75%HP上限",
                    "7": "13.66%HP上限",
                    "8": "14.57%HP上限",
                    "9": "15.48%HP上限",
                    "10": "16.39%HP上限",
                    "11": "17.30%HP上限",
                    "12": "18.21%HP上限",
                    "13": "19.35%HP上限"
                }
            }
        ],
        "クールタイム": 18.0,
        "元素エネルギー": 70
    },
    "固有天賦": [
        {
            "名前": "古海継嗣の権威",
            "説明": "チームにいるキャラクターが敵に蒸発、凍結、感電、開花、水元素拡散、水元素結晶反応を起こすと、ヌヴィレットに「遺龍の栄光」効果を付与する。継続時間30秒、最大3層まで重ね掛け可能。層数に応じて、重撃·衡平な裁量は通常の110%/125%/160%分のダメージを与えられるようになる。<br>生成された「遺龍の栄光」効果は元素反応毎にカウントされる。",
            "icon_url": "images/characters/hydro_5_catalyst_Neuvillette/talent_4.png",
            "詳細": [
                {
                    "条件": "遺龍の栄光=1層",
                    "対象": "重撃ダメージ.重撃·エクイティ裁定の継続ダメージ",
                    "種類": "別枠乗算",
                    "数値": 110
                },
                {
                    "条件": "遺龍の栄光=2層",
                    "対象": "重撃ダメージ.重撃·エクイティ裁定の継続ダメージ",
                    "種類": "別枠乗算",
                    "数値": 125
                },
                {
                    "条件": "遺龍の栄光=3層",
                    "対象": "重撃ダメージ.重撃·エクイティ裁定の継続ダメージ",
                    "種類": "別枠乗算",
                    "数値": 160
                },
                {
                    "条件": "遺龍の栄光=1層",
                    "対象": "重撃ダメージ.洪水",
                    "種類": "別枠乗算",
                    "数値": 110
                },
                {
                    "条件": "遺龍の栄光=2層",
                    "対象": "重撃ダメージ.洪水",
                    "種類": "別枠乗算",
                    "数値": 125
                },
                {
                    "条件": "遺龍の栄光=3層",
                    "対象": "重撃ダメージ.洪水",
                    "種類": "別枠乗算",
                    "数値": 160
                }
            ]
        },
        {
            "名前": "至高なる審理の紀律",
            "説明": "現在のHPが30%を超えている場合、超えた分1%につき、ヌヴィレットの<span style=\"color: rgb(128, 192, 255)\">水元素ダメージ</span>+0.6%。この効果によってアップできる<span style=\"color: rgb(128, 192, 255)\">水元素ダメージ</span>は最大30%までとなる。",
            "icon_url": "images/characters/hydro_5_catalyst_Neuvillette/talent_5.png",
            "詳細": [
                {
                    "条件": "至高なる審理の紀律@+1-70%",
                    "種類": "水元素ダメージバフ",
                    "数値": 0.6,
                    "上限": 30
                }
            ]
        },
        {
            "名前": "潮波のように集いて",
            "説明": "チーム内の自身のキャラクター全員が水中を素早く泳ぐ時、移動速度+15%。<br>同じ効果を持つ固有天賦との重ね掛け不可。",
            "icon_url": "images/characters/hydro_5_catalyst_Neuvillette/talent_6.png",
            "詳細": []
        }
    ],
    "命ノ星座": {
        "1": {
            "名前": "尊栄の創定",
            "説明": "ヌヴィレット登場時、固有天賦「<span style=\"color: #FFD780\">古海継嗣の権威</span>」による「遺龍の栄光」を1層獲得する。固有天賦「<span style=\"color: #FFD780\">古海継嗣の権威</span>」を解放する必要がある。<br>さらに、集力·心証開示と重撃·衡平な裁量を発動時、ヌヴィレットの中断耐性がアップする。",
            "icon_url": "images/characters/hydro_5_catalyst_Neuvillette/summaryList_1.png",
            "詳細": []
        },
        "2": {
            "名前": "律法の懲罰",
            "説明": "固有天賦「<span style=\"color: #FFD780\">古海継嗣の権威</span>」は以下のように強化される。「遺龍の栄光」1層につき、重撃·衡平な栽量の会心ダメージ+14%。この方法でアップできる会心ダメージは最大42%まで。<br>固有天賦「<span style=\"color: #FFD780\">古海継嗣の権威</span>」を解放する必要がある。",
            "icon_url": "images/characters/hydro_5_catalyst_Neuvillette/summaryList_2.png",
            "詳細": [
                {
                    "条件": "遺龍の栄光@1-3層",
                    "対象": "重撃ダメージ.重撃·エクイティ裁定の継続ダメージ",
                    "種類": "会心ダメージ",
                    "数値": 14
                }
            ]
        },
        "3": {
            "名前": "旧時の擬制",
            "説明": "<span style=\"color: #FFD780\">通常攻撃·清きこと水の如し</span>のスキルLv.+3。<br>最大Lv.15まで。",
            "icon_url": "images/characters/hydro_5_catalyst_Neuvillette/summaryList_3.png",
            "詳細": []
        },
        "4": {
            "名前": "憐憫の玉冠",
            "説明": "ヌヴィレットがフィールド上にいる、かつ治療効果を受けた時、源水の雫を1個生成する。この効果は4秒毎に最大1回のみ発動可能。",
            "icon_url": "images/characters/hydro_5_catalyst_Neuvillette/summaryList_4.png",
            "詳細": []
        },
        "5": {
            "名前": "公義の裁定",
            "説明": "<span style=\"color: #FFD780\">海よ、私は帰ってきた</span>のスキルLv.+3。<br>最大Lv.15まで。",
            "icon_url": "images/characters/hydro_5_catalyst_Neuvillette/summaryList_5.png",
            "詳細": []
        },
        "6": {
            "名前": "憤怒の報償",
            "説明": "<span style=\"color: #FFD780\">重撃·衡平な裁量</span>を発動時、ヌヴィレットは一定範囲内の源水の雫を吸収できる。源水の雫を1個吸収するごとに、<span style=\"color: #FFD780\">重撃·衡平な裁量</span>の継続時間+1 秒。<br>さらに、<span style=\"color: #FFD780\">重撃·衡平な裁量</span>が敵に命中すると、2秒毎に追加で洪水を2つ放つ。洪水は1つにつき、ヌヴィレットのHP上限10%分の<span style=\"color: rgb(128, 192, 255)\">水元素ダメージ</span>を与える。この方法によるダメージは、<span style=\"color: #FFD780\">重撃·衡平な裁量</span>のダメージと見なされる。",
            "icon_url": "images/characters/hydro_5_catalyst_Neuvillette/summaryList_6.png",
            "詳細": []
        }
    },
    "オプション初期値": {
        "遺龍の栄光": 1,
        "至高なる審理の紀律": 50
    },
    "おすすめセット": [
        {
            "武器": "久遠流転の大典",
            "聖遺物メイン効果3": "5_HP%",
            "聖遺物メイン効果4": "5_水元素ダメージバフ",
            "聖遺物メイン効果5": "5_会心率",
            "聖遺物セット効果1": "ファントムハンター",
            "聖遺物セット効果2": "ファントムハンター",
            "聖遺物優先するサブ効果1": "会心ダメージ",
            "聖遺物優先するサブ効果2": "HP%",
            "聖遺物優先するサブ効果3": "元素チャージ効率"
        },
        {
            "武器": "古祠の瓏",
            "聖遺物メイン効果3": "5_HP%",
            "聖遺物メイン効果4": "5_水元素ダメージバフ",
            "聖遺物メイン効果5": "5_会心ダメージ",
            "聖遺物セット効果1": "ファントムハンター",
            "聖遺物セット効果2": "ファントムハンター",
            "聖遺物優先するサブ効果1": "会心ダメージ",
            "聖遺物優先するサブ効果2": "HP%",
            "聖遺物優先するサブ効果3": "元素チャージ効率"
        },
        {
            "武器": "金珀·試作",
            "聖遺物メイン効果3": "5_HP%",
            "聖遺物メイン効果4": "5_水元素ダメージバフ",
            "聖遺物メイン効果5": "5_会心率",
            "聖遺物セット効果1": "ファントムハンター",
            "聖遺物セット効果2": "ファントムハンター",
            "聖遺物優先するサブ効果1": "会心ダメージ",
            "聖遺物優先するサブ効果2": "HP%",
            "聖遺物優先するサブ効果3": "元素チャージ効率"
        }
    ],
    "NEXT STEP": "重撃.重撃·エクイティ裁定の継続ダメージ"
}