{
    "名前": "クレー",
    "説明": "西風騎士団反省室の常連、モンドの爆破スペシャリスト。人呼んで「逃げ回る太陽」。",
    "icon_url": "images/characters/face/pyro_5_catalyst_Klee.png",
    "レアリティ": 5,
    "武器": "法器",
    "元素": "炎",
    "baseInfo": {
        "名前": "クレー",
        "誕生日": "7月27日",
        "命ノ星座": "四つ葉座",
        "称号": "逃げ回る太陽",
        "神の目": "炎",
        "所属": "西風騎士団",
        "中国語 CV": "花玲",
        "英語 CV": "Poonam Basu",
        "日本語 CV": "久野美咲",
        "韓国語 CV": "방연지",
        "オリジナル料理": "魚香トースト",
        "実装バージョン": "1.0"
    },
    "region": "モンド城",
    "ステータス": {
        "基礎HP": {
            "1+": 801,
            "20": 2077,
            "20+": 2764,
            "40": 4136,
            "40+": 4623,
            "50": 5319,
            "50+": 5970,
            "60": 6673,
            "60+": 7161,
            "70": 7870,
            "70+": 8358,
            "80": 9076,
            "80+": 9563,
            "90": 10287
        },
        "基礎攻撃力": {
            "1+": 24,
            "20": 63,
            "20+": 84,
            "40": 125,
            "40+": 140,
            "50": 161,
            "50+": 180,
            "60": 202,
            "60+": 216.0,
            "70": 238,
            "70+": 253,
            "80": 274,
            "80+": 289,
            "90": 311
        },
        "基礎防御力": {
            "1+": 48,
            "20": 124,
            "20+": 165,
            "40": 247,
            "40+": 276,
            "50": 318,
            "50+": 357,
            "60": 399,
            "60+": 428,
            "70": 470,
            "70+": 500,
            "80": 542,
            "80+": 572,
            "90": 615
        },
        "炎元素ダメージバフ": {
            "1+": 0,
            "20": 0,
            "20+": 0,
            "40": 0,
            "40+": 7.2,
            "50": 7.2,
            "50+": 14.4,
            "60": 14.4,
            "60+": 14.4,
            "70": 14.4,
            "70+": 21.6,
            "80": 21.6,
            "80+": 28.8,
            "90": 28.8
        }
    },
    "オプション初期値": {
        "[燃え盛る炎の魔女4]炎元素ダメージ": 2
    },
    "通常攻撃": {
        "名前": "通常攻撃·バンバン",
        "説明": "<span style=\"color:#FFD780FF\">通常攻撃</span><br/>ぶつかると爆発するものを投げ出す！最大3段の爆弾攻撃を行い、<span style=\"color:#FF9999FF\">炎元素範囲ダメージ</span>を与える。<br/><br/><span style=\"color:#FFD780FF\">重撃</span><br/>一定のスタミナを消費し、短い詠唱をした後、敵に<span style=\"color:#FF9999FF\">炎元素範囲ダメージ</span>を与える。<br/><br/><span style=\"color:#FFD780FF\">落下攻撃</span><br/>空中から烈焔の力を凝集しながら落下し、地面に衝撃を与える。経路上の敵を攻撃し、落下時に<span style=\"color:#FF9999FF\">炎元素範囲ダメージ</span>を与える。",
        "詳細": [
            {
                "名前": "1段ダメージ",
                "数値": {
                    "1": "72.2%",
                    "2": "77.6%",
                    "3": "83.07%",
                    "4": "90.2%",
                    "5": "95.6%",
                    "6": "101%",
                    "7": "108%",
                    "8": "115%",
                    "9": "123%",
                    "10": "130%",
                    "11": "137%"
                }
            },
            {
                "名前": "2段ダメージ",
                "数値": {
                    "1": "62.4%",
                    "2": "67.1%",
                    "3": "71.8%",
                    "4": "78.0%",
                    "5": "72.7%",
                    "6": "87.4%",
                    "7": "93.6%",
                    "8": "100%",
                    "9": "106%",
                    "10": "112%",
                    "11": "119%"
                }
            },
            {
                "名前": "3段ダメージ",
                "数値": {
                    "1": "89.9%",
                    "2": "96.7%",
                    "3": "103%",
                    "4": "112%",
                    "5": "119%",
                    "6": "126%",
                    "7": "135%",
                    "8": "144%",
                    "9": "153%",
                    "10": "162%",
                    "11": "171%"
                }
            }
        ],
        "icon_url": "images/characters/pyro_5_catalyst_Klee/talent_1.png"
    },
    "重撃": {
        "説明": [
            "一定のスタミナを消費し、短い詠唱の後、敵に炎元素範囲ダメージを与える。"
        ],
        "詳細": [
            {
                "名前": "重撃ダメージ",
                "数値": {
                    "1": "157%",
                    "2": "169%",
                    "3": "181%",
                    "4": "197%",
                    "5": "209%",
                    "6": "220%",
                    "7": "236%",
                    "8": "252%",
                    "9": "268%",
                    "10": "283%",
                    "11": "300%"
                }
            }
        ],
        "重撃スタミナ消費": 50
    },
    "落下攻撃": {
        "説明": "空中から烈焔の力を凝集しながら落下し、地面に衝撃を与える。経路上の敵を攻撃し、落下時に炎元素範囲ダメージを与える。",
        "詳細": [
            {
                "名前": "落下期間のダメージ",
                "種類": "落下攻撃ダメージ",
                "数値": {
                    "1": "56.8%",
                    "2": "61.5%",
                    "3": "66.1%",
                    "4": "72.7%",
                    "5": "77.3%",
                    "6": "82.6%",
                    "7": "89.9%",
                    "8": "97.1%",
                    "9": "104.4%",
                    "10": "112.3%",
                    "11": "120.3%"
                }
            },
            {
                "名前": "低空/高空落下攻撃ダメージ",
                "種類": "落下攻撃ダメージ",
                "数値": {
                    "1": "114%",
                    "2": "123%",
                    "3": "132%",
                    "4": "145%",
                    "5": "155%",
                    "6": "165%",
                    "7": "180%",
                    "8": "194%",
                    "9": "209%",
                    "10": "225%",
                    "11": "240%"
                }
            },
            {
                "名前": "低空/高空落下攻撃ダメージ",
                "種類": "落下攻撃ダメージ",
                "数値": {
                    "1": "142%",
                    "2": "153%",
                    "3": "165%",
                    "4": "182%",
                    "5": "193%",
                    "6": "206%",
                    "7": "224%",
                    "8": "243%",
                    "9": "261%",
                    "10": "281%",
                    "11": "300%"
                }
            }
        ]
    },
    "元素スキル": {
        "名前": "ボンボン爆弾",
        "説明": "巨大な威力を持つボンボン爆弾を投げ出す！<br/>ボンボン爆弾は連続で3回跳ね、1回毎に爆発を起こし、<span style=\"color:#FF9999FF\">炎元素範囲ダメージ</span>を与える。<br/><br/>3回跳ねた後、爆弾は複数のブービートラップに分裂する。<br/>ブービートラップは敵に触れる、または一定時間後に爆発し、<span style=\"color:#FF9999FF\">炎元素範囲ダメージ</span>を与える。<br/><br/>初期使用可能回数2回。<br/><br/><i>ボンボンはクレーの「友達」…クレーはいつも人々にそう紹介している。</i>",
        "詳細": [
            {
                "名前": "ボンボン爆弾ダメージ",
                "数値": {
                    "1": "95.2%",
                    "2": "102%",
                    "3": "109%",
                    "4": "119%",
                    "5": "126%",
                    "6": "133%",
                    "7": "143%",
                    "8": "152%",
                    "9": "162%",
                    "10": "171%",
                    "11": "181%",
                    "12": "190%",
                    "13": "202%"
                }
            },
            {
                "名前": "ブービートラップダメージ",
                "数値": {
                    "1": "32.8%",
                    "2": "35.3%",
                    "3": "37.7%",
                    "4": "41.0%",
                    "5": "43.5%",
                    "6": "45.9%",
                    "7": "49.2%",
                    "8": "52.5%",
                    "9": "55.8%",
                    "10": "59.0%",
                    "11": "62.3%",
                    "12": "65.6%",
                    "13": "70.0%"
                }
            }
        ],
        "ブービートラップ継続時間": 15,
        "クールタイム": 20,
        "使用回数": 2,
        "icon_url": "images/characters/pyro_5_catalyst_Klee/talent_2.png"
    },
    "元素爆発": {
        "名前": "ドッカン花火",
        "説明": "クレー火力全開！スキル継続中、ドッカン花火を立て続けに召喚して周囲の敵を攻撃し、<span style=\"color:#FF9999FF\">炎元素範囲ダメージ</span>を与える。<br/><br/><i>クレーが自分の爆弾で怪我をしないのは、きっと幸運の神に恵まれているからだと、騎士団のみんなはそう信じている。</i>",
        "詳細": [
            {
                "名前": "ドッカン花火ダメージ",
                "数値": {
                    "1": "42.6%",
                    "2": "45.8%",
                    "3": "49.0%",
                    "4": "53.3%",
                    "5": "56.5%",
                    "6": "59.7%",
                    "7": "64.0%",
                    "8": "68.2%",
                    "9": "72.5%",
                    "10": "76.8%",
                    "11": "81.0%",
                    "12": "85.3%",
                    "13": "90.6%"
                }
            },
            {
                "条件": "命ノ星座@4",
                "名前": "一触即発 ダメージ",
                "種類": "追加ダメージ",
                "元素": "炎",
                "数値": "555%攻撃力"
            }
        ],
        "継続時間": 10,
        "クールタイム": 15,
        "元素エネルギー": 60,
        "icon_url": "images/characters/pyro_5_catalyst_Klee/talent_3.png"
    },
    "固有天賦": [
        {
            "名前": "こんこんプレゼント",
            "説明": "<span style=\"color:#FFD780FF\">ボンボン爆弾</span>と通常攻撃が敵にダメージを与えた時、50%の確率でクレーは爆裂花火を獲得する。<br/>重撃を発動する時、スタミナの代わりに爆裂花火を優先的に消費し、与えるダメージ+50%。",
            "詳細": [
                {
                    "条件": "こんこんプレゼント 重撃ダメージ+50%",
                    "種類": "重撃ダメージバフ",
                    "数値": 50
                }
            ],
            "icon_url": "images/characters/pyro_5_catalyst_Klee/talent_4.png"
        },
        {
            "名前": "無限花火",
            "説明": "クレーの重撃が会心を発生すると、チーム全員の元素エネルギーが2回復する。",
            "icon_url": "images/characters/pyro_5_catalyst_Klee/talent_5.png"
        },
        {
            "名前": "宝物揃い",
            "説明": "ミニマップで周囲の<span style=\"color:#FFD780FF\">モンド地域の特産</span>の位置を表示する。",
            "icon_url": "images/characters/pyro_5_catalyst_Klee/talent_6.png"
        }
    ],
    "命ノ星座": {
        "1": {
            "名前": "ゴロゴロコンボ",
            "説明": "攻撃やスキル発動時、一定の確率で花火を召喚して敵を攻撃し、<span style=\"color:#FFD780FF\">ドッカン花火</span>の攻撃力120%分のダメージを与える。",
            "詳細": [
                {
                    "名前": "ゴロゴロコンボダメージ",
                    "種類": "他所基準ダメージ",
                    "元素": "炎",
                    "数値": "120%元素爆発#ドッカン花火ダメージ"
                }
            ],
            "icon_url": "images/characters/pyro_5_catalyst_Klee/summaryList_1.png"
        },
        "2": {
            "名前": "弾丸の破片",
            "説明": "<span style=\"color:#FFD780FF\">ボンボン爆弾</span>のブービートラップのダメージを受けた敵の防御力-23%、継続時間10秒。",
            "詳細": [
                {
                    "条件": "弾丸の破片 防御力-23%",
                    "種類": "敵防御力",
                    "数値": -23
                }
            ],
            "icon_url": "images/characters/pyro_5_catalyst_Klee/summaryList_2.png"
        },
        "3": {
            "名前": "クレー特製",
            "説明": "<span style=\"color:#FFD780FF\">ボンボン爆弾</span>のスキルLv.+3。<br/>最大Lv.15まで。",
            "icon_url": "images/characters/pyro_5_catalyst_Klee/summaryList_3.png",
            "詳細": []
        },
        "4": {
            "名前": "一触即発",
            "説明": "<span style=\"color:#FFD780FF\">ドッカン花火</span>継続中にキャラクターを切り替えると、爆発が発生し、攻撃力555%分の<span style=\"color:#FF9999FF\">炎元素範囲ダメージ</span>を与える。",
            "icon_url": "images/characters/pyro_5_catalyst_Klee/summaryList_4.png",
            "詳細": []
        },
        "5": {
            "名前": "轟撃の星",
            "説明": "<span style=\"color:#FFD780FF\">ドッカン花火</span>のスキルLv.+3。<br/>最大Lv.15まで。",
            "icon_url": "images/characters/pyro_5_catalyst_Klee/summaryList_5.png",
            "詳細": []
        },
        "6": {
            "名前": "火力全開",
            "説明": "<span style=\"color:#FFD780FF\">ドッカン花火</span>状態中、クレーは3秒毎にチーム全員（クレー自身を除く）の元素エネルギーを3回復する。<br/><span style=\"color:#FFD780FF\">ドッカン花火</span>発動後25秒間、チーム全員の<span style=\"color:#FF9999FF\">炎元素ダメージ</span>+10%。",
            "詳細": [
                {
                    "条件": "火力全開 炎元素ダメージ+10%",
                    "種類": "炎元素ダメージバフ",
                    "数値": 10
                }
            ],
            "icon_url": "images/characters/pyro_5_catalyst_Klee/summaryList_6.png"
        }
    },
    "おすすめセット": [
        {
            "武器": "四風原典",
            "聖遺物メイン効果3": "5_攻撃力%",
            "聖遺物メイン効果4": "5_炎元素ダメージバフ",
            "聖遺物メイン効果5": "5_会心ダメージ",
            "聖遺物セット効果1": "燃え盛る炎の魔女",
            "聖遺物セット効果2": "燃え盛る炎の魔女",
            "聖遺物優先するサブ効果1": "会心率",
            "聖遺物優先するサブ効果2": "会心ダメージ",
            "聖遺物優先するサブ効果3": "攻撃力%"
        },
        {
            "武器": "天空の巻",
            "聖遺物メイン効果3": "5_攻撃力%",
            "聖遺物メイン効果4": "5_炎元素ダメージバフ",
            "聖遺物メイン効果5": "5_会心率",
            "聖遺物セット効果1": "燃え盛る炎の魔女",
            "聖遺物セット効果2": "燃え盛る炎の魔女",
            "聖遺物優先するサブ効果1": "会心ダメージ",
            "聖遺物優先するサブ効果2": "会心率",
            "聖遺物優先するサブ効果3": "攻撃力%"
        },
        {
            "武器": "流浪楽章",
            "聖遺物メイン効果3": "5_攻撃力%",
            "聖遺物メイン効果4": "5_炎元素ダメージバフ",
            "聖遺物メイン効果5": "5_会心率",
            "聖遺物セット効果1": "燃え盛る炎の魔女",
            "聖遺物セット効果2": "燃え盛る炎の魔女",
            "聖遺物優先するサブ効果1": "会心率",
            "聖遺物優先するサブ効果2": "会心ダメージ",
            "聖遺物優先するサブ効果3": "攻撃力%"
        },
        {
            "武器": "ドドコの物語",
            "聖遺物メイン効果3": "5_攻撃力%",
            "聖遺物メイン効果4": "5_炎元素ダメージバフ",
            "聖遺物メイン効果5": "5_会心率",
            "聖遺物セット効果1": "燃え盛る炎の魔女",
            "聖遺物セット効果2": "燃え盛る炎の魔女",
            "聖遺物優先するサブ効果1": "会心ダメージ",
            "聖遺物優先するサブ効果2": "会心率",
            "聖遺物優先するサブ効果3": "攻撃力%"
        },
        {
            "武器": "万国諸海の図譜",
            "聖遺物メイン効果3": "5_攻撃力%",
            "聖遺物メイン効果4": "5_炎元素ダメージバフ",
            "聖遺物メイン効果5": "5_会心率",
            "聖遺物セット効果1": "燃え盛る炎の魔女",
            "聖遺物セット効果2": "燃え盛る炎の魔女",
            "聖遺物優先するサブ効果1": "会心ダメージ",
            "聖遺物優先するサブ効果2": "会心率",
            "聖遺物優先するサブ効果3": "攻撃力%"
        },
        {
            "武器": "四風原典",
            "聖遺物メイン効果3": "5_攻撃力%",
            "聖遺物メイン効果4": "5_炎元素ダメージバフ",
            "聖遺物メイン効果5": "5_会心ダメージ",
            "聖遺物セット効果1": "燃え盛る炎の魔女",
            "聖遺物セット効果2": "剣闘士のフィナーレ",
            "聖遺物優先するサブ効果1": "会心率",
            "聖遺物優先するサブ効果2": "会心ダメージ",
            "聖遺物優先するサブ効果3": "攻撃力%"
        }
    ]
}