{
    "名前": "辛炎",
    "説明": "璃月港唯一のロックミュージシャン。音楽と情熱で「先入観」への反抗を歌う。",
    "icon_url": "images/characters/face/pyro_4_claymore_Xinyan.png",
    "レアリティ": 4,
    "武器": "両手剣",
    "元素": "炎",
    "baseInfo": {
        "名前": "辛炎",
        "誕生日": "10月16日",
        "命ノ星座": "紅檀四弦座",
        "称号": "爆熱リズム",
        "神の目": "炎",
        "所属": "「赤弦」",
        "中国語 CV": "王雅欣",
        "英語 CV": "Laura Stahl",
        "日本語 CV": "たかはし智秋",
        "韓国語 CV": "김채하",
        "オリジナル料理": "ロック·チキン！",
        "実装バージョン": "1.1"
    },
    "region": "璃月港",
    "ステータス": {
        "基礎HP": {
            "1+": 939,
            "20": 2413,
            "20+": 3114,
            "40": 4665,
            "40+": 5163,
            "50": 5939,
            "50+": 6604,
            "60": 7379,
            "60+": 7878.0,
            "70": 8653,
            "70+": 9151,
            "80": 9927,
            "80+": 10425,
            "90": 11201
        },
        "基礎攻撃力": {
            "1+": 21,
            "20": 54,
            "20+": 69,
            "40": 103,
            "40+": 115,
            "50": 132,
            "50+": 147,
            "60": 164,
            "60+": 175,
            "70": 192,
            "70+": 203,
            "80": 220,
            "80+": 231,
            "90": 249
        },
        "基礎防御力": {
            "1+": 67,
            "20": 172,
            "20+": 222,
            "40": 333,
            "40+": 368,
            "50": 423,
            "50+": 471,
            "60": 526,
            "60+": 562,
            "70": 617,
            "70+": 652,
            "80": 708,
            "80+": 743.0,
            "90": 799
        },
        "攻撃力%": {
            "1+": 0,
            "20": 0,
            "20+": 0,
            "40": 0,
            "40+": 6,
            "50": 6,
            "50+": 12,
            "60": 12,
            "60+": 12,
            "70": 12,
            "70+": 18,
            "80": 18,
            "80+": 24,
            "90": 24
        }
    },
    "通常攻撃": {
        "名前": "通常攻撃·炎舞",
        "説明": "<span style=\"color:#FFD780FF\">通常攻撃</span><br/>最大4段の連続攻撃を行う。<br/><br/><span style=\"color:#FFD780FF\">重撃</span><br/>持続的にスタミナを消費し、大剣を振り回して周囲の敵を攻撃する。<br/>重撃が終了した時に、さらに強力な攻撃を1回放つ。<br/><br/><span style=\"color:#FFD780FF\">落下攻撃</span><br/>空中から落下し地面に衝撃を与える。経路上の敵を攻撃し、落下時に範囲ダメージを与える。",
        "詳細": [
            {
                "名前": "1段ダメージ",
                "数値": {
                    "1": "76.5%",
                    "2": "82.8%",
                    "3": "89.0%",
                    "4": "97.9%",
                    "5": "104.1%",
                    "6": "111.3%",
                    "7": "121.0%",
                    "8": "130.8%",
                    "9": "140.6%",
                    "10": "151.3%",
                    "11": "162.0%"
                }
            },
            {
                "名前": "2段ダメージ",
                "数値": {
                    "1": "74.0%",
                    "2": "80.0%",
                    "3": "86.0%",
                    "4": "94.6%",
                    "5": "100.6%",
                    "6": "107.5%",
                    "7": "117.0%",
                    "8": "126.4%",
                    "9": "135.9%",
                    "10": "146.2%",
                    "11": "156.5%"
                }
            },
            {
                "名前": "3段ダメージ",
                "数値": {
                    "1": "95.5%",
                    "2": "103.2%",
                    "3": "111.0%",
                    "4": "122.1%",
                    "5": "129.9%",
                    "6": "138.8%",
                    "7": "151.0%",
                    "8": "163.2%",
                    "9": "175.4%",
                    "10": "188.7%",
                    "11": "202.0%"
                }
            },
            {
                "名前": "4段ダメージ",
                "数値": {
                    "1": "115.8%",
                    "2": "125.3%",
                    "3": "134.7%",
                    "4": "148.2%",
                    "5": "157.6%",
                    "6": "168.4%",
                    "7": "183.2%",
                    "8": "198.0%",
                    "9": "212.8%",
                    "10": "229.0%",
                    "11": "245.2%"
                }
            }
        ],
        "icon_url": "images/characters/pyro_4_claymore_Xinyan/talent_1.png"
    },
    "重撃": {
        "説明": [
            "持続的にスタミナを消費し、大剣を振り回して周囲の敵を攻撃する。",
            "重撃が終了した時に、さらに強力な攻撃を1回放つ。"
        ],
        "詳細": [
            {
                "名前": "連続重撃ダメージ",
                "数値": {
                    "1": "62.5%",
                    "2": "67.6%",
                    "3": "72.7%",
                    "4": "80.0%",
                    "5": "85.1%",
                    "6": "90.9%",
                    "7": "98.9%",
                    "8": "106.9%",
                    "9": "114.9%",
                    "10": "123.6%",
                    "11": "132.4%"
                }
            },
            {
                "名前": "重撃終了ダメージ",
                "数値": {
                    "1": "113%",
                    "2": "122%",
                    "3": "132%",
                    "4": "145%",
                    "5": "154%",
                    "6": "164%",
                    "7": "179%",
                    "8": "193%",
                    "9": "208%",
                    "10": "224%",
                    "11": "239%"
                }
            }
        ]
    },
    "落下攻撃": {
        "説明": "空中から落下し地面に衝撃を与える。経路上の敵を攻撃し、落下時に範囲ダメージを与える。",
        "詳細": [
            {
                "名前": "落下期間のダメージ",
                "種類": "落下攻撃ダメージ",
                "数値": {
                    "1": "74.6%",
                    "2": "80.7%",
                    "3": "86.7%",
                    "4": "95.4%",
                    "5": "101.5%",
                    "6": "108.4%",
                    "7": "118%",
                    "8": "127.5%",
                    "9": "137%",
                    "10": "147.4%",
                    "11": "158%"
                }
            },
            {
                "名前": "低空/高空落下攻撃ダメージ",
                "種類": "落下攻撃ダメージ",
                "数値": {
                    "1": "149%",
                    "2": "161%",
                    "3": "173%",
                    "4": "191%",
                    "5": "203%",
                    "6": "217%",
                    "7": "236%",
                    "8": "255%",
                    "9": "274%",
                    "10": "295%",
                    "11": "316%"
                }
            },
            {
                "名前": "低空/高空落下攻撃ダメージ",
                "種類": "落下攻撃ダメージ",
                "数値": {
                    "1": "186%",
                    "2": "201%",
                    "3": "217%",
                    "4": "238%",
                    "5": "253%",
                    "6": "271%",
                    "7": "295%",
                    "8": "318%",
                    "9": "342%",
                    "10": "368%",
                    "11": "394%"
                }
            }
        ]
    },
    "元素スキル": {
        "名前": "情熱の薙ぎ払い",
        "説明": "楽器を振り回し、周囲の敵に<span style=\"color: rgb(255, 153, 153)\">炎元素ダメージ</span>を与え、「観客」の「情熱」でシールドを生成する。<br>シールドのダメージ吸収量は辛炎の防御力によって決まり、シールドのレベルは命中した敵の数によって変わる。<br>・敵に命中しなかった又は1名の敵に命中した場合：Lv.1シールド·イントロのリズム<br>・2名の敵に命中した場合：Lv.2シールド·指揮のリズム<br>・3名またはそれ以上の敵に命中した場合：Lv.3シールド·舞のリズムを生成する。シールドはダメージを吸収するほか、一定時間の間隔で周囲の敵に<span style=\"color: rgb(255, 153, 153)\">炎元素ダメージ</span>を与える。<br><br>シールドは以下の特性を持つ。<br>・発動する時、辛炎に<span style=\"color: rgb(255, 153, 153)\">炎元素付着</span>を与える。<br>・<span style=\"color: rgb(255, 153, 153)\">炎元素ダメージ</span>に対して、250%の吸収効果がある。<br><br><em>これらの火花は演奏スキルを極めた結果であり、ただの物理現象で、神の目とは関係ないと辛炎は主張している。</em>",
        "詳細": [
            {
                "名前": "振り回しダメージ",
                "数値": {
                    "1": "170%",
                    "2": "182%",
                    "3": "195%",
                    "4": "212%",
                    "5": "225%",
                    "6": "237%",
                    "7": "254%",
                    "8": "271%",
                    "9": "288%",
                    "10": "305%",
                    "11": "322%",
                    "12": "339%",
                    "13": "360%"
                }
            },
            {
                "名前": "Lv1シールド吸収量",
                "種類": "シールド",
                "数値": {
                    "1": "104.0%防御力+501",
                    "2": "111.8%防御力+551",
                    "3": "119.6%防御力+605",
                    "4": "130.1%防御力+663",
                    "5": "137.9%防御力+726",
                    "6": "145.7%防御力+793",
                    "7": "156.1%防御力+864",
                    "8": "166.5%防御力+939",
                    "9": "176.9%防御力+1018",
                    "10": "187%防御力+1101",
                    "11": "197.7%防御力+1189",
                    "12": "208.1%防御力+1281",
                    "13": "221.1%防御力+1377"
                }
            },
            {
                "名前": "Lv2シールド吸収量",
                "種類": "シールド",
                "数値": {
                    "1": "122.4%防御力+589",
                    "2": "131.6%防御力+648",
                    "3": "140.8%防御力+712",
                    "4": "153.0%防御力+780",
                    "5": "162.2%防御力+854",
                    "6": "171.4%防御力+932",
                    "7": "183.6%防御力+1016",
                    "8": "195.8%防御力+1104",
                    "9": "208.1%防御力+1197",
                    "10": "220.3%防御力+1296",
                    "11": "232.6%防御力+1399",
                    "12": "244.8%防御力+1507",
                    "13": "260.1%防御力+1620"
                }
            },
            {
                "名前": "Lv3シールド吸収量",
                "種類": "シールド",
                "数値": {
                    "1": "144.0%防御力+693",
                    "2": "154.8%防御力+762",
                    "3": "165.6%防御力+837",
                    "4": "180.0%防御力+918",
                    "5": "190.8%防御力+1005",
                    "6": "201.6%防御力+1097",
                    "7": "216.0%防御力+1195",
                    "8": "230.4%防御力+1299",
                    "9": "244.8%防御力+1409",
                    "10": "259.2%防御力+1524",
                    "11": "273.6%防御力+1646",
                    "12": "288%防御力+1773",
                    "13": "306.0%防御力+1905"
                }
            },
            {
                "名前": "継続ダメージ",
                "数値": {
                    "1": "33.6%",
                    "2": "36.1%",
                    "3": "38.6%",
                    "4": "42.0%",
                    "5": "44.5%",
                    "6": "47.0%",
                    "7": "50.4%",
                    "8": "53.8%",
                    "9": "57.1%",
                    "10": "60.5%",
                    "11": "63.8%",
                    "12": "67.2%",
                    "13": "71.4%"
                }
            }
        ],
        "シールド継続時間": 12,
        "クールタイム": 18,
        "icon_url": "images/characters/pyro_4_claymore_Xinyan/talent_2.png"
    },
    "元素爆発": {
        "名前": "反逆の弾き",
        "説明": "弦を素早く弾き、音波を放出して敵をノックバックする。周囲の敵に物理ダメージを与え、「舞台」の雰囲気を盛り上げる。<br/>雰囲気が熱さが烈焔を引き起こし、周囲の敵に<span style=\"color:#FF9999FF\">炎元素ダメージ</span>を持続的に与える。<br/><br/><i>この演出はライブの終わりに必ずやる定番だったが、現在はもうやめている。その理由は安全面の考慮ではなく、もし「アンコール」をされたら、これ以上完璧なエンディングがないからである。</i>",
        "詳細": [
            {
                "名前": "スキルダメージ",
                "元素": "物理",
                "数値": {
                    "1": "341%",
                    "2": "366%",
                    "3": "392%",
                    "4": "426%",
                    "5": "452%",
                    "6": "477%",
                    "7": "511%",
                    "8": "545%",
                    "9": "579%",
                    "10": "613%",
                    "11": "648%",
                    "12": "682%",
                    "13": "724%"
                }
            },
            {
                "名前": "継続炎元素ダメージ",
                "数値": {
                    "1": "40%",
                    "2": "43%",
                    "3": "46%",
                    "4": "50%",
                    "5": "53%",
                    "6": "56%",
                    "7": "60%",
                    "8": "64%",
                    "9": "68%",
                    "10": "72%",
                    "11": "76%",
                    "12": "80%",
                    "13": "85%"
                }
            }
        ],
        "継続時間": 2,
        "クールタイム": 15,
        "元素エネルギー": 60,
        "icon_url": "images/characters/pyro_4_claymore_Xinyan/talent_3.png"
    },
    "固有天賦": [
        {
            "名前": "「観客いなくても演奏するのだ…」",
            "種類": "固有天賦",
            "説明": "<span style=\"color: rgb(255, 215, 128)\">情熱の薙ぎ払い</span>のシールド発動に必要な命中数を減少する。<br>・Lv.2シールド·指揮のリズム：1名の敵に命中する。<br>・Lv.3シールド·舞のリズム：2名の敵に命中する。",
            "icon_url": "images/characters/pyro_4_claymore_Xinyan/talent_4.png"
        },
        {
            "名前": "「…これこそがロックだ！」",
            "種類": "固有天賦",
            "説明": "<span style=\"color:#FFD780FF\">情熱の薙ぎ払い</span>のシールドが存在する時、キャラクターが与える物理ダメージ+15%。",
            "詳細": [
                {
                    "条件": "「…これこそがロックだ！」 物理ダメージ+15%",
                    "種類": "物理ダメージバフ",
                    "数値": 15
                }
            ],
            "icon_url": "images/characters/pyro_4_claymore_Xinyan/talent_5.png"
        },
        {
            "名前": "タフレシピ",
            "種類": "固有天賦",
            "説明": "防御系料理を完璧調理した時、12%の確率で料理を2倍獲得する。",
            "icon_url": "images/characters/pyro_4_claymore_Xinyan/talent_6.png"
        }
    ],
    "命ノ星座": {
        "1": {
            "名前": "絶命の加速",
            "説明": "会心攻撃が発生した5秒間、通常攻撃と重撃の攻撃速度+12%。<br/>5秒毎に1回のみ発動可能。",
            "icon_url": "images/characters/pyro_4_claymore_Xinyan/summaryList_1.png",
            "詳細": []
        },
        "2": {
            "名前": "オープニング演出",
            "説明": "<span style=\"color:#FFD780FF\">反逆の弾き</span>による物理ダメージの会心率+100%。さらに発動する時にLv.3シールド·舞のリズムを生成する。",
            "詳細": [
                {
                    "対象": "元素爆発ダメージ.スキルダメージ",
                    "種類": "会心率",
                    "数値": 100
                }
            ],
            "icon_url": "images/characters/pyro_4_claymore_Xinyan/summaryList_2.png"
        },
        "3": {
            "名前": "摭分の運指",
            "説明": "<span style=\"color:#FFD780FF\">情熱の薙ぎ払い</span>のスキルLv.+3。<br/>最大Lv.15まで。",
            "icon_url": "images/characters/pyro_4_claymore_Xinyan/summaryList_3.png",
            "詳細": []
        },
        "4": {
            "名前": "リズムの伝染",
            "説明": "<span style=\"color:#FFD780FF\">情熱の薙ぎ払い</span>の振り回しダメージを受けた敵の物理耐性-15%、継続時間12秒。",
            "詳細": [
                {
                    "条件": "リズムの伝染 物理耐性-15%",
                    "種類": "敵物理耐性",
                    "数値": -15
                }
            ],
            "icon_url": "images/characters/pyro_4_claymore_Xinyan/summaryList_4.png"
        },
        "5": {
            "名前": "アンコールの叫び",
            "説明": "<span style=\"color:#FFD780FF\">反逆の弾き</span>のスキルLv.+3。<br/>最大Lv.15まで。",
            "icon_url": "images/characters/pyro_4_claymore_Xinyan/summaryList_5.png",
            "詳細": []
        },
        "6": {
            "名前": "地獄のシェーク",
            "説明": "辛炎の重撃スタミナ消費-30%。重撃を発動する時、辛炎の防御力50%分の攻撃力が増加する。",
            "詳細": [
                {
                    "対象": "重撃ダメージ",
                    "種類": "攻撃力",
                    "数値": "50%防御力"
                }
            ],
            "icon_url": "images/characters/pyro_4_claymore_Xinyan/summaryList_6.png"
        }
    },
    "おすすめセット": [
        {
            "武器": "松韻の響く頃",
            "聖遺物メイン効果3": "5_攻撃力%",
            "聖遺物メイン効果4": "5_物理ダメージバフ",
            "聖遺物メイン効果5": "5_会心ダメージ",
            "聖遺物セット効果1": "血染めの騎士道",
            "聖遺物セット効果2": "蒼白の炎",
            "聖遺物優先するサブ効果1": "会心ダメージ",
            "聖遺物優先するサブ効果2": "攻撃力%"
        },
        {
            "武器": "狼の末路",
            "聖遺物メイン効果3": "5_攻撃力%",
            "聖遺物メイン効果4": "5_物理ダメージバフ",
            "聖遺物メイン効果5": "5_会心ダメージ",
            "聖遺物セット効果1": "血染めの騎士道",
            "聖遺物セット効果2": "蒼白の炎",
            "聖遺物優先するサブ効果1": "会心ダメージ",
            "聖遺物優先するサブ効果2": "攻撃力%"
        },
        {
            "武器": "銜玉の海皇",
            "聖遺物メイン効果3": "5_攻撃力%",
            "聖遺物メイン効果4": "5_物理ダメージバフ",
            "聖遺物メイン効果5": "5_会心ダメージ",
            "聖遺物セット効果1": "絶縁の旗印",
            "聖遺物セット効果2": "絶縁の旗印",
            "聖遺物優先するサブ効果1": "会心ダメージ",
            "聖遺物優先するサブ効果2": "攻撃力%"
        },
        {
            "武器": "雪葬の星銀",
            "聖遺物メイン効果3": "5_攻撃力%",
            "聖遺物メイン効果4": "5_物理ダメージバフ",
            "聖遺物メイン効果5": "5_会心ダメージ",
            "聖遺物セット効果1": "血染めの騎士道",
            "聖遺物セット効果2": "蒼白の炎",
            "聖遺物優先するサブ効果1": "会心ダメージ",
            "聖遺物優先するサブ効果2": "攻撃力%"
        },
        {
            "武器": "祭礼の大剣",
            "聖遺物メイン効果3": "5_攻撃力%",
            "聖遺物メイン効果4": "5_物理ダメージバフ",
            "聖遺物メイン効果5": "5_会心ダメージ",
            "聖遺物セット効果1": "蒼白の炎",
            "聖遺物セット効果2": "蒼白の炎",
            "聖遺物優先するサブ効果1": "会心ダメージ",
            "聖遺物優先するサブ効果2": "攻撃力%"
        }
    ]
}