{
    "名前": "香菱",
    "説明": "璃月出身の少女シェフ。料理に対して人一倍情熱を持っており、激辛料理を得意とする。",
    "icon_url": "images/characters/face/pyro_4_polearm_Xiangling.png",
    "レアリティ": 4,
    "武器": "長柄武器",
    "元素": "炎",
    "baseInfo": {
        "名前": "香菱",
        "誕生日": "11月2日",
        "命ノ星座": "長杓座",
        "称号": "万民百味",
        "神の目": "炎",
        "所属": "万民堂",
        "中国語 CV": "小N",
        "英語 CV": "Jackie Lastra",
        "日本語 CV": "小澤亜李",
        "韓国語 CV": "윤아영",
        "オリジナル料理": "万民堂水煮魚",
        "実装バージョン": "1.0",
        "七聖召喚のカード": "$[{\"ep_id\":3182,\"icon\":\"https://upload-static.hoyoverse.com/hoyolab-wiki/2022/12/01/194600931/6219bf1fb0b7c46b8ecf960443f737d5_6381449371905654215.png\",\"amount\":0,\"name\":\"香菱\",\"menuId\":\"17\"}]$"
    },
    "region": "璃月港",
    "ステータス": {
        "基礎HP": {
            "1+": 912,
            "20": 2342,
            "20+": 3024,
            "40": 4529,
            "40+": 5013,
            "50": 5766,
            "50+": 6411,
            "60": 7164,
            "60+": 7648,
            "70": 8401,
            "70+": 8885,
            "80": 9638,
            "80+": 10122,
            "90": 10875
        },
        "基礎攻撃力": {
            "1+": 19,
            "20": 48,
            "20+": 63,
            "40": 94,
            "40+": 104,
            "50": 119,
            "50+": 133,
            "60": 148,
            "60+": 158,
            "70": 174,
            "70+": 184,
            "80": 200,
            "80+": 210,
            "90": 225
        },
        "基礎防御力": {
            "1+": 56,
            "20": 144,
            "20+": 186,
            "40": 279,
            "40+": 308,
            "50": 355,
            "50+": 394,
            "60": 441,
            "60+": 470,
            "70": 517,
            "70+": 546,
            "80": 593,
            "80+": 623,
            "90": 669
        },
        "元素熟知": {
            "1+": 0,
            "20": 0,
            "20+": 0,
            "40": 0,
            "40+": 24,
            "50": 24,
            "50+": 48,
            "60": 48,
            "60+": 48,
            "70": 48,
            "70+": 72,
            "80": 72,
            "80+": 96,
            "90": 96
        }
    },
    "通常攻撃": {
        "名前": "通常攻撃·料理技法",
        "説明": "<span style=\"color:#FFD780FF\">通常攻撃</span><br/>槍による最大5段の連続攻撃を行う。<br/><br/><span style=\"color:#FFD780FF\">重撃</span><br/>一定のスタミナを消費して前方に突進し、経路上の敵にダメージを与える。<br/><br/><span style=\"color:#FFD780FF\">落下攻撃</span><br/>空中から落下し地面に衝撃を与える。経路上の敵を攻撃し、落下時に範囲ダメージを与える。",
        "詳細": [
            {
                "名前": "1段ダメージ",
                "数値": {
                    "1": "42.1%",
                    "2": "45.5%",
                    "3": "48.9%",
                    "4": "53.8%",
                    "5": "57.2%",
                    "6": "61.1%",
                    "7": "66.5%",
                    "8": "71.9%",
                    "9": "77.3%",
                    "10": "83.13%",
                    "11": "89.85%"
                }
            },
            {
                "名前": "2段ダメージ",
                "数値": {
                    "1": "42.1%",
                    "2": "45.6%",
                    "3": "49.0%",
                    "4": "53.9%",
                    "5": "57.3%",
                    "6": "61.3%",
                    "7": "66.6%",
                    "8": "72.0%",
                    "9": "77.4%",
                    "10": "83.3%",
                    "11": "90.04%"
                }
            },
            {
                "名前": "3段ダメージ",
                "数値": {
                    "1": "26.1%+26.1%",
                    "2": "28.2%+28.2%",
                    "3": "30.3%+30.3%",
                    "4": "33.3%+33.3%",
                    "5": "35.5%+35.5%",
                    "6": "37.9%+37.9%",
                    "7": "41.2%+41.2%",
                    "8": "44.5%+44.5%",
                    "9": "47.9%+47.9%",
                    "10": "51.51%+51.51%",
                    "11": "55.68%+55.68%"
                },
                "HIT数": 2
            },
            {
                "名前": "4段ダメージ",
                "数値": {
                    "1": "14.1%*4",
                    "2": "15.3%*4",
                    "3": "16.4%*4",
                    "4": "18.0%*4",
                    "5": "19.2%*4",
                    "6": "20.5%*4",
                    "7": "22.3%*4",
                    "8": "24.1%*4",
                    "9": "25.9%*4",
                    "10": "27.88%*4",
                    "11": "30.14%*4"
                },
                "HIT数": 4
            },
            {
                "名前": "5段ダメージ",
                "数値": {
                    "1": "71.0%",
                    "2": "76.8%",
                    "3": "82.6%",
                    "4": "90.9%",
                    "5": "96.6%",
                    "6": "103%",
                    "7": "112%",
                    "8": "121%",
                    "9": "131%",
                    "10": "140.42%",
                    "11": "151.78%"
                }
            },
            {
                "条件": "命ノ星座@2",
                "名前": "爆縮ダメージ",
                "元素": "炎",
                "数値": "75%"
            }
        ],
        "icon_url": "images/characters/pyro_4_polearm_Xiangling/talent_1.png"
    },
    "重撃": {
        "説明": "一定のスタミナを消費して前方に突進し、経路上の敵にダメージを与える。",
        "詳細": [
            {
                "名前": "重撃ダメージ",
                "種類": "重撃ダメージ",
                "数値": {
                    "1": "122%",
                    "2": "132%",
                    "3": "142%",
                    "4": "156%",
                    "5": "166%",
                    "6": "177%",
                    "7": "192%",
                    "8": "208%",
                    "9": "224%",
                    "10": "240.55%",
                    "11": "260.01%"
                }
            }
        ],
        "重撃スタミナ消費": 25
    },
    "落下攻撃": {
        "説明": "空中から落下し地面に衝撃を与える。経路上の敵を攻撃し、落下時に範囲ダメージを与える。",
        "詳細": [
            {
                "名前": "落下期間のダメージ",
                "種類": "落下攻撃ダメージ",
                "数値": {
                    "1": "63.9%",
                    "2": "69.1%",
                    "3": "74.3%",
                    "4": "81.8%",
                    "5": "87.0%",
                    "6": "92.9%",
                    "7": "101.1%",
                    "8": "109.3%",
                    "9": "117.5%",
                    "10": "126.4%",
                    "11": "135.3%"
                }
            },
            {
                "名前": "低空/高空落下攻撃ダメージ",
                "種類": "落下攻撃ダメージ",
                "数値": {
                    "1": "128%",
                    "2": "138%",
                    "3": "149%",
                    "4": "164%",
                    "5": "174%",
                    "6": "186%",
                    "7": "202%",
                    "8": "219%",
                    "9": "235%",
                    "10": "253%",
                    "11": "271%"
                }
            },
            {
                "名前": "低空/高空落下攻撃ダメージ",
                "種類": "落下攻撃ダメージ",
                "数値": {
                    "1": "160%",
                    "2": "173%",
                    "3": "186%",
                    "4": "204%",
                    "5": "217%",
                    "6": "232%",
                    "7": "253%",
                    "8": "273%",
                    "9": "293%",
                    "10": "316%",
                    "11": "338%"
                }
            }
        ]
    },
    "元素スキル": {
        "名前": "グゥオパァー出撃",
        "説明": "火を噴くグゥオパァーを召喚し、継続期間中に敵に火を噴き続け、<span style=\"color:#FF9999FF\">炎元素範囲ダメージ</span>を与える。<br/><br/><i>グゥオパァーは辛い食べ物が好き。でもこんなに辛いものはさすがに耐えられない。</i>",
        "詳細": [
            {
                "名前": "噴火ダメージ",
                "数値": {
                    "1": "111%",
                    "2": "120%",
                    "3": "128%",
                    "4": "139%",
                    "5": "147%",
                    "6": "156%",
                    "7": "167%",
                    "8": "178%",
                    "9": "189%",
                    "10": "200%",
                    "11": "211%",
                    "12": "223%",
                    "13": "236%"
                }
            }
        ],
        "クールタイム": 12,
        "icon_url": "images/characters/pyro_4_polearm_Xiangling/talent_2.png"
    },
    "元素爆発": {
        "名前": "旋火輪",
        "説明": "炎と槍をコントロールするコツで、自身を中心に素早く回転する旋火輪を投げ出す。<br/>旋火輪はキャラクターと共に移動し、経路上の敵に<span style=\"color:#FF9999FF\">炎元素ダメージ</span>を与える。<br/><br/><i>火力が足りない、全然足りないよ。</i>",
        "詳細": [
            {
                "名前": "振り回しによる1段ダメージ",
                "数値": {
                    "1": "72.0%",
                    "2": "77.4%",
                    "3": "82.8%",
                    "4": "90.0%",
                    "5": "95.4%",
                    "6": "101%",
                    "7": "108%",
                    "8": "115%",
                    "9": "122%",
                    "10": "130%",
                    "11": "137%",
                    "12": "144%",
                    "13": "153%"
                },
                "除外条件": [
                    {
                        "名前": "旋火輪継続中 炎元素ダメージ+15%",
                        "説明": "命ノ星座 第6重 竜巻旋火輪による炎元素ダメージ+15%は旋火輪のダメージには影響しない"
                    }
                ]
            },
            {
                "名前": "振り回しによる2段ダメージ",
                "数値": {
                    "1": "88%",
                    "2": "95%",
                    "3": "101%",
                    "4": "110%",
                    "5": "117%",
                    "6": "123%",
                    "7": "132%",
                    "8": "141%",
                    "9": "150%",
                    "10": "158%",
                    "11": "167%",
                    "12": "176%",
                    "13": "187%"
                },
                "除外条件": [
                    {
                        "名前": "旋火輪継続中 炎元素ダメージ+15%",
                        "説明": "命ノ星座 第6重 竜巻旋火輪による炎元素ダメージ+15%は旋火輪のダメージには影響しない"
                    }
                ]
            },
            {
                "名前": "振り回しによる3段ダメージ",
                "数値": {
                    "1": "110%",
                    "2": "118%",
                    "3": "126%",
                    "4": "137%",
                    "5": "145%",
                    "6": "153%",
                    "7": "164%",
                    "8": "175%",
                    "9": "186%",
                    "10": "197%",
                    "11": "208%",
                    "12": "219%",
                    "13": "233%"
                },
                "除外条件": [
                    {
                        "名前": "旋火輪継続中 炎元素ダメージ+15%",
                        "説明": "命ノ星座 第6重 竜巻旋火輪による炎元素ダメージ+15%は旋火輪のダメージには影響しない"
                    }
                ]
            },
            {
                "名前": "旋火輪ダメージ",
                "数値": {
                    "1": "112%",
                    "2": "120%",
                    "3": "129%",
                    "4": "140%",
                    "5": "148%",
                    "6": "157%",
                    "7": "168%",
                    "8": "179%",
                    "9": "190%",
                    "10": "202%",
                    "11": "213%",
                    "12": "224%",
                    "13": "238%"
                },
                "除外条件": [
                    {
                        "名前": "旋火輪継続中 炎元素ダメージ+15%",
                        "説明": "命ノ星座 第6重 竜巻旋火輪による炎元素ダメージ+15%は旋火輪のダメージには影響しない"
                    }
                ]
            }
        ],
        "継続時間": 10,
        "クールタイム": 20,
        "元素エネルギー": 80,
        "icon_url": "images/characters/pyro_4_polearm_Xiangling/talent_3.png"
    },
    "固有天賦": [
        {
            "名前": "交差する炎",
            "種類": "固有天賦",
            "説明": "グゥオパァーの噴火距離+20%。",
            "icon_url": "images/characters/pyro_4_polearm_Xiangling/talent_4.png"
        },
        {
            "名前": "激辛唐辛子",
            "種類": "固有天賦",
            "説明": "<span style=\"color:#FFD780FF\">グゥオパァー出撃</span>効果終了時、グゥオパァーは消えた位置に唐辛子を残す。唐辛子を拾うと、攻撃力+10%。継続時間10秒。",
            "詳細": [
                {
                    "条件": "激辛唐辛子 攻撃力+10%",
                    "種類": "攻撃力%",
                    "数値": 10
                }
            ],
            "icon_url": "images/characters/pyro_4_polearm_Xiangling/talent_5.png"
        },
        {
            "名前": "万民堂のシェフ",
            "種類": "固有天賦",
            "説明": "攻撃系料理を完璧調理した時、12%の確率で料理を2倍獲得する。",
            "icon_url": "images/characters/pyro_4_polearm_Xiangling/talent_6.png"
        }
    ],
    "命ノ星座": {
        "1": {
            "名前": "外カリ中フワ",
            "説明": "グゥオパァーに攻撃された敵の<span style=\"color:#FF9999FF\">炎元素耐性</span>-15%、継続時間6秒。",
            "詳細": [
                {
                    "条件": "外カリ中フワ 炎元素耐性-15%",
                    "種類": "敵炎元素耐性",
                    "数値": -15
                }
            ],
            "icon_url": "images/characters/pyro_4_polearm_Xiangling/summaryList_1.png"
        },
        "2": {
            "名前": "強火と油",
            "説明": "通常攻撃の最後の1撃で敵に2秒継続する爆縮効果を与える。効果終了時に爆発し、敵に攻撃力75%分の<span style=\"color:#FF9999FF\">炎元素範囲ダメージ</span>を与える。",
            "icon_url": "images/characters/pyro_4_polearm_Xiangling/summaryList_2.png",
            "詳細": []
        },
        "3": {
            "名前": "武火調理",
            "説明": "<span style=\"color:#FFD780FF\">旋火輪</span>のスキルLv.+3。<br/>最大Lv.15まで。",
            "icon_url": "images/characters/pyro_4_polearm_Xiangling/summaryList_3.png",
            "詳細": []
        },
        "4": {
            "名前": "弱火でじっくり",
            "説明": "<span style=\"color:#FFD780FF\">旋火輪</span>の継続時間+40%。",
            "icon_url": "images/characters/pyro_4_polearm_Xiangling/summaryList_4.png",
            "詳細": []
        },
        "5": {
            "名前": "凶猛なグゥオパァー",
            "説明": "<span style=\"color:#FFD780FF\">グゥオパァー出撃</span>のスキルLv.+3。<br/>最大Lv.15まで。",
            "icon_url": "images/characters/pyro_4_polearm_Xiangling/summaryList_5.png",
            "詳細": []
        },
        "6": {
            "名前": "竜巻旋火輪",
            "説明": "<span style=\"color:#FFD780FF\">旋火輪</span>継続中、チーム全員の<span style=\"color:#FF9999FF\">炎元素ダメージ</span>+15%。",
            "詳細": [
                {
                    "条件": "竜巻旋火輪 炎元素ダメージ+15%",
                    "種類": "炎元素ダメージバフ",
                    "数値": 15
                }
            ],
            "icon_url": "images/characters/pyro_4_polearm_Xiangling/summaryList_6.png"
        }
    },
    "おすすめセット": [
        {
            "武器": "草薙の稲光",
            "聖遺物メイン効果3": "5_元素チャージ効率",
            "聖遺物メイン効果4": "5_炎元素ダメージバフ",
            "聖遺物メイン効果5": "5_会心率",
            "聖遺物セット効果1": "絶縁の旗印",
            "聖遺物セット効果2": "絶縁の旗印",
            "聖遺物優先するサブ効果1": "会心ダメージ",
            "聖遺物優先するサブ効果2": "会心率",
            "聖遺物優先するサブ効果3": "攻撃力%"
        },
        {
            "武器": "「漁獲」",
            "聖遺物メイン効果3": "5_元素チャージ効率",
            "聖遺物メイン効果4": "5_炎元素ダメージバフ",
            "聖遺物メイン効果5": "5_会心率",
            "聖遺物セット効果1": "絶縁の旗印",
            "聖遺物セット効果2": "絶縁の旗印",
            "聖遺物優先するサブ効果1": "会心ダメージ",
            "聖遺物優先するサブ効果2": "会心率",
            "聖遺物優先するサブ効果3": "攻撃力%"
        },
        {
            "武器": "西風長槍",
            "聖遺物メイン効果3": "5_元素チャージ効率",
            "聖遺物メイン効果4": "5_炎元素ダメージバフ",
            "聖遺物メイン効果5": "5_会心率",
            "聖遺物セット効果1": "絶縁の旗印",
            "聖遺物セット効果2": "絶縁の旗印",
            "聖遺物優先するサブ効果1": "会心率",
            "聖遺物優先するサブ効果2": "会心ダメージ",
            "聖遺物優先するサブ効果3": "攻撃力%"
        },
        {
            "武器": "星鎌·試作",
            "聖遺物メイン効果3": "5_元素チャージ効率",
            "聖遺物メイン効果4": "5_炎元素ダメージバフ",
            "聖遺物メイン効果5": "5_会心率",
            "聖遺物セット効果1": "絶縁の旗印",
            "聖遺物セット効果2": "絶縁の旗印",
            "聖遺物優先するサブ効果1": "会心ダメージ",
            "聖遺物優先するサブ効果2": "会心率",
            "聖遺物優先するサブ効果3": "攻撃力%"
        },
        {
            "武器": "斬波のひれ長",
            "聖遺物メイン効果3": "5_攻撃力%",
            "聖遺物メイン効果4": "5_炎元素ダメージバフ",
            "聖遺物メイン効果5": "5_会心率",
            "聖遺物セット効果1": "燃え盛る炎の魔女",
            "聖遺物セット効果2": "燃え盛る炎の魔女",
            "聖遺物優先するサブ効果1": "会心ダメージ",
            "聖遺物優先するサブ効果2": "会心率",
            "聖遺物優先するサブ効果3": "攻撃力%"
        }
    ],
    "NEXT STEP": "元素爆発.旋火輪ダメージ"
}