{
    "名前": "宵宮",
    "説明": "「長野原花火屋」の店主。才ある花火職人で、人々の願いを花火へと託す。「夏祭りの女王」と呼ばれている。",
    "icon_url": "images/characters/face/pyro_5_bow_Yoimiya.png",
    "レアリティ": 5,
    "武器": "弓",
    "元素": "炎",
    "baseInfo": {
        "名前": "宵宮",
        "誕生日": "6月21日",
        "命ノ星座": "琉金座",
        "称号": "琉焔に舞う大輪",
        "神の目": "炎",
        "所属": "長野原花火屋",
        "中国語 CV": "金娜",
        "英語 CV": "Jenny Yokobori",
        "日本語 CV": "植田佳奈",
        "韓国語 CV": "박신희",
        "オリジナル料理": "夏祭りの游魚",
        "実装バージョン": "2.0",
        "七聖召喚のカード": "$[{\"ep_id\":3183,\"icon\":\"https://upload-static.hoyoverse.com/hoyolab-wiki/2022/12/01/194600931/8eebdb1373c73b32dbf037951bd65111_8349761906636576573.png\",\"amount\":0,\"name\":\"宵宮\",\"menuId\":\"17\"}]$"
    },
    "region": "稲妻城",
    "ステータス": {
        "基礎HP": {
            "1+": 792,
            "20": 2053,
            "20+": 2731,
            "40": 4086,
            "40+": 4568,
            "50": 5256,
            "50+": 5899,
            "60": 6593,
            "60+": 7075,
            "70": 7777,
            "70+": 8259,
            "80": 8968,
            "80+": 9450.0,
            "90": 10164
        },
        "基礎攻撃力": {
            "1+": 25,
            "20": 65,
            "20+": 87,
            "40": 130,
            "40+": 145,
            "50": 167,
            "50+": 187,
            "60": 209,
            "60+": 225,
            "70": 247,
            "70+": 262,
            "80": 285,
            "80+": 300,
            "90": 323
        },
        "基礎防御力": {
            "1+": 48,
            "20": 124,
            "20+": 165,
            "40": 247,
            "40+": 276,
            "50": 318,
            "50+": 357,
            "60": 399,
            "60+": 428,
            "70": 470,
            "70+": 500,
            "80": 542,
            "80+": 572,
            "90": 615
        },
        "会心率": {
            "1+": 0,
            "20": 0,
            "20+": 0,
            "40": 0,
            "40+": 4.8,
            "50": 4.8,
            "50+": 9.6,
            "60": 9.6,
            "60+": 9.6,
            "70": 9.6,
            "70+": 14.4,
            "80": 14.4,
            "80+": 19.2,
            "90": 19.2
        }
    },
    "通常攻撃": {
        "名前": "通常攻撃·打ち上げ花火",
        "説明": "<span style=\"color: rgb(255, 215, 128)\">通常攻撃</span><br>最大5段の連続射撃を行う。<br><br><span style=\"color: rgb(255, 215, 128)\">重撃</span><br>ダメージがより高く、より精確な<span style=\"color: rgb(255, 215, 128)\">狙い撃ち</span>を発動する。<br>照準時、炎が矢先に集まり、攻撃と共に発射される。チャージの時間により、異なる効果を発動する。<br>・1段チャージ：烈火が集まった矢を放ち、<span style=\"color: rgb(255, 153, 153)\">炎元素ダメージ</span>を与える。<br>・2段チャージ：チャージの時間により、最大3枚の焔硝の矢を生成し、発射と共に放たれる。焔硝の矢は近くの敵を追跡し、命中時に<span style=\"color: rgb(255, 153, 153)\">炎元素ダメージ</span>を与える。<br><br><span style=\"color: rgb(255, 215, 128)\">落下攻撃</span><br>空中から矢の雨を放ち、凄まじいスピードで落下し地面に衝撃を与え、落下時に範囲ダメージを与える。",
        "詳細": [
            {
                "名前": "1段ダメージ",
                "数値": {
                    "1": "35.6%*2",
                    "2": "38.1%*2",
                    "3": "40.5%*2",
                    "4": "43.7%*2",
                    "5": "46.2%*2",
                    "6": "49.0%*2",
                    "7": "52.7%*2",
                    "8": "56.3%*2",
                    "9": "59.9%*2",
                    "10": "63.6%*2",
                    "11": "67.2%*2"
                },
                "HIT数": 2
            },
            {
                "名前": "2段ダメージ",
                "数値": {
                    "1": "68.4%",
                    "2": "73.0%",
                    "3": "77.7%",
                    "4": "83.9%",
                    "5": "88.6%",
                    "6": "94.0%",
                    "7": "101.0%",
                    "8": "108.0%",
                    "9": "115.0%",
                    "10": "122.0%",
                    "11": "129.0%"
                }
            },
            {
                "名前": "3段ダメージ",
                "数値": {
                    "1": "88.9%",
                    "2": "94.9%",
                    "3": "101.0%",
                    "4": "109.1%",
                    "5": "115.2%",
                    "6": "122.2%",
                    "7": "131.3%",
                    "8": "140.4%",
                    "9": "149.5%",
                    "10": "158.6%",
                    "11": "167.7%"
                }
            },
            {
                "名前": "4段ダメージ",
                "数値": {
                    "1": "46.4%*2",
                    "2": "49.6%*2",
                    "3": "52.8%*2",
                    "4": "57.0%*2",
                    "5": "60.1%*2",
                    "6": "63.8%*2",
                    "7": "68.6%*2",
                    "8": "73.3%*2",
                    "9": "78.1%*2",
                    "10": "82.8%*2",
                    "11": "87.6%*2"
                },
                "HIT数": 2
            },
            {
                "名前": "5段ダメージ",
                "数値": {
                    "1": "105.9%",
                    "2": "113.1%",
                    "3": "120.3%",
                    "4": "129.9%",
                    "5": "137.1%",
                    "6": "145.6%",
                    "7": "156.4%",
                    "8": "167.2%",
                    "9": "178.0%",
                    "10": "188.9%",
                    "11": "199.7%"
                }
            }
        ],
        "icon_url": "images/characters/pyro_5_bow_Yoimiya/talent_1.png"
    },
    "重撃": {
        "説明": [
            "ダメージがより高く、より精確な狙い撃ちを発動する。",
            "照準時、炎が矢先に集まり、攻撃と共に発射される。チャージの時間により、異なる効果を発動する。",
            "·1段チャージ：烈火が集まった矢を放ち、炎元素ダメージを与える。",
            "·2段チャージ：チャージの時間により最大3枚の焔硝の矢を生成し、発射とともに放たれる。焔硝の矢は近くの敵を追跡し、命中時に炎元素ダメージを与える"
        ],
        "詳細": [
            {
                "名前": "狙い撃ち",
                "数値": {
                    "1": "43.9%",
                    "2": "47.4%",
                    "3": "51.0%",
                    "4": "56.1%",
                    "5": "59.7%",
                    "6": "63.8%",
                    "7": "69.4%",
                    "8": "75.0%",
                    "9": "80.6%",
                    "10": "86.7%",
                    "11": "92.8%"
                }
            },
            {
                "名前": "フルチャージ狙い撃ち",
                "元素": "炎",
                "数値": {
                    "1": "124%",
                    "2": "133%",
                    "3": "143%",
                    "4": "155%",
                    "5": "164%",
                    "6": "174%",
                    "7": "186%",
                    "8": "198%",
                    "9": "211%",
                    "10": "223%",
                    "11": "236%"
                }
            },
            {
                "名前": "焔硝の矢ダメージ",
                "元素": "炎",
                "数値": {
                    "1": "16%",
                    "2": "18%",
                    "3": "19%",
                    "4": "21%",
                    "5": "22%",
                    "6": "23%",
                    "7": "25%",
                    "8": "26%",
                    "9": "28%",
                    "10": "30%",
                    "11": "31%"
                }
            }
        ]
    },
    "落下攻撃": {
        "説明": "空中から矢の雨を放ち凄まじいスピードで落下し地面に衝撃を与え、落下時に範囲ダメージを与える。",
        "詳細": [
            {
                "名前": "落下期間のダメージ",
                "種類": "落下攻撃ダメージ",
                "数値": {
                    "1": "56.8%",
                    "2": "61.5%",
                    "3": "66.1%",
                    "4": "72.7%",
                    "5": "77.3%",
                    "6": "82.6%",
                    "7": "89.9%",
                    "8": "97.1%",
                    "9": "104.4%",
                    "10": "112.3%",
                    "11": "120.3%"
                }
            },
            {
                "名前": "低空/高空落下攻撃ダメージ",
                "種類": "落下攻撃ダメージ",
                "数値": {
                    "1": "114%",
                    "2": "123%",
                    "3": "132%",
                    "4": "145%",
                    "5": "155%",
                    "6": "165%",
                    "7": "180%",
                    "8": "194%",
                    "9": "209%",
                    "10": "225%",
                    "11": "240%"
                }
            },
            {
                "名前": "低空/高空落下攻撃ダメージ",
                "種類": "落下攻撃ダメージ",
                "数値": {
                    "1": "142%",
                    "2": "153%",
                    "3": "165%",
                    "4": "182%",
                    "5": "193%",
                    "6": "206%",
                    "7": "224%",
                    "8": "243%",
                    "9": "261%",
                    "10": "281%",
                    "11": "300%"
                }
            }
        ]
    },
    "元素スキル": {
        "名前": "焔硝の庭火舞い",
        "説明": "線香花火を振り、花火の焔硝を宵宮が纏う。<br><br><span style=\"color: rgb(255, 215, 128)\">庭火の焔硝</span><br>継続時間内、宵宮の通常攻撃で発射した矢は熾焔の矢となる。<span style=\"color: rgb(255, 153, 153)\">炎元素ダメージ</span>に変化し、通常攻撃のダメージがアップする。継続時間中、「通常攻撃·打ち上げ花火」の2段チャージで焔硝の矢を生成できなくなる。<br><br>この効果は宵宮が退場する時に解除される。<br><br><em>「庭火」は宵宮が独自に開発した線香花火。事前の準備や練習なしに楽しむことができるため、非常に人気がある。天領奉行は城内で庭火をやることを禁止したが、この小さな火花は今も夜によく灯る。高いところから見下ろすと、輝く星空の様に美しい。</em>",
        "詳細": [
            {
                "条件": "庭火の焔硝",
                "対象": "通常攻撃ダメージ",
                "名前": "熾焔の矢ダメージ",
                "種類": "別枠乗算",
                "数値": {
                    "1": "137.9",
                    "2": "140.2",
                    "3": "142.4",
                    "4": "145.4",
                    "5": "147.7",
                    "6": "149.9",
                    "7": "152.9",
                    "8": "155.8",
                    "9": "158.8",
                    "10": "161.7",
                    "11": "164.7",
                    "12": "167.6",
                    "13": "170.6"
                }
            },
            {
                "条件": "庭火の焔硝",
                "名前": "庭火の焔硝",
                "種類": "炎元素付与",
                "対象": "通常攻撃ダメージ"
            }
        ],
        "継続時間": 10,
        "クールタイム": 18,
        "icon_url": "images/characters/pyro_5_bow_Yoimiya/talent_2.png"
    },
    "元素爆発": {
        "名前": "琉金の雲間草",
        "説明": "宵宮が独自で生み出した花火「琉金の雲間草」と共に空へと舞い上がり、前方へ驚きに満ちた火の矢を発射する。<span style=\"color:#FF9999FF\">炎元素範囲ダメージ</span>を与え、命中した敵の中の1体に「琉金の炎」を付着させる。<br/><br/><span style=\"color:#FFD780FF\">琉金の炎</span><br/>チーム全員（宵宮自身を除く）の通常攻撃、重撃、落下攻撃、元素スキル、元素爆発が琉金の炎状態の敵に命中すると、爆発が起き<span style=\"color:#FF9999FF\">炎元素範囲ダメージ</span>を与える。<br/>琉金の炎状態の敵が継続時間中に倒れると、琉金の炎は近くの敵1体に移り、継続時間も継承される。<br/><br/>琉金の炎による爆発は2秒毎に1回のみ発生可能。宵宮が戦闘不能になると、自身が発動した琉金の炎の効果はクリアされる。<br/><br/><i>花火は人が創り出した星の光、空に向かって進む彗星である。たとえ一瞬でも、その鮮やかな光は人々の心の中に残り続ける。</i>",
        "詳細": [
            {
                "名前": "スキルダメージ",
                "数値": {
                    "1": "127%",
                    "2": "137%",
                    "3": "146%",
                    "4": "159%",
                    "5": "169%",
                    "6": "178%",
                    "7": "191%",
                    "8": "204%",
                    "9": "216%",
                    "10": "229%",
                    "11": "242%",
                    "12": "254%",
                    "13": "270%"
                }
            },
            {
                "名前": "琉金の炎爆発ダメージ",
                "数値": {
                    "1": "122%",
                    "2": "131%",
                    "3": "140%",
                    "4": "153%",
                    "5": "162%",
                    "6": "171%",
                    "7": "183%",
                    "8": "195%",
                    "9": "207%",
                    "10": "220%",
                    "11": "232%",
                    "12": "244%",
                    "13": "259%"
                }
            }
        ],
        "継続時間": 10,
        "クールタイム": 15,
        "元素エネルギー": 60,
        "icon_url": "images/characters/pyro_5_bow_Yoimiya/talent_3.png"
    },
    "固有天賦": [
        {
            "種類": "固有天賦",
            "名前": "袖火百景図",
            "説明": "<span style=\"color:#FFD780FF\">焔硝の庭火舞い</span>の効果継続時間中、宵宮の通常攻撃が命中すると、<span style=\"color:#FF9999FF\">炎元素ダメージ</span>+2%、継続時間3秒、最大10重まで。",
            "詳細": [
                {
                    "条件": "袖火百景図 炎元素ダメージ@+2-20%",
                    "種類": "炎元素ダメージバフ",
                    "数値": 1
                }
            ],
            "icon_url": "images/characters/pyro_5_bow_Yoimiya/talent_4.png"
        },
        {
            "種類": "固有天賦",
            "名前": "炎昼の風物詩",
            "説明": "<span style=\"color:#FFD780FF\">琉金の雲間草</span>を発動した後の15秒内、周囲のチーム全員（宵宮自身を除く）の攻撃力+10%。また、宵宮が<span style=\"color:#FFD780FF\">琉金の雲間草</span>を発動時に固有天賦「袖火百景図」の重ねた数をもとに、1重ごとにさらに攻撃力を1%アップする。",
            "icon_url": "images/characters/pyro_5_bow_Yoimiya/talent_5.png"
        },
        {
            "種類": "固有天賦",
            "名前": "炎色の配合法",
            "説明": "建材、置物、景観などの調度品を製作する時、100%の確率で一部の材料が返還される。",
            "icon_url": "images/characters/pyro_5_bow_Yoimiya/talent_6.png"
        }
    ],
    "命ノ星座": {
        "1": {
            "名前": "紅玉の琉金",
            "説明": "<span style=\"color:#FFD780FF\">琉金の雲間草</span>の琉金の炎の継続時間+4秒。<br/>また、宵宮自身が発動した琉金の炎の影響を受けた敵が継続時間内に倒されると、宵宮の攻撃力+20%、継続時間20秒。",
            "詳細": [
                {
                    "条件": "紅玉の琉金 攻撃力+20%",
                    "種類": "攻撃力%",
                    "数値": 20
                }
            ],
            "icon_url": "images/characters/pyro_5_bow_Yoimiya/summaryList_1.png"
        },
        "2": {
            "名前": "万燈の火",
            "説明": "宵宮の<span style=\"color:#FF9999FF\">炎元素ダメージ</span>で会心が発生した後の6秒間、宵宮の<span style=\"color:#FF9999FF\">炎元素ダメージ</span>+25%。<br/>宵宮が待機している場合にも効果を発動できる。",
            "詳細": [
                {
                    "条件": "万燈の火 炎元素ダメージ+25%",
                    "種類": "炎元素ダメージバフ",
                    "数値": 25
                }
            ],
            "icon_url": "images/characters/pyro_5_bow_Yoimiya/summaryList_2.png"
        },
        "3": {
            "名前": "鼠花火の手品",
            "説明": "<span style=\"color:#FFD780FF\">焔硝の庭火舞い</span>のスキルLv.+3。<br/>最大Lv.15まで。",
            "icon_url": "images/characters/pyro_5_bow_Yoimiya/summaryList_3.png",
            "詳細": []
        },
        "4": {
            "名前": "花火職人の心得",
            "説明": "宵宮自身が発動した琉金の炎が爆発を起こすと、<span style=\"color:#FFD780FF\">焔硝の庭火舞い</span>のクールタイム-1.2秒。",
            "icon_url": "images/characters/pyro_5_bow_Yoimiya/summaryList_4.png",
            "詳細": []
        },
        "5": {
            "名前": "真夏の宵祭り錦絵",
            "説明": "<span style=\"color:#FFD780FF\">琉金の雲間草</span>のスキルLv.+3。<br/>最大Lv.15まで。",
            "icon_url": "images/characters/pyro_5_bow_Yoimiya/summaryList_5.png",
            "詳細": []
        },
        "6": {
            "名前": "長野原龍勢流星群",
            "説明": "<span style=\"color:#FFD780FF\">焔硝の庭火舞い</span>の継続時間中、宵宮自身の通常攻撃は50%の確率で熾焔の矢を1本追加で発射し、本来の60%分のダメージを与える。このダメージは通常攻撃ダメージとみなされる。",
            "icon_url": "images/characters/pyro_5_bow_Yoimiya/summaryList_6.png",
            "詳細": []
        }
    },
    "おすすめセット": [
        {
            "武器": "飛雷の鳴弦",
            "聖遺物メイン効果3": "5_攻撃力%",
            "聖遺物メイン効果4": "5_炎元素ダメージバフ",
            "聖遺物メイン効果5": "5_会心率",
            "聖遺物セット効果1": "追憶のしめ縄",
            "聖遺物セット効果2": "追憶のしめ縄",
            "聖遺物優先するサブ効果1": "会心ダメージ",
            "聖遺物優先するサブ効果2": "会心率",
            "聖遺物優先するサブ効果3": "攻撃力%"
        },
        {
            "武器": "弓蔵",
            "聖遺物メイン効果3": "5_攻撃力%",
            "聖遺物メイン効果4": "5_炎元素ダメージバフ",
            "聖遺物メイン効果5": "5_会心率",
            "聖遺物セット効果1": "追憶のしめ縄",
            "聖遺物セット効果2": "追憶のしめ縄",
            "聖遺物優先するサブ効果1": "会心ダメージ",
            "聖遺物優先するサブ効果2": "会心率",
            "聖遺物優先するサブ効果3": "攻撃力%"
        },
        {
            "武器": "破魔の弓",
            "聖遺物メイン効果3": "5_攻撃力%",
            "聖遺物メイン効果4": "5_炎元素ダメージバフ",
            "聖遺物メイン効果5": "5_会心率",
            "聖遺物セット効果1": "追憶のしめ縄",
            "聖遺物セット効果2": "追憶のしめ縄",
            "聖遺物優先するサブ効果1": "会心ダメージ",
            "聖遺物優先するサブ効果2": "会心率",
            "聖遺物優先するサブ効果3": "攻撃力%"
        },
        {
            "武器": "天空の翼",
            "聖遺物メイン効果3": "5_攻撃力%",
            "聖遺物メイン効果4": "5_炎元素ダメージバフ",
            "聖遺物メイン効果5": "5_会心ダメージ",
            "聖遺物セット効果1": "燃え盛る炎の魔女",
            "聖遺物セット効果2": "燃え盛る炎の魔女",
            "聖遺物優先するサブ効果1": "会心率",
            "聖遺物優先するサブ効果2": "会心ダメージ",
            "聖遺物優先するサブ効果3": "攻撃力%"
        }
    ],
    "NEXT STEP": "通常攻撃.1段ダメージ"
}