{
    "名前": "アンバー",
    "説明": "元気満々な女の子、騎士団で最も優秀で、最後の偵察騎士である。",
    "icon_url": "images/characters/face/pyro_4_bow_Amber.png",
    "レアリティ": 4,
    "武器": "弓",
    "元素": "炎",
    "baseInfo": {
        "名前": "アンバー",
        "誕生日": "8月10日",
        "命ノ星座": "小兎座",
        "称号": "飛行チャンピオン",
        "神の目": "炎",
        "所属": "西風騎士団",
        "中国語 CV": "蔡书瑾",
        "英語 CV": "Kelly Baskin",
        "日本語 CV": "石見舞菜香",
        "韓国語 CV": "김연우",
        "オリジナル料理": "偵察騎士ステーキ！",
        "実装バージョン": "1.0"
    },
    "region": "モンド城",
    "ステータス": {
        "基礎HP": {
            "1+": 793,
            "20": 2038,
            "20+": 2630.0,
            "40": 3940,
            "40+": 4361,
            "50": 5016,
            "50+": 5578,
            "60": 6233,
            "60+": 6654,
            "70": 7309,
            "70+": 7730,
            "80": 8385,
            "80+": 8806,
            "90": 9461
        },
        "基礎攻撃力": {
            "1+": 19,
            "20": 48,
            "20+": 62,
            "40": 93,
            "40+": 103,
            "50": 118,
            "50+": 131,
            "60": 147,
            "60+": 157,
            "70": 172,
            "70+": 182,
            "80": 198,
            "80+": 208,
            "90": 223
        },
        "基礎防御力": {
            "1+": 50,
            "20": 129,
            "20+": 167,
            "40": 250,
            "40+": 277,
            "50": 318,
            "50+": 354,
            "60": 396,
            "60+": 422,
            "70": 464,
            "70+": 491,
            "80": 532,
            "80+": 559,
            "90": 601
        },
        "攻撃力%": {
            "1+": 0,
            "20": 0,
            "20+": 0,
            "40": 0,
            "40+": 6,
            "50": 6,
            "50+": 12,
            "60": 12,
            "60+": 12,
            "70": 12,
            "70+": 18,
            "80": 18,
            "80+": 24,
            "90": 24
        }
    },
    "通常攻撃": {
        "名前": "通常攻撃·一流射手",
        "説明": "<span style=\"color:#FFD780FF\">通常攻撃</span><br/>最大5段の連続射撃を行う。<br/><br/><span style=\"color:#FFD780FF\">重撃</span><br/>ダメージがより高く、より精確な<span style=\"color:#FFD780FF\">狙い撃ち</span>を発動する。<br/>照準時、烈炎を矢先に凝集させ、烈炎に満ちた矢で敵に<span style=\"color:#FF9999FF\">炎元素ダメージ</span>を与える。<br/><br/><span style=\"color:#FFD780FF\">落下攻撃</span><br/>空中から矢の雨を放ち、凄まじいスピードで落下し地面に衝撃を与え、落下時に範囲ダメージを与える。",
        "詳細": [
            {
                "名前": "1段ダメージ",
                "数値": {
                    "1": "36.1%",
                    "2": "39.1%",
                    "3": "42.0%",
                    "4": "46.2%",
                    "5": "49.1%",
                    "6": "52.5%",
                    "7": "57.1%",
                    "8": "61.7%",
                    "9": "66.4%",
                    "10": "71.4%",
                    "11": "76.4%"
                }
            },
            {
                "名前": "2段ダメージ",
                "数値": {
                    "1": "36.1%",
                    "2": "39.1%",
                    "3": "42.0%",
                    "4": "46.2%",
                    "5": "49.1%",
                    "6": "52.5%",
                    "7": "57.1%",
                    "8": "61.7%",
                    "9": "66.4%",
                    "10": "71.4%",
                    "11": "76.4%"
                }
            },
            {
                "名前": "3段ダメージ",
                "数値": {
                    "1": "46.4%",
                    "2": "50.2%",
                    "3": "54.0%",
                    "4": "59.4%",
                    "5": "63.2%",
                    "6": "67.5%",
                    "7": "73.4%",
                    "8": "79.4%",
                    "9": "85.3%",
                    "10": "91.8%",
                    "11": "98.3%"
                }
            },
            {
                "名前": "4段ダメージ",
                "数値": {
                    "1": "47.3%",
                    "2": "51.2%",
                    "3": "55.0%",
                    "4": "60.5%",
                    "5": "64.4%",
                    "6": "68.8%",
                    "7": "74.8%",
                    "8": "80.9%",
                    "9": "87.0%",
                    "10": "94.0%",
                    "11": "100%"
                }
            },
            {
                "名前": "5段ダメージ",
                "数値": {
                    "1": "59.3%",
                    "2": "64.2%",
                    "3": "69.0%",
                    "4": "75.9%",
                    "5": "80.7%",
                    "6": "86.3%",
                    "7": "93.8%",
                    "8": "101%",
                    "9": "109%",
                    "10": "117%",
                    "11": "126%"
                }
            }
        ],
        "icon_url": "images/characters/pyro_4_bow_Amber/talent_1.png"
    },
    "重撃": {
        "説明": [
            "ダメージがより高く、より正確な狙い撃ちを発動する。",
            "照準時、烈炎を矢先に凝集させ、烈炎に満ちた矢は敵に炎元素ダメージを与える。"
        ],
        "詳細": [
            {
                "名前": "狙い撃ち",
                "数値": {
                    "1": "43.9%",
                    "2": "47.4%",
                    "3": "51.0%",
                    "4": "56.1%",
                    "5": "59.7%",
                    "6": "63.8%",
                    "7": "69.4%",
                    "8": "75.0%",
                    "9": "80.6%",
                    "10": "86.7%",
                    "11": "92.8%"
                }
            },
            {
                "名前": "フルチャージ狙い撃ち",
                "元素": "炎",
                "数値": {
                    "1": "124%",
                    "2": "133%",
                    "3": "143%",
                    "4": "155%",
                    "5": "164%",
                    "6": "174%",
                    "7": "186%",
                    "8": "198%",
                    "9": "211%",
                    "10": "223%",
                    "11": "236%"
                }
            },
            {
                "条件": "命ノ星座@1",
                "名前": "2本目の矢",
                "元素": "炎",
                "数値": {
                    "1": "124%攻撃力*0.2",
                    "2": "133%攻撃力*0.2",
                    "3": "143%攻撃力*0.2",
                    "4": "155%攻撃力*0.2",
                    "5": "164%攻撃力*0.2",
                    "6": "174%攻撃力*0.2",
                    "7": "186%攻撃力*0.2",
                    "8": "198%攻撃力*0.2",
                    "9": "211%攻撃力*0.2",
                    "10": "223%攻撃力*0.2",
                    "11": "236%攻撃力*0.2"
                }
            }
        ]
    },
    "落下攻撃": {
        "説明": "空中から矢の雨を放ち凄まじいスピードで落下し地面に衝撃を与え、落下時に範囲ダメージを与える。",
        "詳細": [
            {
                "名前": "落下期間のダメージ",
                "種類": "落下攻撃ダメージ",
                "数値": {
                    "1": "56.8%",
                    "2": "61.5%",
                    "3": "66.1%",
                    "4": "72.7%",
                    "5": "77.3%",
                    "6": "82.6%",
                    "7": "89.9%",
                    "8": "97.1%",
                    "9": "104.4%",
                    "10": "112.3%",
                    "11": "120.3%"
                }
            },
            {
                "名前": "低空/高空落下攻撃ダメージ",
                "種類": "落下攻撃ダメージ",
                "数値": {
                    "1": "114%",
                    "2": "123%",
                    "3": "132%",
                    "4": "145%",
                    "5": "155%",
                    "6": "165%",
                    "7": "180%",
                    "8": "194%",
                    "9": "209%",
                    "10": "225%",
                    "11": "240%"
                }
            },
            {
                "名前": "低空/高空落下攻撃ダメージ",
                "種類": "落下攻撃ダメージ",
                "数値": {
                    "1": "142%",
                    "2": "153%",
                    "3": "165%",
                    "4": "182%",
                    "5": "193%",
                    "6": "206%",
                    "7": "224%",
                    "8": "243%",
                    "9": "261%",
                    "10": "281%",
                    "11": "300%"
                }
            }
        ]
    },
    "元素スキル": {
        "名前": "爆弾人形",
        "説明": "頼もしいウサギ伯爵の出番。<br><br><span style=\"color: rgb(255, 215, 128)\">ウサギ伯爵</span><br>・持続的に周囲の敵を挑発し、攻撃を引き付ける。<br>・耐久度はアンバーのHP上限によって決まる。<br>・破壊された時または継続時間が終了した時に爆発し、<span style=\"color: rgb(255, 153, 153)\">炎元素範囲ダメージ</span>を与える。<br><br><span style=\"color: rgb(255, 215, 128)\">長押し</span><br>投擲方向を調整できる。<br>投擲距離は長押しする時間によって増加する。<br><br><em>ウサギ伯爵の家系には長い歴史があるが、ウサギ893世からアンバーは数えるのをやめた。</em>",
        "詳細": [
            {
                "名前": "HP継承",
                "種類": "元素創造物HP",
                "数値": {
                    "1": "41.4%HP上限",
                    "2": "44.5%HP上限",
                    "3": "47.6%HP上限",
                    "4": "51.7%HP上限",
                    "5": "54.8%HP上限",
                    "6": "57.9%HP上限",
                    "7": "62.0%HP上限",
                    "8": "66.2%HP上限",
                    "9": "70.3%HP上限",
                    "10": "74.4%HP上限",
                    "11": "78.6%HP上限",
                    "12": "82.7%HP上限",
                    "13": "87.9%HP上限"
                }
            },
            {
                "名前": "爆発ダメージ",
                "数値": {
                    "1": "123%",
                    "2": "132%",
                    "3": "142%",
                    "4": "154%",
                    "5": "163%",
                    "6": "172%",
                    "7": "185%",
                    "8": "197%",
                    "9": "209%",
                    "10": "222%",
                    "11": "234%",
                    "12": "246.4%",
                    "13": "261.8%"
                }
            },
            {
                "条件": "命ノ星座@2",
                "名前": "一触即発",
                "数値": {
                    "1": "123%",
                    "2": "132%",
                    "3": "142%",
                    "4": "154%",
                    "5": "163%",
                    "6": "172%",
                    "7": "185%",
                    "8": "197%",
                    "9": "209%",
                    "10": "222%",
                    "11": "234%",
                    "12": "246.4%",
                    "13": "261.8%"
                }
            }
        ],
        "クールタイム": 15,
        "icon_url": "images/characters/pyro_4_bow_Amber/talent_2.png"
    },
    "元素爆発": {
        "名前": "矢の雨",
        "説明": "前方に炎の矢の雨を放ち、<span style=\"color:#FF9999FF\">炎元素範囲ダメージ</span>を持続的に与える。<br/><br/><i>情熱的なアンバーは本当に熱い。</i>",
        "詳細": [
            {
                "名前": "矢の雨1回のダメージ",
                "数値": {
                    "1": "28.1%",
                    "2": "30.2%",
                    "3": "32.3%",
                    "4": "35.1%",
                    "5": "37.2%",
                    "6": "39.3%",
                    "7": "42.1%",
                    "8": "44.9%",
                    "9": "47.7%",
                    "10": "50.5%",
                    "11": "53.4%",
                    "12": "56.2%",
                    "13": "59.7%"
                }
            },
            {
                "名前": "矢の雨の合計ダメージ",
                "数値": {
                    "1": "505%",
                    "2": "543%",
                    "3": "581%",
                    "4": "632%",
                    "5": "670%",
                    "6": "708%",
                    "7": "758%",
                    "8": "809%",
                    "9": "859%",
                    "10": "910%",
                    "11": "960%",
                    "12": "1010%",
                    "13": "1074%"
                }
            }
        ],
        "継続時間": 2,
        "クールタイム": 12,
        "元素エネルギー": 40,
        "icon_url": "images/characters/pyro_4_bow_Amber/talent_3.png"
    },
    "固有天賦": [
        {
            "種類": "固有天賦",
            "名前": "百発百中！",
            "説明": "<span style=\"color:#FFD780FF\">矢の雨</span>の会心率+10%、影響範囲+30%。",
            "詳細": [
                {
                    "対象": "元素爆発ダメージ",
                    "種類": "会心率",
                    "数値": 10
                }
            ],
            "icon_url": "images/characters/pyro_4_bow_Amber/talent_4.png"
        },
        {
            "種類": "固有天賦",
            "名前": "制圧射撃",
            "説明": "狙い撃ちが弱点に命中すると、攻撃力+15%、継続時間10秒。",
            "詳細": [
                {
                    "条件": "制圧射撃 攻撃力+15%",
                    "種類": "攻撃力%",
                    "数値": 15
                }
            ],
            "icon_url": "images/characters/pyro_4_bow_Amber/talent_5.png"
        },
        {
            "種類": "固有天賦",
            "名前": "飛行チャンピオン",
            "説明": "チーム内の自身のキャラクター全員が滑翔に消費するスタミナ-20%。<br/>同じ効果を持つ固有天賦との重ね掛け不可。",
            "icon_url": "images/characters/pyro_4_bow_Amber/talent_6.png"
        }
    ],
    "命ノ星座": {
        "1": {
            "名前": "一挙双擒！",
            "説明": "<span style=\"color:#FFD780FF\">狙い撃ち</span>する時、矢を連続で2本放つ。2本目の矢は元の矢の20%のダメージを与える。",
            "icon_url": "images/characters/pyro_4_bow_Amber/summaryList_1.png",
            "詳細": []
        },
        "2": {
            "名前": "一触即発",
            "説明": "ウサギ伯爵が改良された！フルチャージの狙い撃ちがウサギ伯爵の足に命中するとウサギ伯爵を直接起爆させることができる。<br/>この方法で自らウサギ伯爵を起爆した場合、追加で200%のダメージを与える。",
            "詳細": [
                {
                    "対象": "元素スキルダメージ.一触即発",
                    "種類": "元素スキルダメージバフ",
                    "数値": 200
                }
            ],
            "icon_url": "images/characters/pyro_4_bow_Amber/summaryList_2.png"
        },
        "3": {
            "名前": "燃やせ！",
            "説明": "<span style=\"color:#FFD780FF\">矢の雨</span>のスキルLv.+3。<br/>最大Lv.15まで。",
            "icon_url": "images/characters/pyro_4_bow_Amber/summaryList_3.png",
            "詳細": []
        },
        "4": {
            "名前": "ただの人形じゃない",
            "説明": "<span style=\"color:#FFD780FF\">爆弾人形</span>のクールタイム-20%、使用可能回数+1。",
            "icon_url": "images/characters/pyro_4_bow_Amber/summaryList_4.png",
            "詳細": []
        },
        "5": {
            "名前": "ウサギ伯爵だよ！",
            "説明": "<span style=\"color:#FFD780FF\">爆弾人形</span>のスキルLv.+3。<br/>最大Lv.15まで。",
            "icon_url": "images/characters/pyro_4_bow_Amber/summaryList_5.png",
            "詳細": []
        },
        "6": {
            "名前": "野火の如く",
            "説明": "<span style=\"color:#FFD780FF\">矢の雨</span>を発動した10秒間、チーム全員の移動速度+15%、攻撃力+15%。",
            "詳細": [
                {
                    "条件": "野火の如く 移動速度+15%、攻撃力+15%",
                    "種類": "攻撃力%",
                    "数値": 15
                }
            ],
            "icon_url": "images/characters/pyro_4_bow_Amber/summaryList_6.png"
        }
    },
    "おすすめセット": [
        {
            "武器": "終焉を嘆く詩",
            "聖遺物メイン効果3": "5_攻撃力%",
            "聖遺物メイン効果4": "5_炎元素ダメージバフ",
            "聖遺物メイン効果5": "5_会心率",
            "聖遺物セット効果1": "旧貴族のしつけ",
            "聖遺物セット効果2": "旧貴族のしつけ",
            "聖遺物優先するサブ効果1": "会心ダメージ",
            "聖遺物優先するサブ効果2": "会心率",
            "聖遺物優先するサブ効果3": "攻撃力%"
        },
        {
            "武器": "アモスの弓",
            "聖遺物メイン効果3": "5_攻撃力%",
            "聖遺物メイン効果4": "5_炎元素ダメージバフ",
            "聖遺物メイン効果5": "5_会心率",
            "聖遺物セット効果1": "大地を流浪する楽団",
            "聖遺物セット効果2": "大地を流浪する楽団",
            "聖遺物優先するサブ効果1": "会心ダメージ",
            "聖遺物優先するサブ効果2": "会心率",
            "聖遺物優先するサブ効果3": "攻撃力%"
        },
        {
            "武器": "絶弦",
            "聖遺物メイン効果3": "5_攻撃力%",
            "聖遺物メイン効果4": "5_炎元素ダメージバフ",
            "聖遺物メイン効果5": "5_会心率",
            "聖遺物セット効果1": "旧貴族のしつけ",
            "聖遺物セット効果2": "旧貴族のしつけ",
            "聖遺物優先するサブ効果1": "会心ダメージ",
            "聖遺物優先するサブ効果2": "会心率",
            "聖遺物優先するサブ効果3": "攻撃力%"
        },
        {
            "武器": "西風猟弓",
            "聖遺物メイン効果3": "5_攻撃力%",
            "聖遺物メイン効果4": "5_炎元素ダメージバフ",
            "聖遺物メイン効果5": "5_会心率",
            "聖遺物セット効果1": "旧貴族のしつけ",
            "聖遺物セット効果2": "旧貴族のしつけ",
            "聖遺物優先するサブ効果1": "会心ダメージ",
            "聖遺物優先するサブ効果2": "会心率",
            "聖遺物優先するサブ効果3": "攻撃力%"
        },
        {
            "武器": "澹月·試作",
            "聖遺物メイン効果3": "5_攻撃力%",
            "聖遺物メイン効果4": "5_炎元素ダメージバフ",
            "聖遺物メイン効果5": "5_会心率",
            "聖遺物セット効果1": "大地を流浪する楽団",
            "聖遺物セット効果2": "大地を流浪する楽団",
            "聖遺物優先するサブ効果1": "会心ダメージ",
            "聖遺物優先するサブ効果2": "会心率",
            "聖遺物優先するサブ効果3": "攻撃力%"
        }
    ]
}