{
    "名前": "ディシア",
    "説明": "スメールの砂漠を気の赴くままに渡り歩く傭兵集団「エルマイト旅団」のメンバー。屈強で勇敢な戦士。「エルマイト旅団」ではかなり名が通っている。",
    "icon_url": "images/characters/face/pyro_5_claymore_Dehya.png",
    "レアリティ": 5,
    "武器": "両手剣",
    "元素": "炎",
    "baseInfo": {
        "名称": "ディシア",
        "誕生日": "4月7日",
        "命ノ星座": "マンティコア座",
        "称号": "熾髭の獅子",
        "神の目": "炎",
        "所属": "エルマイト旅団",
        "中国語 CV": "<span style=\"color: rgb(224, 225, 229)\">陈雨</span>",
        "英語 CV": "Amber May",
        "日本語 CV": "福原綾香",
        "韓国語 CV": "김현심",
        "実装バージョン": "3.5"
    },
    "region": "スメール",
    "ステータス": {
        "基礎HP": {
            "1+": 1220,
            "20": 3165,
            "20+": 4212,
            "40": 6302,
            "40+": 7045,
            "50": 8106,
            "50+": 9097,
            "60": 10168,
            "60+": 10912,
            "70": 11993,
            "70+": 12736,
            "80": 13829,
            "80+": 14573,
            "90": 15675
        },
        "基礎攻撃力": {
            "1+": 21,
            "20": 54,
            "20+": 72,
            "40": 107,
            "40+": 120,
            "50": 138,
            "50+": 154,
            "60": 172,
            "60+": 185,
            "70": 203,
            "70+": 216,
            "80": 234,
            "80+": 247,
            "90": 266
        },
        "基礎防御力": {
            "1+": 49,
            "20": 127,
            "20+": 169,
            "40": 252,
            "40+": 282,
            "50": 325,
            "50+": 364,
            "60": 407,
            "60+": 437,
            "70": 480,
            "70+": 510,
            "80": 554,
            "80+": 584,
            "90": 628
        },
        "HP%": {
            "1+": 0.0,
            "20": 0.0,
            "20+": 0.0,
            "40": 0.0,
            "40+": 7.2,
            "50": 7.2,
            "50+": 14.4,
            "60": 14.4,
            "60+": 14.4,
            "70": 14.4,
            "70+": 21.6,
            "80": 21.6,
            "80+": 28.8,
            "90": 28.8
        }
    },
    "通常攻撃": {
        "名前": "通常攻撃·剣闘術·金砂塵",
        "説明": "<span style=\"color: #FFD780\">通常攻撃</span><br>両手剣と体術の組み合わせによる最大4段の連続攻撃を行う。<br><br><span style=\"color: #FFD780\">重撃</span><br>持続的にスタミナを消費し、素早い連続斬撃を発動する。<br>重撃が終了した時に、さらに強力な攻撃を1回放つ。<br><br><span style=\"color: #FFD780\">落下攻撃</span><br>空中から落下し地面に衝撃を与える。経路上の敵を攻撃し、落下時に範囲ダメージを与える。",
        "icon_url": "images/characters/pyro_5_claymore_Dehya/talent_1.png",
        "詳細": [
            {
                "名前": "1段ダメージ",
                "数値": {
                    "1": "62.1%",
                    "2": "67.2%",
                    "3": "72.2%",
                    "4": "79.5%",
                    "5": "84.5%",
                    "6": "90.3%",
                    "7": "98.2%",
                    "8": "106.2%",
                    "9": "114.1%",
                    "10": "122.8%",
                    "11": "131.5%"
                }
            },
            {
                "名前": "2段ダメージ",
                "数値": {
                    "1": "61.7%",
                    "2": "66.7%",
                    "3": "71.8%",
                    "4": "78.9%",
                    "5": "84.0%",
                    "6": "89.7%",
                    "7": "97.6%",
                    "8": "105.5%",
                    "9": "113.4%",
                    "10": "122.0%",
                    "11": "130.6%"
                }
            },
            {
                "名前": "3段ダメージ",
                "数値": {
                    "1": "76.6%",
                    "2": "82.9%",
                    "3": "89.1%",
                    "4": "98.0%",
                    "5": "104.3%",
                    "6": "111.4%",
                    "7": "121.2%",
                    "8": "131.0%",
                    "9": "140.8%",
                    "10": "151.5%",
                    "11": "162.2%"
                }
            },
            {
                "名前": "4段ダメージ",
                "数値": {
                    "1": "95.3%",
                    "2": "103.0%",
                    "3": "110.8%",
                    "4": "121.9%",
                    "5": "129.6%",
                    "6": "138.5%",
                    "7": "150.7%",
                    "8": "162.9%",
                    "9": "175.1%",
                    "10": "188.4%",
                    "11": "201.7%"
                }
            }
        ]
    },
    "重撃": {
        "詳細": [
            {
                "名前": "連続重撃ダメージ",
                "数値": {
                    "1": "56.3%",
                    "2": "60.9%",
                    "3": "65.5%",
                    "4": "72.1%",
                    "5": "76.6%",
                    "6": "81.9%",
                    "7": "89.1%",
                    "8": "96.3%",
                    "9": "103.5%",
                    "10": "111.4%",
                    "11": "119.2%"
                }
            },
            {
                "名前": "重撃終了ダメージ",
                "数値": {
                    "1": "102%",
                    "2": "110%",
                    "3": "118%",
                    "4": "130%",
                    "5": "139%",
                    "6": "148%",
                    "7": "161%",
                    "8": "174%",
                    "9": "187%",
                    "10": "201%",
                    "11": "215%"
                }
            }
        ]
    },
    "落下攻撃": {
        "詳細": [
            {
                "名前": "落下期間のダメージ",
                "種類": "落下攻撃ダメージ",
                "数値": {
                    "1": "74.6%",
                    "2": "80.7%",
                    "3": "86.7%",
                    "4": "95.4%",
                    "5": "101.5%",
                    "6": "108.4%",
                    "7": "118%",
                    "8": "127.5%",
                    "9": "137%",
                    "10": "147.4%",
                    "11": "157.8%"
                }
            },
            {
                "名前": "低空/高空落下攻撃ダメージ",
                "種類": "落下攻撃ダメージ",
                "数値": {
                    "1": "149%",
                    "2": "161%",
                    "3": "173%",
                    "4": "191%",
                    "5": "203%",
                    "6": "217%",
                    "7": "236%",
                    "8": "255%",
                    "9": "274%",
                    "10": "295%",
                    "11": "316%"
                }
            },
            {
                "名前": "低空/高空落下攻撃ダメージ",
                "種類": "落下攻撃ダメージ",
                "数値": {
                    "1": "186%",
                    "2": "201%",
                    "3": "217%",
                    "4": "238%",
                    "5": "253%",
                    "6": "271%",
                    "7": "295%",
                    "8": "318%",
                    "9": "342%",
                    "10": "368%",
                    "11": "394%"
                }
            }
        ]
    },
    "元素スキル": {
        "名前": "熔鉄流獄",
        "説明": "戦況に応じて、ディシアが独自に編み出したさまざまな戦闘技を繰り出す。<br><br><span style=\"color: #FFD780\">浄焔怒涛</span><br>フィールド上にディシア自身の「浄焔剣獄」が存在しない時に繰り出される。<br><span style=\"color: #FF9999\">炎元素範囲ダメージ</span>を与え、「浄焔剣獄」領域を生成する。<br><br><span style=\"color: #FFD780\">剣域熾焔</span><br>フィールド上にディシア自身の「浄焔剣獄」が存在する時に繰り出される。<br>跳躍攻撃を行い、<span style=\"color: #FF9999\">炎元素範囲ダメージ</span>を与え、新たな位置に「浄焔剣獄」領域を再生成する。<br>この方法で再生成された「浄焔剣獄」領域は元の領域の継続時間を引き継ぐ。<br><br>1回の「浄焔剣獄」継続時間中に剣域熾焔は1回のみ発動可能。<br><br><span style=\"color: #FFD780\">浄焔剣獄</span><br>領域内にいる敵がダメージを受けた時、「浄焔剣獄」はディシアの攻撃力とHP上限を基に連携攻撃を行って、その敵に<span style=\"color: #FF9999\">炎元素範囲ダメージ</span>を与える。この効果は2.5秒毎に1回のみ発動可能。<br>領域内フィールド上キャラクターの中断耐性をアップさせ、それらのキャラクターがダメージを受けた際に、その一部のダメージをカットして「赤鬣の血」に蓄積させ、ディシアが10秒間肩代わりする。「赤鬣の血」に蓄積されたダメージ量が、ディシアのHP上限の一定割合に到達または超過した時、ダメージカットが行われなくなる。<br><br>ディシア自身が生成した「浄焔剣獄」は、同時に最大1つまで存在可能。<br><br><em>この赤焔の試練を共に乗り越え、不浄を焼却しよう。燃え盛りし光の獣は、必ずや焚灼より降臨せん。</em>",
        "icon_url": "images/characters/pyro_5_claymore_Dehya/talent_2.png",
        "詳細": [
            {
                "名前": "浄焔怒涛のダメージ",
                "数値": {
                    "1": "112.9%",
                    "2": "121.3%",
                    "3": "129.8%",
                    "4": "141.1%",
                    "5": "149.6%",
                    "6": "158.0%",
                    "7": "169.3%",
                    "8": "180.6%",
                    "9": "191.9%",
                    "10": "203.2%",
                    "11": "214.5%",
                    "12": "225.8%",
                    "13": "239.9%"
                }
            },
            {
                "名前": "剣域熾焔のダメージ",
                "数値": {
                    "1": "132.8%",
                    "2": "142.8%",
                    "3": "152.7%",
                    "4": "166.0%",
                    "5": "176.0%",
                    "6": "185.9%",
                    "7": "199.2%",
                    "8": "212.5%",
                    "9": "225.8%",
                    "10": "239.0%",
                    "11": "252.3%",
                    "12": "265.6%",
                    "13": "282.2%"
                }
            },
            {
                "名前": "領域のダメージ",
                "数値": {
                    "1": "60.2%攻撃力+1.03%HP上限",
                    "2": "64.7%攻撃力+1.11%HP上限",
                    "3": "69.2%攻撃力+1.19%HP上限",
                    "4": "75.3%攻撃力+1.29%HP上限",
                    "5": "79.8%攻撃力+1.37%HP上限",
                    "6": "84.3%攻撃力+1.44%HP上限",
                    "7": "90.3%攻撃力+1.55%HP上限",
                    "8": "96.3%攻撃力+1.65%HP上限",
                    "9": "102.3%攻撃力+1.75%HP上限",
                    "10": "108.4%攻撃力+1.86%HP上限",
                    "11": "114.4%攻撃力+1.96%HP上限",
                    "12": "120.4%攻撃力+2.06%HP上限",
                    "13": "127.9%攻撃力+2.19%HP上限"
                }
            },
            {
                "名前": "ダメージカット",
                "種類": "表示",
                "数値": {
                    "1": 32,
                    "2": 34,
                    "3": 36,
                    "4": 38,
                    "5": 40,
                    "6": 42,
                    "7": 44,
                    "8": 46,
                    "9": 48,
                    "10": 50,
                    "11": 52,
                    "12": 54,
                    "13": 56
                }
            },
            {
                "名前": "赤鬣の血の上限",
                "種類": "表示",
                "数値": {
                    "1": "200%HP上限",
                    "2": "200%HP上限",
                    "3": "200%HP上限",
                    "4": "200%HP上限",
                    "5": "200%HP上限",
                    "6": "200%HP上限",
                    "7": "200%HP上限",
                    "8": "200%HP上限",
                    "9": "200%HP上限",
                    "10": "200%HP上限",
                    "11": "200%HP上限",
                    "12": "200%HP上限",
                    "13": "200%HP上限"
                }
            }
        ],
        "領域の継続時間": 12.0,
        "クールタイム": 20.0
    },
    "元素爆発": {
        "名前": "炎哮獅子咬",
        "説明": "灼熱の怒りを解き放ち、身のこなしに制限を与える大剣を手放して「熾炎獅子」状態に入り、中断耐性をアップする。<br>この状態の時、ディシアは自動的に熾鬣拳を放ち続け、攻撃力とHP上限を基に<span style=\"color: #FF9999\">炎元素ダメージ</span>を与える。また、継続時間終了時に残火蹴を繰り出し、攻撃力とHP上限を基に<span style=\"color: #FF9999\">炎元素範囲ダメージ</span>を与える。<br>発動時、フィールド上にディシア自身の元素スキル「溶鉄流獄」による「浄焔剣獄」領域が存在する場合、ディシアはそれを回収し、「熾炎獅子」状態の終了時に新たな位置に領域を再生成する。再生成された領域の継続時間は、領域が回収された時の継続時間を引き継ぐ。<br>この状態の時、ディシアは元素スキルを発動できず、通常攻撃、重撃、落下攻撃を行うことができない。「通常攻撃·剣闘術·金砂塵」と元素スキル「溶鉄流獄」は「炎咆千烈」に切り替わる。<br><br><span style=\"color: #FFD780\">炎咆千烈</span><br>熾鬣拳を発動した後、0.4秒以内に炎咆千烈を発動すると、次の熾鬣拳を放つ速度が上昇する。<br><br><em>変遷の炎も彼女の怒りに従い、鋭い牙や爪の形へと化する。</em>",
        "icon_url": "images/characters/pyro_5_claymore_Dehya/talent_3.png",
        "詳細": [
            {
                "名前": "熾鬣拳のダメージ",
                "数値": {
                    "1": "98.7%攻撃力+1.69%HP上限",
                    "2": "106.1%攻撃力+1.82%HP上限",
                    "3": "113.5%攻撃力+1.95%HP上限",
                    "4": "123.4%攻撃力+2.12%HP上限",
                    "5": "130.8%攻撃力+2.24%HP上限",
                    "6": "138.2%攻撃力+2.37%HP上限",
                    "7": "148.1%攻撃力+2.54%HP上限",
                    "8": "157.9%攻撃力+2.71%HP上限",
                    "9": "167.8%攻撃力+2.88%HP上限",
                    "10": "177.7%攻撃力+3.05%HP上限",
                    "11": "187.5%攻撃力+3.21%HP上限",
                    "12": "197.4%攻撃力+3.38%HP上限",
                    "13": "209.7%攻撃力+3.60%HP上限"
                }
            },
            {
                "名前": "残火蹴のダメージ",
                "数値": {
                    "1": "139.3%攻撃力+2.39%HP上限",
                    "2": "149.7%攻撃力+2.57%HP上限",
                    "3": "160.2%攻撃力+2.75%HP上限",
                    "4": "174.1%攻撃力+2.99%HP上限",
                    "5": "184.6%攻撃力+3.16%HP上限",
                    "6": "195.0%攻撃力+3.34%HP上限",
                    "7": "209.0%攻撃力+3.58%HP上限",
                    "8": "222.9%攻撃力+3.82%HP上限",
                    "9": "236.8%攻撃力+4.06%HP上限",
                    "10": "250.7%攻撃力+4.30%HP上限",
                    "11": "264.7%攻撃力+4.54%HP上限",
                    "12": "278.6%攻撃力+4.78%HP上限",
                    "13": "296.0%攻撃力+5.07%HP上限"
                }
            }
        ],
        "継続時間": 4.0,
        "クールタイム": 18.0,
        "元素エネルギー": 70
    },
    "固有天賦": [
        {
            "名前": "惜しみなき扶翼",
            "説明": "<span style=\"color: #FFD780\">熔鉄流獄·剣域熾焔</span>、または<span style=\"color: #FFD780\">炎哮獅子咬</span>を通して浄焔剣獄を回収してから6秒間、ディシアが赤鬣の血によるダメージを受ける際、そのダメージ-60%。この効果は2秒毎に1回のみ発動可能。<br>また、ディシアが<span style=\"color: #FFD780\">熔鉄流獄·浄焔怒涛</span>を発動してから9秒間、チーム全員に「熔金の躰」状態を付与する。熔金の躰状態にあるキャラクターが浄焔剣獄領域内にいる時、追加の中断耐性を獲得する。なお、熔金の躰状態の発生は18秒毎に1回のみ可能。",
            "icon_url": "images/characters/pyro_5_claymore_Dehya/talent_4.png",
            "詳細": []
        },
        {
            "名前": "至誠の尊崇",
            "説明": "HPが40%未満の時、ディシアはHP上限の20%を基にHPを回復する。さらにそれから10秒間、HP上限の6%を基に2秒ごとにディシアのHPを回復する。この効果は20秒毎に1回のみ発動可能。",
            "icon_url": "images/characters/pyro_5_claymore_Dehya/talent_5.png",
            "詳細": []
        },
        {
            "名前": "陽の指す正道",
            "説明": "日中(6時から18時まで)、チーム内にいる自身のキャラクター全員の移動速度+10%。<br>この効果は秘境、征討領域、深境螺旋では発動されない。また、同じ効果を持つ固有天賦との重ね掛け不可。",
            "icon_url": "images/characters/pyro_5_claymore_Dehya/talent_6.png",
            "詳細": []
        }
    ],
    "命ノ星座": {
        "1": {
            "名前": "煌めく皎潔の炎",
            "説明": "ディシアのHP上限+20%。またHP上限を基準に、ディシアの下記攻撃のダメージが増加する。<br>・<span style=\"color: rgb(255, 215, 128)\">熔鉄流獄</span>のダメージ増加量：HP上限の3.6%。<br>・<span style=\"color: rgb(255, 215, 128)\">炎哮獅子咬</span>のダメージ増加量：HP上限の6%。",
            "icon_url": "images/characters/pyro_5_claymore_Dehya/summaryList_1.png",
            "詳細": [
                {
                    "種類": "HP%",
                    "数値": 20
                },
                {
                    "種類": "元素スキルダメージアップ",
                    "数値": "3.6%HP上限"
                },
                {
                    "種類": "元素爆発ダメージアップ",
                    "数値": "6%HP上限"
                }
            ]
        },
        "2": {
            "名前": "燿く清砂の利刃",
            "説明": "<span style=\"color: rgb(255, 215, 128)\">熔鉄流獄·剣獄熾焔</span>発動時、再生成された「浄焔剣獄」領域の継続時間+6秒。<br>また、フィールド上に「浄焔剣獄」領域が存在する場合、領域内フィールド上キャラクターが攻撃を受けると、「浄焔剣獄」による次の連携攻撃のダメージ+50%。",
            "icon_url": "images/characters/pyro_5_claymore_Dehya/summaryList_2.png",
            "詳細": [
                {
                    "条件": "燿く清砂の利刃",
                    "種類": "元素スキルダメージバフ",
                    "数値": 50
                }
            ]
        },
        "3": {
            "名前": "掠める熾炎の怒り",
            "説明": "<span style=\"color: #FFD780\">炎哮獅子咬</span>のスキルLv.+3。<br>最大Lv.15まで。",
            "icon_url": "images/characters/pyro_5_claymore_Dehya/summaryList_3.png",
            "詳細": []
        },
        "4": {
            "名前": "誓いし永遠の銘心",
            "説明": "<span style=\"color: #FFD780\">炎哮獅子咬</span>の熾鬣拳、または残火蹴が敵に命中した時、ディシアの元素エネルギーを1.5回復し、またHP上限の2.5%を基にディシアのHPを回復する。この効果は0.2秒毎に1回のみ発動可能。",
            "icon_url": "images/characters/pyro_5_claymore_Dehya/summaryList_4.png",
            "詳細": []
        },
        "5": {
            "名前": "不縛なる至高の獅子",
            "説明": "<span style=\"color: #FFD780\">熔鉄流獄</span>のスキルLv.+3。<br>最大Lv.15まで。",
            "icon_url": "images/characters/pyro_5_claymore_Dehya/summaryList_5.png",
            "詳細": []
        },
        "6": {
            "名前": "黄金を裂く焔爪",
            "説明": "<span style=\"color: #FFD780\">炎哮獅子咬</span>の会心率+10%。<br>また、1回の熾炎獅子の継続時間中、熾鬣拳が敵に命中し会心を起こすと、継続時間内の炎哮獅子咬の会心ダメージ+15%、熾炎獅子の継続時間+0.5秒。この効果は0.2秒毎に1回のみ発動可能。この方法で延長できる継続時間は2秒まで、アップできる会心ダメージは60%までとなる。",
            "icon_url": "images/characters/pyro_5_claymore_Dehya/summaryList_6.png",
            "詳細": [
                {
                    "対象": "元素爆発ダメージ",
                    "種類": "会心率",
                    "数値": 10
                },
                {
                    "条件": "黄金を裂く焔爪 会心ダメージ@+15-60/15%",
                    "対象": "元素爆発ダメージ",
                    "種類": "会心ダメージ",
                    "数値": 1
                }
            ]
        }
    },
    "おすすめセット": [
        {
            "武器": "葦海の標",
            "聖遺物メイン効果3": "5_攻撃力%",
            "聖遺物メイン効果4": "5_炎元素ダメージバフ",
            "聖遺物メイン効果5": "5_会心ダメージ",
            "聖遺物セット効果1": "燃え盛る炎の魔女",
            "聖遺物セット効果2": "燃え盛る炎の魔女",
            "聖遺物優先するサブ効果1": "会心率",
            "聖遺物優先するサブ効果2": "会心ダメージ",
            "聖遺物優先するサブ効果3": "攻撃力%"
        },
        {
            "武器": "祭礼の大剣",
            "聖遺物メイン効果3": "5_攻撃力%",
            "聖遺物メイン効果4": "5_炎元素ダメージバフ",
            "聖遺物メイン効果5": "5_会心率",
            "聖遺物セット効果1": "千岩牢固",
            "聖遺物セット効果2": "千岩牢固",
            "聖遺物優先するサブ効果1": "会心ダメージ",
            "聖遺物優先するサブ効果2": "会心率",
            "聖遺物優先するサブ効果3": "攻撃力%"
        }
    ],
    "オプション初期値": {
        "[燃え盛る炎の魔女4]炎元素ダメージ": 2
    }
}