{
    "名前": "ディルック",
    "説明": "モンドの半数以上の造酒業を掌握する貴公子、財力も人望も実力も見くびってはならない。",
    "icon_url": "images/characters/face/pyro_5_claymore_Diluc.png",
    "レアリティ": 5,
    "武器": "両手剣",
    "元素": "炎",
    "baseInfo": {
        "名前": "ディルック",
        "誕生日": "4月30日",
        "命ノ星座": "夜梟座",
        "称号": "アカツキの裏面",
        "神の目": "炎",
        "所属": "アカツキワイナリー",
        "中国語 CV": "马洋",
        "英語 CV": "Sean Chiplock",
        "日本語 CV": "小野賢章",
        "韓国語 CV": "최승훈",
        "オリジナル料理": "「モンドの過去」",
        "実装バージョン": "1.0",
        "七聖召喚のカード": "$[{\"ep_id\":3181,\"icon\":\"https://upload-static.hoyoverse.com/hoyolab-wiki/2022/12/01/194600931/1692ce668a14a238e1fa6b763b9ae0ce_5034368879662393783.png\",\"amount\":0,\"name\":\"ディルック\",\"menuId\":\"17\"}]$"
    },
    "region": "モンド城",
    "ステータス": {
        "基礎HP": {
            "1+": 1011,
            "20": 2621,
            "20+": 3488,
            "40": 5219,
            "40+": 5834,
            "50": 6712,
            "50+": 7533,
            "60": 8421,
            "60+": 9036.0,
            "70": 9932,
            "70+": 10547,
            "80": 11453,
            "80+": 12068.0,
            "90": 12981
        },
        "基礎攻撃力": {
            "1+": 26,
            "20": 68,
            "20+": 90,
            "40": 135,
            "40+": 151,
            "50": 173,
            "50+": 194,
            "60": 217,
            "60+": 233,
            "70": 256,
            "70+": 272,
            "80": 295,
            "80+": 311,
            "90": 335
        },
        "基礎防御力": {
            "1+": 61,
            "20": 158,
            "20+": 211,
            "40": 315,
            "40+": 352,
            "50": 405,
            "50+": 455.0,
            "60": 509,
            "60+": 546,
            "70": 600,
            "70+": 637,
            "80": 692,
            "80+": 729,
            "90": 784
        },
        "会心率": {
            "1+": 0,
            "20": 0,
            "20+": 0,
            "40": 0,
            "40+": 4.8,
            "50": 4.8,
            "50+": 9.6,
            "60": 9.6,
            "60+": 9.6,
            "70": 9.6,
            "70+": 14.4,
            "80": 14.4,
            "80+": 19.2,
            "90": 19.2
        }
    },
    "オプション初期値": {
        "[燃え盛る炎の魔女4]炎元素ダメージ": 3
    },
    "通常攻撃": {
        "名前": "通常攻撃·百煉の剣",
        "説明": "<span style=\"color:#FFD780FF\">通常攻撃</span><br/>最大4段の連続攻撃を行う。<br/><br/><span style=\"color:#FFD780FF\">重撃</span><br/>持続的にスタミナを消費し、素早い連続斬撃を発動する。<br/>重撃が終了した時に、更に強力な攻撃を1回放つ。<br/><br/><span style=\"color:#FFD780FF\">落下攻撃</span><br/>空中から落下し地面に衝撃を与える。経路上の敵を攻撃し、落下時に範囲ダメージを与える。",
        "詳細": [
            {
                "名前": "1段ダメージ",
                "数値": {
                    "1": "89.7%",
                    "2": "97%",
                    "3": "104%",
                    "4": "115%",
                    "5": "122%",
                    "6": "130%",
                    "7": "142%",
                    "8": "153%",
                    "9": "165%",
                    "10": "177%",
                    "11": "192%"
                }
            },
            {
                "名前": "2段ダメージ",
                "数値": {
                    "1": "87.6%",
                    "2": "94.8%",
                    "3": "102%",
                    "4": "112%",
                    "5": "119%",
                    "6": "127%",
                    "7": "139%",
                    "8": "150%",
                    "9": "161%",
                    "10": "173%",
                    "11": "187%"
                }
            },
            {
                "名前": "3段ダメージ",
                "数値": {
                    "1": "98.8%",
                    "2": "107%",
                    "3": "115%",
                    "4": "126%",
                    "5": "134%",
                    "6": "144%",
                    "7": "156%",
                    "8": "169%",
                    "9": "182%",
                    "10": "195%",
                    "11": "211%"
                }
            },
            {
                "名前": "4段ダメージ",
                "数値": {
                    "1": "134%",
                    "2": "145%",
                    "3": "156%",
                    "4": "171%",
                    "5": "182%",
                    "6": "195%",
                    "7": "212%",
                    "8": "229%",
                    "9": "246%",
                    "10": "265%",
                    "11": "286%"
                }
            }
        ],
        "icon_url": "images/characters/pyro_5_claymore_Diluc/talent_1.png"
    },
    "重撃": {
        "説明": [
            "継続的にスタミナを消費し、大剣を振り回し周囲の敵を攻撃する。",
            "斬撃が終了したときに、更に強力な攻撃を1回放つ"
        ],
        "詳細": [
            {
                "名前": "連続重撃ダメージ",
                "数値": {
                    "1": "68.8%",
                    "2": "74.4%",
                    "3": "80%",
                    "4": "88%",
                    "5": "93.6%",
                    "6": "100%",
                    "7": "109%",
                    "8": "118%",
                    "9": "126%",
                    "10": "136%",
                    "11": "147%"
                }
            },
            {
                "名前": "重撃終了ダメージ",
                "数値": {
                    "1": "125%",
                    "2": "135%",
                    "3": "145%",
                    "4": "160%",
                    "5": "170%",
                    "6": "181%",
                    "7": "197%",
                    "8": "213%",
                    "9": "229%",
                    "10": "247%",
                    "11": "266%"
                }
            }
        ]
    },
    "落下攻撃": {
        "説明": "空中から落下し地面に衝撃を与える。経路上の敵を攻撃し、落下時に範囲ダメージを与える。",
        "詳細": [
            {
                "名前": "落下期間のダメージ",
                "種類": "落下攻撃ダメージ",
                "数値": {
                    "1": "89.5%",
                    "2": "96.8%",
                    "3": "104%",
                    "4": "114%",
                    "5": "122%",
                    "6": "130%",
                    "7": "142%",
                    "8": "153%",
                    "9": "164.4%",
                    "10": "176.9%",
                    "11": "189.4%"
                }
            },
            {
                "名前": "低空/高空落下攻撃ダメージ",
                "種類": "落下攻撃ダメージ",
                "数値": {
                    "1": "179%",
                    "2": "194%",
                    "3": "208%",
                    "4": "229%",
                    "5": "243%",
                    "6": "260%",
                    "7": "283%",
                    "8": "306%",
                    "9": "329%",
                    "10": "354%",
                    "11": "379%"
                }
            },
            {
                "名前": "低空/高空落下攻撃ダメージ",
                "種類": "落下攻撃ダメージ",
                "数値": {
                    "1": "224%",
                    "2": "242%",
                    "3": "260%",
                    "4": "286%",
                    "5": "304%",
                    "6": "325%",
                    "7": "354%",
                    "8": "382%",
                    "9": "411%",
                    "10": "442%",
                    "11": "473%"
                }
            }
        ]
    },
    "元素スキル": {
        "名前": "逆焔の刃",
        "説明": "前方に向かって大剣を振り、<span style=\"color:#FF9999FF\">炎元素ダメージ</span>を与える。<br/><br/>最大連続で3回使用可能。<br/>短時間内に連続で使用しなかった場合、クールタイムに入る。<br/><br/><i>斬撃はそれぞれ、ディルックの持つ正義、勇気、そして責任を象徴している。</i>",
        "詳細": [
            {
                "名前": "1段ダメージ",
                "数値": {
                    "1": "94.4%",
                    "2": "101%",
                    "3": "109%",
                    "4": "118%",
                    "5": "125%",
                    "6": "132%",
                    "7": "142%",
                    "8": "151%",
                    "9": "160%",
                    "10": "170%",
                    "11": "179%",
                    "12": "189%",
                    "13": "201%"
                }
            },
            {
                "名前": "2段ダメージ",
                "数値": {
                    "1": "97.6%",
                    "2": "105%",
                    "3": "112%",
                    "4": "122%",
                    "5": "129%",
                    "6": "137%",
                    "7": "146%",
                    "8": "156%",
                    "9": "166%",
                    "10": "176%",
                    "11": "185%",
                    "12": "195%",
                    "13": "207%"
                }
            },
            {
                "名前": "3段ダメージ",
                "数値": {
                    "1": "129%",
                    "2": "138%",
                    "3": "148%",
                    "4": "161%",
                    "5": "171%",
                    "6": "180%",
                    "7": "193%",
                    "8": "206%",
                    "9": "219%",
                    "10": "232%",
                    "11": "245%",
                    "12": "258%",
                    "13": "274%"
                }
            }
        ],
        "クールタイム": 10,
        "icon_url": "images/characters/pyro_5_claymore_Diluc/talent_2.png"
    },
    "元素爆発": {
        "名前": "黎明",
        "説明": "烈焔の力を爆発させ、周囲の敵をノックバックし、<span style=\"color:#FF9999FF\">炎元素ダメージ</span>を与える。その後、烈焔を大剣に集め、前方に飛行する炎の鳥を出し、経路上の敵に大量の<span style=\"color:#FF9999FF\">炎元素ダメージ</span>を与える。炎の鳥は進行経路の終着点で爆発し、大量の<span style=\"color:#FF9999FF\">炎元素範囲ダメージ</span>を与える。<br/>武器に凝集した烈焔により、ディルックは<span style=\"color:#FF9999FF\">炎元素付与</span>状態を獲得する。<br/><br/><i>暗闇を歩くのは、光を求めるため。夜に輝く炎の光は、黎明の証である。</i>",
        "詳細": [
            {
                "名前": "斬撃ダメージ",
                "数値": {
                    "1": "204%",
                    "2": "219%",
                    "3": "235%",
                    "4": "255%",
                    "5": "270%",
                    "6": "286%",
                    "7": "306%",
                    "8": "326%",
                    "9": "347%",
                    "10": "367%",
                    "11": "387.6%",
                    "12": "408%",
                    "13": "434%"
                }
            },
            {
                "名前": "継続ダメージ",
                "数値": {
                    "1": "60%",
                    "2": "64.5%",
                    "3": "69%",
                    "4": "75%",
                    "5": "79.5%",
                    "6": "84%",
                    "7": "90%",
                    "8": "96%",
                    "9": "102%",
                    "10": "108%",
                    "11": "114%",
                    "12": "120%",
                    "13": "128%"
                }
            },
            {
                "名前": "爆発ダメージ",
                "数値": {
                    "1": "204%",
                    "2": "219%",
                    "3": "235%",
                    "4": "255%",
                    "5": "270%",
                    "6": "286%",
                    "7": "306%",
                    "8": "326%",
                    "9": "347%",
                    "10": "367%",
                    "11": "387.6%",
                    "12": "408%",
                    "13": "433.5%"
                }
            },
            {
                "条件": "黎明 炎元素付与と炎元素ダメージ+20%",
                "種類": "炎元素付与"
            }
        ],
        "バフ継続時間": 8,
        "クールタイム": 12,
        "元素エネルギー": 40,
        "icon_url": "images/characters/pyro_5_claymore_Diluc/talent_3.png"
    },
    "固有天賦": [
        {
            "名前": "ノンストップ",
            "種類": "固有天賦",
            "説明": "重撃のスタミナ消費-50%、最大継続時間+3秒。",
            "icon_url": "images/characters/pyro_5_claymore_Diluc/talent_4.png"
        },
        {
            "名前": "溶融の翼",
            "種類": "固有天賦",
            "説明": "<span style=\"color:#FFD780FF\">黎明</span>による<span style=\"color:#FF9999FF\">炎元素付与</span>状態の継続時間+4秒、さらに効果継続中にディルックの与える<span style=\"color:#FF9999FF\">炎元素ダメージ</span>+20%。",
            "詳細": [
                {
                    "条件": "黎明 炎元素付与と炎元素ダメージ+20%",
                    "種類": "炎元素ダメージバフ",
                    "数値": 20
                }
            ],
            "icon_url": "images/characters/pyro_5_claymore_Diluc/talent_5.png"
        },
        {
            "名前": "アカツキの伝統",
            "種類": "固有天賦",
            "説明": "両手剣を鍛造する時、消費した鉱石の15%が返還される。",
            "icon_url": "images/characters/pyro_5_claymore_Diluc/talent_6.png"
        }
    ],
    "命ノ星座": {
        "1": {
            "名前": "罪の裁断",
            "説明": "HPが50%を超えている敵に対して、ディルックの与えるダメージ+15%。",
            "詳細": [
                {
                    "条件": "罪の裁断 与えるダメージ+15%",
                    "種類": "与えるダメージ",
                    "数値": 15
                }
            ],
            "icon_url": "images/characters/pyro_5_claymore_Diluc/summaryList_1.png"
        },
        "2": {
            "名前": "灼熱余燼",
            "説明": "ディルックがダメージを受けると、攻撃力+10%、攻撃速度+5%、継続時間10秒。<br/>最大3重まで。1.5秒毎に1回のみ発動可能。",
            "詳細": [
                {
                    "条件": "灼熱余燼@1-3重",
                    "種類": "攻撃力%",
                    "数値": 10
                },
                {
                    "条件": "灼熱余燼@1-3重",
                    "種類": "攻撃速度",
                    "数値": 5
                }
            ],
            "icon_url": "images/characters/pyro_5_claymore_Diluc/summaryList_2.png"
        },
        "3": {
            "名前": "鋼鉄の熾焔",
            "説明": "<span style=\"color:#FFD780FF\">逆焔の刃</span>のスキルLv.+3。<br/>最大Lv.15まで。",
            "icon_url": "images/characters/pyro_5_claymore_Diluc/summaryList_3.png",
            "詳細": []
        },
        "4": {
            "名前": "流火焼灼",
            "説明": "<span style=\"color:#FFD780FF\">逆焔の刃</span>を一定の時間間隔で発動すると、ダメージが大幅にアップする。<br/><span style=\"color:#FFD780FF\">逆焔の刃</span>発動2秒後、次の逆焔の刃のダメージ+40%、継続時間2秒。",
            "詳細": [
                {
                    "条件": "流火焼灼 逆焔の刃のダメージ+40%",
                    "対象": "元素スキルダメージ.2段ダメージ",
                    "種類": "与えるダメージ",
                    "数値": 40
                },
                {
                    "条件": "流火焼灼 逆焔の刃のダメージ+40%",
                    "対象": "元素スキルダメージ.3段ダメージ",
                    "種類": "与えるダメージ",
                    "数値": 40
                }
            ],
            "icon_url": "images/characters/pyro_5_claymore_Diluc/summaryList_4.png"
        },
        "5": {
            "名前": "朝を告げる炎の鳥",
            "説明": "<span style=\"color:#FFD780FF\">黎明</span>のスキルLv.+3。<br/>最大Lv.15まで。",
            "icon_url": "images/characters/pyro_5_claymore_Diluc/summaryList_5.png",
            "詳細": []
        },
        "6": {
            "名前": "闇を清算する炎の剣",
            "説明": "<span style=\"color:#FFD780FF\">逆焔の刃</span>発動後、6秒以内の2回の通常攻撃の攻撃速度+30%、攻撃ダメージ+30%。<br/>逆焔の刃によって通常攻撃のコンボ数がリセットされることはなくなる。",
            "詳細": [
                {
                    "条件": "闇を清算する炎の剣 通常攻撃の攻撃速度+30%、通常攻撃ダメージ+30%",
                    "種類": "通常攻撃ダメージバフ",
                    "数値": 30
                }
            ],
            "icon_url": "images/characters/pyro_5_claymore_Diluc/summaryList_6.png"
        }
    },
    "おすすめセット": [
        {
            "武器": "狼の末路",
            "聖遺物メイン効果3": "5_攻撃力%",
            "聖遺物メイン効果4": "5_炎元素ダメージバフ",
            "聖遺物メイン効果5": "5_会心ダメージ",
            "聖遺物セット効果1": "燃え盛る炎の魔女",
            "聖遺物セット効果2": "燃え盛る炎の魔女",
            "聖遺物優先するサブ効果1": "会心率",
            "聖遺物優先するサブ効果2": "会心ダメージ",
            "聖遺物優先するサブ効果3": "攻撃力%"
        },
        {
            "武器": "祭礼の大剣",
            "聖遺物メイン効果3": "5_攻撃力%",
            "聖遺物メイン効果4": "5_炎元素ダメージバフ",
            "聖遺物メイン効果5": "5_会心ダメージ",
            "聖遺物セット効果1": "燃え盛る炎の魔女",
            "聖遺物セット効果2": "燃え盛る炎の魔女",
            "聖遺物優先するサブ効果1": "会心率",
            "聖遺物優先するサブ効果2": "会心ダメージ",
            "聖遺物優先するサブ効果3": "攻撃力%"
        },
        {
            "武器": "螭龍の剣",
            "聖遺物メイン効果3": "5_攻撃力%",
            "聖遺物メイン効果4": "5_炎元素ダメージバフ",
            "聖遺物メイン効果5": "5_会心ダメージ",
            "聖遺物セット効果1": "燃え盛る炎の魔女",
            "聖遺物セット効果2": "燃え盛る炎の魔女",
            "聖遺物優先するサブ効果1": "会心ダメージ",
            "聖遺物優先するサブ効果2": "会心率",
            "聖遺物優先するサブ効果3": "攻撃力%"
        },
        {
            "武器": "銜玉の海皇",
            "聖遺物メイン効果3": "5_攻撃力%",
            "聖遺物メイン効果4": "5_炎元素ダメージバフ",
            "聖遺物メイン効果5": "5_会心ダメージ",
            "聖遺物セット効果1": "燃え盛る炎の魔女",
            "聖遺物セット効果2": "燃え盛る炎の魔女",
            "聖遺物優先するサブ効果1": "会心率",
            "聖遺物優先するサブ効果2": "会心ダメージ",
            "聖遺物優先するサブ効果3": "攻撃力%"
        },
        {
            "武器": "古華·試作",
            "聖遺物メイン効果3": "5_攻撃力%",
            "聖遺物メイン効果4": "5_炎元素ダメージバフ",
            "聖遺物メイン効果5": "5_会心ダメージ",
            "聖遺物セット効果1": "燃え盛る炎の魔女",
            "聖遺物セット効果2": "燃え盛る炎の魔女",
            "聖遺物優先するサブ効果1": "会心率",
            "聖遺物優先するサブ効果2": "会心ダメージ",
            "聖遺物優先するサブ効果3": "攻撃力%"
        }
    ]
}