{
    "名前": "リネ",
    "説明": "話術に長け、優れた表現力を持つフォンテーヌの名高い魔術師。巧妙な手品と言葉で観客たちの心を動かす。",
    "icon_url": "images/characters/face/pyro_5_bow_Lyney.png",
    "レアリティ": 5,
    "武器": "弓",
    "元素": "炎",
    "baseInfo": {
        "和名 / 英名": "リネ / Lyney",
        "誕生日": "2月2日",
        "命ノ星座": "黒斑猫座",
        "称号": "幻光で惑わすトリック",
        "神の目": "炎",
        "所属": "ブーフ·ド·エテの館",
        "中国語 CV": "锦鲤",
        "英語 CV": "Daman Mills",
        "日本語 CV": "下野紘",
        "韓国語 CV": "박성영"
    },
    "region": "フォンテーヌ",
    "ステータス": {
        "基礎HP": {
            "1+": 858,
            "20": 2226,
            "20+": 2961,
            "40": 4431,
            "40+": 4954,
            "50": 5699,
            "50+": 6396,
            "60": 7150,
            "60+": 7672,
            "70": 8432,
            "70+": 8955,
            "80": 9724,
            "80+": 10247,
            "90": 11021
        },
        "基礎攻撃力": {
            "1+": 25,
            "20": 64,
            "20+": 86,
            "40": 128,
            "40+": 143,
            "50": 165,
            "50+": 185,
            "60": 207,
            "60+": 222,
            "70": 244,
            "70+": 259,
            "80": 281,
            "80+": 296,
            "90": 318
        },
        "基礎防御力": {
            "1+": 42,
            "20": 109,
            "20+": 145,
            "40": 216,
            "40+": 242,
            "50": 278,
            "50+": 312,
            "60": 349,
            "60+": 375,
            "70": 412,
            "70+": 437,
            "80": 475,
            "80+": 500,
            "90": 538
        },
        "会心率": {
            "1+": 0.0,
            "20": 0.0,
            "20+": 0.0,
            "40": 0.0,
            "40+": 4.8,
            "50": 4.8,
            "50+": 9.6,
            "60": 9.6,
            "60+": 9.6,
            "70": 9.6,
            "70+": 14.4,
            "80": 14.4,
            "80+": 19.2,
            "90": 19.2
        }
    },
    "通常攻撃": {
        "名前": "通常攻撃·フォース·カード",
        "説明": "<span style=\"color: #FFD780\">通常攻撃</span><br>最大4段の連続射撃を行う。<br><br><span style=\"color: #FFD780\">落下攻撃</span><br>空中から矢の雨を放ち、凄まじいスピードで落下し地面に衝撃を与え、落下時に範囲ダメージを与える。<br><br><span style=\"color: #FFD780\">重撃</span><br>ダメージがより高く、より正確な<span style=\"color: #FFD780\">狙い撃ち</span>を発動する。<br>照準時、炎の力が矢先に集まり、攻撃と共に発射される。チャージの時間により、異なる効果を発動する。<br>・1段チャージ：炎元素が集まった矢を放ち、<span style=\"color: #FF9999\">炎元素ダメージ</span>を与える。<br>・2段チャージ：プロップアローを放ち、<span style=\"color: #FF9999\">炎元素ダメージ</span>を与え、命中後に「ファニーキャット·ハット」を1個召喚する。<br>プロップアローを発射する時、リネのHPが60%を超えている場合、リネは一定のHPを消費して「プロップ残数」を1層獲得する、最大5層まで。戦闘状態が解除されてから30秒後、該当効果はクリアされる。この方式によるHP消費によって、リネの残りHPが60%を下回ることはない。<br><br><span style=\"color: #FFD780\">ファニーキャット·ハット</span><br>・周囲の敵を挑発し、攻撃を引き付ける。各敵は5秒毎に一度だけ、ファニーキャット·ハットに挑発される。<br>・耐久度はリネのHP上限によって決まる。<br>・破壊された時、または継続時間終了後、周囲の敵1体に向かって<span style=\"color: #FFD780\">クラッカーバレット</span>を放ち、<span style=\"color: #FF9999\">炎元素ダメージ</span>を与える。<br>ファニーキャット·ハットは同時に1個まで存在可能。<br><br><span style=\"color: #FFD780\">始原の力：プネウマ</span><br>プロップアローが命中した位置に霊域の棘を降らせ、プネウマを帯びた<span style=\"color: #FF9999\">炎元素ダメージ</span>を与える、一定間隔ごとに発動が可能。",
        "icon_url": "images/characters/pyro_5_bow_Lyney/talent_1.png",
        "詳細": [
            {
                "名前": "1段ダメージ",
                "数値": {
                    "1": "38.8%",
                    "2": "41.9%",
                    "3": "45.1%",
                    "4": "49.6%",
                    "5": "52.8%",
                    "6": "56.4%",
                    "7": "61.3%",
                    "8": "66.3%",
                    "9": "71.3%",
                    "10": "76.7%",
                    "11": "82.1%",
                    "12": "87.5%",
                    "13": "92.9%",
                    "14": "98.3%"
                }
            },
            {
                "名前": "2段ダメージ",
                "数値": {
                    "1": "38.0%",
                    "2": "41.1%",
                    "3": "44.2%",
                    "4": "48.6%",
                    "5": "51.7%",
                    "6": "55.3%",
                    "7": "60.1%",
                    "8": "65.0%",
                    "9": "69.8%",
                    "10": "75.1%",
                    "11": "80.4%",
                    "12": "85.7%",
                    "13": "91.1%",
                    "14": "96.4%"
                }
            },
            {
                "名前": "3段ダメージ",
                "数値": {
                    "1": "27.3%+27.3%",
                    "2": "29.5%+29.5%",
                    "3": "31.7%+31.7%",
                    "4": "34.9%+34.9%",
                    "5": "37.1%+37.1%",
                    "6": "39.6%+39.6%",
                    "7": "43.1%+43.1%",
                    "8": "46.6%+46.6%",
                    "9": "50.1%+50.1%",
                    "10": "53.9%+53.9%",
                    "11": "57.7%+57.7%",
                    "12": "61.5%+61.5%",
                    "13": "65.3%+65.3%",
                    "14": "69.1%+69.1%"
                },
                "HIT数": 2
            },
            {
                "名前": "4段ダメージ",
                "数値": {
                    "1": "56.9%",
                    "2": "61.6%",
                    "3": "66.2%",
                    "4": "72.8%",
                    "5": "77.5%",
                    "6": "82.8%",
                    "7": "90.0%",
                    "8": "97.3%",
                    "9": "104.6%",
                    "10": "112.5%",
                    "11": "120.5%",
                    "12": "128.4%",
                    "13": "136.4%",
                    "14": "144.3%"
                }
            }
        ]
    },
    "重撃": {
        "詳細": [
            {
                "名前": "狙い撃ち",
                "数値": {
                    "1": "43.9%",
                    "2": "47.4%",
                    "3": "51.0%",
                    "4": "56.1%",
                    "5": "59.7%",
                    "6": "63.8%",
                    "7": "69.4%",
                    "8": "75.0%",
                    "9": "80.6%",
                    "10": "86.7%",
                    "11": "92.8%",
                    "12": "98.9%",
                    "13": "105.1%",
                    "14": "111.2%"
                }
            },
            {
                "名前": "1段チャージ狙い撃ち",
                "数値": {
                    "1": "124.0%",
                    "2": "133.3%",
                    "3": "142.6%",
                    "4": "155.0%",
                    "5": "164.3%",
                    "6": "173.6%",
                    "7": "186.0%",
                    "8": "198.4%",
                    "9": "210.8%",
                    "10": "223.2%",
                    "11": "235.6%",
                    "12": "248.0%",
                    "13": "263.5%",
                    "14": "279.0%"
                },
                "元素": "炎"
            },
            {
                "名前": "プロップアローのダメージ",
                "数値": {
                    "1": "172.8%",
                    "2": "185.8%",
                    "3": "198.7%",
                    "4": "216.0%",
                    "5": "229.0%",
                    "6": "241.9%",
                    "7": "259.2%",
                    "8": "276.5%",
                    "9": "293.8%",
                    "10": "311.0%",
                    "11": "328.3%",
                    "12": "345.6%",
                    "13": "367.2%",
                    "14": "388.8%"
                },
                "元素": "炎"
            },
            {
                "名前": "HP消費",
                "種類": "HP消費",
                "数値": "20%HP上限",
                "元素": "炎"
            },
            {
                "名前": "ファニーキャット·ハットのHP継承",
                "種類": "元素創造物HP",
                "数値": {
                    "1": "64%HP上限",
                    "2": "69%HP上限",
                    "3": "74%HP上限",
                    "4": "80%HP上限",
                    "5": "85%HP上限",
                    "6": "90%HP上限",
                    "7": "96%HP上限",
                    "8": "102%HP上限",
                    "9": "109%HP上限",
                    "10": "115%HP上限",
                    "11": "122%HP上限",
                    "12": "128%HP上限",
                    "13": "136%HP上限",
                    "14": "144%HP上限"
                }
            },
            {
                "名前": "クラッカーバレットのダメージ",
                "数値": {
                    "1": "212.0%",
                    "2": "227.9%",
                    "3": "243.8%",
                    "4": "265.0%",
                    "5": "280.9%",
                    "6": "296.8%",
                    "7": "318.0%",
                    "8": "339.2%",
                    "9": "360.4%",
                    "10": "381.6%",
                    "11": "402.8%",
                    "12": "424.0%",
                    "13": "450.5%",
                    "14": "477.0%"
                },
                "元素": "炎"
            },
            {
                "条件": "命ノ星座@6",
                "名前": "クラッカーバレット・重奏",
                "種類": "他所基準ダメージ",
                "数値": "重撃#クラッカーバレットのダメージ*0.8",
                "元素": "炎"
            },
            {
                "名前": "霊息の棘のダメージ",
                "数値": {
                    "1": "27.6%",
                    "2": "29.6%",
                    "3": "31.7%",
                    "4": "34.4%",
                    "5": "36.5%",
                    "6": "38.6%",
                    "7": "41.3%",
                    "8": "44.1%",
                    "9": "46.8%",
                    "10": "49.6%",
                    "11": "52.3%",
                    "12": "55.1%",
                    "13": "58.5%",
                    "14": "62.0%"
                },
                "元素": "炎"
            }
        ],
        "ファニーキャット・ハットの継続時間": 4.0,
        "霊息の棘の間隔": 6.0
    },
    "落下攻撃": {
        "詳細": [
            {
                "名前": "落下期間のダメージ",
                "数値": {
                    "1": "56.8%",
                    "2": "61.5%",
                    "3": "66.1%",
                    "4": "72.7%",
                    "5": "77.3%",
                    "6": "82.6%",
                    "7": "89.9%",
                    "8": "97.1%",
                    "9": "104.4%",
                    "10": "112.3%",
                    "11": "120.3%",
                    "12": "128.2%",
                    "13": "136.1%",
                    "14": "144.1%"
                }
            },
            {
                "名前": "低空/高空落下ダメージ",
                "数値": {
                    "1": "113.6%",
                    "2": "122.9%",
                    "3": "132.1%",
                    "4": "145.3%",
                    "5": "154.6%",
                    "6": "165.2%",
                    "7": "179.7%",
                    "8": "194.2%",
                    "9": "208.8%",
                    "10": "224.6%",
                    "11": "240.5%",
                    "12": "256.3%",
                    "13": "272.2%",
                    "14": "288.0%"
                }
            },
            {
                "名前": "低空/高空落下ダメージ",
                "数値": {
                    "1": "141.9%",
                    "2": "153.5%",
                    "3": "165.0%",
                    "4": "181.5%",
                    "5": "193.1%",
                    "6": "206.3%",
                    "7": "224.5%",
                    "8": "242.6%",
                    "9": "260.8%",
                    "10": "280.6%",
                    "11": "300.4%",
                    "12": "320.2%",
                    "13": "340.0%",
                    "14": "359.8%"
                }
            }
        ]
    },
    "元素スキル": {
        "名前": "ビウィルダー·ライト",
        "説明": "リネがハットを振り回し、サプライズクラッカーを炸裂させる。<br>発動時、獲得済みの「プロップ残数」をクリアし、前方の敵に<span style=\"color: #FF9999\">炎元素範囲ダメージ</span>を与える。クリアした層数によって、与えるダメージがアップする。さらに、リネのHP上限を基にリネのHPを回復する。<br><br>フィールド上にリネが想像したファニーキャット·ハットが存在している場合、クラッカーはそれを激しく爆発させ、クラッカーバレットのダメージに相当する<span style=\"color: #FF9999\">炎元素範囲ダメージ</span>を与える。<br>この方式で起爆させたファニーキャット·ハットのダメージは重撃ダメージとみなされる。<br><br><em>「ご存知の通り、マジシャンの常套手段はわざと観客の注意を引くこと…そう、こっちを見ているうちに、あそこのハットと助手が消えてしまっている。どう？面白いでしょう？」</em>",
        "icon_url": "images/characters/pyro_5_bow_Lyney/talent_2.png",
        "詳細": [
            {
                "名前": "スキルダメージ",
                "数値": {
                    "1": "167.2%",
                    "2": "179.7%",
                    "3": "192.3%",
                    "4": "209.0%",
                    "5": "221.5%",
                    "6": "234.1%",
                    "7": "250.8%",
                    "8": "267.5%",
                    "9": "284.2%",
                    "10": "301.0%"
                }
            },
            {
                "条件": "プロップ残数@1-5層",
                "名前": "スキルダメージアップ効果",
                "種類": "元素スキルダメージアップ",
                "数値": {
                    "1": "53.2%攻撃力",
                    "2": "57.2%攻撃力",
                    "3": "61.2%攻撃力",
                    "4": "66.5%攻撃力",
                    "5": "70.5%攻撃力",
                    "6": "74.5%攻撃力",
                    "7": "79.8%攻撃力",
                    "8": "85.1%攻撃力",
                    "9": "90.4%攻撃力",
                    "10": "95.8%攻撃力"
                }
            },
            {
                "名前": "HP回復",
                "種類": "HP回復",
                "数値": "20.0%HP上限"
            }
        ],
        "クールタイム": 15.0
    },
    "元素爆発": {
        "名前": "大魔術·ミラクルパレード",
        "説明": "リネがマジックを披露し、素早く移動する「ファニーハット·キャット」と化す(これは「ファニーキャット·ハット」じゃなくて別々の舞台道具だから注意してね！)。<br>ファニーハット·キャットが敵に接近する時、周囲の敵に向かって炎を降らせ、敵1体につき<span style=\"color: rgb(255, 153, 153)\">炎元素ダメージ</span>を最大1回与える。継続時間終了時、リネはファニーハット·キャットを解除し、鮮やかなクラッカーを炸裂させ、<span style=\"color: rgb(255, 153, 153)\">炎元素範囲ダメージ</span>を与える。さらにファニーキャット·ハットを1個召喚し、「プロップ残数」を1層獲得する。<br><br>「ファニーハット·キャット」は手動で解除が可能。<br><br><em>「それじゃ、見せてあげよう。よ〜く見ててね、これは僕たちだけの、唯一無二のミラクルタイムだ！」</em>",
        "icon_url": "images/characters/pyro_5_bow_Lyney/talent_3.png",
        "詳細": [
            {
                "名前": "スキルダメージ",
                "数値": {
                    "1": "154.0%",
                    "2": "165.6%",
                    "3": "177.1%",
                    "4": "192.5%",
                    "5": "204.1%",
                    "6": "215.6%",
                    "7": "231.0%",
                    "8": "246.4%",
                    "9": "261.8%",
                    "10": "277.2%",
                    "11": "292.6%",
                    "12": "308.0%",
                    "13": "327.3%"
                }
            },
            {
                "名前": "クラッカー起爆ダメージ",
                "数値": {
                    "1": "414.0%",
                    "2": "445.1%",
                    "3": "476.1%",
                    "4": "517.5%",
                    "5": "548.6%",
                    "6": "579.6%",
                    "7": "621.0%",
                    "8": "662.4%",
                    "9": "703.8%",
                    "10": "745.2%",
                    "11": "786.6%",
                    "12": "828.0%",
                    "13": "879.8%"
                }
            }
        ],
        "継続時間": 3.0,
        "クールタイム": 15.0,
        "元素エネルギー": 60
    },
    "固有天賦": [
        {
            "名前": "息を呑むパフォーマンス",
            "説明": "リネがプロップアローを発射することでHPを消費した時、そのプロップアローによって召喚されたファニーキャット·ハットが敵に命中すると、リネの元素エネルギーが3ポイント回復、また攻撃力の80%を基に与えるダメージを上げる。",
            "icon_url": "images/characters/pyro_5_bow_Lyney/talent_4.png",
            "詳細": [
                {
                    "条件": "息を呑むパフォーマンス",
                    "対象": "重撃ダメージ.クラッカーバレットのダメージ",
                    "種類": "重撃ダメージアップ",
                    "数値": "80%攻撃力"
                }
            ]
        },
        {
            "名前": "フィナーレの喝采",
            "説明": "<span style=\"color: #FF9999\">炎元素</span>の影響を受けている敵にリネが与えるダメージは、以下のようにアップする。<br>・ダメージ+60%。<br>・チームにリネ以外の<span style=\"color: #FF9999\">炎元素</span>タイプのキャラクターが一人存在するごとに、さらに+20%。<br>上記の方式により、<span style=\"color: #FF9999\">炎元素</span>の影響を受けている敵に与えるリネのダメージアップは最大100%までとなる。",
            "icon_url": "images/characters/pyro_5_bow_Lyney/talent_5.png",
            "詳細": [
                {
                    "条件": "フィナーレの喝采",
                    "種類": "与えるダメージ",
                    "数値": 40
                },
                {
                    "条件": "フィナーレの喝采&炎元素キャラクター@required_1-4人",
                    "種類": "与えるダメージ",
                    "数値": 20,
                    "上限": 60
                }
            ]
        },
        {
            "名前": "鋭い観察術",
            "説明": "ミニマップで周囲の<span style=\"color: #FFD780\">フォンテーヌ地域の特産</span>の位置を表示する。",
            "icon_url": "images/characters/pyro_5_bow_Lyney/talent_6.png",
            "詳細": []
        }
    ],
    "命ノ星座": {
        "1": {
            "名前": "奇想天外の芸当",
            "説明": "<span style=\"color: #FFD780\">ファニーキャット·ハット</span>が同時に最大2個まで存在可能になる。<br>また、プロップアローは命中時にファニーキャット·ハットを2個召喚し、追加で「プロップ残数」を1層重ねる。この効果は15秒毎に1回のみ発動可能。",
            "icon_url": "images/characters/pyro_5_bow_Lyney/summaryList_1.png",
            "詳細": []
        },
        "2": {
            "名前": "巧言令色の誘引",
            "説明": "リネがフィールド上に存在する時、2秒ごとに「一意専心」効果を1層獲得し、リネの会心ダメージ+20%。この効果は最大3層まで重ね掛け可能、リネが退場する時に解除される。",
            "icon_url": "images/characters/pyro_5_bow_Lyney/summaryList_2.png",
            "詳細": [
                {
                    "条件": "一意専心@1-3層",
                    "種類": "会心ダメージ",
                    "数値": 20
                }
            ]
        },
        "3": {
            "名前": "玄妙敏速の手品",
            "説明": "<span style=\"color: #FFD780\">通常攻撃·フォース·カード</span>のスキルLv.+3。<br>最大Lv.15まで。",
            "icon_url": "images/characters/pyro_5_bow_Lyney/summaryList_3.png",
            "詳細": []
        },
        "4": {
            "名前": "熟知熟練の方策",
            "説明": "リネが放った<span style=\"color: #FF9999\">炎元素</span>の重撃が敵に命中した後、その敵の<span style=\"color: #FF9999\">炎元素耐性</span>-20%、継続時間6秒。",
            "icon_url": "images/characters/pyro_5_bow_Lyney/summaryList_4.png",
            "詳細": [
                {
                    "条件": "熟知熟練の方策",
                    "種類": "敵炎元素耐性",
                    "数値": -20
                }
            ]
        },
        "5": {
            "名前": "隠密強襲の通則",
            "説明": "<span style=\"color: #FFD780\">大魔術·ミラクルパレード</span>のスキルLv.+3。<br>最大Lv.15まで。",
            "icon_url": "images/characters/pyro_5_bow_Lyney/summaryList_5.png",
            "詳細": []
        },
        "6": {
            "名前": "本心相違の微笑",
            "説明": "リネが<span style=\"color: #FFD780\">プロップアロー</span>を発射する時、クラッカーバレット·重奏を1発放ち、クラッカーバレットの80%分のダメージを与える。このダメージは重撃ダメージと見なされる。",
            "icon_url": "images/characters/pyro_5_bow_Lyney/summaryList_6.png",
            "詳細": []
        }
    },
    "おすすめセット": [
        {
            "武器": "始まりの大魔術",
            "聖遺物メイン効果3": "5_攻撃力%",
            "聖遺物メイン効果4": "5_炎元素ダメージバフ",
            "聖遺物メイン効果5": "5_会心ダメージ",
            "聖遺物セット効果1": "ファントムハンター",
            "聖遺物セット効果2": "ファントムハンター",
            "聖遺物優先するサブ効果1": "会心ダメージ",
            "聖遺物優先するサブ効果2": "会心率",
            "聖遺物優先するサブ効果3": "攻撃力%"
        }
    ],
    "NEXT STAT": "重撃.プロップアローのダメージ"
}