{
    "名前": "胡桃",
    "説明": "「往生堂」七十七代目堂主、若くして璃月の葬儀を仕切り、責任を持ってそれを執り行っている。",
    "icon_url": "images/characters/face/pyro_5_polearm_HuTao.png",
    "レアリティ": 5,
    "武器": "長柄武器",
    "元素": "炎",
    "baseInfo": {
        "名前": "胡桃",
        "誕生日": "7月15日",
        "命ノ星座": "彼岸蝶座",
        "称号": "雪晴梅香",
        "神の目": "炎",
        "所属": "往生堂",
        "中国語 CV": "陶典",
        "英語 CV": "Brianna Knickerbocker",
        "日本語 CV": "高橋李依",
        "韓国語 CV": "김하루",
        "オリジナル料理": "幽々大行軍",
        "実装バージョン": "1.3"
    },
    "region": "璃月港",
    "ステータス": {
        "基礎HP": {
            "1+": 1211,
            "20": 3141,
            "20+": 4179,
            "40": 6253,
            "40+": 6990,
            "50": 8042,
            "50+": 9026,
            "60": 10089,
            "60+": 10826,
            "70": 11899,
            "70+": 12637.0,
            "80": 13721,
            "80+": 14459,
            "90": 15552.0
        },
        "基礎攻撃力": {
            "1+": 8,
            "20": 21,
            "20+": 29,
            "40": 43,
            "40+": 48,
            "50": 55,
            "50+": 62,
            "60": 69,
            "60+": 74,
            "70": 81,
            "70+": 86,
            "80": 94,
            "80+": 99,
            "90": 106.4
        },
        "基礎防御力": {
            "1+": 68,
            "20": 177,
            "20+": 235,
            "40": 352,
            "40+": 394,
            "50": 453,
            "50+": 508,
            "60": 568,
            "60+": 610,
            "70": 670,
            "70+": 712,
            "80": 773,
            "80+": 815,
            "90": 876
        },
        "会心ダメージ": {
            "1+": 0,
            "20": 0,
            "20+": 0,
            "40": 0,
            "40+": 9.6,
            "50": 9.6,
            "50+": 19.2,
            "60": 19.2,
            "60+": 19.2,
            "70": 19.2,
            "70+": 28.8,
            "80": 28.8,
            "80+": 38.4,
            "90": 38.4
        }
    },
    "通常攻撃": {
        "名前": "通常攻撃·往生秘伝槍法",
        "説明": "<span style=\"color:#FFD780FF\">通常攻撃</span><br/>槍による最大6段の連続攻撃を行う。<br/><br/><span style=\"color:#FFD780FF\">重撃</span><br/>一定のスタミナを消費して前方に突進し、経路上の敵にダメージを与える。<br/><br/><span style=\"color:#FFD780FF\">落下攻撃</span><br/>空中から落下し地面に衝撃を与える。経路上の敵を攻撃し、落下時に範囲ダメージを与える。",
        "詳細": [
            {
                "名前": "1段ダメージ",
                "数値": {
                    "1": "46.89%",
                    "2": "50.08%",
                    "3": "53.28%",
                    "4": "57.54%",
                    "5": "60.74%",
                    "6": "64.47%",
                    "7": "69.26%",
                    "8": "74.06%",
                    "9": "78.85%",
                    "10": "83.65%",
                    "11": "88.44%"
                }
            },
            {
                "名前": "2段ダメージ",
                "数値": {
                    "1": "48.25%",
                    "2": "51.54%",
                    "3": "54.83%",
                    "4": "59.22%",
                    "5": "62.51%",
                    "6": "66.35%",
                    "7": "71.28%",
                    "8": "76.22%",
                    "9": "81.15%",
                    "10": "86.09%",
                    "11": "91.02%"
                }
            },
            {
                "名前": "3段ダメージ",
                "数値": {
                    "1": "61.05%",
                    "2": "65.21%",
                    "3": "69.38%",
                    "4": "74.93%",
                    "5": "79.09%",
                    "6": "83.94%",
                    "7": "90.19%",
                    "8": "96.43%",
                    "9": "102.68%",
                    "10": "108.92%",
                    "11": "115.16%"
                }
            },
            {
                "名前": "4段ダメージ",
                "数値": {
                    "1": "65.64%",
                    "2": "70.12%",
                    "3": "74.59%",
                    "4": "80.56%",
                    "5": "85.03%",
                    "6": "90.26%",
                    "7": "96.97%",
                    "8": "103.68%",
                    "9": "110.4%",
                    "10": "117.11%",
                    "11": "123.82%"
                }
            },
            {
                "名前": "5段ダメージ",
                "数値": {
                    "1": "33.27%+35.2%",
                    "2": "35.54%+37.6%",
                    "3": "37.81%+40.0%",
                    "4": "40.84%+43.2%",
                    "5": "43.1%+45.6%",
                    "6": "45.75%+48.4%",
                    "7": "49.15%+52.0%",
                    "8": "52.56%+55.6%",
                    "9": "55.96%+59.2%",
                    "10": "59.36%+62.8%",
                    "11": "62.77%+66.4%"
                },
                "HIT数": 2
            },
            {
                "名前": "6段ダメージ",
                "数値": {
                    "1": "85.96%",
                    "2": "91.82%",
                    "3": "97.68%",
                    "4": "105.49%",
                    "5": "111.36%",
                    "6": "118.19%",
                    "7": "126.98%",
                    "8": "135.78%",
                    "9": "144.57%",
                    "10": "153.36%",
                    "11": "162.15%"
                }
            }
        ],
        "icon_url": "images/characters/pyro_5_polearm_HuTao/talent_1.png"
    },
    "重撃": {
        "説明": "一定のスタミナを消費して前方に突進し、経路上の敵にダメージを与える。",
        "詳細": [
            {
                "名前": "重撃ダメージ",
                "数値": {
                    "1": "135.96%",
                    "2": "145.23%",
                    "3": "154.5%",
                    "4": "166.86%",
                    "5": "176.13%",
                    "6": "186.95%",
                    "7": "200.85%",
                    "8": "214.76%",
                    "9": "228.66%",
                    "10": "242.57%",
                    "11": "256.47%"
                }
            }
        ]
    },
    "落下攻撃": {
        "説明": "空中から落下し地面に衝撃を与える。経路上の敵を攻撃し、落下時に範囲ダメージを与える。",
        "詳細": [
            {
                "名前": "落下期間のダメージ",
                "種類": "落下攻撃ダメージ",
                "数値": {
                    "1": "63.93%",
                    "2": "69.14%",
                    "3": "74.34%",
                    "4": "81.77%",
                    "5": "86.98%",
                    "6": "92.93%",
                    "7": "101.1%",
                    "8": "109.28%",
                    "9": "117.46%",
                    "10": "126.38%",
                    "11": "135.3%"
                }
            },
            {
                "名前": "低空/高空落下攻撃ダメージ",
                "種類": "落下攻撃ダメージ",
                "数値": {
                    "1": "127.84%",
                    "2": "138.24%",
                    "3": "148.65%",
                    "4": "163.51%",
                    "5": "173.92%",
                    "6": "185.81%",
                    "7": "202.16%",
                    "8": "218.51%",
                    "9": "234.86%",
                    "10": "252.7%",
                    "11": "270.54%"
                }
            },
            {
                "名前": "低空/高空落下攻撃ダメージ",
                "種類": "落下攻撃ダメージ",
                "数値": {
                    "1": "159.68%",
                    "2": "172.67%",
                    "3": "185.67%",
                    "4": "204.24%",
                    "5": "217.23%",
                    "6": "232.09%",
                    "7": "253.51%",
                    "8": "272.93%",
                    "9": "293.36%",
                    "10": "315.64%",
                    "11": "337.92%"
                }
            }
        ]
    },
    "元素スキル": {
        "名前": "蝶導来世",
        "説明": "燃え続ける炎のみが、この世の不浄を払うことができる。<br>一定のHPを消費して、周囲の敵をノックバックし、冥蝶の舞状態に入る。<br><br><span style=\"color: rgb(255, 215, 128)\">冥蝶の舞</span><br>・胡桃のHP上限を基準に攻撃力がアップする。この効果でアップできる攻撃力の最大値は、胡桃の基礎攻撃力の400%まで。<br>・攻撃ダメージは<span style=\"color: rgb(255, 153, 153)\">炎元素ダメージ</span>となり、元素付与によって他の元素に変化することはない。<br>・重撃は敵に血梅香効果を与える。<br>・胡桃の中断耐性がアップする。<br><br><span style=\"color: rgb(255, 215, 128)\">血梅香</span><br>血梅香状態の敵は、4秒毎に1度、<span style=\"color: rgb(255, 153, 153)\">炎元素ダメージ</span>を受ける。このダメージは元素スキルダメージと見なされる。<br>同一ターゲットに付与される血梅香効果は同時に最大1つまで。また、血梅香効果の継続時間は効果を付与した胡桃のみが更新可能。<br><br><span style=\"color: rgb(255, 215, 128)\">冥蝶の舞</span>は継続時間終了時、または胡桃の退場や戦闘不能時に解除される。<br><br><em>胡桃が学んだ秘伝の槍法、その教えの一句目は「槍よ切り開け黄泉の道、蝶よ引き寄せ来世の橋。」</em>",
        "詳細": [
            {
                "名前": "攻撃力アップ",
                "種類": "表示",
                "数値": {
                    "1": "3.84%HP上限",
                    "2": "4.07%HP上限",
                    "3": "4.30%HP上限",
                    "4": "4.60%HP上限",
                    "5": "4.83%HP上限",
                    "6": "5.06%HP上限",
                    "7": "5.36%HP上限",
                    "8": "5.66%HP上限",
                    "9": "5.96%HP上限",
                    "10": "6.26%HP上限",
                    "11": "6.56%HP上限",
                    "12": "6.85%HP上限",
                    "13": "7.15%HP上限"
                },
                "上限": "400%基礎攻撃力"
            },
            {
                "名前": "攻撃力アップ 上限",
                "種類": "表示",
                "数値": "400%基礎攻撃力"
            },
            {
                "条件": "冥蝶の舞",
                "種類": "攻撃力",
                "数値": {
                    "1": "3.84%HP上限",
                    "2": "4.07%HP上限",
                    "3": "4.30%HP上限",
                    "4": "4.60%HP上限",
                    "5": "4.83%HP上限",
                    "6": "5.06%HP上限",
                    "7": "5.36%HP上限",
                    "8": "5.66%HP上限",
                    "9": "5.96%HP上限",
                    "10": "6.26%HP上限",
                    "11": "6.56%HP上限",
                    "12": "6.85%HP上限",
                    "13": "7.15%HP上限"
                },
                "上限": "400%基礎攻撃力"
            },
            {
                "条件": "冥蝶の舞",
                "種類": "炎元素付与"
            },
            {
                "名前": "血梅香ダメージ",
                "数値": {
                    "1": "64%",
                    "2": "68.8%",
                    "3": "73.6%",
                    "4": "80%",
                    "5": "84.8%",
                    "6": "89.6%",
                    "7": "96%",
                    "8": "102.4%",
                    "9": "108.8%",
                    "10": "115.2%",
                    "11": "121.6%",
                    "12": "128%",
                    "13": "136%"
                }
            }
        ],
        "血梅香継続時間": 8,
        "継続時間": 9,
        "クールタイム": 16,
        "icon_url": "images/characters/pyro_5_polearm_HuTao/talent_2.png"
    },
    "元素爆発": {
        "名前": "安神秘法",
        "説明": "灼熱の魂を振り回し、広範囲に<span style=\"color:#FF9999FF\">炎元素ダメージ</span>を与える。<br/>敵に命中した時、胡桃のHP上限を基準に自身のHPが回復する。この効果は命中した敵1体毎に発動し、最大で5体まで効果が発動する。<br/>胡桃のHPが50%以下の時、より高いダメージと回復効果を持つ。<br/><br/><i>既にこの世を去った者がまだ元気そうにしていると、往生堂は焦燥や不安に駆られる。火葬は胡桃の心を一番落ち着かせることができる手段である。そのため、彼女は焦燥すればするほど、火力が上昇する。</i>",
        "詳細": [
            {
                "名前": "スキルダメージ",
                "数値": {
                    "1": "303.27%",
                    "2": "321.43%",
                    "3": "339.59%",
                    "4": "363.2%",
                    "5": "381.36%",
                    "6": "399.52%",
                    "7": "423.13%",
                    "8": "446.74%",
                    "9": "470.34%",
                    "10": "493.95%",
                    "11": "517.56%",
                    "12": "541.17%",
                    "13": "564.78%"
                }
            },
            {
                "名前": "低HP時スキルダメージ",
                "数値": {
                    "1": "379.09%",
                    "2": "401.79%",
                    "3": "424.49%",
                    "4": "454%",
                    "5": "476.7%",
                    "6": "499.4%",
                    "7": "528.91%",
                    "8": "558.42%",
                    "9": "587.93%",
                    "10": "617.44%",
                    "11": "646.95%",
                    "12": "676.46%",
                    "13": "705.97%"
                }
            },
            {
                "名前": "スキル回復量",
                "種類": "HP回復",
                "数値": {
                    "1": "6.26%HP上限",
                    "2": "6.64%HP上限",
                    "3": "7.01%HP上限",
                    "4": "7.50%HP上限",
                    "5": "7.88%HP上限",
                    "6": "8.25%HP上限",
                    "7": "8.74%HP上限",
                    "8": "9.23%HP上限",
                    "9": "9.71%HP上限",
                    "10": "10.20%HP上限",
                    "11": "10.69%HP上限",
                    "12": "11.18%HP上限",
                    "13": "11.66%HP上限"
                }
            },
            {
                "名前": "低HP時スキル回復量",
                "種類": "HP回復",
                "数値": {
                    "1": "8.35%HP上限",
                    "2": "8.85%HP上限",
                    "3": "9.35%HP上限",
                    "4": "10.00%HP上限",
                    "5": "10.50%HP上限",
                    "6": "11.00%HP上限",
                    "7": "11.65%HP上限",
                    "8": "12.30%HP上限",
                    "9": "12.95%HP上限",
                    "10": "13.60%HP上限",
                    "11": "14.25%HP上限",
                    "12": "14.90%HP上限",
                    "13": "15.55%HP上限"
                }
            }
        ],
        "クールタイム": 15,
        "元素エネルギー": 60,
        "icon_url": "images/characters/pyro_5_polearm_HuTao/talent_3.png"
    },
    "固有天賦": [
        {
            "種類": "固有天賦",
            "名前": "蝶隠の時",
            "説明": "<span style=\"color:#FFD780FF\">蝶導来世</span>による<span style=\"color:#FFD780FF\">冥蝶の舞</span>状態終了後、チーム全員（胡桃自身を除く）の会心率+12%、継続時間8秒。",
            "icon_url": "images/characters/pyro_5_polearm_HuTao/talent_4.png"
        },
        {
            "種類": "固有天賦",
            "名前": "血のかまど",
            "説明": "胡桃のHPが50%以下の時、<span style=\"color:#FF9999FF\">炎元素ダメージ</span>+33%。",
            "詳細": [
                {
                    "条件": "HP50%以下 炎元素ダメージ+33%",
                    "種類": "炎元素ダメージバフ",
                    "数値": 33
                }
            ],
            "icon_url": "images/characters/pyro_5_polearm_HuTao/talent_5.png"
        },
        {
            "種類": "固有天賦",
            "名前": "多々益善",
            "説明": "料理を完璧調理した時、18%の確率で「微妙な」品質の同一料理を獲得する。",
            "icon_url": "images/characters/pyro_5_polearm_HuTao/talent_6.png"
        }
    ],
    "命ノ星座": {
        "1": {
            "名前": "朱色の花束",
            "説明": "<span style=\"color:#FFD780FF\">蝶導来世</span>による<span style=\"color:#FFD780FF\">冥蝶の舞</span>状態の時、胡桃の重撃はスタミナを消費しない。",
            "icon_url": "images/characters/pyro_5_polearm_HuTao/summaryList_1.png",
            "詳細": []
        },
        "2": {
            "名前": "晴れのち雨",
            "説明": "<span style=\"color:#FFD780FF\">血梅香</span>のダメージ量が胡桃のHP上限の10%分アップする。<br/>また、<span style=\"color:#FFD780FF\">安神秘法</span>は命中した敵に<span style=\"color:#FFD780FF\">血梅香</span>効果を与える。",
            "詳細": [
                {
                    "種類": "元素スキルダメージアップ",
                    "数値": "10%HP上限"
                }
            ],
            "icon_url": "images/characters/pyro_5_polearm_HuTao/summaryList_2.png"
        },
        "3": {
            "名前": "血色の儀",
            "説明": "<span style=\"color:#FFD780FF\">蝶導来世</span>のスキルLv.+3。<br/>最大Lv.15まで。",
            "icon_url": "images/characters/pyro_5_polearm_HuTao/summaryList_3.png",
            "詳細": []
        },
        "4": {
            "名前": "花室の添い寝",
            "説明": "胡桃自ら与えた<span style=\"color:#FFD780FF\">血梅香</span>状態の敵が倒されると、周囲のチーム全員（胡桃自身を除く）の会心率+12%、継続時間15秒。",
            "icon_url": "images/characters/pyro_5_polearm_HuTao/summaryList_4.png",
            "詳細": []
        },
        "5": {
            "名前": "漂う花の香り",
            "説明": "<span style=\"color:#FFD780FF\">安神秘法</span>のスキルLv.+3。<br/>最大Lv.15まで。",
            "icon_url": "images/characters/pyro_5_polearm_HuTao/summaryList_5.png",
            "詳細": []
        },
        "6": {
            "名前": "冥蝶の抱擁",
            "説明": "胡桃のHPが25%以下、または戦闘不能に至るダメージを受けた時に発動：<br/>このダメージで胡桃が戦闘不能になることはない。また、次の10秒間、胡桃の全元素耐性及び物理耐性+200%、会心率+100%、中断耐性大幅アップ。<br/>この効果は胡桃のHPが1の時に自動で発動される。<br/>60秒毎に1回のみ発動可能。",
            "詳細": [
                {
                    "条件": "冥蝶の抱擁 全元素耐性及び物理耐性+200%、会心率+100%",
                    "種類": "全元素耐性",
                    "数値": 200
                },
                {
                    "条件": "冥蝶の抱擁 全元素耐性及び物理耐性+200%、会心率+100%",
                    "種類": "物理耐性",
                    "数値": 200
                },
                {
                    "条件": "冥蝶の抱擁 全元素耐性及び物理耐性+200%、会心率+100%",
                    "種類": "会心率",
                    "数値": 100
                }
            ],
            "icon_url": "images/characters/pyro_5_polearm_HuTao/summaryList_6.png"
        }
    },
    "おすすめセット": [
        {
            "武器": "護摩の杖",
            "聖遺物メイン効果3": "5_HP%",
            "聖遺物メイン効果4": "5_炎元素ダメージバフ",
            "聖遺物メイン効果5": "5_会心率",
            "聖遺物セット効果1": "燃え盛る炎の魔女",
            "聖遺物セット効果2": "燃え盛る炎の魔女",
            "聖遺物優先するサブ効果1": "会心ダメージ",
            "聖遺物優先するサブ効果2": "会心率",
            "聖遺物優先するサブ効果3": "HP%"
        },
        {
            "武器": "匣中滅龍",
            "聖遺物メイン効果3": "5_HP%",
            "聖遺物メイン効果4": "5_炎元素ダメージバフ",
            "聖遺物メイン効果5": "5_会心率",
            "聖遺物セット効果1": "燃え盛る炎の魔女",
            "聖遺物セット効果2": "燃え盛る炎の魔女",
            "聖遺物優先するサブ効果1": "会心ダメージ",
            "聖遺物優先するサブ効果2": "会心率",
            "聖遺物優先するサブ効果3": "HP%"
        },
        {
            "武器": "和璞鳶",
            "聖遺物メイン効果3": "5_HP%",
            "聖遺物メイン効果4": "5_炎元素ダメージバフ",
            "聖遺物メイン効果5": "5_会心ダメージ",
            "聖遺物セット効果1": "燃え盛る炎の魔女",
            "聖遺物セット効果2": "燃え盛る炎の魔女",
            "聖遺物優先するサブ効果1": "会心率",
            "聖遺物優先するサブ効果2": "会心ダメージ",
            "聖遺物優先するサブ効果3": "HP%"
        },
        {
            "武器": "死闘の槍",
            "聖遺物メイン効果3": "5_HP%",
            "聖遺物メイン効果4": "5_炎元素ダメージバフ",
            "聖遺物メイン効果5": "5_会心ダメージ",
            "聖遺物セット効果1": "燃え盛る炎の魔女",
            "聖遺物セット効果2": "燃え盛る炎の魔女",
            "聖遺物優先するサブ効果1": "会心率",
            "聖遺物優先するサブ効果2": "会心ダメージ",
            "聖遺物優先するサブ効果3": "HP%"
        },
        {
            "武器": "白纓槍",
            "聖遺物メイン効果3": "5_HP%",
            "聖遺物メイン効果4": "5_炎元素ダメージバフ",
            "聖遺物メイン効果5": "5_会心率",
            "聖遺物セット効果1": "燃え盛る炎の魔女",
            "聖遺物セット効果2": "燃え盛る炎の魔女",
            "聖遺物優先するサブ効果1": "会心率",
            "聖遺物優先するサブ効果2": "会心ダメージ",
            "聖遺物優先するサブ効果3": "HP%"
        },
        {
            "武器": "護摩の杖",
            "聖遺物メイン効果3": "5_HP%",
            "聖遺物メイン効果4": "5_炎元素ダメージバフ",
            "聖遺物メイン効果5": "5_会心率",
            "聖遺物セット効果1": "追憶のしめ縄",
            "聖遺物セット効果2": "追憶のしめ縄",
            "聖遺物優先するサブ効果1": "会心ダメージ",
            "聖遺物優先するサブ効果2": "会心率",
            "聖遺物優先するサブ効果3": "HP%"
        },
        {
            "武器": "護摩の杖",
            "聖遺物メイン効果3": "5_HP%",
            "聖遺物メイン効果4": "5_炎元素ダメージバフ",
            "聖遺物メイン効果5": "5_会心率",
            "聖遺物セット効果1": "逆飛びの流星",
            "聖遺物セット効果2": "逆飛びの流星",
            "聖遺物優先するサブ効果1": "会心ダメージ",
            "聖遺物優先するサブ効果2": "会心率",
            "聖遺物優先するサブ効果3": "HP%"
        }
    ],
    "NEXT STEP": "重撃.重撃ダメージ"
}