{
    "名前": "トーマ",
    "説明": "神里家の家司。稲妻で活躍する「顔役」でもある。",
    "icon_url": "images/characters/face/pyro_4_polearm_Thoma.png",
    "レアリティ": 4,
    "武器": "長柄武器",
    "元素": "炎",
    "baseInfo": {
        "名前": "トーマ",
        "誕生日": "1月9日",
        "命ノ星座": "赤楯座",
        "称号": "渡来介者",
        "神の目": "炎",
        "所属": "社奉行",
        "中国語 CV": "张沛",
        "英語 CV": "Christian Banas",
        "日本語 CV": "森田成一",
        "韓国語 CV": "류승곤",
        "オリジナル料理": "「温もり」",
        "実装バージョン": "2.2"
    },
    "region": "稲妻城",
    "ステータス": {
        "基礎HP": {
            "1+": 866,
            "20": 2225,
            "20+": 2872,
            "40": 4302,
            "40+": 4762,
            "50": 5478,
            "50+": 6091,
            "60": 6806,
            "60+": 7266,
            "70": 7981,
            "70+": 8440,
            "80": 9156,
            "80+": 9616,
            "90": 10331
        },
        "基礎攻撃力": {
            "1+": 17,
            "20": 43,
            "20+": 56,
            "40": 84,
            "40+": 93,
            "50": 107,
            "50+": 119.0,
            "60": 133,
            "60+": 142,
            "70": 156,
            "70+": 165,
            "80": 179,
            "80+": 188,
            "90": 202
        },
        "基礎防御力": {
            "1+": 63,
            "20": 162,
            "20+": 209,
            "40": 313,
            "40+": 346,
            "50": 398,
            "50+": 443,
            "60": 495,
            "60+": 528,
            "70": 580,
            "70+": 613.0,
            "80": 665,
            "80+": 699,
            "90": 751
        },
        "攻撃力%": {
            "1+": 0,
            "20": 0,
            "20+": 0,
            "40": 0,
            "40+": 6,
            "50": 6,
            "50+": 12,
            "60": 12,
            "60+": 12,
            "70": 12,
            "70+": 18,
            "80": 18,
            "80+": 24,
            "90": 24
        }
    },
    "通常攻撃": {
        "名前": "通常攻撃·瞬破槍勢",
        "説明": "<span style=\"color:#FFD780FF\">通常攻撃</span><br/>槍による最大4段の連続攻撃を行う。<br/><br/><span style=\"color:#FFD780FF\">重撃</span><br/>一定のスタミナを消費して前方に突進し、経路上の敵にダメージを与える。<br/><br/><span style=\"color:#FFD780FF\">落下攻撃</span><br/>空中から落下し地面に衝撃を与える。経路上の敵を攻撃し、落下時に範囲ダメージを与える。",
        "詳細": [
            {
                "名前": "1段ダメージ",
                "数値": {
                    "1": "44.39%",
                    "2": "48.01%",
                    "3": "51.62%",
                    "4": "56.78%",
                    "5": "60.4%",
                    "6": "64.53%",
                    "7": "70.2%",
                    "8": "75.88%",
                    "9": "81.56%",
                    "10": "87.75%",
                    "11": "93.95%"
                }
            },
            {
                "名前": "2段ダメージ",
                "数値": {
                    "1": "43.63%",
                    "2": "47.18%",
                    "3": "50.73%",
                    "4": "55.8%",
                    "5": "59.35%",
                    "6": "63.41%",
                    "7": "68.99%",
                    "8": "74.57%",
                    "9": "80.15%",
                    "10": "86.24%",
                    "11": "92.33%"
                }
            },
            {
                "名前": "3段ダメージ",
                "数値": {
                    "1": "26.79%*2",
                    "2": "28.97%*2",
                    "3": "31.15%*2",
                    "4": "34.27%*2",
                    "5": "36.45%*2",
                    "6": "38.94%*2",
                    "7": "42.36%*2",
                    "8": "45.79%*2",
                    "9": "49.22%*2",
                    "10": "52.96%*2",
                    "11": "56.69%*2"
                },
                "HIT数": 2
            },
            {
                "名前": "4段ダメージ",
                "数値": {
                    "1": "67.36%",
                    "2": "72.84%",
                    "3": "78.32%",
                    "4": "86.15%",
                    "5": "91.63%",
                    "6": "97.9%",
                    "7": "106.52%",
                    "8": "115.13%",
                    "9": "123.75%",
                    "10": "133.14%",
                    "11": "142.54%"
                }
            }
        ],
        "icon_url": "images/characters/pyro_4_polearm_Thoma/talent_1.png"
    },
    "重撃": {
        "説明": "一定のスタミナを消費して前方に突進し、経路上の敵にダメージを与える。",
        "詳細": [
            {
                "名前": "重撃ダメージ",
                "種類": "重撃ダメージ",
                "数値": {
                    "1": "112.75%",
                    "2": "121.94%",
                    "3": "131.1%",
                    "4": "144.21%",
                    "5": "153.39%",
                    "6": "163.88%",
                    "7": "178.3%",
                    "8": "192.72%",
                    "9": "207.14%",
                    "10": "222.87%",
                    "11": "238.6%"
                }
            }
        ],
        "重撃スタミナ消費": 25
    },
    "落下攻撃": {
        "説明": "空中から落下し地面に衝撃を与える。経路上の敵を攻撃し、落下時に範囲ダメージを与える。",
        "詳細": [
            {
                "名前": "落下期間のダメージ",
                "種類": "落下攻撃ダメージ",
                "数値": {
                    "1": "63.93%",
                    "2": "69.14%",
                    "3": "74.34%",
                    "4": "81.77%",
                    "5": "86.98%",
                    "6": "92.93%",
                    "7": "101.1%",
                    "8": "109.28%",
                    "9": "117.46%",
                    "10": "126.38%",
                    "11": "135.3%"
                }
            },
            {
                "名前": "低空/高空落下攻撃ダメージ",
                "種類": "落下攻撃ダメージ",
                "数値": {
                    "1": "127.84%",
                    "2": "138.24%",
                    "3": "148.65%",
                    "4": "163.51%",
                    "5": "173.92%",
                    "6": "185.81%",
                    "7": "202.16%",
                    "8": "218.51%",
                    "9": "234.86%",
                    "10": "252.7%",
                    "11": "270.54%"
                }
            },
            {
                "名前": "低空/高空落下攻撃ダメージ",
                "種類": "落下攻撃ダメージ",
                "数値": {
                    "1": "159.68%",
                    "2": "172.67%",
                    "3": "185.67%",
                    "4": "204.24%",
                    "5": "217.23%",
                    "6": "232.09%",
                    "7": "253.51%",
                    "8": "272.93%",
                    "9": "293.36%",
                    "10": "315.64%",
                    "11": "337.92%"
                }
            }
        ]
    },
    "元素スキル": {
        "名前": "烈炎侍立",
        "説明": "地に刺した槍を支点とし、烈炎の力を注いで素早く蹴りを繰り出す。<span style=\"color: rgb(255, 153, 153)\">炎元素範囲ダメージ</span>を与え、身を守る烈炎侍立シールドを召喚する。スキル発動の瞬間、トーマ自身に<span style=\"color: rgb(255, 153, 153)\">炎元素付着</span>を与える。<br>シールドのダメージ吸収量はトーマのHP上限によって決まる。<br>烈炎侍立シールドは以下の特性を持つ。<br>・<span style=\"color: rgb(255, 153, 153)\">炎元素ダメージ</span>に対して250%の吸収効果がある。<br>・シールドの残りダメージ吸収量は、新しく烈炎侍立シールドを獲得した時に重ね掛けされ、継続時間が更新される。<br><br>シールドのダメージ吸収量は、トーマのHP上限の一定割合を超えることはできない。<br><br><em>異郷からの訪問者である彼が生粋の稲妻槍術を習得するには、情熱の炎を灯す必要がある。そして、トーマの功績は「最速の習得」と「槍術の豪傑」に留まらなかった。「守護」を信念に掲げる彼は、防御の技術と甲胄の特性を自身の槍術に上手く取り入れたのだ。</em>",
        "詳細": [
            {
                "名前": "スキルダメージ",
                "数値": {
                    "1": "146.4%",
                    "2": "157.38%",
                    "3": "168.36%",
                    "4": "183%",
                    "5": "193.98%",
                    "6": "204.96%",
                    "7": "219.6%",
                    "8": "234.24%",
                    "9": "248.88%",
                    "10": "263.52%",
                    "11": "278.16%",
                    "12": "292.8%",
                    "13": "311.1%"
                }
            },
            {
                "名前": "シールド吸収量",
                "種類": "シールド",
                "数値": {
                    "1": "7.2%HP上限+693",
                    "2": "7.74%HP上限+763",
                    "3": "8.28%HP上限+838",
                    "4": "9%HP上限+919",
                    "5": "9.54%HP上限+1005",
                    "6": "10.08%HP上限+1098",
                    "7": "10.8%HP上限+1196",
                    "8": "11.52%HP上限+1300",
                    "9": "12.24%HP上限+1410",
                    "10": "12.96%HP上限+1525",
                    "11": "13.68%HP上限+1647",
                    "12": "14.4%HP上限+1774",
                    "13": "15.3%HP上限+1907"
                }
            },
            {
                "名前": "シールド吸収量上限",
                "種類": "シールド",
                "数値": {
                    "1": "19.6%HP上限+1887",
                    "2": "21.07%HP上限+2076",
                    "3": "22.54%HP上限+2281",
                    "4": "24.5%HP上限+2501",
                    "5": "25.97%HP上限+2737",
                    "6": "27.44%HP上限+2989",
                    "7": "29.4%HP上限+3256",
                    "8": "31.36%HP上限+3539",
                    "9": "33.32%HP上限+3838",
                    "10": "35.28%HP上限+4153",
                    "11": "37.24%HP上限+4483",
                    "12": "39.2%HP上限+4829",
                    "13": "41.65%HP上限+5191"
                }
            }
        ],
        "シールド継続時間": 8,
        "クールタイム": 15,
        "icon_url": "images/characters/pyro_4_polearm_Thoma/talent_2.png"
    },
    "元素爆発": {
        "名前": "真紅熾炎の大鎧",
        "説明": "長槍を回し、熾烈なる炎で周囲の敵を叩き斬る。<span style=\"color: rgb(255, 153, 153)\">炎元素範囲ダメージ</span>を与え、熾炎の大鎧を創造する。<br><br><span style=\"color: rgb(255, 215, 128)\">熾炎の大鎧</span><br>熾炎の大鎧効果にあるフィールド上キャラクターが通常攻撃を行う時、熾炎崩滅を発動し、<span style=\"color: rgb(255, 153, 153)\">炎元素範囲ダメージ</span>を与え、身を守る烈炎侍立シールドを生成する。<br>熾炎崩滅は1秒毎に1回のみ発動可能。<br><br>生成したシールドはダメージ吸収量以外、元素スキル「烈炎侍立」のシールドと同じ特性を持つ。<br>・<span style=\"color: rgb(255, 153, 153)\">炎元素ダメージ</span>に対して250%の吸収効果がある。<br>・シールドの残りダメージ吸収量は、新しく烈炎侍立シールドを獲得した時に重ね掛けされ、継続時間が更新される。<br><br>シールドのダメージ吸収量は、トーマのHP上限の一定割合を超えることはできない。<br><br>トーマが戦闘不能になった時、熾炎の大鎧の効果がクリアされる。<br><br><em>「オレはあの時の約束を決して忘れない。この烈炎は決して消えない、そしてオレの大切な人を守り抜く。」</em>",
        "詳細": [
            {
                "名前": "スキルダメージ",
                "数値": {
                    "1": "88%",
                    "2": "94.6%",
                    "3": "101.2%",
                    "4": "110%",
                    "5": "116.6%",
                    "6": "123.2%",
                    "7": "132%",
                    "8": "140.8%",
                    "9": "149.6%",
                    "10": "158.4%",
                    "11": "167.2%",
                    "12": "176%",
                    "13": "187%"
                }
            },
            {
                "名前": "熾炎崩滅ダメージ",
                "数値": {
                    "1": "58%",
                    "2": "62.35%",
                    "3": "66.7%",
                    "4": "72.5%",
                    "5": "76.85%",
                    "6": "81.2%",
                    "7": "87%",
                    "8": "92.8%",
                    "9": "98.6%",
                    "10": "104.4%",
                    "11": "110.2%",
                    "12": "116%",
                    "13": "123.25%"
                }
            },
            {
                "名前": "シールド吸収量",
                "種類": "シールド",
                "数値": {
                    "1": "1.14%HP上限+110",
                    "2": "1.23%HP上限+121",
                    "3": "1.32%HP上限+133",
                    "4": "1.43%HP上限+146",
                    "5": "1.52%HP上限+160",
                    "6": "1.6%HP上限+174",
                    "7": "1.72%HP上限+190",
                    "8": "1.83%HP上限+206",
                    "9": "1.94%HP上限+224",
                    "10": "2.06%HP上限+242",
                    "11": "2.17%HP上限+261",
                    "12": "2.29%HP上限+282",
                    "13": "2.43%HP上限+303"
                }
            }
        ],
        "シールド継続時間": 8,
        "熾炎の大鎧継続時間": 8,
        "クールタイム": 20,
        "元素エネルギー": 80,
        "icon_url": "images/characters/pyro_4_polearm_Thoma/talent_3.png"
    },
    "固有天賦": [
        {
            "名前": "懸鯛狩り",
            "種類": "固有天賦",
            "説明": "旅人が稲妻地域で<span style=\"color:#FFD780FF\">釣り</span>に成功した時、トーマの協力によって20%の確率で魚を2倍獲得する。",
            "icon_url": "images/characters/pyro_4_polearm_Thoma/talent_6.png"
        },
        {
            "名前": "重装甲胄",
            "説明": "フィールド上キャラクターが<span style=\"color:#FFD780FF\">烈炎侍立シールド</span>を獲得または更新した時、シールド強化+5%、継続時間6秒。<br/>この効果は0.3秒毎に1回のみ発動可能、最大5重まで。",
            "icon_url": "images/characters/pyro_4_polearm_Thoma/talent_4.png",
            "詳細": [
                {
                    "条件": "重装甲冑 シールド強化@+5-25%",
                    "種類": "シールド強化",
                    "数値": 1
                }
            ]
        },
        {
            "名前": "進撃の烈炎",
            "種類": "固有天賦",
            "説明": "<span style=\"color:#FFD780FF\">真紅熾炎の大鎧</span>の熾炎崩滅によるダメージがトーマのHP上限2.2%分アップする。",
            "詳細": [
                {
                    "対象": "元素爆発ダメージ.熾炎崩滅ダメージ",
                    "種類": "元素爆発ダメージアップ",
                    "数値": "2.2%HP上限"
                }
            ],
            "icon_url": "images/characters/pyro_4_polearm_Thoma/talent_5.png"
        }
    ],
    "命ノ星座": {
        "1": {
            "名前": "同袍の義理",
            "説明": "トーマ自身の<span style=\"color:#FFD780FF\">烈炎侍立シールド</span>に守られたキャラクター（トーマ自身を除く）が攻撃を受けた時、トーマ自身の<span style=\"color:#FFD780FF\">烈炎侍立</span>のクールタイム-3秒、<span style=\"color:#FFD780FF\">真紅熾炎の大鎧</span>のクールタイム-3秒。<br/>この効果は20秒毎に1回のみ発動可能。",
            "icon_url": "images/characters/pyro_4_polearm_Thoma/summaryList_1.png",
            "詳細": []
        },
        "2": {
            "名前": "官吏の才知",
            "説明": "<span style=\"color:#FFD780FF\">真紅熾炎の大鎧</span>の継続時間+3秒。",
            "icon_url": "images/characters/pyro_4_polearm_Thoma/summaryList_2.png",
            "詳細": []
        },
        "3": {
            "名前": "揺るがぬ用心",
            "説明": "<span style=\"color:#FFD780FF\">烈炎侍立</span>のスキルLv.+3。<br/>最大Lv.15まで。",
            "icon_url": "images/characters/pyro_4_polearm_Thoma/summaryList_3.png",
            "詳細": []
        },
        "4": {
            "名前": "家臣の方策",
            "説明": "<span style=\"color:#FFD780FF\">真紅熾炎の大鎧</span>を発動すると、トーマの元素エネルギーを15ポイント回復する。",
            "icon_url": "images/characters/pyro_4_polearm_Thoma/summaryList_4.png",
            "詳細": []
        },
        "5": {
            "名前": "烈々たる野火",
            "説明": "<span style=\"color:#FFD780FF\">真紅熾炎の大鎧</span>のスキルLv.+3。<br/>最大Lv.15まで。",
            "icon_url": "images/characters/pyro_4_polearm_Thoma/summaryList_5.png",
            "詳細": []
        },
        "6": {
            "名前": "燃え立つ誠心",
            "説明": "<span style=\"color:#FFD780FF\">烈炎侍立シールド</span>を獲得または更新した時、チーム全員の通常攻撃、重撃及び落下攻撃ダメージ+15%、継続時間6秒。",
            "詳細": [
                {
                    "条件": "燃え立つ誠心 通常、重撃、落下攻撃ダメージ+15%",
                    "種類": "通常攻撃ダメージバフ",
                    "数値": 15
                },
                {
                    "条件": "燃え立つ誠心 通常、重撃、落下攻撃ダメージ+15%",
                    "種類": "重撃ダメージバフ",
                    "数値": 15
                },
                {
                    "条件": "燃え立つ誠心 通常、重撃、落下攻撃ダメージ+15%",
                    "種類": "落下攻撃ダメージバフ",
                    "数値": 15
                }
            ],
            "icon_url": "images/characters/pyro_4_polearm_Thoma/summaryList_6.png"
        }
    },
    "おすすめセット": [
        {
            "武器": "喜多院十文字槍",
            "聖遺物メイン効果3": "5_元素チャージ効率",
            "聖遺物メイン効果4": "5_元素熟知",
            "聖遺物メイン効果5": "5_元素熟知",
            "聖遺物セット効果1": "金メッキの夢",
            "聖遺物セット効果2": "金メッキの夢",
            "聖遺物優先するサブ効果1": "HP%",
            "聖遺物優先するサブ効果2": "元素熟知",
            "聖遺物優先するサブ効果3": "元素チャージ効率"
        },
        {
            "武器": "西風長槍",
            "聖遺物メイン効果3": "5_元素チャージ効率",
            "聖遺物メイン効果4": "5_HP%",
            "聖遺物メイン効果5": "5_会心率",
            "聖遺物セット効果1": "金メッキの夢",
            "聖遺物セット効果2": "金メッキの夢",
            "聖遺物優先するサブ効果1": "会心率",
            "聖遺物優先するサブ効果2": "HP%",
            "聖遺物優先するサブ効果3": "元素チャージ効率"
        },
        {
            "武器": "草薙の稲光",
            "聖遺物メイン効果3": "5_元素チャージ効率",
            "聖遺物メイン効果4": "5_炎元素ダメージバフ",
            "聖遺物メイン効果5": "5_会心率",
            "聖遺物セット効果1": "絶縁の旗印",
            "聖遺物セット効果2": "絶縁の旗印",
            "聖遺物優先するサブ効果1": "会心ダメージ",
            "聖遺物優先するサブ効果2": "会心率",
            "聖遺物優先するサブ効果3": "攻撃力%"
        },
        {
            "武器": "護摩の杖",
            "聖遺物メイン効果3": "5_攻撃力%",
            "聖遺物メイン効果4": "5_炎元素ダメージバフ",
            "聖遺物メイン効果5": "5_会心率",
            "聖遺物セット効果1": "絶縁の旗印",
            "聖遺物セット効果2": "絶縁の旗印",
            "聖遺物優先するサブ効果1": "会心ダメージ",
            "聖遺物優先するサブ効果2": "会心率",
            "聖遺物優先するサブ効果3": "攻撃力%"
        },
        {
            "武器": "黒纓槍",
            "聖遺物メイン効果3": "5_元素チャージ効率",
            "聖遺物メイン効果4": "5_HP%",
            "聖遺物メイン効果5": "5_HP%",
            "聖遺物セット効果1": "絶縁の旗印",
            "聖遺物セット効果2": "千岩牢固",
            "聖遺物優先するサブ効果1": "元素チャージ効率",
            "聖遺物優先するサブ効果2": "HP%"
        }
    ]
}