{
    "名前": "ウェンティ",
    "レアリティ": 5,
    "武器": "弓",
    "元素": "風",
    "ステータス": {
        "基礎HP": {
            "80": 9292,
            "80+": 9791,
            "90": 10531
        },
        "基礎攻撃力": {
            "80": 232,
            "80+": 245,
            "90": 263
        },
        "基礎防御力": {
            "80": 590,
            "80+": 622,
            "90": 669
        },
        "元素チャージ効率": {
            "80": 24,
            "80+": 32,
            "90": 32
        }
    },
    "固有変数": {
        "風神の詩HIT数": 0
    },
    "オプション初期値": {
        "風神の詩HIT数": 20
    },
    "通常攻撃": {
        "名前": "通常攻撃・神代の射術",
        "説明": "最大6段の連続射撃を行う。",
        "詳細": [
            {
                "名前": "1段ダメージ",
                "数値": {
                    "1": "20.4%+20.4%",
                    "2": "22.0%+22.0%",
                    "3": "23.7%+23.7%",
                    "4": "26.1%+26.1%",
                    "5": "27.7%+27.7%",
                    "6": "29.6%+29.6%",
                    "7": "32.2%+32.2%",
                    "8": "34.8%+34.8%",
                    "9": "37.4%+37.4%",
                    "10": "40.3%+40.3%",
                    "11": "43.5%+43.5%"
                }
            },
            {
                "名前": "2段ダメージ",
                "数値": {
                    "1": "44.4%",
                    "2": "48.0%",
                    "3": "51.6%",
                    "4": "56.8%",
                    "5": "60.4%",
                    "6": "64.5%",
                    "7": "70.2%",
                    "8": "75.9%",
                    "9": "81.5%",
                    "10": "87.7%",
                    "11": "94.8%"
                }
            },
            {
                "名前": "3段ダメージ",
                "数値": {
                    "1": "52.4%",
                    "2": "56.6%",
                    "3": "60.9%",
                    "4": "67.0%",
                    "5": "71.3%",
                    "6": "76.1%",
                    "7": "82.8%",
                    "8": "89.5%",
                    "9": "96.2%",
                    "10": "104%",
                    "11": "112%"
                }
            },
            {
                "名前": "4段ダメージ",
                "数値": {
                    "1": "26.1%+26.1%",
                    "2": "28.2%+28.2%",
                    "3": "30.3%+30.3%",
                    "4": "33.3%+33.3%",
                    "5": "35.5%+35.5%",
                    "6": "37.9%+37.9%",
                    "7": "41.2%+41.2%",
                    "8": "44.5%+44.5%",
                    "9": "47.9%+47.9%",
                    "10": "51.5%+51.5%",
                    "11": "55.7%+55.7%"
                }
            },
            {
                "名前": "5段ダメージ",
                "数値": {
                    "1": "50.7%",
                    "2": "54.8%",
                    "3": "58.9%",
                    "4": "64.8%",
                    "5": "68.9%",
                    "6": "73.6%",
                    "7": "80.1%",
                    "8": "86.6%",
                    "9": "93.1%",
                    "10": "100%",
                    "11": "108%"
                }
            },
            {
                "名前": "6段ダメージ",
                "数値": {
                    "1": "71.0%",
                    "2": "76.7%",
                    "3": "82.5%",
                    "4": "90.8%",
                    "5": "97.0%",
                    "6": "103%",
                    "7": "112%",
                    "8": "121%",
                    "9": "130%",
                    "10": "140%",
                    "11": "152%"
                }
            }
        ]
    },
    "重撃": {
        "説明": [
            "ダメージがより高く、より精確な狙い撃ちを発動する。",
            "照準時、天地の風を矢先に凝集させ、風の力に満ちた矢で敵に風元素ダメージを与える。"
        ],
        "詳細": [
            {
                "名前": "狙い撃ち",
                "数値": {
                    "1": "43.9%",
                    "2": "47.4%",
                    "3": "51.0%",
                    "4": "56.1%",
                    "5": "59.7%",
                    "6": "63.8%",
                    "7": "69.4%",
                    "8": "75.0%",
                    "9": "80.6%",
                    "10": "86.7%",
                    "11": "92.8%"
                }
            },
            {
                "名前": "フルチャージ狙い撃ち",
                "元素": "風",
                "数値": {
                    "1": "124%",
                    "2": "133%",
                    "3": "143%",
                    "4": "155%",
                    "5": "164%",
                    "6": "174%",
                    "7": "186%",
                    "8": "198%",
                    "9": "211%",
                    "10": "223%",
                    "11": "236%"
                }
            }
        ]
    },
    "落下攻撃": {
        "説明": "空中から矢の雨を放ち、凄まじいスピードで落下し地面に衝撃を与え、落下時に範囲ダメージを与える。",
        "詳細": [
            {
                "名前": "落下期間のダメージ",
                "種類": "落下攻撃ダメージ",
                "数値": {
                    "1": "56.8%",
                    "2": "61.5%",
                    "3": "66.1%",
                    "4": "72.7%",
                    "5": "77.3%",
                    "6": "82.6%",
                    "7": "89.9%",
                    "8": "97.1%",
                    "9": "104.4%",
                    "10": "112.3%",
                    "11": "120.3%"
                }
            },
            {
                "名前": "低空落下攻撃ダメージ",
                "種類": "落下攻撃ダメージ",
                "数値": {
                    "1": "114%",
                    "2": "123%",
                    "3": "132%",
                    "4": "145%",
                    "5": "155%",
                    "6": "165%",
                    "7": "180%",
                    "8": "194%",
                    "9": "209%",
                    "10": "225%",
                    "11": "240%"
                }
            },
            {
                "名前": "高空落下攻撃ダメージ",
                "種類": "落下攻撃ダメージ",
                "数値": {
                    "1": "142%",
                    "2": "153%",
                    "3": "165%",
                    "4": "182%",
                    "5": "193%",
                    "6": "206%",
                    "7": "224%",
                    "8": "243%",
                    "9": "261%",
                    "10": "281%",
                    "11": "300%"
                }
            }
        ]
    },
    "元素スキル": {
        "名前": "高天の歌",
        "説明": [
            "詩を奏でる風を呼び、塵泥の中を歩くものを高空まで届ける。",
            "一回押し",
            "目標の足もとに風域を召喚し、風元素範囲ダメージを与え、敵をノックバックする。",
            "長押し",
            "自身を中心に更に大きい風域を召喚し、風元素範囲ダメージを与え、敵をノックバックする。",
            "長押しで発動した後、ウェンティは風に乗り空中へ飛ぶ。",
            "高天の歌にノックバックされた敵はゆっくりと落下する。"
        ],
        "詳細": [
            {
                "名前": "1回押しダメージ",
                "数値": {
                    "1": "276%",
                    "2": "297%",
                    "3": "317%",
                    "4": "345%",
                    "5": "366%",
                    "6": "386%",
                    "7": "414%",
                    "8": "442%",
                    "9": "469%",
                    "10": "497%",
                    "11": "524%",
                    "12": "552%",
                    "13": "587%"
                }
            },
            {
                "名前": "長押しダメージ",
                "数値": {
                    "1": "380%",
                    "2": "409%",
                    "3": "437%",
                    "4": "475%",
                    "5": "504%",
                    "6": "532%",
                    "7": "570%",
                    "8": "608%",
                    "9": "646%",
                    "10": "684%",
                    "11": "722%",
                    "12": "760%",
                    "13": "808%"
                }
            }
        ]
    },
    "元素爆発": {
        "名前": "風神の詩",
        "説明": [
            "千の風を集めた矢を放ち、前方に巨大の暴風の目を作る。爆風は敵を巻き込み、風元素ダメージを持続的に与える。",
            "元素変化",
            "暴風の目がスキル継続中に水元素/炎元素/風元素/雷元素に接触すると、接触した元素の属性を獲得し、該当元素の付加ダメージを追加で与える。",
            "元素変化はスキル継続中に1回のみ発生する。"
        ],
        "詳細": [
            {
                "名前": "継続ダメージ",
                "数値": {
                    "1": "37.6%*風神の詩HIT数",
                    "2": "40.4%*風神の詩HIT数",
                    "3": "43.2%*風神の詩HIT数",
                    "4": "47.0%*風神の詩HIT数",
                    "5": "49.8%*風神の詩HIT数",
                    "6": "52.6%*風神の詩HIT数",
                    "7": "56.4%*風神の詩HIT数",
                    "8": "60.2%*風神の詩HIT数",
                    "9": "63.9%*風神の詩HIT数",
                    "10": "67.7%*風神の詩HIT数",
                    "11": "71.4%*風神の詩HIT数",
                    "12": "75.2%*風神の詩HIT数",
                    "13": "79.9%*風神の詩HIT数"
                }
            },
            {
                "条件": "風神の詩HIT数@1-20回",
                "種類": "固有変数"
            },
            {
                "名前": "付加元素ダメージ",
                "種類": "付加元素ダメージ",
                "数値": {
                    "1": "18.8%",
                    "2": "20.2%",
                    "3": "21.6%",
                    "4": "23.5%",
                    "5": "24.9%",
                    "6": "26.3%",
                    "7": "28.2%",
                    "8": "30.1%",
                    "9": "32.0%",
                    "10": "33.8%",
                    "11": "35.7%",
                    "12": "37.6%",
                    "13": "40.0%"
                }
            }
        ],
        "継続時間": 8,
        "クールタイム": 15,
        "元素エネルギー": 60
    },
    "その他天賦": [
        {
            "種類": "固有天賦",
            "名前": "余風の抱擁",
            "説明": [
                "高天の歌を長押しした後、上昇気流が発生する、継続時間20秒。"
            ]
        },
        {
            "種類": "固有天賦",
            "名前": "暴風の目",
            "説明": [
                "風神の詩効果終了後、ウェンティの元素エネルギーを15回復する。",
                "元素変化があった場合、該当元素のチームメンバーの元素エネルギーを15回復する。"
            ]
        },
        {
            "種類": "固有天賦",
            "名前": "恒風と共に",
            "説明": [
                "チーム内の自身のキャラクター全員が滑翔に消費するスタミナ-20%。",
                "同じ効果を持つ固有天賦との重ね掛け不能。"
            ]
        }
    ],
    "命ノ星座": {
        "1": {
            "名前": "矢先の蒼風",
            "説明": [
                "狙い撃ちする時、分裂した矢を追加で2本放つ。それぞれ元の矢の33%のダメージを与える"
            ]
        },
        "2": {
            "名前": "恋い焦がれるそよ風",
            "説明": [
                "高天の歌発動後、敵の風耐性と物理耐性-12%、継続時間10秒。",
                "高天の歌によってノックバックされた敵は着地する前に、更に風耐性と物理耐性-12%"
            ],
            "詳細": [
                {
                    "条件": "高天の歌発動後(10秒)風元素と物理耐性-12%",
                    "種類": "敵風元素耐性",
                    "数値": -12
                },
                {
                    "条件": "高天の歌発動後(10秒)風元素と物理耐性-12%",
                    "種類": "敵物理耐性",
                    "数値": -12
                },
                {
                    "条件": "高天の歌でノックバックした敵 風元素と物理耐性-12%",
                    "種類": "敵風元素耐性",
                    "数値": -12
                },
                {
                    "条件": "高天の歌でノックバックした敵 風元素と物理耐性-12%",
                    "種類": "敵物理耐性",
                    "数値": -12
                }
            ]
        },
        "3": {
            "名前": "千の風の詩",
            "説明": [
                "風神の詩のスキルLv.+3。",
                "最大Lv.15まで。"
            ]
        },
        "4": {
            "名前": "自由の凛風",
            "説明": [
                "元素オーブまたは元素粒子を獲得した後、風ダメージ+25%、継続時間10秒。"
            ],
            "詳細": [
                {
                    "条件": "元素オーブまたは元素粒子獲得後(10秒)風ダメージ+25%",
                    "種類": "風元素ダメージバフ",
                    "数値": 25
                }
            ]
        },
        "5": {
            "名前": "高天の協奏",
            "説明": [
                "高天の歌のスキルLv.+3。",
                "最大Lv.15まで。"
            ]
        },
        "6": {
            "名前": "抗争の暴風",
            "説明": [
                "風神の詩の影響を受ける敵の風属性-20%。",
                "元素変化があった場合、変化した元素の耐性-20%。"
            ],
            "詳細": [
                {
                    "条件": "風神の詩の影響を受ける敵 風元素耐性-20%",
                    "種類": "敵風元素耐性",
                    "数値": -20
                }
            ]
        }
    },
    "おすすめセット": {
        "天空の翼 翠緑の影 [攻風ダ]": {
            "武器": "天空の翼",
            "聖遺物メイン効果3": "5_攻撃力%",
            "聖遺物メイン効果4": "5_風元素ダメージバフ",
            "聖遺物メイン効果5": "5_会心ダメージ",
            "聖遺物セット効果1": "翠緑の影",
            "聖遺物セット効果2": "翠緑の影",
            "聖遺物優先するサブ効果1": "会心率",
            "聖遺物優先するサブ効果2": "会心ダメージ",
            "聖遺物優先するサブ効果3": "攻撃力%"
        },
        "終焉を嘆く詩 翠緑の影 [攻風率]": {
            "武器": "終焉を嘆く詩",
            "聖遺物メイン効果3": "5_攻撃力%",
            "聖遺物メイン効果4": "5_風元素ダメージバフ",
            "聖遺物メイン効果5": "5_会心率",
            "聖遺物セット効果1": "翠緑の影",
            "聖遺物セット効果2": "翠緑の影",
            "聖遺物優先するサブ効果1": "会心ダメージ",
            "聖遺物優先するサブ効果2": "会心率",
            "聖遺物優先するサブ効果3": "攻撃力%"
        },
        "絶弦 翠緑の影 [攻風率]": {
            "武器": "絶弦",
            "聖遺物メイン効果3": "5_攻撃力%",
            "聖遺物メイン効果4": "5_風元素ダメージバフ",
            "聖遺物メイン効果5": "5_会心率",
            "聖遺物セット効果1": "翠緑の影",
            "聖遺物セット効果2": "翠緑の影",
            "聖遺物優先するサブ効果1": "会心ダメージ",
            "聖遺物優先するサブ効果2": "会心率",
            "聖遺物優先するサブ効果3": "攻撃力%"
        },
        "西風猟弓 翠緑の影 [攻風率]": {
            "武器": "西風猟弓",
            "聖遺物メイン効果3": "5_攻撃力%",
            "聖遺物メイン効果4": "5_風元素ダメージバフ",
            "聖遺物メイン効果5": "5_会心率",
            "聖遺物セット効果1": "翠緑の影",
            "聖遺物セット効果2": "翠緑の影",
            "聖遺物優先するサブ効果1": "会心率",
            "聖遺物優先するサブ効果2": "会心ダメージ",
            "聖遺物優先するサブ効果3": "攻撃力%"
        }
    }
}