{
    "名前": "スクロース",
    "レアリティ": 4,
    "武器": "法器",
    "元素": "風",
    "ステータス": {
        "基礎HP": {
            "80": 8192,
            "80+": 8604,
            "90": 9244
        },
        "基礎攻撃力": {
            "80": 151,
            "80+": 158,
            "90": 170
        },
        "基礎防御力": {
            "80": 623,
            "80+": 654,
            "90": 703
        },
        "風元素ダメージバフ": {
            "80": 18,
            "80+": 24,
            "90": 24
        }
    },
    "通常攻撃": {
        "名前": "通常攻撃・簡式風霊作成",
        "説明": "最高4段の連続攻撃、風ダメージを与える。",
        "詳細": [
            {
                "名前": "1段ダメージ",
                "数値": {
                    "1": "33.5%",
                    "2": "36.0%",
                    "3": "38.5%",
                    "4": "41.8%",
                    "5": "44.3%",
                    "6": "46.8%",
                    "7": "50.2%",
                    "8": "53.5%",
                    "9": "56.9%",
                    "10": "60.2%",
                    "11": "63.6%"
                }
            },
            {
                "名前": "2段ダメージ",
                "数値": {
                    "1": "30.6%",
                    "2": "32.9%",
                    "3": "35.2%",
                    "4": "38.3%",
                    "5": "40.6%",
                    "6": "42.9%",
                    "7": "45.9%",
                    "8": "49.0%",
                    "9": "52.0%",
                    "10": "55.1%",
                    "11": "58.2%"
                }
            },
            {
                "名前": "3段ダメージ",
                "数値": {
                    "1": "38.4%",
                    "2": "41.3%",
                    "3": "44.2%",
                    "4": "48.1%",
                    "5": "50.9%",
                    "6": "53.8%",
                    "7": "57.7%",
                    "8": "61.5%",
                    "9": "65.4%",
                    "10": "69.2%",
                    "11": "73.1%"
                }
            },
            {
                "名前": "4段ダメージ",
                "数値": {
                    "1": "47.9%",
                    "2": "51.5%",
                    "3": "55.1%",
                    "4": "59.9%",
                    "5": "63.5%",
                    "6": "67.1%",
                    "7": "71.9%",
                    "8": "76.6%",
                    "9": "81%",
                    "10": "86%",
                    "11": "91%"
                }
            }
        ]
    },
    "重撃": {
        "説明": "一定のスタミナを消費し、短い詠唱した後、敵に風範囲ダメージを与える。",
        "詳細": [
            {
                "名前": "重撃ダメージ",
                "数値": {
                    "1": "120%",
                    "2": "129%",
                    "3": "138%",
                    "4": "150%",
                    "5": "159%",
                    "6": "168%",
                    "7": "180%",
                    "8": "192%",
                    "9": "204%",
                    "10": "216%",
                    "11": "228%"
                }
            }
        ],
        "重撃スタミナ消費": 50
    },
    "落下攻撃": {
        "説明": "風霊の力を凝集し、空中から落下し地面に衝撃を与える。経路上の敵を攻撃し、落下時に風範囲ダメージを与える。",
        "詳細": [
            {
                "名前": "落下期間のダメージ",
                "種類": "落下攻撃ダメージ",
                "数値": {
                    "1": "56.8%",
                    "2": "61.5%",
                    "3": "66.1%",
                    "4": "72.7%",
                    "5": "77.3%",
                    "6": "82.6%",
                    "7": "89.9%",
                    "8": "97.1%",
                    "9": "104.4%",
                    "10": "112.3%",
                    "11": "120.3%"
                }
            },
            {
                "名前": "低空落下攻撃ダメージ",
                "種類": "落下攻撃ダメージ",
                "数値": {
                    "1": "114%",
                    "2": "123%",
                    "3": "132%",
                    "4": "145%",
                    "5": "155%",
                    "6": "165%",
                    "7": "180%",
                    "8": "194%",
                    "9": "209%",
                    "10": "225%",
                    "11": "240%"
                }
            },
            {
                "名前": "高空落下攻撃ダメージ",
                "種類": "落下攻撃ダメージ",
                "数値": {
                    "1": "142%",
                    "2": "153%",
                    "3": "165%",
                    "4": "182%",
                    "5": "193%",
                    "6": "206%",
                    "7": "224%",
                    "8": "243%",
                    "9": "261%",
                    "10": "281%",
                    "11": "300%"
                }
            }
        ]
    },
    "元素スキル": {
        "名前": "風霊作成・六三〇八",
        "説明": [
            "小型風霊を召喚し、敵と物体を風霊の位置に吸い寄せ、範囲内の敵をノックバックし、風ダメージを与える。"
        ],
        "詳細": [
            {
                "名前": "スキルダメージ",
                "数値": {
                    "1": "211%",
                    "2": "227%",
                    "3": "243%",
                    "4": "264%",
                    "5": "280%",
                    "6": "296%",
                    "7": "317%",
                    "8": "338%",
                    "9": "359%",
                    "10": "380%",
                    "11": "401%",
                    "12": "422%",
                    "13": "449%"
                }
            }
        ]
    },
    "元素爆発": {
        "名前": "禁・風霊作成・七五同構弐型",
        "説明": [
            "スクロースが不安定なフラスコを投げ出し、大型風霊を生成する。",
            "風霊が存在している間に、継続的に付近の敵と物体を吸い寄せ、ノックバックし、風ダメージを与え続ける。",
            "元素変化",
            "風霊がスキル継続中に水元素/炎元素/氷元素/雷元素に接触すると、接触した元素属性を獲得し、該当元素の付加ダメージを追加で与える。",
            "元素変化はスキル継続中に1回のみ発生する。"
        ],
        "詳細": [
            {
                "名前": "継続ダメージ",
                "数値": {
                    "1": "148%",
                    "2": "159%",
                    "3": "170%",
                    "4": "185%",
                    "5": "196%",
                    "6": "207%",
                    "7": "222%",
                    "8": "237%",
                    "9": "252%",
                    "10": "266%",
                    "11": "281%",
                    "12": "296%",
                    "13": "315%"
                }
            },
            {
                "名前": "付加元素ダメージ",
                "種類": "付加元素ダメージ",
                "数値": {
                    "1": "44.0%",
                    "2": "47.3%",
                    "3": "50.6%",
                    "4": "55.0%",
                    "5": "58.3%",
                    "6": "61.6%",
                    "7": "66.0%",
                    "8": "70.4%",
                    "9": "74.8%",
                    "10": "79.2%",
                    "11": "83.6%",
                    "12": "88.0%",
                    "13": "93.5%"
                }
            }
        ]
    },
    "その他天賦": [
        {
            "名前": "触媒置換術",
            "説明": "スクロースが拡散反応を起こした時、該当元素のチームメンバー全員（スクロース自身を除く）の元素熟知+50、継続時間8秒。"
        },
        {
            "名前": "小さな恵風",
            "説明": [
                "「風霊作成・六三〇八」又は「禁・風霊作成・七五同構弐型」が敵に命中した時、スクロースの元素熟知の20%を基準に、チーム内キャラクター全員（スクロース自身を除く）の元素熟知を強化、継続時間8秒。"
            ]
        },
        {
            "名前": "不安定な発見",
            "説明": [
                "キャラクターと武器の育成素材を合成する時、10%の確率でアイテムを2倍獲得する。"
            ]
        }
    ],
    "命ノ星座": {
        "1": {
            "名前": "積み上げ真空域",
            "説明": [
                "風霊作成・六三〇八の発動可能回数+1。"
            ]
        },
        "2": {
            "名前": "不羈型ベト",
            "説明": [
                "禁・風霊作成・七五同構弐型のスキル継続時間+2秒。"
            ]
        },
        "3": {
            "名前": "ゼロミス少女",
            "説明": [
                "風霊作成・六三〇八のスキルLv.+3。",
                "最大Lv.15まで。"
            ]
        },
        "4": {
            "名前": "錬金の偏執",
            "説明": [
                "スクロースの通常攻撃または重撃が敵に累計7回命中すると、風霊作成・六三〇八のクールタイムがランダムに1~7秒減少する。0.1秒毎に1回のみカウント可能。"
            ]
        },
        "5": {
            "名前": "真面目な普通瓶",
            "説明": [
                "禁・風霊作成・七五同構弐型のスキルLv.+3。",
                "最大Lv.15まで。"
            ]
        },
        "6": {
            "名前": "混合熵増論",
            "説明": [
                "禁・風霊作成・七五同構弐型に元素変化があった場合、スキル継続中にチーム全員の該当元素ダメージ+20%。"
            ]
        }
    },
    "おすすめセット": {
        "祭礼の断片 翠緑の影 [熟熟熟]": {
            "武器": "祭礼の断片",
            "聖遺物メイン効果3": "5_元素熟知",
            "聖遺物メイン効果4": "5_元素熟知",
            "聖遺物メイン効果5": "5_元素熟知",
            "聖遺物セット効果1": "翠緑の影",
            "聖遺物セット効果2": "翠緑の影",
            "聖遺物優先するサブ効果1": "元素チャージ効率",
            "聖遺物優先するサブ効果2": null,
            "聖遺物優先するサブ効果3": null
        },
        "祭礼の断片 翠緑の影 [ﾁｬ熟熟]": {
            "武器": "祭礼の断片",
            "聖遺物メイン効果3": "5_元素チャージ効率",
            "聖遺物メイン効果4": "5_元素熟知",
            "聖遺物メイン効果5": "5_元素熟知",
            "聖遺物セット効果1": "翠緑の影",
            "聖遺物セット効果2": "翠緑の影",
            "聖遺物優先するサブ効果1": "元素チャージ効率",
            "聖遺物優先するサブ効果2": "元素熟知",
            "聖遺物優先するサブ効果3": null
        },
        "万国諸海の図譜 [ﾁｬ熟熟]": {
            "武器": "万国諸海の図譜",
            "聖遺物メイン効果3": "5_元素チャージ効率",
            "聖遺物メイン効果4": "5_元素熟知",
            "聖遺物メイン効果5": "5_元素熟知",
            "聖遺物セット効果1": "翠緑の影",
            "聖遺物セット効果2": "翠緑の影",
            "聖遺物優先するサブ効果1": "元素チャージ効率",
            "聖遺物優先するサブ効果2": "元素熟知",
            "聖遺物優先するサブ効果3": null
        },
        "金珀・試作 [ﾁｬ熟熟]": {
            "武器": "金珀・試作",
            "聖遺物メイン効果3": "5_元素チャージ効率",
            "聖遺物メイン効果4": "5_元素熟知",
            "聖遺物メイン効果5": "5_元素熟知",
            "聖遺物セット効果1": "翠緑の影",
            "聖遺物セット効果2": "翠緑の影",
            "聖遺物優先するサブ効果1": "元素チャージ効率",
            "聖遺物優先するサブ効果2": "元素熟知",
            "聖遺物優先するサブ効果3": null
        }
    }
}