{
    "名前": "早柚",
    "レアリティ": 4,
    "武器": "両手剣",
    "元素": "風",
    "ステータス": {
        "基礎HP": {
            "80": 10505,
            "80+": 11033,
            "90": 11854
        },
        "基礎攻撃力": {
            "80": 216,
            "80+": 227,
            "90": 244
        },
        "基礎防御力": {
            "80": 660,
            "80+": 693,
            "90": 745
        },
        "元素熟知": {
            "80": 72,
            "80+": 96,
            "90": 96
        }
    },
    "通常攻撃": {
        "名前": "通常攻撃・忍刀・終末番",
        "説明": "最大4段の連続攻撃を行う。",
        "詳細": [
            {
                "名前": "1段ダメージ",
                "数値": {
                    "1": "72.2%",
                    "2": "78.1%",
                    "3": "84.0%",
                    "4": "92.4%",
                    "5": "98.3%",
                    "6": "105.0%",
                    "7": "114.2%",
                    "8": "123.5%",
                    "9": "132.7%",
                    "10": "142.8%",
                    "11": "154.4%"
                }
            },
            {
                "名前": "2段ダメージ",
                "数値": {
                    "1": "71.4%",
                    "2": "77.2%",
                    "3": "83.0%",
                    "4": "91.3%",
                    "5": "97.1%",
                    "6": "107%",
                    "7": "112.9%",
                    "8": "122.0%",
                    "9": "131.1%",
                    "10": "141.1%",
                    "11": "152.5%"
                }
            },
            {
                "名前": "3段ダメージ",
                "数値": {
                    "1": "43.4%+43.4%",
                    "2": "47.0%+47.0%",
                    "3": "50.5%+50.5%",
                    "4": "55.6%+55.6%",
                    "5": "59.1%+59.1%",
                    "6": "63.1%+63.1%",
                    "7": "68.7%+68.7%",
                    "8": "74.2%+74.2%",
                    "9": "79.8%+79.8%",
                    "10": "85.9%+85.9%",
                    "11": "92.8%+92.8%"
                }
            },
            {
                "名前": "4段ダメージ",
                "数値": {
                    "1": "98.1%",
                    "2": "106.1%",
                    "3": "114.1%",
                    "4": "125.5%",
                    "5": "133.5%",
                    "6": "142.6%",
                    "7": "155.2%",
                    "8": "167.7%",
                    "9": "180.3%",
                    "10": "194.0%",
                    "11": "209.7%"
                }
            }
        ]
    },
    "重撃": {
        "説明": [
            "持続的にスタミナを消費し、大剣を振り回し周囲の敵を攻撃する。",
            "斬撃が終了したときに、更に強力な攻撃を1回放つ"
        ],
        "詳細": [
            {
                "名前": "連続重撃ダメージ",
                "数値": {
                    "1": "62.5%",
                    "2": "67.6%",
                    "3": "72.7%",
                    "4": "80.0%",
                    "5": "85.1%",
                    "6": "90.9%",
                    "7": "98.9%",
                    "8": "106.9%",
                    "9": "114.9%",
                    "10": "123.6%",
                    "11": "133.6%"
                }
            },
            {
                "名前": "重撃終了ダメージ",
                "数値": {
                    "1": "113%%",
                    "2": "122%",
                    "3": "132%",
                    "4": "145%",
                    "5": "154%",
                    "6": "164%",
                    "7": "179%",
                    "8": "193%",
                    "9": "208%",
                    "10": "224%",
                    "11": "242%"
                }
            }
        ]
    },
    "落下攻撃": {
        "説明": "空中から落下し地面に衝撃を与える。経路上の敵を攻撃し、落下時に範囲ダメージを与える。",
        "詳細": [
            {
                "名前": "落下期間のダメージ",
                "種類": "落下攻撃ダメージ",
                "数値": {
                    "1": "74.6%",
                    "2": "80.7%",
                    "3": "86.7%",
                    "4": "95.4%",
                    "5": "101.5%",
                    "6": "108.4%",
                    "7": "118%",
                    "8": "127.5%",
                    "9": "137%",
                    "10": "147.4%",
                    "11": "157.8%"
                }
            },
            {
                "名前": "低空/高空落下攻撃ダメージ",
                "種類": "落下攻撃ダメージ",
                "数値": {
                    "1": "149%/186%",
                    "2": "161%/201%",
                    "3": "173%/217%",
                    "4": "191%/238%",
                    "5": "203%/253%",
                    "6": "217%/271%",
                    "7": "236%/295%",
                    "8": "255%/318%",
                    "9": "274%/342%",
                    "10": "295%/368%",
                    "11": "316%/394%"
                }
            }
        ]
    },
    "元素スキル": {
        "名前": "嗚呼流・風隠急進",
        "説明": [
            "忍法・嗚呼流の独創奥義！疾風の如く速さで戦場を馳せる！",
            "体を丸め、高速回転する風々輪となり突進する。命中した敵に風元素ダメージを与え、スキル終了時に風々輪・旋舞蹴を繰り出し、風元素範囲ダメージを与える。"
        ],
        "一回押し": {
            "説明": [
                "風々輪状態になり、前方へ転がり、風々輪・旋舞蹴を繰り出す。"
            ],
            "詳細": [
                {
                    "名前": "風々輪ダメージ",
                    "数値": {
                        "1": "36.0%",
                        "2": "38.7%",
                        "3": "41.4%",
                        "4": "45.0%",
                        "5": "47.7%",
                        "6": "50.4%",
                        "7": "54.0%",
                        "8": "57.6%",
                        "9": "61.2%",
                        "10": "64.8%",
                        "11": "68.4%",
                        "12": "72%",
                        "13": "76.5%"
                    }
                },
                {
                    "名前": "風々輪・旋舞蹴一回押しダメージ",
                    "数値": {
                        "1": "158.4%",
                        "2": "170.3%",
                        "3": "182.2%",
                        "4": "198.0%",
                        "5": "209.9%",
                        "6": "221.8%",
                        "7": "237.6%",
                        "8": "253.4%",
                        "9": "269.3%",
                        "10": "285.1%",
                        "11": "300.96%",
                        "12": "316.8%",
                        "13": "336.6%"
                    }
                }
            ]
        },
        "長押し": {
            "詳細": [
                {
                    "名前": "風々輪・旋舞蹴長押しダメージ",
                    "数値": {
                        "1": "217.6%",
                        "2": "233.9%",
                        "3": "250.2%",
                        "4": "272.0%",
                        "5": "288.3%",
                        "6": "304.6%",
                        "7": "326.4%",
                        "8": "348.2%",
                        "9": "369.9%",
                        "10": "391.7%",
                        "11": "413.44%",
                        "12": "435.2%",
                        "13": "462.4%"
                    }
                },
                {
                    "名前": "風々輪・追加元素ダメージ",
                    "種類": "付加元素ダメージ",
                    "数値": {
                        "1": "16.8%",
                        "2": "18.1%",
                        "3": "19.3%",
                        "4": "21.0%",
                        "5": "22.3%",
                        "6": "23.5%",
                        "7": "25.2%",
                        "8": "26.9%",
                        "9": "28.6%",
                        "10": "30.2%",
                        "11": "31.92%",
                        "12": "33.6%",
                        "13": "35.7%"
                    }
                },
                {
                    "名前": "風々輪・旋舞蹴長押し追加元素ダメージ",
                    "種類": "付加元素ダメージ",
                    "数値": {
                        "1": "76.2%",
                        "2": "81.9%",
                        "3": "87.6%",
                        "4": "95.2%",
                        "5": "100.9%",
                        "6": "106.6%",
                        "7": "114.2%",
                        "8": "121.9%",
                        "9": "129.5%",
                        "10": "137.1%",
                        "11": "144.7%",
                        "12": "152.32%",
                        "13": "161.84%"
                    }
                }
            ]
        }
    },
    "元素爆発": {
        "名前": "嗚呼流・影貉繚乱",
        "説明": [
            "忍法・嗚呼流のもう一つの独創奥義！早柚に代わって仕事をこなしてくれる助っ人を創造する！",
            "近くの敵に風元素ダメージを与え、周囲のチーム全員のHPを回復し、「むじむじだるま」を召喚する。HPの回復量は早柚の攻撃力によって決まる。"
        ],
        "詳細": [
            {
                "名前": "スキル発動ダメージ",
                "数値": {
                    "1": "117%",
                    "2": "126%",
                    "3": "134%",
                    "4": "146%",
                    "5": "155%",
                    "6": "164%",
                    "7": "175%",
                    "8": "187%",
                    "9": "199%",
                    "10": "210%",
                    "11": "222%",
                    "12": "234%",
                    "13": "248%"
                }
            },
            {
                "名前": "スキル発動回復量",
                "種類": "HP回復",
                "数値": {
                    "1": "92.2%攻撃力+577",
                    "2": "99.1%攻撃力+635",
                    "3": "106.0%攻撃力+698",
                    "4": "115.2%攻撃力+765",
                    "5": "122.1%攻撃力+837",
                    "6": "129.0%攻撃力+914",
                    "7": "138.2%攻撃力+996",
                    "8": "147.5%攻撃力+1083",
                    "9": "156.7%攻撃力+1174",
                    "10": "165.9%攻撃力+1270",
                    "11": "175.1%攻撃力＋1371",
                    "12": "184.3%攻撃力＋1477",
                    "13": "195.8%攻撃力＋1588"
                }
            },
            {
                "名前": "むじむじだるまダメージ",
                "数値": {
                    "1": "52%",
                    "2": "56%",
                    "3": "60%",
                    "4": "65%",
                    "5": "69%",
                    "6": "73%",
                    "7": "78%",
                    "8": "83%",
                    "9": "88%",
                    "10": "94%",
                    "11": "99%",
                    "12": "104%",
                    "13": "111%"
                }
            },
            {
                "名前": "むじむじだるま回復量",
                "種類": "HP回復",
                "数値": {
                    "1": "79.9%攻撃力+500",
                    "2": "85.9%攻撃力+550",
                    "3": "91.9%攻撃力+605",
                    "4": "99.8%攻撃力+663",
                    "5": "105.8%攻撃力+726",
                    "6": "111.8%攻撃力+792",
                    "7": "119.8%攻撃力+863",
                    "8": "127.8%攻撃力+938",
                    "9": "135.8%攻撃力+1017",
                    "10": "143.8%攻撃力+1101",
                    "11": "151.8%攻撃力＋1188",
                    "12": "159.7%攻撃力＋1280",
                    "13": "169.7%攻撃力＋1376"
                }
            }
        ]
    },
    "その他天賦": [
        {
            "名前": "適任の人を探そう",
            "種類": "固有天賦",
            "説明": [
                "早柚がフィールド上で拡散反応を起こした時、チーム内の自身のキャラクターまたは周囲の味方のHPを300回復する。",
                "また、早柚の元素熟知の数値が1につき、さらにHPを1.2回復する。",
                "この効果は2秒ごとに1回のみ発動可能"
            ],
            "詳細": [
                {
                    "名前": "拡散反応を起こした時のHP回復",
                    "種類": "HP回復",
                    "数値": "1.2*元素熟知+300"
                }
            ]
        },
        {
            "名前": "仕事をサボるのだ",
            "種類": "固有天賦",
            "説明": [
                "嗚呼流・影貉繚乱のむじむじだるまは下記効果を獲得する。",
                "・キャラクターのHPを回復するとき、該当キャラクターの近くに出場している他キャラクターも回復量20％に相当するHPを回復する。",
                "・敵を攻撃するとき、与えるダメージ範囲を拡大する。"
            ]
        },
        {
            "名前": "嗚呼流・屏息秘伝",
            "種類": "固有天賦",
            "説明": [
                "チーム内に早柚がいる時、チーム内の自身のキャラクターが晶蝶などの一部生物に近づいても気付かれなくなる。",
                "効果のある生物は図鑑の「生物誌―野生生物」の「その他」分類から確認できる。"
            ]
        }
    ],
    "命ノ星座": {
        "1": {
            "名前": "一心二用の術",
            "説明": "嗚呼流・影貉繚乱のむじむじだるまは、キャラクターのHPを無視し、周囲の敵への攻撃とキャラクターへのHP回復行動の２つを同時に行う。"
        },
        "2": {
            "名前": "逃げ道確保",
            "説明": [
                "嗚呼流・風隠急進で下記の効果を獲得する。",
                "・一回押しの時の風々輪・旋舞蹴のダメージ＋3.3％。",
                "・長押しの風々輪状態では、0.5秒ごとに風々輪・旋舞蹴のダメージ＋3.3％。この方式でアップできる風々輪・旋舞蹴のダメージは66％まで。"
            ],
            "詳細": [
                {
                    "対象": "元素スキルダメージ.風々輪・旋舞蹴一回押しダメージ",
                    "種類": "元素スキルダメージバフ",
                    "数値": 3.3
                },
                {
                    "条件": "風々輪・旋舞蹴長押しダメージ+@3.3-66%",
                    "対象": "元素スキルダメージ.風々輪・旋舞蹴長押しダメージ",
                    "種類": "元素スキルダメージバフ",
                    "数値": 1
                }
            ]
        },
        "3": {
            "名前": "分身に任せる",
            "説明": [
                "嗚呼流・影貉繚乱のスキルLv.+3。",
                "最大Lv.15まで。"
            ]
        },
        "4": {
            "名前": "新しいサボる方法",
            "説明": "早柚がフィールド上で拡散反応を起こした時、元素エネルギーを1.2ポイント回復する。この効果は2秒毎に1回のみ発動可能。"
        },
        "5": {
            "名前": "素早さ最優先",
            "説明": [
                "嗚呼流・風隠急進のスキルLv.+3。",
                "最大Lv.15まで"
            ]
        },
        "6": {
            "名前": "ぐーたら寝る時間",
            "説明": [
                "早柚自身の嗚呼流・影貉繚乱によって召喚されたむじむじだるまの攻撃力と回復量は、早柚の元素熟知によって決まる。早柚の元素熟知の数値が１につき、下記効果が発動する。",
                "・むじむじだるまのダメージは攻撃力0.2％分アップする。この方式でアップできるダメージは攻撃力400％まで。",
                "・むじむじだるまによるHP回復量＋3。この方式でアップできる回復量は6000まで。"
            ],
            "詳細": [
                {
                    "対象": "元素爆発ダメージ.むじむじだるまダメージ",
                    "種類": "元素爆発強化",
                    "数値": "0.2%攻撃力*元素熟知"
                },
                {
                    "対象": "HP回復.むじむじだるま回復量",
                    "種類": "元素爆発強化",
                    "数値": "3*元素熟知"
                }
            ]
        }
    },
    "おすすめセット": {
        "西風大剣 翠緑の影 熟知特化": {
            "武器": "西風大剣",
            "聖遺物メイン効果3": "元素熟知",
            "聖遺物メイン効果4": "元素熟知",
            "聖遺物メイン効果5": "元素熟知",
            "聖遺物セット効果1": "翠緑の影",
            "聖遺物セット効果2": "翠緑の影",
            "聖遺物優先するサブ効果1": "元素熟知",
            "聖遺物優先するサブ効果2": "元素チャージ効率",
            "聖遺物優先するサブ効果3": null
        },
        "祭礼の大剣 翠緑の影 熟知特化": {
            "武器": "祭礼の大剣",
            "聖遺物メイン効果3": "元素熟知",
            "聖遺物メイン効果4": "元素熟知",
            "聖遺物メイン効果5": "元素熟知",
            "聖遺物セット効果1": "翠緑の影",
            "聖遺物セット効果2": "翠緑の影",
            "聖遺物優先するサブ効果1": "元素熟知",
            "聖遺物優先するサブ効果2": "元素チャージ効率",
            "聖遺物優先するサブ効果3": null
        },
        "狼の末路 翠緑の影 攻撃力特化": {
            "武器": "狼の末路",
            "聖遺物メイン効果3": "攻撃力%",
            "聖遺物メイン効果4": "攻撃力%",
            "聖遺物メイン効果5": "攻撃力%",
            "聖遺物セット効果1": "翠緑の影",
            "聖遺物セット効果2": "翠緑の影",
            "聖遺物優先するサブ効果1": "元素熟知",
            "聖遺物優先するサブ効果2": "元素チャージ効率",
            "聖遺物優先するサブ効果3": null
        }
    }
}