{
    "名前": "魈",
    "レアリティ": 5,
    "武器": "長柄武器",
    "元素": "風",
    "ステータス": {
        "基礎HP": {
            "80": 11236,
            "80+": 11840,
            "90": 12736
        },
        "基礎攻撃力": {
            "80": 308,
            "80+": 325,
            "90": 349
        },
        "基礎防御力": {
            "80": 705,
            "80+": 743,
            "90": 799
        },
        "会心率": {
            "80": 19.4,
            "90": 24.2,
            "80+": 24.2
        }
    },
    "オプション初期値": {
        "風輪両立発動後(7秒)風輪両立ダメージ+": 1,
        "靖妖儺舞状態3秒毎 全ダメージ+": 0
    },
    "通常攻撃": {
        "名前": "通常攻撃・微塵突進",
        "説明": "槍による最大6段の連続攻撃を行う。",
        "詳細": [
            {
                "名前": "1段ダメージ",
                "数値": {
                    "1": "27.5%+27.5%",
                    "2": "29.4%+29.4%",
                    "3": "31.3%+31.3%",
                    "4": "33.8%+33.8%",
                    "5": "35.7%+35.7%",
                    "6": "37.9%+37.9%",
                    "7": "40.7%+40.7%",
                    "8": "43.5%+43.5%",
                    "9": "46.3%+46.3%",
                    "10": "49.1%+49.1%",
                    "11": "52.0%+52.0%"
                },
                "HIT数": 2
            },
            {
                "名前": "2段ダメージ",
                "数値": {
                    "1": "56.9%",
                    "2": "60.8%",
                    "3": "64.7%",
                    "4": "69.9%",
                    "5": "73.8%",
                    "6": "78.3%",
                    "7": "84.1%",
                    "8": "89.9%",
                    "9": "95.8%",
                    "10": "101.6%",
                    "11": "107.4%"
                }
            },
            {
                "名前": "3段ダメージ",
                "数値": {
                    "1": "68.6%",
                    "2": "73.2%",
                    "3": "77.9%",
                    "4": "84.1%",
                    "5": "88.8%",
                    "6": "94.3%",
                    "7": "101.3%",
                    "8": "108.3%",
                    "9": "115.3%",
                    "10": "122.3%",
                    "11": "129.3%"
                }
            },
            {
                "名前": "4段ダメージ",
                "数値": {
                    "1": "37.7%+37.7%",
                    "2": "40.2%+40.2%",
                    "3": "42.8%+42.8%",
                    "4": "46.2%+46.2%",
                    "5": "48.8%+48.8%",
                    "6": "51.8%+51.8%",
                    "7": "55.6%+55.6%",
                    "8": "59.5%+59.5%",
                    "9": "63.3%+63.3%",
                    "10": "67.2%+67.2%",
                    "11": "71.0%+71.0%"
                },
                "HIT数": 2
            },
            {
                "名前": "5段ダメージ",
                "数値": {
                    "1": "71.5%",
                    "2": "76.4%",
                    "3": "81.3%",
                    "4": "87.8%",
                    "5": "92.7%",
                    "6": "98.4%",
                    "7": "105.7%",
                    "8": "113%",
                    "9": "120.3%",
                    "10": "127.6%",
                    "11": "135.0%"
                }
            },
            {
                "名前": "6段ダメージ",
                "数値": {
                    "1": "95.8%",
                    "2": "102.4%",
                    "3": "108.9%",
                    "4": "117.6%",
                    "5": "124.1%",
                    "6": "131.8%",
                    "7": "141.6%",
                    "8": "151.4%",
                    "9": "161.2%",
                    "10": "171.0%",
                    "11": "180.8%"
                }
            }
        ]
    },
    "重撃": {
        "説明": "一定のスタミナを消費し、斬り上げ攻撃を発動する。",
        "詳細": [
            {
                "名前": "重撃ダメージ",
                "数値": {
                    "1": "121%",
                    "2": "129%",
                    "3": "138%",
                    "4": "149%",
                    "5": "157%",
                    "6": "166%",
                    "7": "179%",
                    "8": "191%",
                    "9": "204%",
                    "10": "216%",
                    "11": "228%"
                }
            }
        ]
    },
    "落下攻撃": {
        "説明": [
            "空中から落下し地面に衝撃を与える。経路上の敵を攻撃し、落下時に範囲ダメージを与える。",
            "魈が落下攻撃を行う時、落下ダメージを受けない。"
        ],
        "詳細": [
            {
                "名前": "落下期間のダメージ",
                "種類": "落下攻撃ダメージ",
                "数値": {
                    "1": "82%",
                    "2": "88%",
                    "3": "95%",
                    "4": "105%",
                    "5": "111%",
                    "6": "119%",
                    "7": "129%",
                    "8": "140%",
                    "9": "150%",
                    "10": "162%",
                    "11": "173%"
                }
            },
            {
                "名前": "低空落下攻撃ダメージ",
                "種類": "落下攻撃ダメージ",
                "数値": {
                    "1": "164%",
                    "2": "177%",
                    "3": "190%",
                    "4": "209%",
                    "5": "223%",
                    "6": "238%",
                    "7": "259%",
                    "8": "280%",
                    "9": "301%",
                    "10": "323%",
                    "11": "346%"
                }
            },
            {
                "名前": "高空落下攻撃ダメージ",
                "種類": "落下攻撃ダメージ",
                "数値": {
                    "1": "204%",
                    "2": "221%",
                    "3": "238%",
                    "4": "261%",
                    "5": "278%",
                    "6": "297%",
                    "7": "323%",
                    "8": "349%",
                    "9": "375%",
                    "10": "404%",
                    "11": "433%"
                }
            }
        ]
    },
    "元素スキル": {
        "名前": "風輪両立",
        "説明": [
            "疾速突進し、経路上の敵に風元素ダメージを与える。",
            "空中での発動が可能。",
            "初期使用可能回数2回。"
        ],
        "詳細": [
            {
                "名前": "スキルダメージ",
                "数値": {
                    "1": "253%",
                    "2": "272%",
                    "3": "291%",
                    "4": "316%",
                    "5": "335%",
                    "6": "354%",
                    "7": "379%",
                    "8": "404%",
                    "9": "430%",
                    "10": "455%",
                    "11": "480%",
                    "12": "506%",
                    "13": "537%"
                }
            }
        ],
        "クールタイム": 10
    },
    "元素爆発": {
        "名前": "靖妖儺舞",
        "説明": [
            "数千年前に妖魔たちに恐れられた夜叉の儺面を見せる。",
            "夜叉の儺面",
            "・魈のジャンプ力が大幅にアップする。",
            "・攻撃範囲が広がり、与えるダメージが上昇する。",
            "・攻撃ダメージは風元素ダメージとなり、元素付与によって他の元素に変化することはない。",
            "この状態の魈は、HPが持続的に減少する。",
            "この効果は魈が退場する時に解除される。"
        ],
        "詳細": [
            {
                "条件": "靖妖儺舞",
                "種類": "風元素付与"
            },
            {
                "条件": "靖妖儺舞",
                "種類": "通常攻撃ダメージバフ",
                "数値": {
                    "1": 58.5,
                    "2": 62.0,
                    "3": 65.5,
                    "4": 70.0,
                    "5": 73.5,
                    "6": 77.0,
                    "7": 81.6,
                    "8": 86.1,
                    "9": 90.7,
                    "10": 95.2,
                    "11": 99.8,
                    "12": 104.3,
                    "13": 108.9
                }
            },
            {
                "条件": "靖妖儺舞",
                "種類": "重撃ダメージバフ",
                "数値": {
                    "1": 58.5,
                    "2": 62.0,
                    "3": 65.5,
                    "4": 70.0,
                    "5": 73.5,
                    "6": 77.0,
                    "7": 81.6,
                    "8": 86.1,
                    "9": 90.7,
                    "10": 95.2,
                    "11": 99.8,
                    "12": 104.3,
                    "13": 108.9
                }
            },
            {
                "条件": "靖妖儺舞",
                "種類": "落下攻撃ダメージバフ",
                "数値": {
                    "1": 58.5,
                    "2": 62.0,
                    "3": 65.5,
                    "4": 70.0,
                    "5": 73.5,
                    "6": 77.0,
                    "7": 81.6,
                    "8": 86.1,
                    "9": 90.7,
                    "10": 95.2,
                    "11": 99.8,
                    "12": 104.3,
                    "13": 108.9
                }
            }
        ],
        "クールタイム": 18,
        "元素エネルギー": 70
    },
    "その他天賦": [
        {
            "種類": "固有天賦",
            "名前": "降魔・平妖大聖",
            "説明": [
                "靖妖儺舞状態の時、魈の与える全ダメージ+5%。また、スキル継続中、3秒毎に与える全ダメージが更に+5%。最大25%まで。"
            ],
            "詳細": [
                {
                    "条件": "靖妖儺舞",
                    "種類": "与えるダメージ",
                    "数値": 5
                },
                {
                    "条件": "靖妖儺舞&靖妖儺舞状態3秒毎 全ダメージ+@5-25%",
                    "種類": "与えるダメージ",
                    "数値": 1
                }
            ]
        },
        {
            "種類": "固有天賦",
            "名前": "壊劫・国土砕き",
            "説明": [
                "風輪両立発動後の7秒間、風輪両立によるダメージ+15%。",
                "継続時間7秒、最大3重まで、重複で発動すると継続時間がリセットされる。"
            ],
            "詳細": [
                {
                    "条件": "風輪両立発動後(7秒)風輪両立ダメージ+@15-45%",
                    "対象": "元素スキルダメージ",
                    "種類": "与えるダメージ",
                    "数値": 1
                }
            ]
        },
        {
            "種類": "固有天賦",
            "名前": "神通・空中自在法",
            "説明": [
                "チーム内の自身のキャラクター全員が登りに消費するスタミナ-20%。",
                "同じ効果を持つ固有天賦との重ね掛け不可。"
            ]
        }
    ],
    "命ノ星座": {
        "1": {
            "名前": "壊劫・三界破壊",
            "説明": [
                "風輪両立の使用可能回数+1。"
            ]
        },
        "2": {
            "名前": "空劫・虚空開敷の変",
            "説明": [
                "フィールド上にいない時、魈自身の元素チャージ効率+25%。"
            ]
        },
        "3": {
            "名前": "降魔・憤怒の相",
            "説明": [
                "風輪両立のスキルLv.+3。",
                "最大Lv.15まで。"
            ]
        },
        "4": {
            "名前": "神通・諸苦滅尽",
            "説明": [
                "魈のHPが50%未満の時、防御力+100%。"
            ]
        },
        "5": {
            "名前": "成劫・無明増長",
            "説明": [
                "靖妖儺舞のスキルLv.+3。",
                "最大Lv.15まで。"
            ]
        },
        "6": {
            "名前": "降魔・護法夜叉",
            "説明": [
                "靖妖儺舞状態の時、落下攻撃が2体以上の敵に命中すると、風輪両立の使用回数+1。",
                "その後の1秒間以内は、クールタイム関係なく風輪両立を発動できる。"
            ]
        }
    },
    "おすすめセット": {
        "護摩の杖 翠緑/剣闘士 [攻風率]": {
            "武器": "護摩の杖",
            "聖遺物メイン効果3": "5_攻撃力%",
            "聖遺物メイン効果4": "5_風元素ダメージバフ",
            "聖遺物メイン効果5": "5_会心率",
            "聖遺物セット効果1": "翠緑の影",
            "聖遺物セット効果2": "剣闘士のフィナーレ",
            "聖遺物優先するサブ効果1": "会心ダメージ",
            "聖遺物優先するサブ効果2": "会心率",
            "聖遺物優先するサブ効果3": "攻撃力%"
        },
        "和璞鳶 翠緑/剣闘士 [攻風ダ]": {
            "武器": "和璞鳶",
            "聖遺物メイン効果3": "5_攻撃力%",
            "聖遺物メイン効果4": "5_風元素ダメージバフ",
            "聖遺物メイン効果5": "5_会心ダメージ",
            "聖遺物セット効果1": "翠緑の影",
            "聖遺物セット効果2": "剣闘士のフィナーレ",
            "聖遺物優先するサブ効果1": "会心率",
            "聖遺物優先するサブ効果2": "会心ダメージ",
            "聖遺物優先するサブ効果3": "攻撃力%"
        },
        "黒岩の突槍 翠緑/剣闘士 [攻風率]": {
            "武器": "黒岩の突槍",
            "聖遺物メイン効果3": "5_攻撃力%",
            "聖遺物メイン効果4": "5_風元素ダメージバフ",
            "聖遺物メイン効果5": "5_会心率",
            "聖遺物セット効果1": "翠緑の影",
            "聖遺物セット効果2": "剣闘士のフィナーレ",
            "聖遺物優先するサブ効果1": "会心ダメージ",
            "聖遺物優先するサブ効果2": "会心率",
            "聖遺物優先するサブ効果3": "攻撃力%"
        },
        "死闘の槍 翠緑/剣闘士 [攻風ダ]": {
            "武器": "死闘の槍",
            "聖遺物メイン効果3": "5_攻撃力%",
            "聖遺物メイン効果4": "5_風元素ダメージバフ",
            "聖遺物メイン効果5": "5_会心ダメージ",
            "聖遺物セット効果1": "翠緑の影",
            "聖遺物セット効果2": "剣闘士のフィナーレ",
            "聖遺物優先するサブ効果1": "会心ダメージ",
            "聖遺物優先するサブ効果2": "攻撃力%",
            "聖遺物優先するサブ効果3": "会心率"
        },
        "護摩の杖 剣闘士/しめ縄 [攻風率]": {
            "武器": "護摩の杖",
            "聖遺物メイン効果3": "5_攻撃力%",
            "聖遺物メイン効果4": "5_風元素ダメージバフ",
            "聖遺物メイン効果5": "5_会心率",
            "聖遺物セット効果1": "剣闘士のフィナーレ",
            "聖遺物セット効果2": "追憶のしめ縄",
            "聖遺物優先するサブ効果1": "会心ダメージ",
            "聖遺物優先するサブ効果2": "会心率",
            "聖遺物優先するサブ効果3": "攻撃力%"
        }
    }
}