{
    "名前": "エウルア",
    "レアリティ": 5,
    "武器": "両手剣",
    "元素": "氷",
    "ステータス": {
        "基礎HP": {
            "80": 11669,
            "80+": 12296,
            "90": 13226
        },
        "基礎攻撃力": {
            "80": 302,
            "80+": 318,
            "90": 342
        },
        "基礎防御力": {
            "80": 662,
            "80+": 698,
            "90": 751
        },
        "会心ダメージ": {
            "80": 28.8,
            "80+": 38.4,
            "90": 38.4
        }
    },
    "固有変数": {
        "光臨の剣のエネルギー": 0
    },
    "オプション初期値": {
        "光臨の剣のエネルギー": 10,
        "HP50%未満の敵に対する光臨の剣のダメージ+25%": false
    },
    "通常攻撃": {
        "名前": "通常攻撃・西風剣術・旧貴族",
        "説明": "最大5段の連続攻撃を行う。",
        "詳細": [
            {
                "名前": "1段ダメージ",
                "数値": {
                    "1": "89.7%",
                    "2": "97.0%",
                    "3": "104.3%",
                    "4": "114.8%",
                    "5": "122.1%",
                    "6": "130.4%",
                    "7": "141.9%",
                    "8": "153.4%",
                    "9": "164.9%",
                    "10": "177.4%",
                    "11": "191.7%"
                }
            },
            {
                "名前": "2段ダメージ",
                "数値": {
                    "1": "93.6%",
                    "2": "101.2%",
                    "3": "108.8%",
                    "4": "119.7%",
                    "5": "127.3%",
                    "6": "136.0%",
                    "7": "147.9%",
                    "8": "159.9%",
                    "9": "171.9%",
                    "10": "184.9%",
                    "11": "199.9%"
                }
            },
            {
                "名前": "3段ダメージ",
                "数値": {
                    "1": "56.8%+56.8%",
                    "2": "61.4%+61.4%",
                    "3": "66.0%+66.0%",
                    "4": "72.6%+72.6%",
                    "5": "77.3%+77.3%",
                    "6": "82.6%+82.6%",
                    "7": "89.8%+89.8%",
                    "8": "97.1%+97.1%",
                    "9": "104.4%+104.4%",
                    "10": "112.3%+112.3%",
                    "11": "121.4%+121.4%"
                },
                "HIT数": 2
            },
            {
                "名前": "4段ダメージ",
                "数値": {
                    "1": "112.6%",
                    "2": "121.8%",
                    "3": "131.0%",
                    "4": "144.1%",
                    "5": "153.2%",
                    "6": "163.7%",
                    "7": "178.1%",
                    "8": "192.5%",
                    "9": "206.9%",
                    "10": "222.7%",
                    "11": "240.7%"
                }
            },
            {
                "名前": "5段ダメージ",
                "数値": {
                    "1": "71.8%+71.8%",
                    "2": "77.7%+77.7%",
                    "3": "83.5%+83.5%",
                    "4": "91.9%+91.9%",
                    "5": "97.7%+97.7%",
                    "6": "104.4%+104.4%",
                    "7": "113.6%+113.6%",
                    "8": "122.8%+122.8%",
                    "9": "132.0%+132.0%",
                    "10": "142%+142%",
                    "11": "153.5%+153.5%"
                },
                "HIT数": 2
            }
        ]
    },
    "重撃": {
        "説明": [
            "持続的にスタミナを消費し、素早い連続攻撃を発動する。",
            "重撃が終了した時に、更に強力な攻撃を1回放つ。"
        ],
        "詳細": [
            {
                "名前": "連続重撃ダメージ",
                "数値": {
                    "1": "68.8%",
                    "2": "74.4%",
                    "3": "80%",
                    "4": "88%",
                    "5": "93.6%",
                    "6": "100%",
                    "7": "109%",
                    "8": "118%",
                    "9": "126%",
                    "10": "136%",
                    "11": "147%"
                }
            },
            {
                "名前": "重撃終了ダメージ",
                "数値": {
                    "1": "125%",
                    "2": "135%",
                    "3": "145%",
                    "4": "160%",
                    "5": "170%",
                    "6": "181%",
                    "7": "197%",
                    "8": "213%",
                    "9": "229%",
                    "10": "247%",
                    "11": "266%"
                }
            }
        ]
    },
    "落下攻撃": {
        "説明": "空中から落下し地面に衝撃を与える。経路上の敵を攻撃し、落下時に範囲ダメージを与える。",
        "詳細": [
            {
                "名前": "落下期間のダメージ",
                "種類": "落下攻撃ダメージ",
                "数値": {
                    "1": "74.6%",
                    "2": "80.7%",
                    "3": "86.7%",
                    "4": "95.4%",
                    "5": "101.5%",
                    "6": "108.4%",
                    "7": "118%",
                    "8": "127.5%",
                    "9": "137%",
                    "10": "147.4%",
                    "11": "159.4%"
                }
            },
            {
                "名前": "低空落下攻撃ダメージ",
                "種類": "落下攻撃ダメージ",
                "数値": {
                    "1": "149%",
                    "2": "161%",
                    "3": "173%",
                    "4": "191%",
                    "5": "203%",
                    "6": "217%",
                    "7": "236%",
                    "8": "255%",
                    "9": "274%",
                    "10": "295%",
                    "11": "319%"
                }
            },
            {
                "名前": "高空落下攻撃ダメージ",
                "種類": "落下攻撃ダメージ",
                "数値": {
                    "1": "186%",
                    "2": "201%",
                    "3": "217%",
                    "4": "238%",
                    "5": "253%",
                    "6": "271%",
                    "7": "295%",
                    "8": "318%",
                    "9": "342%",
                    "10": "368%",
                    "11": "398%"
                }
            }
        ]
    },
    "元素スキル": {
        "名前": "氷潮の渦",
        "説明": [
            "極寒の氷気、素早い剣舞。",
            "一回押し",
            "素早く剣を振り、氷元素ダメージを与える。敵に命中すると、エウルアは冷酷な心を1つ獲得する。最大2つまで、0.3秒毎に1回のみ発動可能。",
            "冷酷な心",
            "エウルアの防御力と中断耐性をアップさせる。",
            "長押し",
            "冷酷な心を全て消費し、大剣を振り前方の敵に氷元素範囲ダメージを与える。",
            "冷酷な心を消費すると、周囲の敵の物理耐性及び氷元素耐性をダウンさせる。",
            "消費した冷酷な心1つにつき氷渦の剣1本に変化し、近くの敵に氷元素ダメージを与える。"
        ],
        "詳細": [
            {
                "名前": "一回押しダメージ",
                "数値": {
                    "1": "146",
                    "2": "157%",
                    "3": "168%",
                    "4": "183%",
                    "5": "194%",
                    "6": "205%",
                    "7": "220%",
                    "8": "234%",
                    "9": "249%",
                    "10": "264%",
                    "11": "278.16%",
                    "12": "293%",
                    "13": "311%"
                }
            },
            {
                "名前": "長押しダメージ",
                "数値": {
                    "1": "246%",
                    "2": "264%",
                    "3": "282%",
                    "4": "307%",
                    "5": "325%",
                    "6": "344%",
                    "7": "368%",
                    "8": "393%",
                    "9": "418%",
                    "10": "442%",
                    "11": "466.64%",
                    "12": "491%",
                    "13": "522%"
                }
            },
            {
                "名前": "氷渦の剣ダメージ",
                "数値": {
                    "1": "96%",
                    "2": "103%",
                    "3": "110%",
                    "4": "120%",
                    "5": "127%",
                    "6": "134%",
                    "7": "144%",
                    "8": "154%",
                    "9": "163%",
                    "10": "173%",
                    "11": "182.4%",
                    "12": "192%",
                    "13": "204%"
                }
            },
            {
                "条件": "冷酷な心消費後(7秒)物理と氷元素耐性ダウン",
                "種類": "敵物理耐性",
                "数値": {
                    "1": -16,
                    "2": -17,
                    "3": -18,
                    "4": -19,
                    "5": -20,
                    "6": -21,
                    "7": -22,
                    "8": -23,
                    "9": -24,
                    "10": -25,
                    "11": -25,
                    "12": -25,
                    "13": -25
                }
            },
            {
                "条件": "冷酷な心消費後(7秒)物理と氷元素耐性ダウン",
                "種類": "敵氷元素耐性",
                "数値": {
                    "1": -16,
                    "2": -17,
                    "3": -18,
                    "4": -19,
                    "5": -20,
                    "6": -21,
                    "7": -22,
                    "8": -23,
                    "9": -24,
                    "10": -25,
                    "11": -25,
                    "12": -25,
                    "13": -25
                }
            },
            {
                "名前": "光臨の剣の欠片",
                "元素": "物理",
                "数値": {
                    "1": "367.0%*0.5",
                    "2": "396.0%*0.5",
                    "3": "426.8%*0.5",
                    "4": "469.5%*0.5",
                    "5": "499.4%*0.5",
                    "6": "533.5%*0.5",
                    "7": "580.4%*0.5",
                    "8": "627.4%*0.5",
                    "9": "674.3%*0.5",
                    "10": "725.6%*0.5",
                    "11": "784.2%*0.5",
                    "12": "853.3%*0.5",
                    "13": "922.3%*0.5"
                },
                "ダメージバフ": "元素爆発ダメージバフ"
            }
        ]
    },
    "元素爆発": {
        "名前": "氷浪の光剣",
        "説明": [
            "大剣を力強く振り、周囲の敵に氷元素ダメージを与え、7秒間自身に付き従う光臨の剣を創造する。",
            "光臨の剣の継続時間中、エウルアは中断耐性がアップする。",
            "また、通常攻撃、元素スキルまたは元素爆発が敵にダメージを与えた時光臨の剣にエネルギーが蓄積される。",
            "エネルギーは0.1秒につき、1つのみ溜めることが可能。",
            "継続時間終了後、光臨の剣は爆発し周囲の敵に物理ダメージを与える。",
            "このダメージは光臨の剣に蓄積されたエネルギー量によって決まる。",
            "エウルアが退場した時、光臨の剣は直ちに爆発する。"
        ],
        "詳細": [
            {
                "名前": "スキルダメージ",
                "数値": {
                    "1": "246%",
                    "2": "264%",
                    "3": "282%",
                    "4": "307%",
                    "5": "325%",
                    "6": "344%",
                    "7": "368%",
                    "8": "393%",
                    "9": "418%",
                    "10": "442%",
                    "11": "467%",
                    "12": "491%",
                    "13": "522%"
                }
            },
            {
                "名前": "光臨の剣",
                "元素": "物理",
                "数値": {
                    "1": "367.0%",
                    "2": "396.0%",
                    "3": "426.8%",
                    "4": "469.5%",
                    "5": "499.4%",
                    "6": "533.5%",
                    "7": "580.4%",
                    "8": "627.4%",
                    "9": "674.3%",
                    "10": "725.6%",
                    "11": "784.2%",
                    "12": "853.3%",
                    "13": "922.3%"
                }
            },
            {
                "条件": "光臨の剣のエネルギー@1-30重",
                "対象": "元素爆発ダメージ.光臨の剣",
                "種類": "元素爆発ダメージアップ",
                "元素": "物理",
                "数値": {
                    "1": "75.0%攻撃力",
                    "2": "81.1%攻撃力",
                    "3": "87.2%攻撃力",
                    "4": "95.9%攻撃力",
                    "5": "102.0%攻撃力",
                    "6": "109.0%攻撃力",
                    "7": "118.6%攻撃力",
                    "8": "128.2%攻撃力",
                    "9": "137.8%攻撃力",
                    "10": "148.2%攻撃力",
                    "11": "160.2%攻撃力",
                    "12": "174.3%攻撃力",
                    "13": "188.4%攻撃力"
                }
            }
        ]
    },
    "その他天賦": [
        {
            "名前": "氷の残剣",
            "種類": "固有天賦",
            "説明": [
                "長押しで氷潮の渦を発動した時、一度に冷酷な心を2つ消費すると、直ちに爆発する光臨の剣の欠片を創造する。",
                "光臨の剣の欠片は、氷浪の光剣で創造される光臨の剣の基礎ダメージ50%分の物理ダメージを与える。"
            ]
        },
        {
            "名前": "戦意の表れ",
            "種類": "固有天賦",
            "説明": [
                "氷浪の光剣を発動した時、氷潮の渦のクールタイムがリセットされ、冷酷な心を1つ獲得する。"
            ]
        },
        {
            "名前": "貴族の省察",
            "種類": "固有天賦",
            "説明": "キャラクター天賦素材を合成する時、10%の確率でアイテムを2倍獲得する。"
        }
    ],
    "命ノ星座": {
        "1": {
            "名前": "潮の幻像",
            "説明": [
                "氷潮の渦の冷酷な心を消費するとエウルアの物理ダメージ+30%、継続時間6秒",
                "冷酷な心を1つ消費する毎に継続時間+6秒、最大18秒まで。"
            ],
            "詳細": [
                {
                    "条件": "冷酷な心を消費後(1つ6秒)物理ダメージ+30%",
                    "種類": "物理ダメージバフ",
                    "数値": 30
                }
            ]
        },
        "2": {
            "名前": "波花の淑女",
            "説明": [
                "氷彫の渦の長押しのクールタイムを短縮し、一回押しと同じクールタイムにする。"
            ]
        },
        "3": {
            "名前": "ローレンスの血統",
            "説明": [
                "氷浪の光剣のスキルLv+3。",
                "最大Lv.15まで。"
            ]
        },
        "4": {
            "名前": "劣等感との戦い",
            "説明": [
                "HP50%未満の敵に対する光臨の剣のダメージ+25%"
            ],
            "詳細": [
                {
                    "条件": "HP50%未満の敵に対する光臨の剣のダメージ+25%",
                    "対象": "元素爆発ダメージ.光臨の剣",
                    "種類": "与えるダメージ",
                    "数値": 25
                }
            ]
        },
        "5": {
            "名前": "騎士の素質",
            "説明": [
                "氷潮の渦のスキルLv.+3。",
                "最大Lv.15まで"
            ]
        },
        "6": {
            "名前": "高貴なる者の義務",
            "説明": [
                "氷浪の光剣で創造した光臨の剣は、直ちにエネルギーを5つ獲得する。通常攻撃、元素スキルまたは元素爆発によりエネルギーを獲得する際、50%の確率でさらに1つ獲得する。"
            ]
        }
    },
    "おすすめセット": {
        "松韻の響く頃 血染め/蒼白 [攻物率]": {
            "武器": "松韻の響く頃",
            "聖遺物メイン効果3": "攻撃力%",
            "聖遺物メイン効果4": "物理ダメージバフ",
            "聖遺物メイン効果5": "会心率",
            "聖遺物セット効果1": "血染めの騎士道",
            "聖遺物セット効果2": "蒼白の炎",
            "聖遺物優先するサブ効果1": "会心率",
            "聖遺物優先するサブ効果2": "会心ダメージ",
            "聖遺物優先するサブ効果3": "攻撃力%"
        },
        "狼の末路 血染め/蒼白 [攻物率]": {
            "武器": "狼の末路",
            "聖遺物メイン効果3": "攻撃力%",
            "聖遺物メイン効果4": "物理ダメージバフ",
            "聖遺物メイン効果5": "会心率",
            "聖遺物セット効果1": "血染めの騎士道",
            "聖遺物セット効果2": "蒼白の炎",
            "聖遺物優先するサブ効果1": "会心率",
            "聖遺物優先するサブ効果2": "会心ダメージ",
            "聖遺物優先するサブ効果3": "攻撃力%"
        },
        "無工の剣 血染め/蒼白 [攻物率]": {
            "武器": "無工の剣",
            "聖遺物メイン効果3": "攻撃力%",
            "聖遺物メイン効果4": "物理ダメージバフ",
            "聖遺物メイン効果5": "会心率",
            "聖遺物セット効果1": "血染めの騎士道",
            "聖遺物セット効果2": "蒼白の炎",
            "聖遺物優先するサブ効果1": "会心率",
            "聖遺物優先するサブ効果2": "会心ダメージ",
            "聖遺物優先するサブ効果3": "攻撃力%"
        },
        "螭龍の剣 血染め/蒼白 [攻物ダ]": {
            "武器": "螭龍の剣",
            "聖遺物メイン効果3": "攻撃力%",
            "聖遺物メイン効果4": "物理ダメージバフ",
            "聖遺物メイン効果5": "会心ダメージ",
            "聖遺物セット効果1": "血染めの騎士道",
            "聖遺物セット効果2": "蒼白の炎",
            "聖遺物優先するサブ効果1": "会心率",
            "聖遺物優先するサブ効果2": "会心ダメージ",
            "聖遺物優先するサブ効果3": "攻撃力%"
        },
        "銜玉の海皇 血染め/蒼白 [攻物率]": {
            "武器": "銜玉の海皇",
            "聖遺物メイン効果3": "攻撃力%",
            "聖遺物メイン効果4": "物理ダメージバフ",
            "聖遺物メイン効果5": "会心率",
            "聖遺物セット効果1": "血染めの騎士道",
            "聖遺物セット効果2": "蒼白の炎",
            "聖遺物優先するサブ効果1": "会心率",
            "聖遺物優先するサブ効果2": "会心ダメージ",
            "聖遺物優先するサブ効果3": "攻撃力%"
        },
        "雪葬の星銀 血染め/蒼白 [攻物率]": {
            "武器": "雪葬の星銀",
            "聖遺物メイン効果3": "攻撃力%",
            "聖遺物メイン効果4": "物理ダメージバフ",
            "聖遺物メイン効果5": "会心率",
            "聖遺物セット効果1": "血染めの騎士道",
            "聖遺物セット効果2": "蒼白の炎",
            "聖遺物優先するサブ効果1": "会心率",
            "聖遺物優先するサブ効果2": "会心ダメージ",
            "聖遺物優先するサブ効果3": "攻撃力%"
        },
        "松韻の響く頃 蒼白の炎 [攻物率]": {
            "武器": "松韻の響く頃",
            "聖遺物メイン効果3": "攻撃力%",
            "聖遺物メイン効果4": "物理ダメージバフ",
            "聖遺物メイン効果5": "会心率",
            "聖遺物セット効果1": "蒼白の炎",
            "聖遺物セット効果2": "蒼白の炎",
            "聖遺物優先するサブ効果1": "会心率",
            "聖遺物優先するサブ効果2": "会心ダメージ",
            "聖遺物優先するサブ効果3": "攻撃力%"
        }
    }
}