{
    "名前": "ディオナ",
    "レアリティ": 4,
    "武器": "弓",
    "元素": "氷",
    "ステータス": {
        "基礎HP": {
            "80": 8481,
            "80+": 8907,
            "90": 9570
        },
        "基礎攻撃力": {
            "80": 188,
            "80+": 198,
            "90": 212
        },
        "基礎防御力": {
            "80": 532,
            "80+": 559,
            "90": 601
        },
        "氷元素ダメージバフ": {
            "80": 18,
            "80+": 24,
            "90": 24
        }
    },
    "通常攻撃": {
        "名前": "通常攻撃・狩人の射術",
        "説明": "最高5段の連続射撃を行う。",
        "詳細": [
            {
                "名前": "1段ダメージ",
                "数値": {
                    "1": "36.1%",
                    "2": "39.1%",
                    "3": "42.0%",
                    "4": "46.2%",
                    "5": "49.1%",
                    "6": "52.5%",
                    "7": "57.1%",
                    "8": "61.7%",
                    "9": "66.4%",
                    "10": "71.4%",
                    "11": "0%"
                }
            },
            {
                "名前": "2段ダメージ",
                "数値": {
                    "1": "33.5%",
                    "2": "36.3%",
                    "3": "39.0%",
                    "4": "42.9%",
                    "5": "45.6%",
                    "6": "48.8%",
                    "7": "53.0%",
                    "8": "57.3%",
                    "9": "61.6%",
                    "10": "66.3%",
                    "11": "0%"
                }
            },
            {
                "名前": "3段ダメージ",
                "数値": {
                    "1": "45.6%",
                    "2": "49.3%",
                    "3": "53.0%",
                    "4": "58.3%",
                    "5": "62.0%",
                    "6": "66.3%",
                    "7": "72.1%",
                    "8": "77.9%",
                    "9": "83.7%",
                    "10": "90.1%",
                    "11": "0%"
                }
            },
            {
                "名前": "4段ダメージ",
                "数値": {
                    "1": "43.0%",
                    "2": "46.5%",
                    "3": "50.0%",
                    "4": "55.0%",
                    "5": "58.5%",
                    "6": "62.5%",
                    "7": "68.0%",
                    "8": "73.5%",
                    "9": "79.0%",
                    "10": "85.0%",
                    "11": "0%"
                }
            },
            {
                "名前": "5段ダメージ",
                "数値": {
                    "1": "53.8%",
                    "2": "58.1%",
                    "3": "62.5%",
                    "4": "68.8%",
                    "5": "73.1%",
                    "6": "78.1%",
                    "7": "85.0%",
                    "8": "91.9%",
                    "9": "98.8%",
                    "10": "106.3%",
                    "11": "0%"
                }
            }
        ]
    },
    "重撃": {
        "説明": [
            "ダメージがより高く、より精確な狙い撃ちを発動する。",
            "照準時、氷霜の寒気が矢先に付着する。寒気に満ちた矢は敵に氷元素ダメージを与える。"
        ],
        "詳細": [
            {
                "名前": "狙い撃ち",
                "数値": {
                    "1": "43.9%",
                    "2": "47.4%",
                    "3": "51.0%",
                    "4": "56.1%",
                    "5": "59.7%",
                    "6": "63.8%",
                    "7": "69.4%",
                    "8": "75.0%",
                    "9": "80.6%",
                    "10": "86.7%",
                    "11": "92.8%"
                }
            },
            {
                "名前": "フルチャージ狙い撃ち",
                "元素": "氷",
                "数値": {
                    "1": "124%",
                    "2": "133%",
                    "3": "143%",
                    "4": "155%",
                    "5": "164%",
                    "6": "174%",
                    "7": "186%",
                    "8": "198%",
                    "9": "211%",
                    "10": "223%",
                    "11": "236%"
                }
            }
        ]
    },
    "落下攻撃": {
        "説明": "空中から矢の雨を放ち凄まじいスピードで落下し地面に衝撃を与え、落下時に範囲ダメージを与える。",
        "詳細": [
            {
                "名前": "落下期間のダメージ",
                "種類": "落下攻撃ダメージ",
                "数値": {
                    "1": "56.8%",
                    "2": "61.5%",
                    "3": "66.1%",
                    "4": "72.7%",
                    "5": "77.3%",
                    "6": "82.6%",
                    "7": "89.9%",
                    "8": "97.1%",
                    "9": "104.4%",
                    "10": "112.3%",
                    "11": "120.3%"
                }
            },
            {
                "名前": "低空落下攻撃ダメージ",
                "種類": "落下攻撃ダメージ",
                "数値": {
                    "1": "114%",
                    "2": "123%",
                    "3": "132%",
                    "4": "145%",
                    "5": "155%",
                    "6": "165%",
                    "7": "180%",
                    "8": "194%",
                    "9": "209%",
                    "10": "225%",
                    "11": "240%"
                }
            },
            {
                "名前": "高空落下攻撃ダメージ",
                "種類": "落下攻撃ダメージ",
                "数値": {
                    "1": "142%",
                    "2": "153%",
                    "3": "165%",
                    "4": "182%",
                    "5": "193%",
                    "6": "206%",
                    "7": "224%",
                    "8": "243%",
                    "9": "261%",
                    "10": "281%",
                    "11": "300%"
                }
            }
        ]
    },
    "元素スキル": {
        "名前": "フリーズキャッツクロー",
        "説明": [
            "フリーズキャッツクローを放ち、敵に氷元素ダメージを与え、命中時にシールドを生成する。",
            "シールドのダメージ吸収量はディオナのHP上限によって決まり、",
            "継続時間は命中したフリーズキャッツクローの数によって決まる。",
            "一回押し",
            "素早くフリーズキャッツクローを2枚発射する。",
            "長押し",
            "素早く後退し、フリーズキャッツクローを5枚発射する。",
            "長押しで生成したシールドのダメージ吸収量+75%。",
            "シールドは氷元素ダメージに対して、250%の吸収効果がある。",
            "また、シールド生成時、キャラクターに短時間の氷元素付着を与える。"
        ],
        "詳細": [
            {
                "名前": "キャッツクローダメージ",
                "数値": {
                    "1": "41.9%",
                    "2": "45.1%",
                    "3": "48.2%",
                    "4": "52.4%",
                    "5": "55.5%",
                    "6": "58.7%",
                    "7": "62.9%",
                    "8": "67.1%",
                    "9": "71.3%",
                    "10": "75.5%",
                    "11": "79.6%",
                    "12": "83.8%",
                    "13": "89.1%"
                }
            },
            {
                "名前": "シールド基礎吸収量",
                "種類": "シールド",
                "数値": {
                    "1": "7.2%HP上限+693",
                    "2": "7.7%HP上限+762",
                    "3": "8.3%HP上限+837",
                    "4": "9.0%HP上限+918",
                    "5": "9.5%HP上限+1005",
                    "6": "10.1%HP上限+1097",
                    "7": "10.8%HP上限+1195",
                    "8": "11.5%HP上限+1299",
                    "9": "12.2%HP上限+1409",
                    "10": "13.0%HP上限+1524",
                    "11": "13.7%HP上限+1646",
                    "12": "14.4%HP上限+1773",
                    "13": "15.3%HP上限+1905"
                }
            },
            {
                "条件": "フリーズキャッツクロー長押し",
                "対象": "シールド.シールド基礎吸収量",
                "種類": "別枠乗算",
                "数値": 175
            }
        ]
    },
    "元素爆発": {
        "名前": "特製スピリッツ",
        "説明": [
            "特製の氷入りスピリッツを投げ出し、氷元素範囲ダメージを与え、氷気の酒霧エリアを生成する。",
            "氷気の酒霧エリア",
            "・エリアにいる敵に氷元素ダメージを持続的に与える。",
            "・エリアにいるキャラクターのHPを持続的に回復する。"
        ],
        "詳細": [
            {
                "名前": "スキルダメージ",
                "数値": {
                    "1": "80%",
                    "2": "86%",
                    "3": "92%",
                    "4": "100%",
                    "5": "106%",
                    "6": "112%",
                    "7": "120%",
                    "8": "128%",
                    "9": "136%",
                    "10": "144%",
                    "11": "152%",
                    "12": "160%",
                    "13": "170%"
                }
            },
            {
                "名前": "エリアの継続ダメージ",
                "数値": {
                    "1": "52.6%",
                    "2": "56.6%",
                    "3": "60.5%",
                    "4": "65.8%",
                    "5": "69.7%",
                    "6": "73.7%",
                    "7": "79.0%",
                    "8": "84.2%",
                    "9": "89.5%",
                    "10": "94.8%",
                    "11": "100%",
                    "12": "105.3%",
                    "13": "111.9%"
                }
            },
            {
                "名前": "継続回復量",
                "種類": "HP回復",
                "数値": {
                    "1": "5.34%HP上限+513",
                    "2": "5.74%HP上限+565",
                    "3": "6.14%HP上限+620",
                    "4": "6.67%HP上限+680",
                    "5": "7.07%HP上限+744",
                    "6": "7.47%HP上限+813",
                    "7": "8.00%HP上限+885",
                    "8": "8.54%HP上限+962",
                    "9": "9.07%HP上限+1044",
                    "10": "9.60%HP上限+1129",
                    "11": "10.14%HP上限+1219",
                    "12": "10.67%HP上限+1313",
                    "13": "11.34%HP上限+1411"
                }
            }
        ],
        "継続時間": 12,
        "クールタイム": 20,
        "元素エネルギー": 80
    },
    "その他天賦": [
        {
            "種類": "固有天賦",
            "名前": "キャッツテールの裏メニュー",
            "説明": [
                "フリーズキャッツクローのシールドが存在する時、キャラクターの移動速度+10%、スタミナ消費-10%。"
            ]
        },
        {
            "種類": "固有天賦",
            "名前": "滑稽な酔態",
            "説明": [
                "特製スピリッツのエリアに入った敵の攻撃力が15秒間-10%。"
            ]
        },
        {
            "種類": "固有天賦",
            "名前": "おまけのおつまみ",
            "説明": "回復系料理を完璧調理した時、12%の確率で料理を2倍獲得する。"
        }
    ],
    "命ノ星座": {
        "1": {
            "名前": "特製の余韻",
            "説明": [
                "特製スピリッツの効果終了時、ディオナの元素エネルギーを15回復する。"
            ]
        },
        "2": {
            "名前": "クールキャッツクロー",
            "説明": [
                "フリーズキャッツクローによるダメージ+15%、シールドのダメージ吸収量+15%。",
                "命中時、近くに出場している他のキャラクターにフリーズキャッツクロー50%分のダメージを吸収するシールドを付与する、継続時間5秒。"
            ],
            "詳細": [
                {
                    "対象": "元素スキルダメージ.キャッツクローダメージ",
                    "種類": "元素スキルダメージバフ",
                    "数値": 15
                },
                {
                    "対象": "シールド.シールド基礎吸収量",
                    "種類": "別枠乗算",
                    "数値": "115"
                }
            ]
        },
        "3": {
            "名前": "お、おかわり？",
            "説明": [
                "特製スピリッツのスキルLv.+3。",
                "最大Lv.15まで。"
            ]
        },
        "4": {
            "名前": "「酒造業キラー」",
            "説明": [
                "特製スピリッツのエリアにいる時、ディオナの狙い撃ちのチャージ時間-60%。"
            ]
        },
        "5": {
            "名前": "エクストラアイス",
            "説明": [
                "フリーズキャッツクローのスキルLv.+3。",
                "最大Lv.15まで。"
            ]
        },
        "6": {
            "名前": "キャッツテールが閉店の時",
            "説明": [
                "特製スピリッツのエリアのいるキャラクターは自身の現在HPによって以下の効果を獲得する。",
                "・HPが50%以下の時、受ける治療効果+30%。",
                "・HPが50%より上回る時、元素熟知+200。"
            ],
            "詳細": [
                {
                    "条件": "特製スピリッツエリア内HP50%超^特製スピリッツエリア内HP50%以下",
                    "種類": "元素熟知",
                    "数値": 200
                },
                {
                    "条件": "特製スピリッツエリア内HP50%以下^特製スピリッツエリア内HP50%超",
                    "種類": "受ける治療効果",
                    "数値": 30
                }
            ]
        }
    },
    "おすすめセット": {
        "祭礼の弓 千岩/絶縁 [ﾁｬHPHP]": {
            "武器": "祭礼の弓",
            "聖遺物メイン効果3": "元素チャージ効率",
            "聖遺物メイン効果4": "HP%",
            "聖遺物メイン効果5": "HP%",
            "聖遺物セット効果1": "千岩牢固",
            "聖遺物セット効果2": "絶縁の旗印",
            "聖遺物優先するサブ効果1": "HP%",
            "聖遺物優先するサブ効果2": "元素チャージ効率",
            "聖遺物優先するサブ効果3": null
        },
        "祭礼の弓 千岩/少女 [ﾁｬHPHP]": {
            "武器": "祭礼の弓",
            "聖遺物メイン効果3": "元素チャージ効率",
            "聖遺物メイン効果4": "HP%",
            "聖遺物メイン効果5": "HP%",
            "聖遺物セット効果1": "千岩牢固",
            "聖遺物セット効果2": "愛される少女",
            "聖遺物優先するサブ効果1": "HP%",
            "聖遺物優先するサブ効果2": "元素チャージ効率",
            "聖遺物優先するサブ効果3": null
        },
        "祭礼の弓 旧貴族のしつけ [HPHPHP]": {
            "武器": "祭礼の弓",
            "聖遺物メイン効果3": "HP%",
            "聖遺物メイン効果4": "HP%",
            "聖遺物メイン効果5": "HP%",
            "聖遺物セット効果1": "旧貴族のしつけ",
            "聖遺物セット効果2": "旧貴族のしつけ",
            "聖遺物優先するサブ効果1": "元素チャージ効率",
            "聖遺物優先するサブ効果2": null,
            "聖遺物優先するサブ効果3": null
        },
        "祭礼の弓 愛される少女 [ﾁｬHPHP]": {
            "武器": "祭礼の弓",
            "聖遺物メイン効果3": "元素チャージ効率",
            "聖遺物メイン効果4": "HP%",
            "聖遺物メイン効果5": "HP%",
            "聖遺物セット効果1": "愛される少女",
            "聖遺物セット効果2": "愛される少女",
            "聖遺物優先するサブ効果1": "HP%",
            "聖遺物優先するサブ効果2": "元素チャージ効率",
            "聖遺物優先するサブ効果3": null
        }
    }
}