{
    "名前": "神里綾香",
    "レアリティ": 5,
    "武器": "片手剣",
    "元素": "氷",
    "ステータス": {
        "基礎HP": {
            "80": 11345,
            "80+": 11954,
            "90": 12858
        },
        "基礎攻撃力": {
            "80": 302,
            "80+": 318,
            "90": 342
        },
        "基礎防御力": {
            "80": 692,
            "80+": 729,
            "90": 784
        },
        "会心ダメージ": {
            "80": 28.8,
            "80+": 38.4,
            "90": 38.4
        }
    },
    "固有変数": {
        "神里流・霜滅 斬撃HIT数": 0
    },
    "オプション初期値": {
        "神里流・霜滅 斬撃HIT数": 10
    },
    "通常攻撃": {
        "名前": "通常攻撃・神里流・傾き",
        "説明": "剣による最大5段の連続攻撃を行う。",
        "詳細": [
            {
                "名前": "1段ダメージ",
                "数値": {
                    "1": "45.7%",
                    "2": "49.4%",
                    "3": "53.2%",
                    "4": "58.5%",
                    "5": "62.2%",
                    "6": "66.5%",
                    "7": "72.3%",
                    "8": "78.2%",
                    "9": "84.0%",
                    "10": "90.4%",
                    "11": "96.8%"
                }
            },
            {
                "名前": "2段ダメージ",
                "数値": {
                    "1": "48.7%",
                    "2": "52.6%",
                    "3": "56.6%",
                    "4": "62.3%",
                    "5": "66.2%",
                    "6": "70.8%",
                    "7": "77.0%",
                    "8": "83.2%",
                    "9": "89.4%",
                    "10": "96.2%",
                    "11": "103.0%"
                }
            },
            {
                "名前": "3段ダメージ",
                "数値": {
                    "1": "62.6%",
                    "2": "67.7%",
                    "3": "72.8%",
                    "4": "80.1%",
                    "5": "85.2%",
                    "6": "91.0%",
                    "7": "99.0%",
                    "8": "107.0%",
                    "9": "115.0%",
                    "10": "123.8%",
                    "11": "132.5%"
                }
            },
            {
                "名前": "4段ダメージ",
                "数値": {
                    "1": "22.6%*3",
                    "2": "24.5%*3",
                    "3": "26.3%*3",
                    "4": "29.0%*3",
                    "5": "30.8%*3",
                    "6": "32.9%*3",
                    "7": "35.8%*3",
                    "8": "38.7%*3",
                    "9": "41.6%*3",
                    "10": "44.8%*3",
                    "11": "47.9%*3"
                }
            },
            {
                "名前": "5段ダメージ",
                "数値": {
                    "1": "78.2%",
                    "2": "84.5%",
                    "3": "90.9%",
                    "4": "100.0%",
                    "5": "106.4%",
                    "6": "113.6%",
                    "7": "123.6%",
                    "8": "133.6%",
                    "9": "143.6%",
                    "10": "154.5%",
                    "11": "165.5%"
                }
            }
        ]
    },
    "重撃": {
        "説明": "一定のスタミナを消費し、居合で連続した剣風を放つ。",
        "詳細": [
            {
                "名前": "重撃ダメージ",
                "種類": "重撃ダメージ",
                "数値": {
                    "1": "55.1%*3",
                    "2": "59.6%*3",
                    "3": "64.1%*3",
                    "4": "70.5%*3",
                    "5": "75.0%*3",
                    "6": "80.1%*3",
                    "7": "87.2%*3",
                    "8": "94.2%*3",
                    "9": "101.3%*3",
                    "10": "109.0%*3",
                    "11": "116.7%*3"
                }
            }
        ],
        "重撃スタミナ消費": 20
    },
    "落下攻撃": {
        "説明": "空中から落下し地面に衝撃を与える。経路上の敵を攻撃し、落下時に広範囲ダメージを与える。",
        "詳細": [
            {
                "名前": "落下期間のダメージ",
                "種類": "落下攻撃ダメージ",
                "数値": {
                    "1": "63.9%",
                    "2": "69.1%",
                    "3": "74.3%",
                    "4": "81.8%",
                    "5": "87.0%",
                    "6": "92.9%",
                    "7": "101.1%",
                    "8": "109.3%",
                    "9": "117.5%",
                    "10": "126.4%",
                    "11": "135.3%"
                }
            },
            {
                "名前": "低空落下攻撃ダメージ",
                "種類": "落下攻撃ダメージ",
                "数値": {
                    "1": "128%",
                    "2": "138%",
                    "3": "149%",
                    "4": "164%",
                    "5": "174%",
                    "6": "186%",
                    "7": "202%",
                    "8": "219%",
                    "9": "235%",
                    "10": "253%",
                    "11": "271%"
                }
            },
            {
                "名前": "高空落下攻撃ダメージ",
                "種類": "落下攻撃ダメージ",
                "数値": {
                    "1": "160%",
                    "2": "173%",
                    "3": "186%",
                    "4": "204%",
                    "5": "217%",
                    "6": "232%",
                    "7": "253%",
                    "8": "273%",
                    "9": "293%",
                    "10": "316%",
                    "11": "338%"
                }
            }
        ]
    },
    "元素スキル": {
        "名前": "神里流・氷華",
        "説明": [
            "氷の華を咲かせ、周囲の敵をノックバックし、氷元素範囲ダメージを与える。",
            "「晴雲と朧月の夜、霧のような執念を抱え、心は遠くへと旅立った。」"
        ],
        "詳細": [
            {
                "名前": "スキルダメージ",
                "数値": {
                    "1": "239%",
                    "2": "257%",
                    "3": "275%",
                    "4": "299%",
                    "5": "317%",
                    "6": "335%",
                    "7": "359%",
                    "8": "383%",
                    "9": "407%",
                    "10": "431%",
                    "11": "454%",
                    "12": "478%",
                    "13": "508%"
                }
            }
        ],
        "クールタイム": 10
    },
    "元素爆発": {
        "名前": "神里流・霜滅",
        "説明": [
            "艶やか立ち姿で氷霜を集め、持続的に前進する霜見雪関扉を発動する。",
            "霜見雪関扉",
            "・鋭い刃のような霜風で敵に斬撃を与え続け、氷元素ダメージを与える。",
            "継続時間終了時に咲き、氷元素範囲ダメージを与える。"
        ],
        "詳細": [
            {
                "名前": "斬撃ダメージ",
                "数値": {
                    "1": "112%",
                    "2": "121%",
                    "3": "129%",
                    "4": "140%",
                    "5": "149%",
                    "6": "157%",
                    "7": "168%",
                    "8": "180%",
                    "9": "191%",
                    "10": "202%",
                    "11": "213%",
                    "12": "225%",
                    "13": "239%"
                }
            },
            {
                "名前": "咲きダメージ",
                "数値": {
                    "1": "168%",
                    "2": "181%",
                    "3": "194%",
                    "4": "211%",
                    "5": "223%",
                    "6": "236%",
                    "7": "253%",
                    "8": "270%",
                    "9": "286%",
                    "10": "303%",
                    "11": "320%",
                    "12": "337%",
                    "13": "358%"
                }
            },
            {
                "名前": "合計",
                "数値": {
                    "1": "112%攻撃力*神里流・霜滅 斬撃HIT数+168%",
                    "2": "121%攻撃力*神里流・霜滅 斬撃HIT数+181%",
                    "3": "129%攻撃力*神里流・霜滅 斬撃HIT数+194%",
                    "4": "140%攻撃力*神里流・霜滅 斬撃HIT数+211%",
                    "5": "149%攻撃力*神里流・霜滅 斬撃HIT数+223%",
                    "6": "157%攻撃力*神里流・霜滅 斬撃HIT数+236%",
                    "7": "168%攻撃力*神里流・霜滅 斬撃HIT数+253%",
                    "8": "180%攻撃力*神里流・霜滅 斬撃HIT数+270%",
                    "9": "191%攻撃力*神里流・霜滅 斬撃HIT数+286%",
                    "10": "202%攻撃力*神里流・霜滅 斬撃HIT数+303%",
                    "11": "213%攻撃力*神里流・霜滅 斬撃HIT数+320%",
                    "12": "225%攻撃力*神里流・霜滅 斬撃HIT数+337%",
                    "13": "239%攻撃力*神里流・霜滅 斬撃HIT数+358%"
                }
            },
            {
                "条件": "命ノ星座@2",
                "名前": "斬撃ダメージ(小)",
                "数値": {
                    "1": "112%*0.2",
                    "2": "121%*0.2",
                    "3": "129%*0.2",
                    "4": "140%*0.2",
                    "5": "149%*0.2",
                    "6": "157%*0.2",
                    "7": "168%*0.2",
                    "8": "180%*0.2",
                    "9": "191%*0.2",
                    "10": "202%*0.2",
                    "11": "213%*0.2",
                    "12": "225%*0.2",
                    "13": "239%*0.2"
                }
            },
            {
                "条件": "命ノ星座@2",
                "名前": "咲きダメージ(小)",
                "数値": {
                    "1": "168%*0.2",
                    "2": "181%*0.2",
                    "3": "194%*0.2",
                    "4": "211%*0.2",
                    "5": "223%*0.2",
                    "6": "236%*0.2",
                    "7": "253%*0.2",
                    "8": "270%*0.2",
                    "9": "286%*0.2",
                    "10": "303%*0.2",
                    "11": "320%*0.2",
                    "12": "337%*0.2",
                    "13": "358%*0.2"
                }
            },
            {
                "条件": "神里流・霜滅 斬撃HIT数@1-19回",
                "種類": "固有変数"
            }
        ],
        "継続時間": 5,
        "クールタイム": 20,
        "元素エネルギー": 80
    },
    "その他天賦": [
        {
            "種類": "戦闘天賦",
            "名前": "神里流・霰歩",
            "説明": [
                "ダッシュの代わりに発動する",
                "氷流に隠れて激流となり、スタミナを消費して素早く移動する。霧歩状態の神里綾華は水面上を高速移動できる。",
                "霰歩が終了し、姿を現した時に、下記の効果が発動される。",
                "・氷霜の力を放ち、周囲の敵に氷元素付着を与える。",
                "・氷の力を剣に集中させ、一定時間氷元素付与を獲得する。",
                "「雫が羽を湿らせて一瞬で消えてしまうのに、白鷺は水に踏み入れただけでなぜ怨言を吐くのでしょう？」"
            ],
            "詳細": [
                {
                    "条件": "霰歩終了後(5秒)氷元素付与",
                    "種類": "氷元素付与",
                    "継続時間": 5
                }
            ]
        },
        {
            "種類": "固有天賦",
            "名前": "天つ罪・国つ罪の鎮詞",
            "説明": [
                "神里流・氷華を発動した後の6秒間、神里綾華の通常攻撃と重撃のダメージ+30%。"
            ],
            "詳細": [
                {
                    "条件": "神里流・氷華発動後(6秒)通常攻撃と重撃ダメージ+30%",
                    "種類": "通常攻撃ダメージバフ",
                    "数値": 30
                },
                {
                    "条件": "神里流・氷華発動後(6秒)通常攻撃と重撃ダメージ+30%",
                    "種類": "重撃ダメージバフ",
                    "数値": 30
                }
            ]
        },
        {
            "種類": "固有天賦",
            "名前": "寒空の宣命祝詞",
            "説明": [
                "神里流・霰歩終了後に発生する氷が敵に命中すると、神里綾華は下記効果を獲得する。",
                "・スタミナを10ポイント獲得する。",
                "・氷元素ダメージ+18%、継続時間10秒。"
            ],
            "詳細": [
                {
                    "条件": "神里流・霰歩命中後(10秒)氷元素ダメージ+18%",
                    "種類": "氷元素ダメージバフ",
                    "数値": 18
                }
            ]
        },
        {
            "種類": "固有天賦",
            "名前": "鑑査の心得",
            "説明": "武器突破素材を合成する時、10%の確率でアイテムを2倍獲得する。"
        }
    ],
    "命ノ星座": {
        "1": {
            "名前": "霜枯れの墨染櫻",
            "説明": "神里綾華の通常攻撃または重撃が敵に氷元素ダメージを与えた時、50%の確率で神里流・氷華のクールタイム-0.3秒。この効果は0.1秒毎に1回のみ発動可能。"
        },
        "2": {
            "名前": "三重雪関扉",
            "説明": "神里流・霜滅発動時、追加で2つの小さい霜見雪関扉を放ち、それぞれ本来の20%分のダメージを与える。"
        },
        "3": {
            "名前": "花白錦画紙吹雪",
            "説明": [
                "神里流・霜滅のスキルLv+3。",
                "最大Lv.15まで。"
            ]
        },
        "4": {
            "名前": "栄枯盛衰",
            "説明": "神里流・霜滅の霜見雪関扉のダメージを受けた敵の防御力-30%、継続時間6秒。",
            "詳細": [
                {
                    "条件": "神里流・霜滅命中後(6秒)防御力-30%",
                    "種類": "敵防御力",
                    "数値": -30,
                    "継続時間": 6
                }
            ]
        },
        "5": {
            "名前": "花雲鐘入月",
            "説明": [
                "神里流・氷華のスキルLv+3。",
                "最大Lv.15まで。"
            ]
        },
        "6": {
            "名前": "間水月",
            "説明": "10秒毎に、神里綾華は「薄氷の舞」状態を獲得し、重撃ダメージが298%アップする。重撃が敵に命中してから0.5秒後、「薄氷の舞」の効果はクリアされ、クールタイムのカウントが開始される。",
            "詳細": [
                {
                    "条件": "薄氷の舞 重撃ダメージ+298%",
                    "種類": "重撃ダメージバフ",
                    "数値": 298
                }
            ]
        }
    },
    "おすすめセット": {
        "霧切の廻光 氷風を彷徨う勇士 [攻氷率]": {
            "武器": "霧切の廻光",
            "聖遺物メイン効果3": "5_攻撃力%",
            "聖遺物メイン効果4": "5_氷元素ダメージバフ",
            "聖遺物メイン効果5": "5_会心率",
            "聖遺物セット効果1": "氷風を彷徨う勇士",
            "聖遺物セット効果2": "氷風を彷徨う勇士",
            "聖遺物優先するサブ効果1": "会心ダメージ",
            "聖遺物優先するサブ効果2": "攻撃力%",
            "聖遺物優先するサブ効果3": null
        },
        "磐岩結緑 氷風を彷徨う勇士 [攻氷ダ]": {
            "武器": "磐岩結緑",
            "聖遺物メイン効果3": "5_攻撃力%",
            "聖遺物メイン効果4": "5_氷元素ダメージバフ",
            "聖遺物メイン効果5": "5_会心ダメージ",
            "聖遺物セット効果1": "氷風を彷徨う勇士",
            "聖遺物セット効果2": "氷風を彷徨う勇士",
            "聖遺物優先するサブ効果1": "会心ダメージ",
            "聖遺物優先するサブ効果2": "攻撃力%",
            "聖遺物優先するサブ効果3": null
        },
        "黒剣 氷風を彷徨う勇士 [攻氷ダ]": {
            "武器": "黒剣",
            "聖遺物メイン効果3": "5_攻撃力%",
            "聖遺物メイン効果4": "5_氷元素ダメージバフ",
            "聖遺物メイン効果5": "5_会心ダメージ",
            "聖遺物セット効果1": "氷風を彷徨う勇士",
            "聖遺物セット効果2": "氷風を彷徨う勇士",
            "聖遺物優先するサブ効果1": "攻撃力%",
            "聖遺物優先するサブ効果2": "会心ダメージ",
            "聖遺物優先するサブ効果3": null
        },
        "天目影打 氷風を彷徨う勇士 [攻氷率]": {
            "武器": "天目影打",
            "聖遺物メイン効果3": "5_攻撃力%",
            "聖遺物メイン効果4": "5_氷元素ダメージバフ",
            "聖遺物メイン効果5": "5_会心率",
            "聖遺物セット効果1": "氷風を彷徨う勇士",
            "聖遺物セット効果2": "氷風を彷徨う勇士",
            "聖遺物優先するサブ効果1": "会心ダメージ",
            "聖遺物優先するサブ効果2": "攻撃力%",
            "聖遺物優先するサブ効果3": null
        },
        "霧切の廻光 絶縁の旗印 [攻氷率]": {
            "武器": "霧切の廻光",
            "聖遺物メイン効果3": "5_攻撃力%",
            "聖遺物メイン効果4": "5_氷元素ダメージバフ",
            "聖遺物メイン効果5": "5_会心率",
            "聖遺物セット効果1": "絶縁の旗印",
            "聖遺物セット効果2": "絶縁の旗印",
            "聖遺物優先するサブ効果1": "会心率",
            "聖遺物優先するサブ効果2": "会心ダメージ",
            "聖遺物優先するサブ効果3": "攻撃力%"
        }
    }
}