{
    "名前": "甘雨",
    "レアリティ": 5,
    "武器": "弓",
    "元素": "氷",
    "ステータス": {
        "基礎HP": {
            "80": 8643,
            "80+": 9108,
            "90": 9797
        },
        "基礎攻撃力": {
            "80": 295,
            "80+": 311,
            "90": 335
        },
        "基礎防御力": {
            "80": 556,
            "80+": 586,
            "90": 630
        },
        "会心ダメージ": {
            "80": 28.8,
            "80+": 38.4,
            "90": 38.4
        }
    },
    "通常攻撃": {
        "名前": "通常攻撃・流天射術",
        "説明": "最大6段の連続攻撃を行う。",
        "詳細": [
            {
                "名前": "1段ダメージ",
                "数値": {
                    "1": "31.7%",
                    "2": "34.3%",
                    "3": "36.9%",
                    "4": "40.6%",
                    "5": "43.2%",
                    "6": "46.1%",
                    "7": "50.2%",
                    "8": "54.2%",
                    "9": "58.3%",
                    "10": "62.7%",
                    "11": "67.8%"
                }
            },
            {
                "名前": "2段ダメージ",
                "数値": {
                    "1": "35.6%",
                    "2": "38.5%",
                    "3": "41.4%",
                    "4": "45.5%",
                    "5": "48.4%",
                    "6": "51.8%",
                    "7": "56.3%",
                    "8": "60.9%",
                    "9": "65.4%",
                    "10": "70.4%",
                    "11": "76.1%"
                }
            },
            {
                "名前": "3段ダメージ",
                "数値": {
                    "1": "45.5%",
                    "2": "49.2%",
                    "3": "52.9%",
                    "4": "58.2%",
                    "5": "61.9%",
                    "6": "66.1%",
                    "7": "71.9%",
                    "8": "77.8%",
                    "9": "83.6%",
                    "10": "89.9%",
                    "11": "97.2%"
                }
            },
            {
                "名前": "4段ダメージ",
                "数値": {
                    "1": "45.5%",
                    "2": "49.2%",
                    "3": "52.9%",
                    "4": "58.2%",
                    "5": "61.9%",
                    "6": "66.1%",
                    "7": "71.9%",
                    "8": "77.8%",
                    "9": "83.6%",
                    "10": "89.9%",
                    "11": "97.2%"
                }
            },
            {
                "名前": "5段ダメージ",
                "数値": {
                    "1": "48.2%",
                    "2": "52.2%",
                    "3": "56.1%",
                    "4": "61.7%",
                    "5": "65.6%",
                    "6": "70.1%",
                    "7": "76.3%",
                    "8": "82.5%",
                    "9": "88.6%",
                    "10": "95.4%",
                    "11": "103.1%"
                }
            },
            {
                "名前": "6段ダメージ",
                "数値": {
                    "1": "57.6%",
                    "2": "62.3%",
                    "3": "67.0%",
                    "4": "73.7%",
                    "5": "78.4%",
                    "6": "83.8%",
                    "7": "91.1%",
                    "8": "98.5%",
                    "9": "105.9%",
                    "10": "113.9%",
                    "11": "123.1%"
                }
            }
        ]
    },
    "重撃": {
        "説明": [
            "ダメージがより高く、より精確な狙い撃ちを発動する。",
            "照準時、氷寒の気が矢先に集まり、攻撃と共に発射される。チャージ時間により、異なる効果を発動する。",
            "・1段チャージ：氷寒の気が集まった矢を放ち、氷元素ダメージを与える。",
            "・2段チャージ：霜華の矢を放ち、氷元素ダメージを与える。命中後、霜華満開が発生し、さらに氷元素範囲ダメージを与える。"
        ],
        "詳細": [
            {
                "名前": "狙い撃ち",
                "数値": {
                    "1": "43.9%",
                    "2": "47.4%",
                    "3": "51.0%",
                    "4": "56.1%",
                    "5": "59.7%",
                    "6": "63.8%",
                    "7": "69.4%",
                    "8": "75.0%",
                    "9": "80.6%",
                    "10": "86.7%",
                    "11": "92.8%"
                }
            },
            {
                "名前": "1段チャージ狙い撃ち",
                "元素": "氷",
                "数値": {
                    "1": "124%",
                    "2": "133%",
                    "3": "143%",
                    "4": "155%",
                    "5": "164%",
                    "6": "174%",
                    "7": "186%",
                    "8": "198%",
                    "9": "211%",
                    "10": "223%",
                    "11": "236%"
                }
            },
            {
                "名前": "霜華の矢の命中ダメージ",
                "元素": "氷",
                "数値": {
                    "1": "128%",
                    "2": "138%",
                    "3": "147%",
                    "4": "160%",
                    "5": "170%",
                    "6": "179%",
                    "7": "192%",
                    "8": "205%",
                    "9": "218%",
                    "10": "230%",
                    "11": "243%"
                }
            },
            {
                "名前": "霜華の矢・霜華満開ダメージ",
                "元素": "氷",
                "数値": {
                    "1": "218%",
                    "2": "234%",
                    "3": "250%",
                    "4": "272%",
                    "5": "288%",
                    "6": "305%",
                    "7": "326%",
                    "8": "348%",
                    "9": "370%",
                    "10": "392%",
                    "11": "413%"
                }
            }
        ]
    },
    "落下攻撃": {
        "説明": "空中から矢の雨を放ち凄まじいスピードで落下し地面に衝撃を与え、落下時に範囲ダメージを与える。",
        "詳細": [
            {
                "名前": "落下期間のダメージ",
                "種類": "落下攻撃ダメージ",
                "数値": {
                    "1": "56.8%",
                    "2": "61.5%",
                    "3": "66.1%",
                    "4": "72.7%",
                    "5": "77.3%",
                    "6": "82.6%",
                    "7": "89.9%",
                    "8": "97.1%",
                    "9": "104.4%",
                    "10": "112.3%",
                    "11": "120.3%"
                }
            },
            {
                "名前": "低空/高空落下攻撃ダメージ",
                "種類": "落下攻撃ダメージ",
                "数値": {
                    "1": "114%/142%",
                    "2": "123%/153%",
                    "3": "132%/165%",
                    "4": "145%/182%",
                    "5": "155%/193%",
                    "6": "165%/206%",
                    "7": "180%/224%",
                    "8": "194%/243%",
                    "9": "209%/261%",
                    "10": "225%/281%",
                    "11": "240%/300%"
                }
            }
        ]
    },
    "元素スキル": {
        "名前": "山沢麟跡",
        "説明": [
            "一度の氷蓮を残して後退し、全ての魑魅魍魎から離れ、氷元素範囲ダメージを与える。",
            "氷蓮",
            "・持続的に周囲の敵を挑発し、攻撃を引き付ける。",
            "・耐久度は甘雨のHP上限によって決まる。",
            "・破壊された時または継続時間終了後に激しく開花し、氷属性範囲ダメージを与える。"
        ],
        "詳細": [
            {
                "名前": "HP継承",
                "種類": "元素創造物HP",
                "数値": {
                    "1": "120%HP上限",
                    "2": "129%HP上限",
                    "3": "138%HP上限",
                    "4": "150%HP上限",
                    "5": "159%HP上限",
                    "6": "168%HP上限",
                    "7": "180%HP上限",
                    "8": "192%HP上限",
                    "9": "204%HP上限",
                    "10": "216%HP上限",
                    "11": "228%HP上限",
                    "12": "240HP上限",
                    "13": "255%HP上限"
                }
            },
            {
                "名前": "スキルダメージ",
                "数値": {
                    "1": "132%",
                    "2": "142%",
                    "3": "152%",
                    "4": "165%",
                    "5": "175%",
                    "6": "185%",
                    "7": "198%",
                    "8": "211%",
                    "9": "224%",
                    "10": "238%",
                    "11": "250.8%",
                    "12": "264%",
                    "13": "281%"
                }
            }
        ],
        "継続時間": 6,
        "クールタイム": 10
    },
    "元素爆発": {
        "名前": "降衆天華",
        "説明": [
            "待機中の雪霜を集め、退魔の氷霊珠を召喚する。",
            "氷霊珠が存在している間、持続的に氷柱を降らし、範囲内の敵に氷元素ダメージを与える。"
        ],
        "詳細": [
            {
                "名前": "氷柱ダメージ",
                "数値": {
                    "1": "70%",
                    "2": "76%",
                    "3": "81%",
                    "4": "88%",
                    "5": "93%",
                    "6": "98%",
                    "7": "105%",
                    "8": "112%",
                    "9": "119%",
                    "10": "126%",
                    "11": "134%",
                    "12": "141%",
                    "13": "149%"
                }
            }
        ],
        "継続時間": 15,
        "クールタイム": 15,
        "元素エネルギー": 60
    },
    "その他天賦": [
        {
            "種類": "固有天賦",
            "名前": "唯一の心",
            "説明": [
                "霜華の矢を放った後の5秒以内に放たれた霜華の矢と霜華満開の会心率+20%"
            ],
            "詳細": [
                {
                    "条件": "霜華の矢を放った後の5秒以内",
                    "種類": "会心率",
                    "対象": "重撃ダメージ.霜華の矢の命中ダメージ",
                    "数値": 20
                },
                {
                    "条件": "霜華の矢を放った後の5秒以内",
                    "種類": "会心率",
                    "対象": "重撃ダメージ.霜華の矢・霜華満開ダメージ",
                    "数値": 20
                }
            ]
        },
        {
            "種類": "固有天賦",
            "名前": "天地安泰",
            "説明": [
                "降衆天華エリア内のキャラクターの氷元素ダメージ+20%"
            ],
            "詳細": [
                {
                    "条件": "降衆天華エリア内",
                    "種類": "氷元素ダメージバフ",
                    "数値": 20
                }
            ]
        },
        {
            "種類": "固有天賦",
            "名前": "弓蔵待命",
            "説明": "弓を鍛造する時、消費した鉱石の15%が返還される。"
        }
    ],
    "命ノ星座": {
        "1": {
            "名前": "飲露",
            "説明": [
                "二段チャージ重撃の霜華の矢または霜華満開が命中した時、敵の氷元素耐性-15%。継続時間6秒。",
                "命中時に甘雨の元素エネルギーを2回復。二段チャージの重撃による元素エネルギーの回復効果は、1回の重撃で1度のみ発動可能。"
            ],
            "詳細": [
                {
                    "条件": "二段チャージ重撃の霜華の矢または霜華満開が命中(継続時間6秒)",
                    "種類": "敵氷元素耐性",
                    "数値": -15,
                    "継続時間": 6
                }
            ]
        },
        "2": {
            "名前": "獲麟",
            "説明": "山沢麟跡の発動回数+1。"
        },
        "3": {
            "名前": "雲行",
            "説明": [
                "降衆天華のスキルLv.+3。",
                "最大Lv.15まで。"
            ]
        },
        "4": {
            "名前": "西狩",
            "説明": [
                "降衆天華エリア内、敵の受けるダメージが増加する。",
                "受けるダメージの増加量は初期が5%、3秒毎に5%上昇し、最大25%まで上昇する。",
                "エリアを出た後、継続時間3秒。"
            ],
            "詳細": [
                {
                    "条件": "降衆天華エリア内、敵の受けるダメージ(継続時間3秒)@5-25%",
                    "種類": "与えるダメージ",
                    "数値": 1,
                    "継続時間": 3
                }
            ]
        },
        "5": {
            "名前": "折草",
            "説明": [
                "山沢麟跡のスキルLv.+3。",
                "最大Lv.15まで。"
            ]
        },
        "6": {
            "名前": "履虫",
            "説明": "山沢麟跡を発動すると、30秒以内に放つ最初の霜華の矢が、チャージせずに発動可能になる。"
        }
    },
    "おすすめセット": {
        "アモスの弓 氷風4": {
            "武器": "アモスの弓",
            "聖遺物メイン効果3": "攻撃力%",
            "聖遺物メイン効果4": "氷元素ダメージバフ",
            "聖遺物メイン効果5": "会心ダメージ",
            "聖遺物セット効果1": "氷風を彷徨う勇士",
            "聖遺物セット効果2": "氷風を彷徨う勇士",
            "聖遺物優先するサブ効果1": "会心率",
            "聖遺物優先するサブ効果2": "会心ダメージ",
            "聖遺物優先するサブ効果3": "攻撃力%"
        },
        "天空の翼 氷風4": {
            "武器": "天空の翼",
            "聖遺物メイン効果3": "攻撃力%",
            "聖遺物メイン効果4": "氷元素ダメージバフ",
            "聖遺物メイン効果5": "会心ダメージ",
            "聖遺物セット効果1": "氷風を彷徨う勇士",
            "聖遺物セット効果2": "氷風を彷徨う勇士",
            "聖遺物優先するサブ効果1": "攻撃力%",
            "聖遺物優先するサブ効果2": "会心率",
            "聖遺物優先するサブ効果3": "会心ダメージ"
        },
        "冬極の白星 氷風4": {
            "武器": "冬極の白星",
            "聖遺物メイン効果3": "攻撃力%",
            "聖遺物メイン効果4": "氷元素ダメージバフ",
            "聖遺物メイン効果5": "会心ダメージ",
            "聖遺物セット効果1": "氷風を彷徨う勇士",
            "聖遺物セット効果2": "氷風を彷徨う勇士",
            "聖遺物優先するサブ効果1": "攻撃力%",
            "聖遺物優先するサブ効果2": "会心ダメージ",
            "聖遺物優先するサブ効果3": null
        },
        "天空の翼 絶縁4": {
            "武器": "天空の翼",
            "聖遺物メイン効果3": "元素チャージ効率",
            "聖遺物メイン効果4": "氷元素ダメージバフ",
            "聖遺物メイン効果5": "会心率",
            "聖遺物セット効果1": "絶縁の旗印",
            "聖遺物セット効果2": "絶縁の旗印",
            "聖遺物優先するサブ効果1": "攻撃力%",
            "聖遺物優先するサブ効果2": "会心ダメージ",
            "聖遺物優先するサブ効果3": null
        },
        "冬極の白星 絶縁4": {
            "武器": "冬極の白星",
            "聖遺物メイン効果3": "元素チャージ効率",
            "聖遺物メイン効果4": "氷元素ダメージバフ",
            "聖遺物メイン効果5": "会心率",
            "聖遺物セット効果1": "絶縁の旗印",
            "聖遺物セット効果2": "絶縁の旗印",
            "聖遺物優先するサブ効果1": "攻撃力%",
            "聖遺物優先するサブ効果2": "会心ダメージ",
            "聖遺物優先するサブ効果3": null
        }
    }
}