{
	"名前": "雷電将軍",
	"レアリティ": 5,
	"武器": "長柄武器",
	"元素": "雷",
	"ステータス": {
		"基礎HP": {
			"80": 11388,
			"90": 12907,
			"80+": 12000
		},
		"基礎攻撃力": {
			"80": 298,
			"90": 337,
			"80+": 314
		},
		"基礎防御力": {
			"80": 696,
			"90": 789,
			"80+": 734
		},
		"元素チャージ効率": {
			"80": 24,
			"90": 32,
			"80+": 32
		}
	},
	"固有変数": {
		"諸願百目の輪の願力": 0,
		"元素エネルギー": 90
	},
	"オプション初期値": {
		"諸願百目の輪の願力": 40
	},
	"通常攻撃": {
		"名前": "通常攻撃・源流",
		"説明": "槍による最大5段の連続攻撃を行う。",
		"詳細": [
			{
				"名前": "1段ダメージ",
				"数値": {
					"1": "39.6%",
					"2": "42.9%",
					"3": "46.1%",
					"4": "50.7%",
					"5": "53.9%",
					"6": "57.6%",
					"7": "62.7%",
					"8": "67.8%",
					"9": "72.8%",
					"10": "78.4%",
					"11": ""
				}
			},
			{
				"名前": "2段ダメージ",
				"数値": {
					"1": "39.7%",
					"2": "43.0%",
					"3": "46.2%",
					"4": "50.8%",
					"5": "54.1%",
					"6": "57.8%",
					"7": "62.8%",
					"8": "67.9%",
					"9": "73.0%",
					"10": "78.5%",
					"11": ""
				}
			},
			{
				"名前": "3段ダメージ",
				"数値": {
					"1": "49.9%",
					"2": "53.9%",
					"3": "58.0%",
					"4": "63.8%",
					"5": "67.9%",
					"6": "72.5%",
					"7": "78.9%",
					"8": "85.3%",
					"9": "91.6%",
					"10": "98.6%",
					"11": ""
				}
			},
			{
				"名前": "4段ダメージ",
				"数値": {
					"1": "29.0%+29.0%",
					"2": "31.3%+31.3%",
					"3": "33.7%+33.7%",
					"4": "37.1%+37.1%",
					"5": "39.4%+39.4%",
					"6": "42.1%+42.1%",
					"7": "45.8%+45.8%",
					"8": "49.5%+49.5%",
					"9": "53.2%+53.2%",
					"10": "57.3%+57.3%",
					"11": ""
				},
				"HIT数": 2
			},
			{
				"名前": "5段ダメージ",
				"数値": {
					"1": "65.4%",
					"2": "70.8%",
					"3": "76.1%",
					"4": "83.7%",
					"5": "89.0%",
					"6": "95.1%",
					"7": "103.5%",
					"8": "111.9%",
					"9": "120.2%",
					"10": "129.4%",
					"11": ""
				}
			}
		]
	},
	"重撃": {
		"説明": "一定のスタミナを消費し、切り上げ攻撃を発動する。",
		"詳細": [
			{
				"名前": "重撃ダメージ",
				"数値": {
					"1": "61.6%+74.4%",
					"2": "65.8%+79.4%",
					"3": "70.0%+84.5%",
					"4": "75.6%+91.3%",
					"5": "79.8%+96.3%",
					"6": "84.7%+102.2%",
					"7": "91.0%+109.9%",
					"8": "97.3%+117.5%",
					"9": "103.6%+125.1%",
					"10": "109.9%+132.7%",
					"11": "116.2%+140.3%",
					"12": "122.5%+147.9%",
					"13": "128.8%+155.5%"
				},
				"HIT数": 2
			}
		]
	},
	"落下攻撃": {
		"説明": "空中から矢の雨を放ち凄まじいスピードで落下し地面に衝撃を与え、落下時に範囲ダメージを与える。",
		"詳細": [
			{
				"名前": "落下期間のダメージ",
				"種類": "落下攻撃ダメージ",
				"数値": {
					"1": "",
					"2": "",
					"3": "",
					"4": "",
					"5": "",
					"6": "",
					"7": "",
					"8": "",
					"9": "",
					"10": "",
					"11": ""
				}
			},
			{
				"名前": "低空/高空落下攻撃ダメージ",
				"種類": "落下攻撃ダメージ",
				"数値": {
					"1": "",
					"2": "",
					"3": "",
					"4": "",
					"5": "",
					"6": "",
					"7": "",
					"8": "",
					"9": "",
					"10": "",
					"11": ""
				}
			}
		]
	},
	"元素スキル": {
		"名前": "神変・悪曜開眼",
		"説明": [
			"雷電将軍が浄土の一角を展開し、周囲の敵に雷元素ダメージを与え、周囲のチーム全員に「雷罰悪曜の眼」を授ける。",
			"雷罰悪曜の眼",
			"・雷罰悪曜の眼を持つキャラクターの攻撃が敵にダメージを与えると、雷罰悪曜の眼は連携攻撃を行い、敵の位置に雷範囲ダメージを与える。",
			"・雷罰悪曜の眼を持つキャラクターは継続時間内に、元素爆発の元素エネルギーを基準に、元素爆発ダメージがアップする。",
			"チーム毎の雷罰悪曜の眼は0.9秒毎に1回のみ連携攻撃を行う。",
			"チーム内自身以外のキャラクターが連携攻撃を発動した場合、与えるダメージは本来のダメージの20%となる。"
		],
		"詳細": [
			{
				"名前": "スキルダメージ",
				"数値": {
					"1": "117.2%",
					"2": "126.0%",
					"3": "134.8%",
					"4": "146.5%",
					"5": "155.3%",
					"6": "164.1%",
					"7": "175.8%",
					"8": "187.5%",
					"9": "199.2%",
					"10": "211.0%",
					"11": "222.7%",
					"12": "234.4%",
					"13": "249.1%"
				}
			},
			{
				"名前": "連携攻撃ダメージ",
				"数値": {
					"1": "42.0%",
					"2": "45.2%",
					"3": "48.3%",
					"4": "52.5%",
					"5": "55.7%",
					"6": "58.8%",
					"7": "63.0%",
					"8": "67.2%",
					"9": "71.4%",
					"10": "75.6%",
					"11": "79.8%",
					"12": "84.0%",
					"13": "89.3%"
				}
			},
			{
				"条件": "雷罰悪曜の眼",
				"名前": "元素爆発ダメージアップ",
				"種類": "元素爆発ダメージバフ",
				"数値": {
					"1": "0.22*元素エネルギー",
					"2": "0.23*元素エネルギー",
					"3": "0.24*元素エネルギー",
					"4": "0.25*元素エネルギー",
					"5": "0.26*元素エネルギー",
					"6": "0.27*元素エネルギー",
					"7": "0.28*元素エネルギー",
					"8": "0.29*元素エネルギー",
					"9": "0.3*元素エネルギー",
					"10": "0.3*元素エネルギー",
					"11": "0.3*元素エネルギー",
					"12": "0.3*元素エネルギー",
					"13": "0.3*元素エネルギー"
				}
			}
		],
		"継続時間": 25,
		"クールタイム": 10
	},
	"元素爆発": {
		"名前": "奥義・夢想真説",
		"説明": [
			"無数の真言を集結し、諸願百目の願力を尽くす。すべての呪詛を切り裂く夢想の一太刀を繰り出し、雷元素範囲ダメージを与える。",
			"その後一定時間内、「夢想の一心」を使用して戦う。",
			"発動時に消費した諸願百目の輪の願力層数を基準に、夢想の一太刀と夢想の一心の攻撃によるダメージをアップさせる。",
			"夢想の一心",
			"この状態の雷電将軍は刀で攻撃を行う。通常攻撃、重撃、落下攻撃のダメージは、元素付与によって他の元素に変化しない雷元素ダメージへと変わる。",
			"さらに、攻撃が敵に命中すると、周囲のチーム全員の元素エネルギーを回復する。",
			"この方式での元素エネルギー回復は1秒に1回のみ可能で、継続時間内に最大5回まで発動可能。",
			"この状態の雷電将軍は中断耐性がアップし、感電反応のダメージを受けなくなる。",
			"夢想の一心状態の時、雷電将軍の通常攻撃、重撃、落下攻撃のダメージは元素爆発ダメージと見なされる。",
			"夢想の一心による効果は、雷電将軍が退場する時に解除される。",
			"諸願百目の輪",
			"周囲のチーム全員（雷電将軍自身を除く）が元素爆発を発動すると、元素爆発の元素エネルギーを元に雷電将軍の諸願百目の輪に願力を蓄積する。",
			"蓄積できる願力は最大60層まで。"
		],
		"詳細": [
			{
				"名前": "夢想の一太刀ダメージ",
				"数値": {
					"1": "401%",
					"2": "431%",
					"3": "461%",
					"4": "501%",
					"5": "531%",
					"6": "561%",
					"7": "601%",
					"8": "641%",
					"9": "681%",
					"10": "721%",
					"11": "761%",
					"12": "802%",
					"13": "852%"
				}
			},
			{
				"条件": "諸願百目の輪の願力@1-60層",
				"名前": "願力アップ効果",
				"種類": "元素爆発強化",
				"対象": "元素爆発ダメージ.夢想の一太刀ダメージ",
				"数値": {
					"1": "3.89%攻撃力",
					"2": "4.18%攻撃力",
					"3": "4.47%攻撃力",
					"4": "4.86%攻撃力",
					"5": "5.15%攻撃力",
					"6": "5.44%攻撃力",
					"7": "5.83%攻撃力",
					"8": "6.22%攻撃力",
					"9": "6.61%攻撃力",
					"10": "7.00%攻撃力",
					"11": "7.39%攻撃力",
					"12": "7.78%攻撃力",
					"13": "8.26%攻撃力"
				}
			},
			{
				"条件": "夢想の一心",
				"名前": "願力アップ効果",
				"種類": "通常攻撃強化",
				"対象": "通常攻撃ダメージ",
				"数値": {
					"1": "0.73%攻撃力*諸願百目の輪の願力",
					"2": "0.78%攻撃力*諸願百目の輪の願力",
					"3": "0.84%攻撃力*諸願百目の輪の願力",
					"4": "0.91%攻撃力*諸願百目の輪の願力",
					"5": "0.96%攻撃力*諸願百目の輪の願力",
					"6": "1.02%攻撃力*諸願百目の輪の願力",
					"7": "1.09%攻撃力*諸願百目の輪の願力",
					"8": "1.16%攻撃力*諸願百目の輪の願力",
					"9": "1.23%攻撃力*諸願百目の輪の願力",
					"10": "1.31%攻撃力*諸願百目の輪の願力",
					"11": "1.38%攻撃力*諸願百目の輪の願力",
					"12": "1.45%攻撃力*諸願百目の輪の願力",
					"13": "1.54%攻撃力*諸願百目の輪の願力"
				}
			},
			{
				"条件": "夢想の一心",
				"名前": "願力アップ効果",
				"種類": "重撃強化",
				"対象": "重撃ダメージ",
				"数値": {
					"1": "0.73%攻撃力*諸願百目の輪の願力",
					"2": "0.78%攻撃力*諸願百目の輪の願力",
					"3": "0.84%攻撃力*諸願百目の輪の願力",
					"4": "0.91%攻撃力*諸願百目の輪の願力",
					"5": "0.96%攻撃力*諸願百目の輪の願力",
					"6": "1.02%攻撃力*諸願百目の輪の願力",
					"7": "1.09%攻撃力*諸願百目の輪の願力",
					"8": "1.16%攻撃力*諸願百目の輪の願力",
					"9": "1.23%攻撃力*諸願百目の輪の願力",
					"10": "1.31%攻撃力*諸願百目の輪の願力",
					"11": "1.38%攻撃力*諸願百目の輪の願力",
					"12": "1.45%攻撃力*諸願百目の輪の願力",
					"13": "1.54%攻撃力*諸願百目の輪の願力"
				}
			},
			{
				"条件": "夢想の一心",
				"名前": "願力アップ効果",
				"種類": "落下攻撃強化",
				"対象": "落下攻撃ダメージ",
				"数値": {
					"1": "0.73%攻撃力*諸願百目の輪の願力",
					"2": "0.78%攻撃力*諸願百目の輪の願力",
					"3": "0.84%攻撃力*諸願百目の輪の願力",
					"4": "0.91%攻撃力*諸願百目の輪の願力",
					"5": "0.96%攻撃力*諸願百目の輪の願力",
					"6": "1.02%攻撃力*諸願百目の輪の願力",
					"7": "1.09%攻撃力*諸願百目の輪の願力",
					"8": "1.16%攻撃力*諸願百目の輪の願力",
					"9": "1.23%攻撃力*諸願百目の輪の願力",
					"10": "1.31%攻撃力*諸願百目の輪の願力",
					"11": "1.38%攻撃力*諸願百目の輪の願力",
					"12": "1.45%攻撃力*諸願百目の輪の願力",
					"13": "1.54%攻撃力*諸願百目の輪の願力"
				}
			}
		],
		"継続時間": 7,
		"クールタイム": 18,
		"元素エネルギー": 90
	},
	"特殊通常攻撃": {
		"条件": "夢想の一心",
		"種類": "元素爆発ダメージ",
		"詳細": [
			{
				"名前": "1段ダメージ",
				"種類": "通常攻撃ダメージ",
				"数値": {
					"1": "44.7%",
					"2": "47.8%",
					"3": "50.8%",
					"4": "54.9%",
					"5": "58.0%",
					"6": "61.5%",
					"7": "66.1%",
					"8": "70.7%",
					"9": "75.2%",
					"10": "79.8%",
					"11": "84.4%",
					"12": "89.0%",
					"13": "93.5%"
				},
				"元素": "雷",
				"ダメージバフ": "元素爆発ダメージバフ"
			},
			{
				"名前": "2段ダメージ",
				"種類": "通常攻撃ダメージ",
				"数値": {
					"1": "44.0%",
					"2": "47.0%",
					"3": "50.0%",
					"4": "53.9%",
					"5": "56.9%",
					"6": "60.4%",
					"7": "64.9%",
					"8": "69.4%",
					"9": "73.9%",
					"10": "78.4%",
					"11": "82.9%",
					"12": "87.4%",
					"13": "91.9%"
				},
				"元素": "雷",
				"ダメージバフ": "元素爆発ダメージバフ"
			},
			{
				"名前": "3段ダメージ",
				"種類": "通常攻撃ダメージ",
				"数値": {
					"1": "53.8%",
					"2": "57.5%",
					"3": "61.2%",
					"4": "66.1%",
					"5": "69.7%",
					"6": "74.0%",
					"7": "79.5%",
					"8": "85.0%",
					"9": "90.5%",
					"10": "96.0%",
					"11": "101.5%",
					"12": "107%",
					"13": "112.5%"
				},
				"元素": "雷",
				"ダメージバフ": "元素爆発ダメージバフ"
			},
			{
				"名前": "4段ダメージ",
				"種類": "通常攻撃ダメージ",
				"数値": {
					"1": "30.9%+31.0%",
					"2": "33.0%+33.1%",
					"3": "35.1%+35.2%",
					"4": "37.9%+38.0%",
					"5": "40.0%+40.1%",
					"6": "42.5%+42.6%",
					"7": "45.6%+45.8%",
					"8": "48.8%+48.9%",
					"9": "51.9%+52.1%",
					"10": "55.1%+55.3%",
					"11": "58.3%+58.4%",
					"12": "61.4%+61.7%",
					"13": "64.6%+64.8%"
				},
				"元素": "雷",
				"HIT数": 2,
				"ダメージバフ": "元素爆発ダメージバフ"
			},
			{
				"名前": "5段ダメージ",
				"種類": "通常攻撃ダメージ",
				"数値": {
					"1": "73.9%+0.73%",
					"2": "79.0%+0.78%",
					"3": "84.0%+0.84%",
					"4": "90.7%+0.91%",
					"5": "95.8%+0.96%",
					"6": "101.7%+1.02%",
					"7": "109.2%+1.09%",
					"8": "116.8%+1.16%",
					"9": "124.4%+1.23%",
					"10": "131.9%+1.31%",
					"11": "139.5%+1.38%",
					"12": "147.0%+1.45%",
					"13": "154.6%+1.54%"
				},
				"元素": "雷",
				"HIT数": 2,
				"ダメージバフ": "元素爆発ダメージバフ"
			}
		]
	},
	"特殊重撃": {
		"条件": "夢想の一心",
		"種類": "元素爆発ダメージ",
		"詳細": [
			{
				"名前": "重撃ダメージ",
				"種類": "重撃ダメージ",
				"数値": {
					"1": "61.6%+74.4%",
					"2": "65.8%+79.4%",
					"3": "70.0%+84.5%",
					"4": "75.6%+91.3%",
					"5": "79.8%+96.3%",
					"6": "84.7%+102.2%",
					"7": "91.0%+109.9%",
					"8": "97.3%+117.5%",
					"9": "103.6%+125.1%",
					"10": "109.9%+132.7%",
					"11": "116.2%+140.3%",
					"12": "122.5%+147.9%",
					"13": "128.8%+155.5%"
				},
				"元素": "雷",
				"HIT数": 2,
				"ダメージバフ": "元素爆発ダメージバフ"
			}
		]
	},
	"その他天賦": [
		{
			"種類": "固有天賦",
			"名前": "千万の願望",
			"説明": [
				"周囲にいるチーム内キャラクターが元素オーブまたは元素粒子を獲得した時、諸願百目の輪に願力を2層蓄積する。",
				"この効果は3秒に1回のみ発動可能。"
			]
		},
		{
			"種類": "固有天賦",
			"名前": "殊勝な御体",
			"説明": [
				"元素チャージ効率が100%を超えている場合、超えた分1%につき、雷電将軍は以下の効果を獲得する。",
				"・夢想の一心状態で提供する元素エネルギー回復+0.6%。",
				"雷元素ダメージ+0.4%。"
			],
			"詳細": [
				{
					"種類": "雷元素ダメージバフ",
					"数値": "100%元素チャージ効率-100*0.4"
				}
			]
		},
		{
			"種類": "固有天賦",
			"名前": "天下名物狩り",
			"説明": "片手剣と長柄武器を突破する時、消費するモラ-50%。"
		}
	],
	"命ノ星座": {
		"1": {
			"名前": "悪曜の呪詛",
			"説明": [
				"諸願百目の輪の願力をより早く蓄積できるようになる。",
				"雷元素タイプのキャラクターによる元素爆発が蓄積する願力+80%。他の元素タイプのキャラクターによる元素爆発が蓄積する願力+20%。"
			]
		},
		"2": {
			"名前": "斬鉄断金",
			"説明": "奥義・夢想真説の夢想の一太刀と夢想の一心による攻撃は敵の防御力60%を無視する。",
			"詳細": [
				{
					"対象": "元素爆発ダメージ.夢想の一太刀ダメージ",
					"種類": "防御無視",
					"数値": 60
				},
				{
					"条件": "夢想の一心",
					"対象": "通常攻撃ダメージ",
					"種類": "防御無視",
					"数値": 60
				},
				{
					"条件": "夢想の一心",
					"対象": "重撃ダメージ",
					"種類": "防御無視",
					"数値": 60
				},
				{
					"条件": "夢想の一心",
					"対象": "落下攻撃ダメージ",
					"種類": "防御無視",
					"数値": 60
				}
			]
		},
		"3": {
			"名前": "眞影旧事",
			"説明": [
				"奥義・夢想真説のスキルLv.+3。",
				"最大Lv.15まで。"
			]
		},
		"4": {
			"名前": "常道への誓い",
			"説明": [
				"奥義・夢想真説による夢想の一心状態終了後、周囲のチーム全員（雷電将軍自身を除く）の攻撃力+30%、継続時間10秒。"
			]
		},
		"5": {
			"名前": "凶将の顕現",
			"説明": [
				"神変・悪曜開眼のスキルLv.+3。",
				"最大Lv.15まで。"
			]
		},
		"6": {
			"名前": "願いの代行者",
			"説明": "奥義・夢想真説による夢想の一心状態の時、雷電将軍の通常攻撃、重撃、落下攻撃が敵に命中すると、周囲のチーム全員（雷電将軍自身を除く）の元素爆発のクールタイム-1秒。この効果は1秒毎に1回のみ可能で、継続時間内に最大5回まで発動可能。"
		}
	},
	"おすすめセット": {
		"草薙の稲光 絶縁4 攻撃力": {
			"武器": "草薙の稲光",
			"聖遺物メイン効果3": "元素チャージ効率",
			"聖遺物メイン効果4": "攻撃力%",
			"聖遺物メイン効果5": "会心率",
			"聖遺物セット効果1": "絶縁の旗印",
			"聖遺物セット効果2": "絶縁の旗印",
			"聖遺物優先するサブ効果1": "会心ダメージ",
			"聖遺物優先するサブ効果2": "会心率",
			"聖遺物優先するサブ効果3": "攻撃力%"
		},
		"草薙の稲光 絶縁4 雷バフ": {
			"武器": "草薙の稲光",
			"聖遺物メイン効果3": "元素チャージ効率",
			"聖遺物メイン効果4": "雷元素ダメージバフ",
			"聖遺物メイン効果5": "会心率",
			"聖遺物セット効果1": "絶縁の旗印",
			"聖遺物セット効果2": "絶縁の旗印",
			"聖遺物優先するサブ効果1": "会心ダメージ",
			"聖遺物優先するサブ効果2": "会心率",
			"聖遺物優先するサブ効果3": "攻撃力%"
		},
		"「漁獲」 絶縁4 攻撃力": {
			"武器": "「漁獲」",
			"聖遺物メイン効果3": "元素チャージ効率",
			"聖遺物メイン効果4": "攻撃力%",
			"聖遺物メイン効果5": "会心率",
			"聖遺物セット効果1": "絶縁の旗印",
			"聖遺物セット効果2": "絶縁の旗印",
			"聖遺物優先するサブ効果1": "会心ダメージ",
			"聖遺物優先するサブ効果2": "会心率",
			"聖遺物優先するサブ効果3": "攻撃力%"
		}
	}
}