{
    "名前": "北斗",
    "レアリティ": 4,
    "武器": "両手剣",
    "元素": "雷",
    "ステータス": {
        "基礎HP": {
            "80": 11565,
            "80+": 12146,
            "90": 13050
        },
        "基礎攻撃力": {
            "80": 200,
            "80+": 210,
            "90": 225
        },
        "基礎防御力": {
            "80": 575,
            "80+": 603,
            "90": 648
        },
        "雷元素ダメージバフ": {
            "80": 18,
            "80+": 24,
            "90": 24
        }
    },
    "通常攻撃": {
        "名前": "通常攻撃・征浪",
        "説明": "最大5段の連続攻撃を行う。",
        "詳細": [
            {
                "名前": "1段ダメージ",
                "数値": {
                    "1": "71.1%",
                    "2": "76.9%",
                    "3": "82.7%",
                    "4": "91.0%",
                    "5": "96.8%",
                    "6": "103%",
                    "7": "112%",
                    "8": "122%",
                    "9": "131%",
                    "10": "141%",
                    "11": "152%"
                }
            },
            {
                "名前": "2段ダメージ",
                "数値": {
                    "1": "70.9%",
                    "2": "76.6%",
                    "3": "82.4%",
                    "4": "90.6%",
                    "5": "96.4%",
                    "6": "103%",
                    "7": "112%",
                    "8": "121%",
                    "9": "130%",
                    "10": "140%",
                    "11": "151%"
                }
            },
            {
                "名前": "3段ダメージ",
                "数値": {
                    "1": "88.3%",
                    "2": "95.5%",
                    "3": "103%",
                    "4": "113%",
                    "5": "120%",
                    "6": "128%",
                    "7": "140%",
                    "8": "151%",
                    "9": "162%",
                    "10": "175%%",
                    "11": "189%"
                }
            },
            {
                "名前": "4段ダメージ",
                "数値": {
                    "1": "86.5%",
                    "2": "93.6%",
                    "3": "101%",
                    "4": "111%",
                    "5": "118%",
                    "6": "126%",
                    "7": "137%",
                    "8": "148%",
                    "9": "159%",
                    "10": "171%",
                    "11": "185%"
                }
            },
            {
                "名前": "5段ダメージ",
                "数値": {
                    "1": "112%",
                    "2": "121%",
                    "3": "130%",
                    "4": "143%",
                    "5": "153%",
                    "6": "163%",
                    "7": "177%",
                    "8": "192%",
                    "9": "206%",
                    "10": "222%",
                    "11": "240%"
                }
            },
            {
                "条件": "命ノ星座@4",
                "名前": "星に導かれた岸線ダメージ",
                "数値": "20%攻撃力",
                "元素": "雷"
            }
        ]
    },
    "重撃": {
        "説明": [
            "持続的にスタミナを消費し、素早く連続攻撃を発動する。",
            "重撃が終了した時に、更に強力な攻撃を1回放つ。"
        ],
        "詳細": [
            {
                "名前": "連続重撃ダメージ",
                "数値": {
                    "1": "56.3%",
                    "2": "60.9%",
                    "3": "65.4%",
                    "4": "72.0%",
                    "5": "76.6%",
                    "6": "81.8%",
                    "7": "89.0%",
                    "8": "96.2%",
                    "9": "103%",
                    "10": "111%",
                    "11": "119%"
                }
            },
            {
                "名前": "重撃終了ダメージ",
                "数値": {
                    "1": "102%",
                    "2": "110%",
                    "3": "118%",
                    "4": "130%",
                    "5": "138%",
                    "6": "148%",
                    "7": "161%",
                    "8": "174%",
                    "9": "187%",
                    "10": "201%",
                    "11": "215%"
                }
            }
        ]
    },
    "落下攻撃": {
        "説明": "空中から落下し地面に衝撃を与える。経路上の敵を攻撃し、落下時に範囲ダメージを与える。",
        "詳細": [
            {
                "名前": "落下期間のダメージ",
                "種類": "落下攻撃ダメージ",
                "数値": {
                    "1": "74.6%",
                    "2": "80.7%",
                    "3": "86.7%",
                    "4": "95.4%",
                    "5": "101.5%",
                    "6": "108.4%",
                    "7": "118%",
                    "8": "127.5%",
                    "9": "137%",
                    "10": "147.4%",
                    "11": "158%"
                }
            },
            {
                "名前": "低空落下攻撃ダメージ",
                "種類": "落下攻撃ダメージ",
                "数値": {
                    "1": "149%",
                    "2": "161%",
                    "3": "173%",
                    "4": "191%",
                    "5": "203%",
                    "6": "217%",
                    "7": "236%",
                    "8": "255%",
                    "9": "274%",
                    "10": "295%",
                    "11": "316%"
                }
            },
            {
                "名前": "高空落下攻撃ダメージ",
                "種類": "落下攻撃ダメージ",
                "数値": {
                    "1": "186%",
                    "2": "201%",
                    "3": "217%",
                    "4": "238%",
                    "5": "253%",
                    "6": "271%",
                    "7": "295%",
                    "8": "318%",
                    "9": "342%",
                    "10": "368%",
                    "11": "394%"
                }
            }
        ]
    },
    "元素スキル": {
        "名前": "浪追い",
        "説明": [
            "心配することはない。彼女や彼女の仲間に手を出すものがいた場合、彼女は雷と大剣で十倍返しにする。",
            "一回押し",
            "雷の力を凝集させ、前方に大剣を振り、雷元素ダメージを与える。",
            "長押し",
            "武器をシールドとして使う、ダメージ吸収量は北斗のHP上限によって決まる。",
            "手放すまたはスキル継続時間終了時、大剣を振り回して攻撃を行い、雷元素ダメージを与える。",
            "スキル期間中に受けた攻撃の回数により、与えるダメージを最大2回までアップさせる。",
            "シールドには下記の効果がある。",
            "・雷元素ダメージに対して250%の吸収効果がある。",
            "・スキル発動時、北斗に雷元素付着効果を付与する。"
        ],
        "詳細": [
            {
                "名前": "シールド吸収量",
                "種類": "シールド",
                "数値": {
                    "1": "14.4%HP上限+1386",
                    "2": "15.5%HP上限+1525",
                    "3": "16.6%HP上限+1675",
                    "4": "18.0%HP上限+1837",
                    "5": "19.1%HP上限+2010",
                    "6": "20.2%HP上限+2195",
                    "7": "21.6%HP上限+2392",
                    "8": "23.0%HP上限+2600",
                    "9": "24.5%HP上限+2819",
                    "10": "25.9%HP上限+3050",
                    "11": "27.4%HP上限+3293",
                    "12": "28.8%HP上限+3547",
                    "13": "30.6%HP上限+3813"
                }
            },
            {
                "名前": "基礎ダメージ",
                "数値": {
                    "1": "122%",
                    "2": "131%",
                    "3": "140%",
                    "4": "152%",
                    "5": "161%",
                    "6": "170%",
                    "7": "182%",
                    "8": "195%",
                    "9": "207%",
                    "10": "219%",
                    "11": "231%",
                    "12": "243%",
                    "13": "258%"
                }
            },
            {
                "名前": "被撃時ダメージ+",
                "数値": {
                    "1": "160%",
                    "2": "172%",
                    "3": "184%",
                    "4": "200%",
                    "5": "212%",
                    "6": "224%",
                    "7": "240%",
                    "8": "256%",
                    "9": "272%",
                    "10": "288%",
                    "11": "304%",
                    "12": "320%",
                    "13": "340%"
                }
            }
        ]
    },
    "元素爆発": {
        "名前": "雷斫り",
        "説明": [
            "巨獣海山との戦いを思い出した北斗は、巨獣と雷電の力を召喚し、雷獣の盾を作り、周囲の敵に雷元素ダメージを与える。",
            "雷獣の盾",
            "・通常攻撃と重撃が近距離の敵に命中すると、雷の力で敵の間を跳躍する稲妻を発生させ、敵に雷元素ダメージを与える。",
            "・キャラクターの中断耐性をアップさせ、受けるダメージを軽減する。",
            "稲妻発生の効果は1秒に1回のみ。"
        ],
        "詳細": [
            {
                "名前": "スキルダメージ",
                "数値": {
                    "1": "122%",
                    "2": "131%",
                    "3": "140%",
                    "4": "152%",
                    "5": "161%",
                    "6": "170%",
                    "7": "182%",
                    "8": "195%",
                    "9": "207%",
                    "10": "219%",
                    "11": "231%",
                    "12": "243%",
                    "13": "258%"
                }
            },
            {
                "名前": "稲妻ダメージ",
                "数値": {
                    "1": "96.0%",
                    "2": "103%",
                    "3": "110%",
                    "4": "120%",
                    "5": "127%",
                    "6": "134%",
                    "7": "144%",
                    "8": "154%",
                    "9": "163%",
                    "10": "173%",
                    "11": "182%",
                    "12": "192%",
                    "13": "204%"
                }
            }
        ]
    },
    "その他天賦": [
        {
            "名前": "完全なる霊光",
            "種類": "固有天賦",
            "説明": [
                "攻撃された瞬間に発動した浪追いの反撃は最大ダメージアップ効果を得る。"
            ]
        },
        {
            "名前": "満天の霹靂",
            "種類": "固有天賦",
            "説明": [
                "最大ダメージアップ効果のある浪追いを発動した後の10秒間、下記の効果が発動される。",
                "・通常攻撃と重撃の攻撃速度+15%、攻撃ダメージ+15%。",
                "・重撃に必要な時間が大幅に減少する。"
            ]
        },
        {
            "名前": "怒濤踏み",
            "種類": "固有天賦",
            "説明": [
                "チーム内の自身のキャラクター全員が泳ぎに消費するスタミナ-20%。",
                "同じ効果を持つ固有天賦との重ね掛け不可。"
            ]
        }
    ],
    "命ノ星座": {
        "1": {
            "名前": "四方に沈む魚龍",
            "説明": [
                "雷斫り発動した時、下記効果が発動される。",
                "ダメージ吸収量がHP上限の16%に値するシールドを生成する。持続時間15秒",
                "このシールドは雷元素ダメージに対して250%の吸収効果がある。"
            ],
            "詳細": [
                {
                    "名前": "雷斫りシールド吸収量",
                    "種類": "シールド",
                    "数値": "16%HP上限",
                    "元素": "雷"
                }
            ]
        },
        "2": {
            "名前": "沸き上がる雷",
            "説明": "雷斫りの稲妻が2体の敵を追加で攻撃可能になる。"
        },
        "3": {
            "名前": "雷引きの潮",
            "説明": [
                "浪追いのスキルLv+3。",
                "最大Lv.15まで。"
            ]
        },
        "4": {
            "名前": "星に導かれた岸線",
            "説明": "攻撃を受けた後の10秒間、北斗の通常攻撃に追加で20%の雷元素ダメージが付与される。"
        },
        "5": {
            "名前": "白波に映る霞光",
            "説明": [
                "雷斫りのスキルLv.+3。",
                "最大Lv.15まで"
            ]
        },
        "6": {
            "名前": "北斗の祓い",
            "説明": [
                "雷斫り継続中、周囲の敵の雷元素耐性-15%。"
            ],
            "詳細": [
                {
                    "条件": "雷斫り継続中 雷元素耐性-15%",
                    "種類": "敵雷元素耐性",
                    "数値": -15
                }
            ]
        }
    },
    "おすすめセット": {
        "狼の末路 雷の怒り/剣闘士 [攻雷率]": {
            "武器": "狼の末路",
            "聖遺物メイン効果3": "5_攻撃力%",
            "聖遺物メイン効果4": "5_雷元素ダメージバフ",
            "聖遺物メイン効果5": "5_会心率",
            "聖遺物セット効果1": "雷のような怒り",
            "聖遺物セット効果2": "剣闘士のフィナーレ",
            "聖遺物優先するサブ効果1": "会心ダメージ",
            "聖遺物優先するサブ効果2": "会心率",
            "聖遺物優先するサブ効果3": "攻撃力%"
        },
        "螭龍の剣 雷の怒り/剣闘士 [攻雷率]": {
            "武器": "螭龍の剣",
            "聖遺物メイン効果3": "5_攻撃力%",
            "聖遺物メイン効果4": "5_雷元素ダメージバフ",
            "聖遺物メイン効果5": "5_会心率",
            "聖遺物セット効果1": "雷のような怒り",
            "聖遺物セット効果2": "剣闘士のフィナーレ",
            "聖遺物優先するサブ効果1": "会心ダメージ",
            "聖遺物優先するサブ効果2": "会心率",
            "聖遺物優先するサブ効果3": "攻撃力%"
        },
        "銜玉の海皇 絶縁の旗印 [ﾁｬ雷率]": {
            "武器": "銜玉の海皇",
            "聖遺物メイン効果3": "5_元素チャージ効率",
            "聖遺物メイン効果4": "5_雷元素ダメージバフ",
            "聖遺物メイン効果5": "5_会心率",
            "聖遺物セット効果1": "絶縁の旗印",
            "聖遺物セット効果2": "絶縁の旗印",
            "聖遺物優先するサブ効果1": "会心ダメージ",
            "聖遺物優先するサブ効果2": "会心率",
            "聖遺物優先するサブ効果3": "攻撃力%"
        },
        "桂木斬長正 絶縁の旗印 [攻雷率]": {
            "武器": "桂木斬長正",
            "聖遺物メイン効果3": "5_攻撃力%",
            "聖遺物メイン効果4": "5_雷元素ダメージバフ",
            "聖遺物メイン効果5": "5_会心率",
            "聖遺物セット効果1": "絶縁の旗印",
            "聖遺物セット効果2": "絶縁の旗印",
            "聖遺物優先するサブ効果1": "会心ダメージ",
            "聖遺物優先するサブ効果2": "会心率",
            "聖遺物優先するサブ効果3": "攻撃力%"
        },
        "祭礼の大剣 雷のような怒り [攻雷率]": {
            "武器": "祭礼の大剣",
            "聖遺物メイン効果3": "5_攻撃力%",
            "聖遺物メイン効果4": "5_雷元素ダメージバフ",
            "聖遺物メイン効果5": "5_会心率",
            "聖遺物セット効果1": "雷のような怒り",
            "聖遺物セット効果2": "雷のような怒り",
            "聖遺物優先するサブ効果1": "会心ダメージ",
            "聖遺物優先するサブ効果2": "会心率",
            "聖遺物優先するサブ効果3": "攻撃力%"
        }
    }
}