{
    "名前": "九条裟羅",
    "レアリティ": 4,
    "武器": "弓",
    "元素": "雷",
    "ステータス": {
        "基礎HP": {
            "80": 8481,
            "80+": 8907,
            "90": 9570
        },
        "基礎攻撃力": {
            "80": 173,
            "80+": 182,
            "90": 195
        },
        "基礎防御力": {
            "80": 556,
            "80+": 584,
            "90": 628
        },
        "攻撃力%": {
            "80": 18,
            "80+": 24,
            "90": 24
        }
    },
    "通常攻撃": {
        "名前": "通常攻撃・天狗伝弓術",
        "説明": "最大5段の連続射撃を行う。",
        "詳細": [
            {
                "名前": "1段ダメージ",
                "数値": {
                    "1": "31.7%",
                    "2": "34.3%",
                    "3": "36.9%",
                    "4": "40.6%",
                    "5": "43.2%",
                    "6": "46.1%",
                    "7": "50.2%",
                    "8": "54.2%",
                    "9": "58.3%",
                    "10": "62.7%",
                    "11": "67.8%"
                }
            },
            {
                "名前": "2段ダメージ",
                "数値": {
                    "1": "35.6%",
                    "2": "38.5%",
                    "3": "41.4%",
                    "4": "45.5%",
                    "5": "48.4%",
                    "6": "51.8%",
                    "7": "56.3%",
                    "8": "60.9%",
                    "9": "65.4%",
                    "10": "70.4%",
                    "11": "76.1%"
                }
            },
            {
                "名前": "3段ダメージ",
                "数値": {
                    "1": "45.5%",
                    "2": "49.2%",
                    "3": "52.9%",
                    "4": "58.2%",
                    "5": "61.9%",
                    "6": "66.1%",
                    "7": "71.9%",
                    "8": "77.8%",
                    "9": "83.6%",
                    "10": "89.9%",
                    "11": "97.2%"
                }
            },
            {
                "名前": "4段ダメージ",
                "数値": {
                    "1": "45.5%",
                    "2": "49.2%",
                    "3": "52.9%",
                    "4": "58.2%",
                    "5": "61.9%",
                    "6": "66.1%",
                    "7": "71.9%",
                    "8": "77.8%",
                    "9": "83.6%",
                    "10": "89.9%",
                    "11": "97.2%"
                }
            },
            {
                "名前": "5段ダメージ",
                "数値": {
                    "1": "48.2%",
                    "2": "52.2%",
                    "3": "56.1%",
                    "4": "61.7%",
                    "5": "65.6%",
                    "6": "70.1%",
                    "7": "76.3%",
                    "8": "82.5%",
                    "9": "88.6%",
                    "10": "95.4%",
                    "11": "103.1%"
                }
            }
        ]
    },
    "重撃": {
        "説明": [
            "ダメージがより高く、より精確な狙い撃ちを発動する。",
            "照準時、雷霆の力が矢先に凝集する。雷霆の力に満ちた矢は、敵に雷元素ダメージを与える。",
            "「烏羽護持」状態の時、フルチャージを終えた矢は命中時に「烏羽」を残す。ダメージがより高く、より精確な狙い撃ちを発動する。"
        ],
        "詳細": [
            {
                "名前": "狙い撃ち",
                "数値": {
                    "1": "43.9%",
                    "2": "47.4%",
                    "3": "51.0%",
                    "4": "56.1%",
                    "5": "59.7%",
                    "6": "63.8%",
                    "7": "69.4%",
                    "8": "75.0%",
                    "9": "80.6%",
                    "10": "86.7%",
                    "11": "92.8%"
                }
            },
            {
                "名前": "フルチャージ狙い撃ち",
                "元素": "雷",
                "数値": {
                    "1": "124%",
                    "2": "133%",
                    "3": "143%",
                    "4": "155%",
                    "5": "164%",
                    "6": "174%",
                    "7": "186%",
                    "8": "198%",
                    "9": "211%",
                    "10": "223%",
                    "11": "236%"
                }
            }
        ]
    },
    "落下攻撃": {
        "説明": "空中から矢の雨を放ち凄まじいスピードで落下し地面に衝撃を与え、落下時に範囲ダメージを与える。",
        "詳細": [
            {
                "名前": "落下期間のダメージ",
                "種類": "落下攻撃ダメージ",
                "数値": {
                    "1": "56.8%",
                    "2": "61.5%",
                    "3": "66.1%",
                    "4": "72.7%",
                    "5": "77.3%",
                    "6": "82.6%",
                    "7": "89.9%",
                    "8": "97.1%",
                    "9": "104.4%",
                    "10": "112.3%",
                    "11": "120.3%"
                }
            },
            {
                "名前": "低空/高空落下攻撃ダメージ",
                "種類": "落下攻撃ダメージ",
                "数値": {
                    "1": "114%/142%",
                    "2": "123%/153%",
                    "3": "132%/165%",
                    "4": "145%/182%",
                    "5": "155%/193%",
                    "6": "165%/206%",
                    "7": "180%/224%",
                    "8": "194%/243%",
                    "9": "209%/261%",
                    "10": "225%/281%",
                    "11": "240%/300%"
                }
            }
        ]
    },
    "元素スキル": {
        "名前": "烏天狗雷霆召呪",
        "説明": [
            "天狗の神速で後方へ移動し、烏羽の加護を呼びかける。",
            "18秒間続く「烏羽護持」を獲得する。九条裟羅がフルチャージを終えた矢を放つと、「烏羽護持」を消費し、命中した位置に「烏羽」を残す。",
            "「烏羽」は短時間後に天狗呪雷・伏を引き起こし、範囲内の敵に雷元素ダメージを与え、範囲内のフィールド上キャラクターの攻撃力を、九条裟羅の基礎攻撃力を基準にアップさせる。",
            "",
            "各種天狗呪雷による攻撃力アップ効果は重ね掛けできず、効果と継続時間は最後に発動したものを基準とする。一度の氷蓮を残して後退し、全ての魑魅魍魎から離れ、氷元素範囲ダメージを与える。"
        ],
        "詳細": [
            {
                "名前": "天狗呪雷・伏ダメージ",
                "数値": {
                    "1": "120%HP上限",
                    "2": "129%HP上限",
                    "3": "138%HP上限",
                    "4": "150%HP上限",
                    "5": "159%HP上限",
                    "6": "168%HP上限",
                    "7": "180%HP上限",
                    "8": "192%HP上限",
                    "9": "204%HP上限",
                    "10": "216%HP上限",
                    "11": "228%HP上限",
                    "12": "240HP上限",
                    "13": "255%HP上限"
                }
            },
            {
                "条件": "天狗呪雷による攻撃力アップ状態",
                "名前": "攻撃力上昇率",
                "種類": "攻撃力%",
                "数値": {
                    "1": "132%",
                    "2": "142%",
                    "3": "152%",
                    "4": "165%",
                    "5": "175%",
                    "6": "185%",
                    "7": "198%",
                    "8": "211%",
                    "9": "224%",
                    "10": "238%",
                    "11": "250.8%",
                    "12": "264%",
                    "13": "281%"
                }
            }
        ],
        "継続時間": 6,
        "クールタイム": 10
    },
    "元素爆発": {
        "名前": "煌煌千道鎮式",
        "説明": [
            "目標位置に天狗呪雷・金剛破を下し、雷元素範囲ダメージを与える。その後、天狗呪雷・金剛破は4つの連続する天狗呪雷・雷礫に分裂し、雷元素範囲ダメージを与える。",
            "天狗呪雷・金剛破と天狗呪雷・雷礫は、範囲内のフィールド上キャラクターに、元素スキル「烏天狗雷霆召呪」に相当する攻撃力アップ効果を与える。",
            "各種天狗呪雷による攻撃力アップ効果は重ね掛けできず、効果と継続時間は最後に発動したものを基準とする。"
        ],
        "詳細": [
            {
                "名前": "天狗呪雷・金剛破ダメージ",
                "数値": {
                    "1": "70%",
                    "2": "76%",
                    "3": "81%",
                    "4": "88%",
                    "5": "93%",
                    "6": "98%",
                    "7": "105%",
                    "8": "112%",
                    "9": "119%",
                    "10": "126%",
                    "11": "134%",
                    "12": "141%",
                    "13": "149%"
                }
            },
            {
                "名前": "天狗呪雷・雷礫ダメージ",
                "数値": {
                    "1": "70%",
                    "2": "76%",
                    "3": "81%",
                    "4": "88%",
                    "5": "93%",
                    "6": "98%",
                    "7": "105%",
                    "8": "112%",
                    "9": "119%",
                    "10": "126%",
                    "11": "134%",
                    "12": "141%",
                    "13": "149%"
                }
            }
        ],
        "クールタイム": 20,
        "元素エネルギー": 80
    },
    "その他天賦": [
        {
            "種類": "固有天賦",
            "名前": "不動心",
            "説明": [
                "烏天狗雷霆召呪による「烏羽護持」の時、狙い撃ちのチャージ時間-60%。"
            ]
        },
        {
            "種類": "固有天賦",
            "名前": "御公儀",
            "説明": [
                "天狗呪雷・伏は敵に命中すると、九条裟羅の元素チャージ効率を基準にし、その100%の元素チャージ効率毎に、チーム全員の元素エネルギーを1.2回復する。この効果は3秒毎に1回のみ発動可能。"
            ]
        },
        {
            "種類": "固有天賦",
            "名前": "検地",
            "説明": "稲妻の探索任務の所要時間-25%"
        }
    ],
    "命ノ星座": {
        "1": {
            "名前": "烏目",
            "説明": [
                "天狗呪雷はキャラクターに攻撃力アップ効果を付与し、または敵に命中すると、烏天狗雷霆召呪のクールタイム-1秒。",
                "この効果は3秒毎に1回のみ発動可能。"
            ]
        },
        "2": {
            "名前": "鴉の羽",
            "説明": "烏天狗雷霆召呪を発動した時、九条裟羅が元々いた位置に微弱な天狗呪雷・伏の｢烏羽｣を発動し、本来の30%のダメージを与える。"
        },
        "3": {
            "名前": "心魔",
            "説明": [
                "煌煌千道鎮式のスキルLv.+3。",
                "最大Lv.15まで。"
            ]
        },
        "4": {
            "名前": "徹証",
            "説明": [
                "煌煌千道鎮式による天狗呪雷・雷礫の数が6つに増加する。"
            ]
        },
        "5": {
            "名前": "折草",
            "説明": [
                "烏天狗雷霆召呪のスキルLv.+3。",
                "最大Lv.15まで。"
            ]
        },
        "6": {
            "名前": "我界",
            "説明": "天狗呪雷による攻撃力アップ状態のキャラクターは、雷元素ダメージの会心ダメージ+60%。",
            "詳細": [
                {
                    "条件": "天狗呪雷による攻撃力アップ状態",
                    "対象": "雷元素ダメージ",
                    "種類": "会心ダメージ",
                    "数値": 60
                }
            ]
        }
    },
    "おすすめセット": {
        "天空の翼 絶縁4": {
            "武器": "天空の翼",
            "聖遺物メイン効果3": "元素チャージ効率",
            "聖遺物メイン効果4": "氷元素ダメージバフ",
            "聖遺物メイン効果5": "会心率",
            "聖遺物セット効果1": "絶縁の旗印",
            "聖遺物セット効果2": "絶縁の旗印",
            "聖遺物優先するサブ効果1": "元素チャージ効率",
            "聖遺物優先するサブ効果2": "会心率",
            "聖遺物優先するサブ効果3": "会心ダメージ"
        },
        "天空の翼 旧貴族4": {
            "武器": "天空の翼",
            "聖遺物メイン効果3": "元素チャージ効率",
            "聖遺物メイン効果4": "氷元素ダメージバフ",
            "聖遺物メイン効果5": "会心率",
            "聖遺物セット効果1": "旧貴族のしつけ",
            "聖遺物セット効果2": "旧貴族のしつけ",
            "聖遺物優先するサブ効果1": "元素チャージ効率",
            "聖遺物優先するサブ効果2": "会心率",
            "聖遺物優先するサブ効果3": "会心ダメージ"
        }
    }
}