{
    "名前": "レザー",
    "レアリティ": 4,
    "武器": "両手剣",
    "元素": "雷",
    "ステータス": {
        "基礎HP": {
            "80": 10602,
            "80+": 11134,
            "90": 11962
        },
        "基礎攻撃力": {
            "80": 207,
            "80+": 217,
            "90": 234
        },
        "基礎防御力": {
            "80": 665,
            "80+": 699,
            "90": 751
        },
        "物理ダメージバフ": {
            "80": 22.5,
            "80+": 30,
            "90": 30
        }
    },
    "通常攻撃": {
        "名前": "通常攻撃・鋼の脊",
        "説明": "最大4段の連続攻撃を行う。",
        "詳細": [
            {
                "名前": "1段ダメージ",
                "数値": {
                    "1": "95.9%",
                    "2": "102%",
                    "3": "109%",
                    "4": "118%",
                    "5": "124%",
                    "6": "132%",
                    "7": "142%",
                    "8": "152%",
                    "9": "161%",
                    "10": "171%",
                    "11": "181%"
                }
            },
            {
                "名前": "2段ダメージ",
                "数値": {
                    "1": "82.6%",
                    "2": "88.3%",
                    "3": "93.9%",
                    "4": "101%",
                    "5": "107%",
                    "6": "114%",
                    "7": "122%",
                    "8": "131%",
                    "9": "139%",
                    "10": "147%",
                    "11": "156%"
                }
            },
            {
                "名前": "3段ダメージ",
                "数値": {
                    "1": "103%",
                    "2": "110%",
                    "3": "117%",
                    "4": "127%",
                    "5": "134%",
                    "6": "142%",
                    "7": "153%",
                    "8": "153%",
                    "9": "174%",
                    "10": "184%",
                    "11": "195%"
                }
            },
            {
                "名前": "4段ダメージ",
                "数値": {
                    "1": "136%",
                    "2": "145%",
                    "3": "155%",
                    "4": "167%",
                    "5": "176%",
                    "6": "187%",
                    "7": "201%",
                    "8": "215%",
                    "9": "229%",
                    "10": "243%",
                    "11": "257%"
                }
            }
        ]
    },
    "重撃": {
        "説明": [
            "継続的にスタミナを消費し、大剣を振り回して周囲の敵を攻撃する。",
            "重撃が終了した時に、さらに強力な攻撃を1回放つ。"
        ],
        "詳細": [
            {
                "名前": "連続重撃ダメージ",
                "数値": {
                    "1": "62.5%",
                    "2": "67.6%",
                    "3": "72.7%",
                    "4": "80.0%",
                    "5": "85.1%",
                    "6": "90.9%",
                    "7": "98.9%",
                    "8": "106.9%",
                    "9": "114.9%",
                    "10": "123.6%",
                    "11": "132.4%"
                }
            },
            {
                "名前": "重撃終了ダメージ",
                "数値": {
                    "1": "113%",
                    "2": "122%",
                    "3": "132%",
                    "4": "145%",
                    "5": "154%",
                    "6": "164%",
                    "7": "179%",
                    "8": "193%",
                    "9": "208%",
                    "10": "224%",
                    "11": "239%"
                }
            }
        ]
    },
    "落下攻撃": {
        "説明": "空中から落下し地面に衝撃を与える。経路上の敵を攻撃し、落下時に範囲ダメージを与える。",
        "詳細": [
            {
                "名前": "落下期間のダメージ",
                "種類": "落下攻撃ダメージ",
                "数値": {
                    "1": "82%",
                    "2": "88%",
                    "3": "95%",
                    "4": "105%",
                    "5": "111%",
                    "6": "119%",
                    "7": "129%",
                    "8": "140%",
                    "9": "150%",
                    "10": "162%",
                    "11": "173%"
                }
            },
            {
                "名前": "低空落下攻撃ダメージ",
                "種類": "落下攻撃ダメージ",
                "数値": {
                    "1": "164%",
                    "2": "177%",
                    "3": "190%",
                    "4": "209%",
                    "5": "223%",
                    "6": "238%",
                    "7": "259%",
                    "8": "280%",
                    "9": "301%",
                    "10": "323%",
                    "11": "346%"
                }
            },
            {
                "名前": "高空落下攻撃ダメージ",
                "種類": "落下攻撃ダメージ",
                "数値": {
                    "1": "204%",
                    "2": "221%",
                    "3": "238%",
                    "4": "261%",
                    "5": "278%",
                    "6": "297%",
                    "7": "323%",
                    "8": "349%",
                    "9": "375%",
                    "10": "404%",
                    "11": "433%"
                }
            }
        ]
    },
    "元素スキル": {
        "名前": "鋭い爪と蒼雷",
        "説明": [
            "師匠と「家族」に教わった方法で、獲物を片付ける。",
            "一回押し",
            "雷狼の爪を振り、前方の敵に雷元素ダメージを与える。",
            "敵に命中すると、雷の印を1つ蓄積し、レザーの元素チャージ効率がアップする。",
            "雷の印は同時に最大3つまで存在でき、新しい雷の印を獲得すると全ての雷の印の継続時間がリセットされる。",
            "長押し",
            "雷の力を集めて狭範囲の雷爆発を起こし、大量の雷元素ダメージを与える。同時に。レザーの雷の印を全て取り除く。",
            "取り除かれた雷の印は全てレザーの元素エネルギーに変換される。"
        ],
        "詳細": [
            {
                "名前": "一回押しダメージ",
                "数値": {
                    "1": "199%",
                    "2": "214%",
                    "3": "229%",
                    "4": "249%",
                    "5": "264%",
                    "6": "279%",
                    "7": "299%",
                    "8": "319%",
                    "9": "339%",
                    "10": "359%",
                    "11": "378.48%",
                    "12": "398%",
                    "13": "423%"
                }
            },
            {
                "名前": "長押しダメージ",
                "数値": {
                    "1": "295%",
                    "2": "317%",
                    "3": "339%",
                    "4": "369%",
                    "5": "391%",
                    "6": "413%",
                    "7": "443%",
                    "8": "472%",
                    "9": "502%",
                    "10": "531%",
                    "11": "560.88%",
                    "12": "590%",
                    "13": "627%"
                }
            }
        ]
    },
    "元素爆発": {
        "名前": "雷牙",
        "説明": [
            "無形の雷狼を召喚して自身を守り、周囲の敵に雷元素ダメージを与える。同時に、雷の印を消耗して、自身の元素エネルギーを回復する。",
            "雷狼が存在している間、レザーと共に戦う。",
            "雷狼",
            "・レザーの通常攻撃に協力し、雷元素ダメージを与える。",
            "・レザーの攻撃速度と雷元素耐性をアップする。",
            "・感電反応によるダメージを無効化する。",
            "・重撃の発動が不可になる。",
            "・レザーの中断耐性がアップする。",
            "レザーが退場する時、効果が解除される。",
            "退場時、残り時間を基準に、元素エネルギーを最大10まで回復する。"
        ],
        "詳細": [
            {
                "名前": "爆発ダメージ",
                "数値": {
                    "1": "160%",
                    "2": "172%",
                    "3": "184%",
                    "4": "200%",
                    "5": "212%",
                    "6": "224%",
                    "7": "240%",
                    "8": "256%",
                    "9": "272%",
                    "10": "272%",
                    "11": "304%",
                    "12": "320%",
                    "13": "340%"
                }
            },
            {
                "名前": "狼の魂のダメージ",
                "数値": {
                    "1": "24.0%",
                    "2": "25.8%",
                    "3": "27.6%",
                    "4": "30.0%",
                    "5": "31.8%",
                    "6": "33.6%",
                    "7": "36.0%",
                    "8": "38.4%",
                    "9": "40.8%",
                    "10": "43.2%",
                    "11": "45.6%",
                    "12": "48.0%",
                    "13": "51%"
                }
            }
        ]
    },
    "その他天賦": [
        {
            "名前": "覚醒",
            "種類": "固有天賦",
            "説明": [
                "鋭い爪と蒼雷のクールタイム-18％。",
                "雷牙を放つ時、鋭い爪と蒼雷のクールタイムをリセットする。"
            ]
        },
        {
            "名前": "飢餓",
            "種類": "固有天賦",
            "説明": [
                "レザーの元素エネルギーが50％以下になると、元素チャージ効率+30％。"
            ]
        },
        {
            "名前": "奔狼",
            "種類": "固有天賦",
            "説明": [
                "チーム内の自身のキャラクター全員がダッシュに消費するスタミナ-20%。",
                "同じ効果を持つ固有天賦との重ね掛け不可。"
            ]
        }
    ],
    "命ノ星座": {
        "1": {
            "名前": "狼の性",
            "説明": [
                "レザーが元素オーブまたは元素粒子を獲得した8秒間、与えるダメージ+10％。"
            ],
            "詳細": [
                {
                    "条件": "元素オーブまたは元素粒子獲得後(8秒)与えるダメージ+10%",
                    "種類": "与えるダメージ",
                    "数値": 10
                }
            ]
        },
        "2": {
            "名前": "制圧",
            "説明": "HPが30％以下の敵を攻撃する時、会心率+10％。",
            "詳細": [
                {
                    "条件": "HPが30%以下の敵に会心率+10%",
                    "種類": "会心率",
                    "数値": 10
                }
            ]
        },
        "3": {
            "名前": "獣の魂",
            "説明": [
                "雷牙のスキルLv+3。",
                "最大Lv.15まで。"
            ]
        },
        "4": {
            "名前": "噛みつく",
            "説明": "鋭い爪と蒼雷の一回押しで攻撃した時、命中された敵の防御力-15%、継続時間7秒。",
            "詳細": [
                {
                    "条件": "鋭い爪と蒼雷の一回押し命中後(7秒)防御力-15%",
                    "種類": "敵防御力",
                    "数値": -15
                }
            ]
        },
        "5": {
            "名前": "鋭い爪",
            "説明": [
                "鋭い爪と蒼雷のスキルLv.+3。",
                "最大Lv.15まで"
            ]
        },
        "6": {
            "名前": "天狼",
            "説明": [
                "10秒毎に、レザーの大剣が自動的にエネルギーを溜め、次の通常攻撃に落雷を引き起こし、攻撃力100％分の雷元素ダメージを与える。",
                "雷牙状態でない時、落雷が敵に命中すると、レザーに鋭い爪と蒼雷の雷の印を1重付与する。"
            ],
            "詳細": [
                {
                    "名前": "天狼による落雷",
                    "種類": "追加ダメージ",
                    "元素": "雷",
                    "数値": "100%攻撃力"
                }
            ]
        }
    },
    "おすすめセット": {
        "松韻の響く頃 剣闘士のフィナーレ [攻物率]": {
            "武器": "松韻の響く頃",
            "聖遺物メイン効果3": "攻撃力%",
            "聖遺物メイン効果4": "物理ダメージバフ",
            "聖遺物メイン効果5": "会心率",
            "聖遺物セット効果1": "剣闘士のフィナーレ",
            "聖遺物セット効果2": "剣闘士のフィナーレ",
            "聖遺物優先するサブ効果1": "会心率",
            "聖遺物優先するサブ効果2": "会心ダメージ",
            "聖遺物優先するサブ効果3": "攻撃力%"
        },
        "狼の末路 剣闘士のフィナーレ [攻物率]": {
            "武器": "狼の末路",
            "聖遺物メイン効果3": "攻撃力%",
            "聖遺物メイン効果4": "物理ダメージバフ",
            "聖遺物メイン効果5": "会心率",
            "聖遺物セット効果1": "剣闘士のフィナーレ",
            "聖遺物セット効果2": "剣闘士のフィナーレ",
            "聖遺物優先するサブ効果1": "会心率",
            "聖遺物優先するサブ効果2": "会心ダメージ",
            "聖遺物優先するサブ効果3": "攻撃力%"
        },
        "無工の剣 剣闘士のフィナーレ [攻物率]": {
            "武器": "無工の剣",
            "聖遺物メイン効果3": "攻撃力%",
            "聖遺物メイン効果4": "物理ダメージバフ",
            "聖遺物メイン効果5": "会心率",
            "聖遺物セット効果1": "剣闘士のフィナーレ",
            "聖遺物セット効果2": "剣闘士のフィナーレ",
            "聖遺物優先するサブ効果1": "会心率",
            "聖遺物優先するサブ効果2": "会心ダメージ",
            "聖遺物優先するサブ効果3": "攻撃力%"
        },
        "螭龍の剣 剣闘士のフィナーレ [攻物ダ]": {
            "武器": "螭龍の剣",
            "聖遺物メイン効果3": "攻撃力%",
            "聖遺物メイン効果4": "物理ダメージバフ",
            "聖遺物メイン効果5": "会心ダメージ",
            "聖遺物セット効果1": "剣闘士のフィナーレ",
            "聖遺物セット効果2": "剣闘士のフィナーレ",
            "聖遺物優先するサブ効果1": "会心率",
            "聖遺物優先するサブ効果2": "会心ダメージ",
            "聖遺物優先するサブ効果3": "攻撃力%"
        },
        "銜玉の海皇 血染め/蒼白 [攻物率]": {
            "武器": "銜玉の海皇",
            "聖遺物メイン効果3": "攻撃力%",
            "聖遺物メイン効果4": "物理ダメージバフ",
            "聖遺物メイン効果5": "会心率",
            "聖遺物セット効果1": "血染めの騎士道",
            "聖遺物セット効果2": "蒼白の炎",
            "聖遺物優先するサブ効果1": "会心率",
            "聖遺物優先するサブ効果2": "会心ダメージ",
            "聖遺物優先するサブ効果3": "攻撃力%"
        },
        "雪葬の星銀 血染め/蒼白 [攻物率]": {
            "武器": "雪葬の星銀",
            "聖遺物メイン効果3": "攻撃力%",
            "聖遺物メイン効果4": "物理ダメージバフ",
            "聖遺物メイン効果5": "会心率",
            "聖遺物セット効果1": "血染めの騎士道",
            "聖遺物セット効果2": "蒼白の炎",
            "聖遺物優先するサブ効果1": "会心率",
            "聖遺物優先するサブ効果2": "会心ダメージ",
            "聖遺物優先するサブ効果3": "攻撃力%"
        },
        "松韻の響く頃 蒼白の炎 [攻物率]": {
            "武器": "松韻の響く頃",
            "聖遺物メイン効果3": "攻撃力%",
            "聖遺物メイン効果4": "物理ダメージバフ",
            "聖遺物メイン効果5": "会心率",
            "聖遺物セット効果1": "蒼白の炎",
            "聖遺物セット効果2": "蒼白の炎",
            "聖遺物優先するサブ効果1": "会心率",
            "聖遺物優先するサブ効果2": "会心ダメージ",
            "聖遺物優先するサブ効果3": "攻撃力%"
        }
    }
}