{
    "名前": "旅人(雷)",
    "レアリティ": 4,
    "武器": "片手剣",
    "元素": "雷",
    "ステータス": {
        "基礎HP": {
            "80": 9638,
            "80+": 10122,
            "90": 10875
        },
        "基礎攻撃力": {
            "80": 188,
            "80+": 198,
            "90": 212
        },
        "基礎防御力": {
            "80": 605,
            "80+": 635,
            "90": 683
        },
        "攻撃力%": {
            "80": 18,
            "80+": 24,
            "90": 24
        }
    },
    "通常攻撃": {
        "名前": "通常攻撃・異邦の驚雷",
        "説明": "剣による最大5段の連続攻撃を行う。",
        "詳細": [
            {
                "名前": "1段ダメージ",
                "数値": {
                    "1": "44.5%",
                    "2": "48.1%",
                    "3": "51.7%",
                    "4": "56.9%",
                    "5": "60.5%",
                    "6": "64.6%",
                    "7": "70.3%",
                    "8": "76.0%",
                    "9": "81.7%",
                    "10": "87.9%",
                    "11": "94.1%"
                }
            },
            {
                "名前": "2段ダメージ",
                "数値": {
                    "1": "43.4%",
                    "2": "47.0%",
                    "3": "50.5%",
                    "4": "55.6%",
                    "5": "59.1%",
                    "6": "63.1%",
                    "7": "68.7%",
                    "8": "74.2%",
                    "9": "79.8%",
                    "10": "85.9%",
                    "11": "91.9%"
                }
            },
            {
                "名前": "3段ダメージ",
                "数値": {
                    "1": "53.0%",
                    "2": "57.3%",
                    "3": "61.6%",
                    "4": "67.8%",
                    "5": "72.1%",
                    "6": "77.0%",
                    "7": "83.8%",
                    "8": "90.6%",
                    "9": "97.3%",
                    "10": "105%",
                    "11": "112%"
                }
            },
            {
                "名前": "4段ダメージ",
                "数値": {
                    "1": "58.3%",
                    "2": "63.1%",
                    "3": "67.8%",
                    "4": "74.6%",
                    "5": "79.3%",
                    "6": "84.8%",
                    "7": "92.2%",
                    "8": "99.7%",
                    "9": "107%",
                    "10": "115%",
                    "11": "123%"
                }
            },
            {
                "名前": "5段ダメージ",
                "数値": {
                    "1": "70.8%",
                    "2": "76.5%",
                    "3": "82.3%",
                    "4": "90.5%",
                    "5": "96.3%",
                    "6": "103%",
                    "7": "112%",
                    "8": "121%",
                    "9": "130%",
                    "10": "140%",
                    "11": "150%"
                }
            }
        ]
    },
    "重撃": {
        "説明": [
            "一定のスタミナを消費し、前方に斬撃を2回放つ。"
        ],
        "詳細": [
            {
                "名前": "重撃ダメージ",
                "数値": {
                    "1": "55.9%+60.7%",
                    "2": "60.5%+65.7%",
                    "3": "65.0%+70.6%",
                    "4": "71.5%+77.7%",
                    "5": "76.1%+82.6%",
                    "6": "81.3%+88.3%",
                    "7": "88.4%+96.0%",
                    "8": "95.6%+104%",
                    "9": "103%+112%",
                    "10": "111%+120.02%",
                    "11": "118%+128.49%"
                }
            }
        ]
    },
    "落下攻撃": {
        "説明": "空中から落下し地面に衝撃を与える。経路上の敵を攻撃し、落下時に範囲ダメージを与える。",
        "詳細": [
            {
                "名前": "落下期間のダメージ",
                "種類": "落下攻撃ダメージ",
                "数値": {
                    "1": "63.9%",
                    "2": "69.1%",
                    "3": "74.3%",
                    "4": "81.8%",
                    "5": "87.0%",
                    "6": "92.9%",
                    "7": "101.1%",
                    "8": "109.3%",
                    "9": "117.5%",
                    "10": "126.4%",
                    "11": "135.3%"
                }
            },
            {
                "名前": "低空落下攻撃ダメージ",
                "種類": "落下攻撃ダメージ",
                "数値": {
                    "1": "128%",
                    "2": "138%",
                    "3": "149%",
                    "4": "164%",
                    "5": "174%",
                    "6": "186%",
                    "7": "202%",
                    "8": "219%",
                    "9": "235%",
                    "10": "253%",
                    "11": "271%"
                }
            },
            {
                "名前": "高空落下攻撃ダメージ",
                "種類": "落下攻撃ダメージ",
                "数値": {
                    "1": "160%",
                    "2": "173%",
                    "3": "186%",
                    "4": "204%",
                    "5": "217%",
                    "6": "232%",
                    "7": "253%",
                    "8": "273%",
                    "9": "293%",
                    "10": "316%",
                    "11": "338%"
                }
            }
        ]
    },
    "元素スキル": {
        "名前": "雷影剣",
        "説明": [
            "迅速の雷影を3つ放つ。雷影は敵に雷元素ダメージを与え、命中時に豊穣の勾玉を残す。",
            "初期状態では豊穣の勾玉を最大２つ生成できる。スキルを発動すると、自身が生成した豊穣の勾玉がクリアされる。",
            "豊穣の勾玉",
            "キャラクターが近寄ると、豊穣の勾玉を吸収し、下記効果を獲得する。",
            "元素エネルギーが回復する。",
            "継続時間内、元素チャージ効率がアップする。"
        ],
        "詳細": [
            {
                "名前": "スキルダメージ",
                "数値": {
                    "1": "79%",
                    "2": "85%",
                    "3": "90%",
                    "4": "98%",
                    "5": "104%",
                    "6": "110%",
                    "7": "118%",
                    "8": "126%",
                    "9": "134%",
                    "10": "142%",
                    "11": "149%",
                    "12": "157%",
                    "13": "167%"
                }
            }
        ]
    },
    "元素爆発": {
        "名前": "電光雷轟",
        "説明": [
            "身に纏う雷霆を召喚し、加護を得る。",
            "周囲の敵をノックバックし、雷元素ダメージを与える。",
            "身に纏う雷霆",
            "出場している自身のキャラクターの通常攻撃または重撃が敵に命中すると、威光の落雷が発動し、敵に雷元素ダメージを与える。",
            "威光の落雷が敵に命中すると、該当キャラクターの元素エネルギーを回復する。",
            "威光の落雷の発生は0.5秒ごとに1回のみ可能。"
        ],
        "詳細": [
            {
                "名前": "スキルダメージ",
                "数値": {
                    "1": "111.4%",
                    "2": "123.0%",
                    "3": "131.6%",
                    "4": "143.0%",
                    "5": "151.6%",
                    "6": "160.2%",
                    "7": "171.6%",
                    "8": "183.0%",
                    "9": "194.5%",
                    "10": "205.9%",
                    "11": "217.4%",
                    "12": "228.8%",
                    "13": "243.1%"
                }
            },
            {
                "名前": "威光の落雷ダメージ",
                "数値": {
                    "1": "32.8%",
                    "2": "35.3%",
                    "3": "37.7%",
                    "4": "41.0%",
                    "5": "43.5%",
                    "6": "45.9%",
                    "7": "49.2%",
                    "8": "52.5%",
                    "9": "55.8%",
                    "10": "59.0%",
                    "11": "62.3%",
                    "12": "65.6%",
                    "13": "69.7%"
                }
            }
        ]
    },
    "その他天賦": [
        {
            "名前": "転瞬の迅雷",
            "種類": "固有天賦",
            "説明": [
                "囲のチームメンバー（旅人自身を除く）が雷影剣で生成された豊穣の勾玉を拾うと、雷影剣のクールタイム-1.5秒。"
            ]
        },
        {
            "名前": "轟く雷鳴",
            "種類": "固有天賦",
            "説明": [
                "旅人自身の元素チャージ効率の10%を基準に、雷影剣が生成した豊穣の勾玉による元素チャージ効率をアップする。"
            ]
        }
    ],
    "命ノ星座": {
        "1": {
            "名前": "豊穣の春雷",
            "説明": "雷影剣発動時に生成する豊穣の勾玉の数を3つにアップ。"
        },
        "2": {
            "名前": "激怒の蒼雷",
            "説明": [
                "電光雷轟の威光の落雷が敵に命中すると、敵の雷元素耐性-15%、継続時間8秒。"
            ],
            "詳細": [
                {
                    "条件": "電光雷轟の威光の落雷命中後(8秒)雷元素耐性-15%",
                    "種類": "敵雷元素耐性",
                    "数値": -15
                }
            ]
        },
        "3": {
            "名前": "連延の遠来",
            "説明": [
                "電光雷轟のスキルLv.+3。",
                "最大Lv.15まで。"
            ]
        },
        "4": {
            "名前": "予測不能な雷雲",
            "説明": [
                "キャラクターが雷影剣で生成した豊穣の勾玉を獲得した時、該当キャラクターの元素エネルギーが35%未満の場合、豊穣の勾玉で回復できる元素エネルギー+100%。"
            ]
        },
        "5": {
            "名前": "荒野の雷鳴",
            "説明": [
                "雷影剣のスキルLv.+3。",
                "最大Lv.15まで"
            ]
        },
        "6": {
            "名前": "世を揺るがす神雷",
            "説明": [
                "電光雷轟が威光の落雷を2回引き起こすたび、次の威光の落雷を大幅に強化し、本来の200%分のダメージを与え、さらに現在のキャラクターの元素エネルギーを1ポイント回復する。"
            ]
        }
    },
    "おすすめセット": {
        "斬岩・試作 雷の怒り/剣闘士 [攻雷率]": {
            "武器": "斬岩・試作",
            "聖遺物メイン効果3": "攻撃力%",
            "聖遺物メイン効果4": "雷元素ダメージバフ",
            "聖遺物メイン効果5": "会心率",
            "聖遺物セット効果1": "雷のような怒り",
            "聖遺物セット効果2": "剣闘士のフィナーレ",
            "聖遺物優先するサブ効果1": "元素チャージ効率",
            "聖遺物優先するサブ効果2": null,
            "聖遺物優先するサブ効果3": null
        },
        "鉄蜂の刺し 雷の怒り/剣闘士 [攻雷率]": {
            "武器": "鉄蜂の刺し",
            "聖遺物メイン効果3": "攻撃力%",
            "聖遺物メイン効果4": "雷元素ダメージバフ",
            "聖遺物メイン効果5": "会心率",
            "聖遺物セット効果1": "雷のような怒り",
            "聖遺物セット効果2": "剣闘士のフィナーレ",
            "聖遺物優先するサブ効果1": "元素チャージ効率",
            "聖遺物優先するサブ効果2": null,
            "聖遺物優先するサブ効果3": null
        },
        "腐植の剣 雷の怒り/剣闘士 [攻雷率]": {
            "武器": "腐植の剣",
            "聖遺物メイン効果3": "攻撃力%",
            "聖遺物メイン効果4": "雷元素ダメージバフ",
            "聖遺物メイン効果5": "会心率",
            "聖遺物セット効果1": "雷のような怒り",
            "聖遺物セット効果2": "剣闘士のフィナーレ",
            "聖遺物優先するサブ効果1": "元素チャージ効率",
            "聖遺物優先するサブ効果2": null,
            "聖遺物優先するサブ効果3": null
        },
        "天目影打 雷の怒り/剣闘士 [攻雷率]": {
            "武器": "天目影打",
            "聖遺物メイン効果3": "攻撃力%",
            "聖遺物メイン効果4": "雷元素ダメージバフ",
            "聖遺物メイン効果5": "会心率",
            "聖遺物セット効果1": "雷のような怒り",
            "聖遺物セット効果2": "剣闘士のフィナーレ",
            "聖遺物優先するサブ効果1": "元素チャージ効率",
            "聖遺物優先するサブ効果2": null,
            "聖遺物優先するサブ効果3": null
        }
    }
}