{
    "名前": "フィッシュル",
    "レアリティ": 4,
    "武器": "弓",
    "元素": "雷",
    "ステータス": {
        "基礎HP": {
            "80": 8144,
            "80+": 8553,
            "90": 9189
        },
        "基礎攻撃力": {
            "80": 216,
            "80+": 227,
            "90": 244
        },
        "基礎防御力": {
            "80": 526,
            "80+": 553,
            "90": 594
        },
        "攻撃力%": {
            "80": 18,
            "80+": 24,
            "90": 24
        }
    },
    "通常攻撃": {
        "名前": "通常攻撃・罪滅ぼしの矢",
        "説明": "最大5段の連続射撃を行う。",
        "詳細": [
            {
                "名前": "1段ダメージ",
                "数値": {
                    "1": "44.1%",
                    "2": "47.7%",
                    "3": "51.3%",
                    "4": "56.4%",
                    "5": "60.0%",
                    "6": "64.1%",
                    "7": "69.8%",
                    "8": "75.4%",
                    "9": "81.1%",
                    "10": "87.2%",
                    "11": "93.4%"
                }
            },
            {
                "名前": "2段ダメージ",
                "数値": {
                    "1": "46.8%",
                    "2": "50.6%",
                    "3": "54.4%",
                    "4": "59.8%",
                    "5": "63.6%",
                    "6": "68.0%",
                    "7": "74.0%",
                    "8": "80.0%",
                    "9": "86.0%",
                    "10": "92.5%",
                    "11": "99.0%"
                }
            },
            {
                "名前": "3段ダメージ",
                "数値": {
                    "1": "58.1%",
                    "2": "62.9%",
                    "3": "67.6%",
                    "4": "74.4%",
                    "5": "79.1%",
                    "6": "84.5%",
                    "7": "91.9%",
                    "8": "99.4%",
                    "9": "107%",
                    "10": "115%",
                    "11": "123%"
                }
            },
            {
                "名前": "4段ダメージ",
                "数値": {
                    "1": "57.7%",
                    "2": "62.4%",
                    "3": "67.1%",
                    "4": "73.8%",
                    "5": "78.5%",
                    "6": "83.9%",
                    "7": "91.3%",
                    "8": "98.6%",
                    "9": "106%",
                    "10": "114%",
                    "11": "122.1%"
                }
            },
            {
                "名前": "5段ダメージ",
                "数値": {
                    "1": "72.1%",
                    "2": "77.9%",
                    "3": "83.8%",
                    "4": "92.2%",
                    "5": "98.0%",
                    "6": "105%",
                    "7": "114%",
                    "8": "123%",
                    "9": "132%",
                    "10": "142%",
                    "11": "152.5%"
                }
            }
        ]
    },
    "重撃": {
        "説明": [
            "ダメージがより高く、より精確な狙い撃ちを発動する。",
            "照準時、皇女の命令に従い、幽夜浄土の雷精霊が矢に憑依する。断罪の雷に満ちた矢は敵に高い雷元素ダメージを与える。"
        ],
        "詳細": [
            {
                "名前": "狙い撃ち",
                "数値": {
                    "1": "43.9%",
                    "2": "47.4%",
                    "3": "51.0%",
                    "4": "56.1%",
                    "5": "59.7%",
                    "6": "63.8%",
                    "7": "69.4%",
                    "8": "75.0%",
                    "9": "80.6%",
                    "10": "86.7%",
                    "11": "92.8%"
                }
            },
            {
                "名前": "フルチャージ狙い撃ち",
                "元素": "雷",
                "数値": {
                    "1": "124%",
                    "2": "133%",
                    "3": "143%",
                    "4": "155%",
                    "5": "164%",
                    "6": "174%",
                    "7": "186%",
                    "8": "198%",
                    "9": "211%",
                    "10": "223%",
                    "11": "236%"
                }
            },
            {
                "名前": "星喰いの鴉ダメージ",
                "元素": "雷",
                "数値": {
                    "1": "124%*1.527",
                    "2": "133%*1.527",
                    "3": "143%*1.527",
                    "4": "155%*1.527",
                    "5": "164%*1.527",
                    "6": "174%*1.527",
                    "7": "186%*1.527",
                    "8": "198%*1.527",
                    "9": "211%*1.527",
                    "10": "223%*1.527",
                    "11": "236%*1.527"
                }
            }
        ]
    },
    "落下攻撃": {
        "説明": "空中から矢の雨を放ち、凄まじいスピードで落下し地面に衝撃を与え、落下時に範囲ダメージを与える。",
        "詳細": [
            {
                "名前": "落下期間のダメージ",
                "種類": "落下攻撃ダメージ",
                "数値": {
                    "1": "56.8%",
                    "2": "61.5%",
                    "3": "66.1%",
                    "4": "72.7%",
                    "5": "77.3%",
                    "6": "82.6%",
                    "7": "89.9%",
                    "8": "97.1%",
                    "9": "104.4%",
                    "10": "112.3%",
                    "11": "120.3%"
                }
            },
            {
                "名前": "低空落下攻撃ダメージ",
                "種類": "落下攻撃ダメージ",
                "数値": {
                    "1": "114%",
                    "2": "123%",
                    "3": "132%",
                    "4": "145%",
                    "5": "155%",
                    "6": "165%",
                    "7": "180%",
                    "8": "194%",
                    "9": "209%",
                    "10": "225%",
                    "11": "240%"
                }
            },
            {
                "名前": "高空落下攻撃ダメージ",
                "種類": "落下攻撃ダメージ",
                "数値": {
                    "1": "142%",
                    "2": "153%",
                    "3": "165%",
                    "4": "182%",
                    "5": "193%",
                    "6": "206%",
                    "7": "224%",
                    "8": "243%",
                    "9": "261%",
                    "10": "281%",
                    "11": "300%"
                }
            }
        ]
    },
    "元素スキル": {
        "名前": "夜巡りの翼",
        "説明": [
            "オズを召喚する。暗影と雷電によって構成された鴉が降臨する時、狭範囲の雷元素ダメージを与える。",
            "オズが存在する時、雷の魔弾を発射し、付近の敵を自動で攻撃する。",
            "長押しでスキルの発動位置を調整可能。",
            "オズが存在する間に再び一回押すとオズを自身の傍に呼び寄せる。"
        ],
        "詳細": [
            {
                "名前": "オズの攻撃ダメージ",
                "数値": {
                    "1": "88.8%",
                    "2": "95.5%",
                    "3": "102%",
                    "4": "111%",
                    "5": "118%",
                    "6": "124%",
                    "7": "133%",
                    "8": "142%",
                    "9": "151%",
                    "10": "160%",
                    "11": "169%",
                    "12": "178%",
                    "13": "189%"
                }
            },
            {
                "名前": "召喚ダメージ",
                "数値": {
                    "1": "115%",
                    "2": "124%",
                    "3": "133%",
                    "4": "144%",
                    "5": "153%",
                    "6": "162%",
                    "7": "173%",
                    "8": "185%",
                    "9": "196%",
                    "10": "208%",
                    "11": "219%",
                    "12": "231%",
                    "13": "245%"
                }
            },
            {
                "条件": "命ノ星座@2",
                "名前": "聖裁の羽根ダメージ",
                "種類": "追加ダメージ",
                "数値": "200%攻撃力",
                "元素": "雷"
            }
        ],
        "継続時間": 10,
        "クールタイム": 25
    },
    "元素爆発": {
        "名前": "夜の幻現",
        "説明": [
            "オズを召喚し、純粋なる夜色の翼を広げてフィッシュルを守る。",
            "継続期間中、下記の効果が発動する:",
            "・フィッシュルはオズ形態で高速移動する。",
            "・付近の敵に落雷で攻撃し、雷元素ダメージを与える。落雷によるダメージは同じ敵に1回のみ有効。",
            "・効果終了時、オズは戦場に留まり、皇女の敵を攻撃する。発動前にオズがすでに戦場に存在してる場合は、オズの継続時間がリセットされる。"
        ],
        "詳細": [
            {
                "名前": "落雷ダメージ",
                "数値": {
                    "1": "208%",
                    "2": "224%",
                    "3": "239%",
                    "4": "260%",
                    "5": "276%",
                    "6": "291%",
                    "7": "312%",
                    "8": "333%",
                    "9": "354%",
                    "10": "374%",
                    "11": "395%",
                    "12": "416%",
                    "13": "442%"
                }
            },
            {
                "条件": "命ノ星座@4",
                "名前": "皇女綺譚集ダメージ",
                "種類": "追加ダメージ",
                "数値": "222%攻撃力",
                "元素": "雷"
            },
            {
                "条件": "命ノ星座@4",
                "名前": "回復量",
                "種類": "HP回復",
                "数値": "20%HP上限"
            }
        ],
        "クールタイム": 20,
        "元素エネルギー": 80
    },
    "その他天賦": [
        {
            "種類": "固有天賦",
            "名前": "星喰いの鴉",
            "説明": [
                "フィッシュルのチャージした狙い撃ち射撃がオズに命中すると、オズは周囲の敵に聖裁の雷を放ち、射撃ダメージ152.7%分の雷元素範囲ダメージを与える。"
            ]
        },
        {
            "種類": "固有天賦",
            "名前": "断罪の雷影",
            "説明": [
                "オズがフィールドにいる時、出場している自身のキャラクターの敵への攻撃が雷元素の関連反応を起こすと、敵に聖裁の雷を下し、フィッシュルの攻撃力80%分の雷元素ダメージを与える。"
            ],
            "詳細": [
                {
                    "名前": "断罪の雷影ダメージ",
                    "種類": "追加ダメージ",
                    "数値": "80%攻撃力",
                    "元素": "雷"
                }
            ]
        },
        {
            "種類": "固有天賦",
            "名前": "吾の裏庭",
            "説明": "モンドの探索任務の所要時間-25%。"
        }
    ],
    "命ノ星座": {
        "1": {
            "名前": "幽邃な鴉の目",
            "説明": [
                "オズが戦場にいない時も、鴉の目を通してフィッシュルを守る。",
                "フィッシュルが敵に通常攻撃する時、オズは鴉の目を通して攻撃し、攻撃力22%分のダメージを与える。"
            ],
            "詳細": [
                {
                    "名前": "幽邃な鴉の目ダメージ",
                    "種類": "追加ダメージ",
                    "数値": "22%攻撃力",
                    "元素": "物理"
                }
            ]
        },
        "2": {
            "名前": "聖裁の羽根",
            "説明": "夜巡りの翼発動時、攻撃力200%分の追加ダメージを与える、さらに影響範囲+50%。"
        },
        "3": {
            "名前": "黒き翼",
            "説明": [
                "夜巡りの翼のスキルLv.+3。",
                "最大Lv.15まで。"
            ]
        },
        "4": {
            "名前": "皇女綺譚集",
            "説明": [
                "夜の幻現発動時、周囲の敵に攻撃力222%分の雷元素ダメージを与える。",
                "スキル終了時、フィッシュルのHPを20%回復する。"
            ]
        },
        "5": {
            "名前": "夜の黙示録",
            "説明": [
                "夜の幻現のスキルLv.+3。",
                "最大Lv.15まで。"
            ]
        },
        "6": {
            "名前": "永夜の禽",
            "説明": "オズの存在時間+2秒。オズは出場している自身のキャラクターと共に攻撃し、攻撃力30%分の雷元素ダメージを与える。",
            "詳細": [
                {
                    "名前": "永夜の禽ダメージ",
                    "種類": "追加ダメージ",
                    "数値": "30%攻撃力",
                    "元素": "雷"
                }
            ]
        }
    },
    "おすすめセット": {
        "冬極の白星 雷の怒り/剣闘士": {
            "武器": "冬極の白星",
            "聖遺物メイン効果3": "攻撃力%",
            "聖遺物メイン効果4": "雷元素ダメージバフ",
            "聖遺物メイン効果5": "会心ダメージ",
            "聖遺物セット効果1": "雷のような怒り",
            "聖遺物セット効果2": "剣闘士のフィナーレ",
            "聖遺物優先するサブ効果1": "会心率",
            "聖遺物優先するサブ効果2": null,
            "聖遺物優先するサブ効果3": null
        },
        "飛雷の鳴弦 雷の怒り/剣闘士": {
            "武器": "飛雷の鳴弦",
            "聖遺物メイン効果3": "攻撃力%",
            "聖遺物メイン効果4": "雷元素ダメージバフ",
            "聖遺物メイン効果5": "会心率",
            "聖遺物セット効果1": "雷のような怒り",
            "聖遺物セット効果2": "剣闘士のフィナーレ",
            "聖遺物優先するサブ効果1": "会心率",
            "聖遺物優先するサブ効果2": null,
            "聖遺物優先するサブ効果3": null
        },
        "天空の翼 雷の怒り/剣闘士": {
            "武器": "天空の翼",
            "聖遺物メイン効果3": "攻撃力%",
            "聖遺物メイン効果4": "雷元素ダメージバフ",
            "聖遺物メイン効果5": "会心率",
            "聖遺物セット効果1": "雷のような怒り",
            "聖遺物セット効果2": "剣闘士のフィナーレ",
            "聖遺物優先するサブ効果1": "会心ダメージ",
            "聖遺物優先するサブ効果2": null,
            "聖遺物優先するサブ効果3": null
        },
        "終焉を嘆く詩 雷の怒り/剣闘士": {
            "武器": "終焉を嘆く詩",
            "聖遺物メイン効果3": "攻撃力%",
            "聖遺物メイン効果4": "雷元素ダメージバフ",
            "聖遺物メイン効果5": "会心率",
            "聖遺物セット効果1": "雷のような怒り",
            "聖遺物セット効果2": "剣闘士のフィナーレ",
            "聖遺物優先するサブ効果1": "会心ダメージ",
            "聖遺物優先するサブ効果2": "会心率",
            "聖遺物優先するサブ効果3": null
        },
        "絶弦 雷の怒り/剣闘士": {
            "武器": "絶弦",
            "聖遺物メイン効果3": "攻撃力%",
            "聖遺物メイン効果4": "雷元素ダメージバフ",
            "聖遺物メイン効果5": "会心率",
            "聖遺物セット効果1": "雷のような怒り",
            "聖遺物セット効果2": "剣闘士のフィナーレ",
            "聖遺物優先するサブ効果1": "会心ダメージ",
            "聖遺物優先するサブ効果2": "会心率",
            "聖遺物優先するサブ効果3": null
        },
        "ダークアレイの狩人 雷の怒り/剣闘士": {
            "武器": "ダークアレイの狩人",
            "聖遺物メイン効果3": "攻撃力%",
            "聖遺物メイン効果4": "雷元素ダメージバフ",
            "聖遺物メイン効果5": "会心率",
            "聖遺物セット効果1": "雷のような怒り",
            "聖遺物セット効果2": "剣闘士のフィナーレ",
            "聖遺物優先するサブ効果1": "会心ダメージ",
            "聖遺物優先するサブ効果2": "会心率",
            "聖遺物優先するサブ効果3": null
        },
        "弓蔵 雷の怒り/剣闘士": {
            "武器": "弓蔵",
            "聖遺物メイン効果3": "攻撃力%",
            "聖遺物メイン効果4": "物理ダメージバフ",
            "聖遺物メイン効果5": "会心率",
            "聖遺物セット効果1": "雷のような怒り",
            "聖遺物セット効果2": "剣闘士のフィナーレ",
            "聖遺物優先するサブ効果1": "会心ダメージ",
            "聖遺物優先するサブ効果2": "会心率",
            "聖遺物優先するサブ効果3": null
        },
        "幽夜のワルツ 雷の怒り/剣闘士": {
            "武器": "幽夜のワルツ",
            "聖遺物メイン効果3": "元素チャージ効率",
            "聖遺物メイン効果4": "雷元素ダメージバフ",
            "聖遺物メイン効果5": "会心率",
            "聖遺物セット効果1": "雷のような怒り",
            "聖遺物セット効果2": "剣闘士のフィナーレ",
            "聖遺物優先するサブ効果1": "会心ダメージ",
            "聖遺物優先するサブ効果2": "会心率",
            "聖遺物優先するサブ効果3": null
        }
    }
}