{
    "名前": "雷電将軍",
    "レアリティ": 5,
    "武器": "長柄武器",
    "元素": "雷",
    "ステータス": {
        "基礎HP": {
            "80": 11388,
            "80+": 12000,
            "90": 12907
        },
        "基礎攻撃力": {
            "80": 298,
            "80+": 314,
            "90": 337
        },
        "基礎防御力": {
            "80": 696,
            "80+": 734,
            "90": 789
        },
        "元素チャージ効率": {
            "80": 24,
            "80+": 32,
            "90": 32
        }
    },
    "固有変数": {
        "諸願百目の輪の願力": 0,
        "元素エネルギー": 90
    },
    "通常攻撃": {
        "名前": "通常攻撃・源流",
        "説明": "槍による最大5段の連続攻撃を行う。",
        "詳細": [
            {
                "名前": "1段ダメージ",
                "数値": {
                    "1": "39.6%",
                    "2": "42.9%",
                    "3": "46.1%",
                    "4": "50.7%",
                    "5": "53.9%",
                    "6": "57.6%",
                    "7": "62.7%",
                    "8": "67.8%",
                    "9": "72.8%",
                    "10": "78.4%",
                    "11": ""
                }
            },
            {
                "名前": "2段ダメージ",
                "数値": {
                    "1": "39.7%",
                    "2": "43.0%",
                    "3": "46.2%",
                    "4": "50.8%",
                    "5": "54.1%",
                    "6": "57.8%",
                    "7": "62.8%",
                    "8": "67.9%",
                    "9": "73.0%",
                    "10": "78.5%",
                    "11": ""
                }
            },
            {
                "名前": "3段ダメージ",
                "数値": {
                    "1": "49.9%",
                    "2": "53.9%",
                    "3": "58.0%",
                    "4": "63.8%",
                    "5": "67.9%",
                    "6": "72.5%",
                    "7": "78.9%",
                    "8": "85.3%",
                    "9": "91.6%",
                    "10": "98.6%",
                    "11": ""
                }
            },
            {
                "名前": "4段ダメージ",
                "数値": {
                    "1": "29.0%+29.0%",
                    "2": "31.3%+31.3%",
                    "3": "33.7%+33.7%",
                    "4": "37.1%+37.1%",
                    "5": "39.4%+39.4%",
                    "6": "42.1%+42.1%",
                    "7": "45.8%+45.8%",
                    "8": "49.5%+49.5%",
                    "9": "53.2%+53.2%",
                    "10": "57.3%+57.3%",
                    "11": ""
                }
            },
            {
                "名前": "5段ダメージ",
                "数値": {
                    "1": "65.4%",
                    "2": "70.8%",
                    "3": "76.1%",
                    "4": "83.7%",
                    "5": "89.0%",
                    "6": "95.1%",
                    "7": "103.5%",
                    "8": "111.9%",
                    "9": "120.2%",
                    "10": "129.4%",
                    "11": ""
                }
            }
        ]
    },
    "特殊通常攻撃": {
        "名前": "通常攻撃・源流",
        "説明": "槍による最大5段の連続攻撃を行う。",
        "詳細": [
            {
                "名前": "1段ダメージ",
                "数値": {
                    "1": "",
                    "2": "",
                    "3": "",
                    "4": "",
                    "5": "",
                    "6": "",
                    "7": "",
                    "8": "",
                    "9": "",
                    "10": "",
                    "11": ""
                }
            },
            {
                "名前": "2段ダメージ",
                "数値": {
                    "1": "",
                    "2": "",
                    "3": "",
                    "4": "",
                    "5": "",
                    "6": "",
                    "7": "",
                    "8": "",
                    "9": "",
                    "10": "",
                    "11": ""
                }
            },
            {
                "名前": "3段ダメージ",
                "数値": {
                    "1": "",
                    "2": "",
                    "3": "",
                    "4": "",
                    "5": "",
                    "6": "",
                    "7": "",
                    "8": "",
                    "9": "",
                    "10": "",
                    "11": ""
                }
            },
            {
                "名前": "4段ダメージ",
                "数値": {
                    "1": "",
                    "2": "",
                    "3": "",
                    "4": "",
                    "5": "",
                    "6": "",
                    "7": "",
                    "8": "",
                    "9": "",
                    "10": "",
                    "11": ""
                }
            },
            {
                "名前": "5段ダメージ",
                "数値": {
                    "1": "",
                    "2": "",
                    "3": "",
                    "4": "",
                    "5": "",
                    "6": "",
                    "7": "",
                    "8": "",
                    "9": "",
                    "10": "",
                    "11": ""
                }
            }
        ]
    },
    "重撃": {
        "説明": "一定のスタミナを消費し、切り上げ攻撃を発動する。",
        "詳細": [
            {
                "名前": "重撃ダメージ",
                "数値": {
                    "1": "99.6%",
                    "2": "107.7%",
                    "3": "115.8%",
                    "4": "127.4%",
                    "5": "135.5%",
                    "6": "144.8%",
                    "7": "157.5%",
                    "8": "170.2%",
                    "9": "183.0%",
                    "10": "196.9%",
                    "11": ""
                }
            }
        ]
    },
    "落下攻撃": {
        "説明": "空中から矢の雨を放ち凄まじいスピードで落下し地面に衝撃を与え、落下時に範囲ダメージを与える。",
        "詳細": [
            {
                "名前": "落下期間のダメージ",
                "種類": "落下攻撃ダメージ",
                "数値": {
                    "1": "",
                    "2": "",
                    "3": "",
                    "4": "",
                    "5": "",
                    "6": "",
                    "7": "",
                    "8": "",
                    "9": "",
                    "10": "",
                    "11": ""
                }
            },
            {
                "名前": "低空/高空落下攻撃ダメージ",
                "種類": "落下攻撃ダメージ",
                "数値": {
                    "1": "",
                    "2": "",
                    "3": "",
                    "4": "",
                    "5": "",
                    "6": "",
                    "7": "",
                    "8": "",
                    "9": "",
                    "10": "",
                    "11": ""
                }
            }
        ]
    },
    "元素スキル": {
        "名前": "神変・悪曜開眼",
        "説明": [
            "雷電将軍が浄土の一角を展開し、周囲の敵に雷元素ダメージを与え、周囲のチーム全員に「雷罰悪曜の眼」を授ける。",
            "雷罰悪曜の眼",
            "・雷罰悪曜の眼を持つキャラクターの攻撃が敵にダメージを与えると、雷罰悪曜の眼は連携攻撃を行い、敵の位置に雷範囲ダメージを与える。",
            "・雷罰悪曜の眼を持つキャラクターは継続時間内に、元素爆発の元素エネルギーを基準に、元素爆発ダメージがアップする。",
            "チーム毎の雷罰悪曜の眼は0.9秒毎に1回のみ連携攻撃を行う。",
            "チーム内自身以外のキャラクターが連携攻撃を発動した場合、与えるダメージは本来のダメージの20%となる。"
        ],
        "詳細": [
            {
                "名前": "スキルダメージ",
                "数値": {
                    "1": "117.2%",
                    "2": "126.0%",
                    "3": "134.8%",
                    "4": "146.5%",
                    "5": "155.3%",
                    "6": "164.1%",
                    "7": "175.8%",
                    "8": "187.5%",
                    "9": "199.2%",
                    "10": "211.0%",
                    "11": "222.7%",
                    "12": "234.4%",
                    "13": "249.1%"
                }
            },
            {
                "名前": "連携攻撃ダメージ",
                "数値": {
                    "1": "42.0%",
                    "2": "45.2%",
                    "3": "48.3%",
                    "4": "52.5%",
                    "5": "55.7%",
                    "6": "58.8%",
                    "7": "63.0%",
                    "8": "67.2%",
                    "9": "71.4%",
                    "10": "75.6%",
                    "11": "79.8%",
                    "12": "84.0%",
                    "13": "89.3%"
                }
            },
            {
                "条件": "雷罰悪曜の眼",
                "名前": "元素爆発ダメージアップ",
                "種類": "元素爆発ダメージバフ",
                "数値": {
                    "1": "90*0.22",
                    "2": "90*0.23",
                    "3": "90*0.24",
                    "4": "90*0.25",
                    "5": "90*0.26",
                    "6": "90*0.27",
                    "7": "90*0.28",
                    "8": "90*0.29",
                    "9": "90*0.3",
                    "10": "90*0.3",
                    "11": "90*0.3",
                    "12": "90*0.3",
                    "13": "90*0.3"
                }
            }
        ],
        "継続時間": 25,
        "クールタイム": 10
    },
    "元素爆発": {
        "名前": "奥義・夢想真説",
        "説明": [
            "無数の真言を集結し、諸願百目の願力を尽くす。すべての呪詛を切り裂く夢想の一太刀を繰り出し、雷元素範囲ダメージを与える。",
            "その後一定時間内、「夢想の一心」を使用して戦う。",
            "発動時に消費した諸願百目の輪の願力層数を基準に、夢想の一太刀と夢想の一心の攻撃によるダメージをアップさせる。",
            "夢想の一心",
            "この状態の雷電将軍は刀で攻撃を行う。通常攻撃、重撃、落下攻撃のダメージは、元素付与によって他の元素に変化しない雷元素ダメージへと変わる。",
            "さらに、攻撃が敵に命中すると、周囲のチーム全員の元素エネルギーを回復する。",
            "この方式での元素エネルギー回復は1秒に1回のみ可能で、継続時間内に最大5回まで発動可能。",
            "この状態の雷電将軍は中断耐性がアップし、感電反応のダメージを受けなくなる。",
            "夢想の一心状態の時、雷電将軍の通常攻撃、重撃、落下攻撃のダメージは元素爆発ダメージと見なされる。",
            "夢想の一心による効果は、雷電将軍が退場する時に解除される。",
            "諸願百目の輪",
            "周囲のチーム全員（雷電将軍自身を除く）が元素爆発を発動すると、元素爆発の元素エネルギーを元に雷電将軍の諸願百目の輪に願力を蓄積する。",
            "蓄積できる願力は最大60層まで。"
        ],
        "詳細": [
            {
                "名前": "夢想の一太刀基礎ダメージ",
                "数値": {
                    "1": "401%",
                    "2": "431%",
                    "3": "461%",
                    "4": "501%",
                    "5": "531%",
                    "6": "561%",
                    "7": "601%",
                    "8": "641%",
                    "9": "681%",
                    "10": "721%",
                    "11": "761%",
                    "12": "802%",
                    "13": "852%"
                }
            },
            {
                "条件": "諸願百目の輪@1-60層",
                "名前": "願力アップ効果",
                "種類": "元素爆発強化",
                "対象": "元素爆発.夢想の一太刀基礎ダメージ",
                "数値": {
                    "1": "3.89%攻撃力",
                    "2": "4.18%攻撃力",
                    "3": "%攻撃力",
                    "4": "%攻撃力",
                    "5": "%攻撃力",
                    "6": "%攻撃力",
                    "7": "%攻撃力",
                    "8": "%攻撃力",
                    "9": "%攻撃力",
                    "10": "%攻撃力",
                    "11": "%攻撃力",
                    "12": "%攻撃力",
                    "13": "%攻撃力"
                }
            },
            {
                "条件": "諸願百目の輪@1-60層",
                "名前": "願力アップ効果",
                "種類": "通常攻撃強化",
                "対象": "通常攻撃",
                "数値": {
                    "1": "0.73%攻撃力",
                    "2": "0.73%攻撃力",
                    "3": "%攻撃力",
                    "4": "%攻撃力",
                    "5": "%攻撃力",
                    "6": "%攻撃力",
                    "7": "%攻撃力",
                    "8": "%攻撃力",
                    "9": "%攻撃力",
                    "10": "%攻撃力",
                    "11": "%攻撃力",
                    "12": "%攻撃力",
                    "13": "%攻撃力"
                }
            },
            {
                "条件": "諸願百目の輪@1-60層",
                "名前": "願力アップ効果",
                "種類": "重撃強化",
                "対象": "重撃",
                "数値": {
                    "1": "0.73%攻撃力",
                    "2": "0.73%攻撃力",
                    "3": "%攻撃力",
                    "4": "%攻撃力",
                    "5": "%攻撃力",
                    "6": "%攻撃力",
                    "7": "%攻撃力",
                    "8": "%攻撃力",
                    "9": "%攻撃力",
                    "10": "%攻撃力",
                    "11": "%攻撃力",
                    "12": "%攻撃力",
                    "13": "%攻撃力"
                }
            },
            {
                "条件": "諸願百目の輪@1-60層",
                "名前": "願力アップ効果",
                "種類": "落下攻撃強化",
                "対象": "落下攻撃",
                "数値": {
                    "1": "0.73%攻撃力",
                    "2": "0.73%攻撃力",
                    "3": "%攻撃力",
                    "4": "%攻撃力",
                    "5": "%攻撃力",
                    "6": "%攻撃力",
                    "7": "%攻撃力",
                    "8": "%攻撃力",
                    "9": "%攻撃力",
                    "10": "%攻撃力",
                    "11": "%攻撃力",
                    "12": "%攻撃力",
                    "13": "%攻撃力"
                }
            }
        ],
        "継続時間": 7,
        "クールタイム": 18,
        "元素エネルギー": 90
    },
    "その他天賦": [
        {
            "種類": "固有天賦",
            "名前": "唯一の心",
            "説明": [
                "霜華の矢を放った後の5秒以内に放たれた霜華の矢と霜華満開の会心率+20%"
            ],
            "詳細": [
                {
                    "種類": "会心率",
                    "対象": "霜華の矢の命中ダメージ",
                    "数値": 20
                },
                {
                    "種類": "会心率",
                    "対象": "霜華の矢・霜華満開ダメージ",
                    "数値": 20
                }
            ]
        },
        {
            "種類": "固有天賦",
            "名前": "天地安泰",
            "説明": [
                "降衆天華エリア内のキャラクターの氷元素ダメージ+20%"
            ],
            "詳細": [
                {
                    "条件": "降衆天華エリア内",
                    "種類": "氷元素ダメージバフ",
                    "数値": 20
                }
            ]
        },
        {
            "種類": "固有天賦",
            "名前": "弓蔵待命",
            "説明": "弓を鍛造する時、消費した鉱石の15%が返還される。"
        }
    ],
    "命ノ星座": {
        "1": {
            "名前": "飲露",
            "説明": [
                "二段チャージ重撃の霜華の矢または霜華満開が命中した時、敵の氷元素耐性-15%。継続時間6秒。",
                "命中時に甘雨の元素エネルギーを2回復。二段チャージの重撃による元素エネルギーの回復効果は、1回の重撃で1度のみ発動可能。"
            ],
            "詳細": [
                {
                    "条件": "二段チャージ重撃の霜華の矢または霜華満開が命中(継続時間6秒)",
                    "種類": "敵氷元素耐性",
                    "数値": -15,
                    "継続時間": 6
                }
            ]
        },
        "2": {
            "名前": "獲麟",
            "説明": "山沢麟跡の発動回数+1。"
        },
        "3": {
            "名前": "雲行",
            "説明": [
                "降衆天華のスキルLv.+3。",
                "最大Lv.15まで。"
            ]
        },
        "4": {
            "名前": "西狩",
            "説明": [
                "降衆天華エリア内、敵の受けるダメージが増加する。",
                "受けるダメージの増加量は初期が5%、3秒毎に5%上昇し、最大25%まで上昇する。",
                "エリアを出た後、継続時間3秒。"
            ],
            "詳細": [
                {
                    "条件": "降衆天華エリア内、敵の受けるダメージ(継続時間3秒)@5-25%",
                    "種類": "与えるダメージ",
                    "数値": 1,
                    "継続時間": 3
                }
            ]
        },
        "5": {
            "名前": "折草",
            "説明": [
                "山沢麟跡のスキルLv.+3。",
                "最大Lv.15まで。"
            ]
        },
        "6": {
            "名前": "履虫",
            "説明": "山沢麟跡を発動すると、30秒以内に放つ最初の霜華の矢が、チャージせずに発動可能になる。"
        }
    },
    "おすすめセット": [
        {
            "名前": "草薙の稲光 絶縁4",
            "武器": "草薙の稲光",
            "聖遺物メイン効果3": "元素チャージ効率",
            "聖遺物メイン効果4": "雷元素ダメージバフ",
            "聖遺物メイン効果5": "会心率",
            "聖遺物セット効果1": "絶縁の旗印",
            "聖遺物セット効果2": "絶縁の旗印",
            "聖遺物優先するサブ効果1": "攻撃力%",
            "聖遺物優先するサブ効果2": "会心率",
            "聖遺物優先するサブ効果3": "会心ダメージ"
        }
    ]
}