{
    "名前": "旅人(岩)",
    "レアリティ": 4,
    "武器": "片手剣",
    "元素": "岩",
    "ステータス": {
        "基礎HP": {
            "80": 9638,
            "80+": 10122,
            "90": 10875
        },
        "基礎攻撃力": {
            "80": 188,
            "80+": 198,
            "90": 212
        },
        "基礎防御力": {
            "80": 605,
            "80+": 635,
            "90": 683
        },
        "攻撃力%": {
            "80": 18,
            "80+": 24,
            "90": 24
        }
    },
    "通常攻撃": {
        "名前": "通常攻撃・異邦の岩峰",
        "説明": "剣による最大5段の連続攻撃を行う。",
        "詳細": [
            {
                "名前": "1段ダメージ",
                "数値": {
                    "1": "44.5%",
                    "2": "48.1%",
                    "3": "51.7%",
                    "4": "56.9%",
                    "5": "60.5%",
                    "6": "64.6%",
                    "7": "70.3%",
                    "8": "76.0%",
                    "9": "81.7%",
                    "10": "87.9%",
                    "11": "94.1%"
                }
            },
            {
                "名前": "2段ダメージ",
                "数値": {
                    "1": "43.4%",
                    "2": "47.0%",
                    "3": "50.5%",
                    "4": "55.6%",
                    "5": "59.1%",
                    "6": "63.1%",
                    "7": "68.7%",
                    "8": "74.2%",
                    "9": "79.8%",
                    "10": "85.9%",
                    "11": "91.9%"
                }
            },
            {
                "名前": "3段ダメージ",
                "数値": {
                    "1": "53.0%",
                    "2": "57.3%",
                    "3": "61.6%",
                    "4": "67.8%",
                    "5": "72.1%",
                    "6": "77.0%",
                    "7": "83.8%",
                    "8": "90.6%",
                    "9": "97.3%",
                    "10": "105%",
                    "11": "112%"
                }
            },
            {
                "名前": "4段ダメージ",
                "数値": {
                    "1": "58.3%",
                    "2": "63.1%",
                    "3": "67.8%",
                    "4": "74.6%",
                    "5": "79.3%",
                    "6": "84.8%",
                    "7": "92.2%",
                    "8": "99.7%",
                    "9": "107%",
                    "10": "115%",
                    "11": "123%"
                }
            },
            {
                "名前": "5段ダメージ",
                "数値": {
                    "1": "70.8%",
                    "2": "76.5%",
                    "3": "82.3%",
                    "4": "90.5%",
                    "5": "96.3%",
                    "6": "103%",
                    "7": "112%",
                    "8": "121%",
                    "9": "130%",
                    "10": "140%",
                    "11": "150%"
                }
            }
        ]
    },
    "重撃": {
        "説明": [
            "一定のスタミナを消費し、前方に斬撃を2回放つ。"
        ],
        "詳細": [
            {
                "名前": "重撃ダメージ",
                "数値": {
                    "1": "55.9%+60.7%",
                    "2": "60.5%+65.7%",
                    "3": "65.0%+70.6%",
                    "4": "71.5%+77.7%",
                    "5": "76.1%+82.6%",
                    "6": "81.3%+88.3%",
                    "7": "88.4%+96.0%",
                    "8": "95.6%+104%",
                    "9": "103%+112%",
                    "10": "111%+120.02%",
                    "11": "118%+128.49%"
                }
            }
        ]
    },
    "落下攻撃": {
        "説明": "空中から落下し地面に衝撃を与える。経路上の敵を攻撃し、落下時に範囲ダメージを与える。",
        "詳細": [
            {
                "名前": "落下期間のダメージ",
                "種類": "落下攻撃ダメージ",
                "数値": {
                    "1": "63.9%",
                    "2": "69.1%",
                    "3": "74.3%",
                    "4": "81.8%",
                    "5": "87.0%",
                    "6": "92.9%",
                    "7": "101.1%",
                    "8": "109.3%",
                    "9": "117.5%",
                    "10": "126.4%",
                    "11": "135.3%"
                }
            },
            {
                "名前": "低空落下攻撃ダメージ",
                "種類": "落下攻撃ダメージ",
                "数値": {
                    "1": "128%",
                    "2": "138%",
                    "3": "149%",
                    "4": "164%",
                    "5": "174%",
                    "6": "186%",
                    "7": "202%",
                    "8": "219%",
                    "9": "235%",
                    "10": "253%",
                    "11": "271%"
                }
            },
            {
                "名前": "高空落下攻撃ダメージ",
                "種類": "落下攻撃ダメージ",
                "数値": {
                    "1": "160%",
                    "2": "173%",
                    "3": "186%",
                    "4": "204%",
                    "5": "217%",
                    "6": "232%",
                    "7": "253%",
                    "8": "273%",
                    "9": "293%",
                    "10": "316%",
                    "11": "338%"
                }
            }
        ]
    },
    "元素スキル": {
        "名前": "星落としの剣",
        "説明": [
            "大地の奥から荒星を上げ、爆発を起こし、岩元素範囲ダメージを与える。",
            "荒星は岩元素創造物と見なされ、攻撃を防ぐことができ、登ることもできる。",
            "長押し",
            "スキル発動位置を調整できる。"
        ],
        "詳細": [
            {
                "名前": "スキルダメージ",
                "数値": {
                    "1": "248%",
                    "2": "267%",
                    "3": "285%",
                    "4": "310%",
                    "5": "329%",
                    "6": "347%",
                    "7": "372%",
                    "8": "397%",
                    "9": "422%",
                    "10": "446%",
                    "11": "471%",
                    "12": "496%",
                    "13": "527%"
                }
            }
        ]
    },
    "元素爆発": {
        "名前": "岩潮幾重",
        "説明": [
            "大地の奥にある岩元素を活性化させ、拡散する振動波を引き起こす。",
            "周囲の敵をノックバックし、岩元素範囲ダメージを与える。",
            "振動波の外側に突出した環状の岩の山を生成する。",
            "岩の山は岩元素創造物と見なされ、攻撃を防ぐことができる。"
        ],
        "詳細": [
            {
                "名前": "地震波1回のダメージ",
                "数値": {
                    "1": "148%",
                    "2": "159%",
                    "3": "170%",
                    "4": "185%",
                    "5": "196%",
                    "6": "207%",
                    "7": "222%",
                    "8": "237%",
                    "9": "252%",
                    "10": "266%",
                    "11": "281%",
                    "12": "296%",
                    "13": "314.5%"
                }
            }
        ]
    },
    "その他天賦": [
        {
            "名前": "破れた断崖",
            "種類": "固有天賦",
            "説明": [
                "星落としの剣のクールタイム-2秒"
            ]
        },
        {
            "名前": "狂乱の岩崩れ",
            "種類": "固有天賦",
            "説明": [
                "通常攻撃の最後の1撃が岩崩れを起こすようになり、範囲内の敵に攻撃力60%分の岩元素ダメージを与える。"
            ]
        }
    ],
    "命ノ星座": {
        "1": {
            "名前": "巍然たる青岩",
            "説明": "チーム内キャラクターが岩潮幾重の岩の山に包囲されている時、会心率+10%、中断耐性がアップする。",
            "詳細": [
                {
                    "条件": "岩潮幾重内会心率+10%",
                    "種類": "会心率",
                    "数値": 10
                }
            ]
        },
        "2": {
            "名前": "不穏な溶岩",
            "説明": [
                "星落としの剣の荒星が破壊される時に爆破が再び発生し、周囲の敵に星落としの剣のダメージに相当する岩元素範囲ダメージを与える。"
            ]
        },
        "3": {
            "名前": "八方の岩",
            "説明": [
                "岩潮幾重のスキルLv.+3。",
                "最大Lv.15まで。"
            ]
        },
        "4": {
            "名前": "険しい重岩",
            "説明": [
                "岩潮幾重が引き起こす振動波が敵に命中する度に、元素エネルギーが5回復する。",
                "この方法で1回で最大25まで回復可能。"
            ]
        },
        "5": {
            "名前": "天墜の岩",
            "説明": [
                "星落としの剣のスキルLv.+3。",
                "最大Lv.15まで"
            ]
        },
        "6": {
            "名前": "永世の磐岩",
            "説明": [
                "岩潮幾重の岩の山の継続時間+5秒。",
                "星落としの剣荒星の継続時間+10秒。"
            ]
        }
    },
    "おすすめセット": {
        "斬岩・試作 悠久/剣闘士 [攻岩率]": {
            "武器": "斬岩・試作",
            "聖遺物メイン効果3": "攻撃力%",
            "聖遺物メイン効果4": "岩元素ダメージバフ",
            "聖遺物メイン効果5": "会心率",
            "聖遺物セット効果1": "悠久の磐岩",
            "聖遺物セット効果2": "剣闘士のフィナーレ",
            "聖遺物優先するサブ効果1": "元素チャージ効率",
            "聖遺物優先するサブ効果2": null,
            "聖遺物優先するサブ効果3": null
        },
        "鉄蜂の刺し 悠久/剣闘士 [攻岩率]": {
            "武器": "鉄蜂の刺し",
            "聖遺物メイン効果3": "攻撃力%",
            "聖遺物メイン効果4": "岩元素ダメージバフ",
            "聖遺物メイン効果5": "会心率",
            "聖遺物セット効果1": "悠久の磐岩",
            "聖遺物セット効果2": "剣闘士のフィナーレ",
            "聖遺物優先するサブ効果1": "元素チャージ効率",
            "聖遺物優先するサブ効果2": null,
            "聖遺物優先するサブ効果3": null
        },
        "腐植の剣 悠久/剣闘士 [攻岩率]": {
            "武器": "腐植の剣",
            "聖遺物メイン効果3": "攻撃力%",
            "聖遺物メイン効果4": "岩元素ダメージバフ",
            "聖遺物メイン効果5": "会心率",
            "聖遺物セット効果1": "悠久の磐岩",
            "聖遺物セット効果2": "剣闘士のフィナーレ",
            "聖遺物優先するサブ効果1": "元素チャージ効率",
            "聖遺物優先するサブ効果2": null,
            "聖遺物優先するサブ効果3": null
        },
        "天目影打 悠久/剣闘士 [攻岩率]": {
            "武器": "天目影打",
            "聖遺物メイン効果3": "攻撃力%",
            "聖遺物メイン効果4": "岩元素ダメージバフ",
            "聖遺物メイン効果5": "会心率",
            "聖遺物セット効果1": "悠久の磐岩",
            "聖遺物セット効果2": "剣闘士のフィナーレ",
            "聖遺物優先するサブ効果1": "元素チャージ効率",
            "聖遺物優先するサブ効果2": null,
            "聖遺物優先するサブ効果3": null
        }
    }
}