{
    "名前": "アルベド",
    "レアリティ": 4,
    "武器": "片手剣",
    "元素": "岩",
    "ステータス": {
        "基礎HP": {
            "80": 11669,
            "80+": 12296,
            "90": 13226
        },
        "基礎攻撃力": {
            "80": 222,
            "80+": 233,
            "90": 251
        },
        "基礎防御力": {
            "80": 773,
            "80+": 815,
            "90": 876
        },
        "岩元素ダメージバフ": {
            "80": 21.6,
            "80+": 28.8,
            "90": 28.8
        }
    },
    "通常攻撃": {
        "名前": "通常攻撃・西風剣術・白",
        "説明": "剣による最大5段の連続攻撃を行う。",
        "詳細": [
            {
                "名前": "1段ダメージ",
                "数値": {
                    "1": "36.7%",
                    "2": "39.7%",
                    "3": "42.7%",
                    "4": "47.0%",
                    "5": "50.0%",
                    "6": "53.4%",
                    "7": "58.1%",
                    "8": "62.8%",
                    "9": "67.5%",
                    "10": "72.6%",
                    "11": "78.5%"
                }
            },
            {
                "名前": "2段ダメージ",
                "数値": {
                    "1": "36.7%",
                    "2": "39.7%",
                    "3": "42.7%",
                    "4": "47.0%",
                    "5": "50.0%",
                    "6": "53.4%",
                    "7": "58.1%",
                    "8": "62.8%",
                    "9": "67.5%",
                    "10": "72.6%",
                    "11": "78.5%"
                }
            },
            {
                "名前": "3段ダメージ",
                "数値": {
                    "1": "47.5%",
                    "2": "51.3%",
                    "3": "55.2%",
                    "4": "60.7%",
                    "5": "64.6%",
                    "6": "69.0%",
                    "7": "75.0%",
                    "8": "81.1%",
                    "9": "87.2%",
                    "10": "93.8%",
                    "11": "101.4%"
                }
            },
            {
                "名前": "4段ダメージ",
                "数値": {
                    "1": "49.8%",
                    "2": "53.8%",
                    "3": "57.9%",
                    "4": "63.6%",
                    "5": "67.7%",
                    "6": "72.3%",
                    "7": "78.7%",
                    "8": "85.0%",
                    "9": "91.4%",
                    "10": "98.3%",
                    "11": "106.3%"
                }
            },
            {
                "名前": "5段ダメージ",
                "数値": {
                    "1": "62.1%",
                    "2": "67.1%",
                    "3": "72.2%",
                    "4": "79.4%",
                    "5": "84.4%",
                    "6": "90.2%",
                    "7": "98.2%",
                    "8": "106.1%",
                    "9": "114.0%",
                    "10": "122.7%",
                    "11": "132.6%"
                }
            }
        ]
    },
    "重撃": {
        "説明": "一定のスタミナを消費し、前方に斬撃を2回放つ。",
        "詳細": [
            {
                "種類": "重撃ダメージ",
                "数値": {
                    "1": "47.3%+60.2%",
                    "2": "51.2%+65.1%",
                    "3": "55.0%+70.0%",
                    "4": "60.5%+77.0%",
                    "5": "64.4%+81.9%",
                    "6": "68.8%+87.5%",
                    "7": "74.8%+95.2%",
                    "8": "80.9%+102.9%",
                    "9": "86.9%+110.6%",
                    "10": "93.5%+119.0%",
                    "11": "101.1%+128.6%"
                }
            }
        ],
        "重撃スタミナ消費": 20
    },
    "落下攻撃": {
        "説明": "空中から落下し地面に衝撃を与える。経路上の敵を攻撃し、落下時に範囲ダメージを与える。",
        "詳細": [
            {
                "名前": "落下期間のダメージ",
                "種類": "落下攻撃ダメージ",
                "数値": {
                    "1": "63.9%",
                    "2": "69.1%",
                    "3": "74.3%",
                    "4": "81.8%",
                    "5": "87.0%",
                    "6": "92.9%",
                    "7": "101.1%",
                    "8": "109.3%",
                    "9": "117.5%",
                    "10": "126.4%",
                    "11": "135.3%"
                }
            },
            {
                "名前": "低空落下攻撃ダメージ",
                "種類": "落下攻撃ダメージ",
                "数値": {
                    "1": "128%",
                    "2": "138%",
                    "3": "149%",
                    "4": "164%",
                    "5": "174%",
                    "6": "186%",
                    "7": "202%",
                    "8": "219%",
                    "9": "235%",
                    "10": "253%",
                    "11": "271%"
                }
            },
            {
                "名前": "高空落下攻撃ダメージ",
                "種類": "落下攻撃ダメージ",
                "数値": {
                    "1": "160%",
                    "2": "173%",
                    "3": "186%",
                    "4": "204%",
                    "5": "217%",
                    "6": "232%",
                    "7": "253%",
                    "8": "273%",
                    "9": "293%",
                    "10": "316%",
                    "11": "338%"
                }
            }
        ]
    },
    "元素スキル": {
        "名前": "創生術・擬似陽華",
        "説明": [
            "陽華を錬成し、岩元素範囲ダメージを与える。",
            "陽華",
            "以下の特性を持つ：",
            "・陽華を中心とするエリア内にいる敵がダメージを受けた時、陽華は刹那の花を生成し、敵に岩元素範囲ダメージを与える。ダメージ量はアルベドの防御力によって決まる。",
            "・刹那の花は2秒毎に1回のみ生成できる。",
            "・キャラクターが陽華の上にいる時、陽華は岩元素の力を凝結し、キャラクターを一定の高さまで持ち上げる晶台を生成する。晶台は同時に最大1つまで存在可能。",
            "・アルベドによって創造された陽華は最大1つまで存在可能。また、陽華は岩元素創造物とみなされる。",
            "長押し",
            "スキルの発動位置を調整できる。"
        ],
        "詳細": [
            {
                "名前": "スキルダメージ",
                "数値": {
                    "1": "130%",
                    "2": "140%",
                    "3": "150%",
                    "4": "163%",
                    "5": "173%",
                    "6": "183%",
                    "7": "196%",
                    "8": "209%",
                    "9": "222%",
                    "10": "235%",
                    "11": "248%",
                    "12": "261%",
                    "13": "277%"
                }
            },
            {
                "名前": "刹那の花ダメージ",
                "数値": {
                    "1": "134%防御力",
                    "2": "144%防御力",
                    "3": "154%防御力",
                    "4": "167%防御力",
                    "5": "177%防御力",
                    "6": "187%防御力",
                    "7": "200%防御力",
                    "8": "214%防御力",
                    "9": "227%防御力",
                    "10": "240%防御力",
                    "11": "254%防御力",
                    "12": "267%防御力",
                    "13": "284%防御力"
                }
            }
        ]
    },
    "元素爆発": {
        "名前": "誕生式・大地の潮",
        "説明": [
            "アルベドの指示の下、岩晶が激しく爆発しアルベドの前方に岩元素範囲ダメージを与える。",
            "フィールド上にアルベドが創造した陽華が存在している場合、陽華のエリア内に7本の生滅の花を生成し、岩元素範囲ダメージを与える。",
            "爆発と生滅の花によるダメージによって刹那の花が作られることはない。"
        ],
        "詳細": [
            {
                "名前": "爆発ダメージ",
                "数値": {
                    "1": "367%",
                    "2": "395%",
                    "3": "422%",
                    "4": "459%",
                    "5": "487%",
                    "6": "514%",
                    "7": "551%",
                    "8": "588%",
                    "9": "624%",
                    "10": "661%",
                    "11": "697.68%",
                    "12": "734.4%",
                    "13": "780.3%"
                }
            },
            {
                "名前": "生滅の花ダメージ",
                "数値": {
                    "1": "72.0%",
                    "2": "77.4%",
                    "3": "82.8%",
                    "4": "90.0%",
                    "5": "95.4%",
                    "6": "100.8%",
                    "7": "108.0%",
                    "8": "115.2%",
                    "9": "122.4%",
                    "10": "129.6%",
                    "11": "136.8%",
                    "12": "144%",
                    "13": "153%"
                }
            }
        ]
    },
    "その他天賦": [
        {
            "名前": "白亜色の気迫",
            "種類": "固有天賦",
            "説明": "創生術・擬似陽華の刹那の花がHP50%以下の敵にダメージを与えた場合、ダメージ量+25%",
            "詳細": [
                {
                    "条件": "白亜色の気迫による刹那の花ダメージ+25%",
                    "対象": "元素スキルダメージ.刹那の花ダメージ",
                    "種類": "与えるダメージ",
                    "数値": 25
                }
            ]
        },
        {
            "名前": "ホムンクルスの天智",
            "種類": "固有天賦",
            "説明": [
                "誕生式・大地の潮を発動した時、付近のチーム内キャラクターの元素熟知を+125、継続時間10秒。"
            ],
            "詳細": [
                {
                    "条件": "誕生式・大地の潮発動による元素熟知+125",
                    "種類": "元素熟知",
                    "数値": 125
                }
            ]
        },
        {
            "名前": "天才の気付き",
            "種類": "固有天賦",
            "説明": "武器突破素材を合成する時、10%の確率でアイテムを2倍獲得する。"
        }
    ],
    "命ノ星座": {
        "1": {
            "名前": "エデンの花",
            "説明": "アルベドの創生術・擬似陽華の刹那の花が放たれた時、アルベド自身の元素エネルギーが1.2回復する。"
        },
        "2": {
            "名前": "顕生の宇宙",
            "説明": [
                "創生術・擬似陽華の刹那の花が放たれた時、アルベドに生滅カウントを付与する。継続時間30秒。",
                "誕生式・大地の潮を発動する時、全ての生滅カウントを取り除く。取り除かれた数によって、誕生式・大地の潮の爆発ダメージと生滅の花のダメージが上昇する。",
                "生滅カウント1つにつき、アルベドの防御力30%分のダメージが上昇する。",
                "生滅カウントは最大4重まで。"
            ],
            "詳細": [
                {
                    "条件": "生滅カウント@1-4",
                    "対象": "元素爆発ダメージ.爆発ダメージ",
                    "種類": "元素爆発ダメージアップ",
                    "数値": "30%防御力"
                },
                {
                    "条件": "生滅カウント@1-4",
                    "対象": "元素爆発ダメージ.生滅の花ダメージ",
                    "種類": "元素爆発ダメージアップ",
                    "数値": "30%防御力"
                }
            ]
        },
        "3": {
            "名前": "太陽の華",
            "説明": [
                "創生術・擬似陽華のスキルLv+3。",
                "最大Lv.15まで。"
            ]
        },
        "4": {
            "名前": "聖なる墜落",
            "説明": [
                "陽華のエリア内にいるキャラクターの落下攻撃ダメージ+30%。"
            ],
            "詳細": [
                {
                    "条件": "陽華のエリア内は落下攻撃ダメージ+30%",
                    "種類": "落下攻撃ダメージバフ",
                    "数値": 30
                }
            ]
        },
        "5": {
            "名前": "太古の潮",
            "説明": [
                "誕生式・大地の潮のスキルLv+3。",
                "最大Lv.15まで。"
            ]
        },
        "6": {
            "名前": "無垢なる土",
            "説明": "陽華のエリア内にいるフィールド上のキャラクターが、結晶反応で生成されたシールド状態にある時、与えるダメージ+17%。",
            "詳細": [
                {
                    "条件": "無垢なる土による与えるダメージ+17%",
                    "種類": "与えるダメージ",
                    "数値": 17
                }
            ]
        }
    },
    "おすすめセット": {
        "黎明の神剣 悠久の磐岩守護の心": {
            "武器": "黎明の神剣",
            "聖遺物メイン効果3": "防御力%",
            "聖遺物メイン効果4": "岩元素ダメージバフ",
            "聖遺物メイン効果5": "会心ダメージ",
            "聖遺物セット効果1": "悠久の磐岩",
            "聖遺物セット効果2": "守護の心",
            "聖遺物優先するサブ効果1": "会心率",
            "聖遺物優先するサブ効果2": "会心ダメージ",
            "聖遺物優先するサブ効果3": "防御力%"
        },
        "腐植の剣 悠久の磐岩守護の心": {
            "武器": "腐植の剣",
            "聖遺物メイン効果3": "防御力%",
            "聖遺物メイン効果4": "岩元素ダメージバフ",
            "聖遺物メイン効果5": "会心率",
            "聖遺物セット効果1": "悠久の磐岩",
            "聖遺物セット効果2": "守護の心",
            "聖遺物優先するサブ効果1": "会心ダメージ",
            "聖遺物優先するサブ効果2": "会心ダメージ",
            "聖遺物優先するサブ効果3": "防御力%"
        },
        "磐岩結緑  悠久の磐岩守護の心": {
            "武器": "磐岩結緑",
            "聖遺物メイン効果3": "防御力%",
            "聖遺物メイン効果4": "岩元素ダメージバフ",
            "聖遺物メイン効果5": "会心ダメージ",
            "聖遺物セット効果1": "悠久の磐岩",
            "聖遺物セット効果2": "守護の心",
            "聖遺物優先するサブ効果1": "会心率",
            "聖遺物優先するサブ効果2": "会心ダメージ",
            "聖遺物優先するサブ効果3": "防御力%"
        }
    }
}