{
    "名前": "ノエル",
    "レアリティ": 4,
    "武器": "両手剣",
    "元素": "岩",
    "ステータス": {
        "基礎HP": {
            "80": 10698,
            "80+": 11235,
            "90": 12071
        },
        "基礎攻撃力": {
            "80": 169,
            "80+": 178,
            "90": 191
        },
        "基礎防御力": {
            "80": 708,
            "80+": 743,
            "90": 799
        },
        "防御力%": {
            "80": 22.5,
            "80+": 30,
            "90": 30
        }
    },
    "通常攻撃": {
        "名前": "通常攻撃・西風剣術・メイド",
        "説明": "最大4段の連続攻撃を行う。",
        "詳細": [
            {
                "名前": "1段ダメージ",
                "数値": {
                    "1": "79.1%",
                    "2": "85.6%",
                    "3": "92.0%",
                    "4": "101%",
                    "5": "108%",
                    "6": "115%",
                    "7": "125%",
                    "8": "135%",
                    "9": "145%",
                    "10": "156%",
                    "11": "167%"
                }
            },
            {
                "名前": "2段ダメージ",
                "数値": {
                    "1": "73.4%",
                    "2": "79.3%",
                    "3": "85.3%",
                    "4": "93.8%",
                    "5": "99.8%",
                    "6": "107%",
                    "7": "116%",
                    "8": "125%",
                    "9": "135%",
                    "10": "145%",
                    "11": "155%"
                }
            },
            {
                "名前": "3段ダメージ",
                "数値": {
                    "1": "86.3%",
                    "2": "93.3%",
                    "3": "100%",
                    "4": "110%",
                    "5": "117%",
                    "6": "125%",
                    "7": "136%",
                    "8": "147%",
                    "9": "158%",
                    "10": "171%",
                    "11": "183%"
                }
            },
            {
                "名前": "4段ダメージ",
                "数値": {
                    "1": "113%",
                    "2": "123%",
                    "3": "132%",
                    "4": "145%",
                    "5": "154%",
                    "6": "165%",
                    "7": "179%",
                    "8": "194%",
                    "9": "208%",
                    "10": "224%",
                    "11": "240%"
                }
            }
        ]
    },
    "重撃": {
        "説明": "継続的にスタミナを消費し、大剣を振り回し周囲の敵を攻撃する。\n斬撃が終了したときに、更に強力な攻撃を1回放つ",
        "詳細": [
            {
                "名前": "連続重撃ダメージ",
                "数値": {
                    "1": "50.7%",
                    "2": "54.9%",
                    "3": "59.0%",
                    "4": "64.9%",
                    "5": "69.0%",
                    "6": "73.8%",
                    "7": "80.2%",
                    "8": "86.7%",
                    "9": "93.2%",
                    "10": "100%",
                    "11": "107%"
                }
            },
            {
                "名前": "重撃終了ダメージ",
                "数値": {
                    "1": "90.5%",
                    "2": "97.8%",
                    "3": "105%",
                    "4": "116%",
                    "5": "123%",
                    "6": "132%",
                    "7": "143%",
                    "8": "155%",
                    "9": "166%",
                    "10": "179%",
                    "11": "191%"
                }
            }
        ]
    },
    "落下攻撃": {
        "説明": "空中から落下し地面に衝撃を与える。経路上の敵を攻撃し、落下時に範囲ダメージを与える。",
        "詳細": [
            {
                "名前": "落下期間のダメージ",
                "種類": "落下攻撃ダメージ",
                "数値": {
                    "1": "74.6%",
                    "2": "80.7%",
                    "3": "86.7%",
                    "4": "95.4%",
                    "5": "101.5%",
                    "6": "108.4%",
                    "7": "118%",
                    "8": "127.5%",
                    "9": "137%",
                    "10": "147.4%",
                    "11": "158%"
                }
            },
            {
                "名前": "低空落下攻撃ダメージ",
                "種類": "落下攻撃ダメージ",
                "数値": {
                    "1": "149%",
                    "2": "161%",
                    "3": "173%",
                    "4": "191%",
                    "5": "203%",
                    "6": "217%",
                    "7": "236%",
                    "8": "255%",
                    "9": "274%",
                    "10": "295%",
                    "11": "316%"
                }
            },
            {
                "名前": "高空落下攻撃ダメージ",
                "種類": "落下攻撃ダメージ",
                "数値": {
                    "1": "186%",
                    "2": "201%",
                    "3": "217%",
                    "4": "238%",
                    "5": "253%",
                    "6": "271%",
                    "7": "295%",
                    "8": "318%",
                    "9": "342%",
                    "10": "368%",
                    "11": "394%"
                }
            }
        ]
    },
    "元素スキル": {
        "名前": "護心鎧",
        "説明": "",
        "詳細": [
            {
                "名前": "スキルダメージ",
                "数値": {
                    "1": "120%防御力",
                    "2": "129%防御力",
                    "3": "138%防御力",
                    "4": "150%防御力",
                    "5": "159%防御力",
                    "6": "168%防御力",
                    "7": "180%防御力",
                    "8": "192%防御力",
                    "9": "204%防御力",
                    "10": "216%防御力",
                    "11": "228%防御力",
                    "12": "240%防御力",
                    "13": "255%防御力"
                }
            },
            {
                "名前": "吸収量",
                "種類": "シールド",
                "数値": {
                    "1": "160%防御力+770",
                    "2": "172%防御力+847",
                    "3": "184%防御力+930",
                    "4": "200%防御力+1020",
                    "5": "212%防御力+1116",
                    "6": "224%防御力+1219",
                    "7": "240%防御力+1328",
                    "8": "256%防御力+1443",
                    "9": "272%防御力+1565",
                    "10": "288%防御力+1694",
                    "11": "304%防御力+1828",
                    "12": "320%防御力+1970",
                    "13": "340%防御力+2117"
                }
            },
            {
                "名前": "回復量",
                "種類": "HP回復",
                "数値": {
                    "1": "21.3%防御力+103",
                    "2": "22.9%防御力+113",
                    "3": "24.5%防御力+124",
                    "4": "26.6%防御力+136",
                    "5": "28.2%防御力+149",
                    "6": "29.8%防御力+163",
                    "7": "31.9%防御力+177",
                    "8": "34%防御力+193",
                    "9": "36.2%防御力+209",
                    "10": "38.3%防御力+226",
                    "11": "40.4%防御力+244",
                    "12": "42.6%防御力+263",
                    "13": "45.2%防御力+282"
                }
            }
        ]
    },
    "元素爆発": {
        "名前": "大掃除",
        "説明": [
            "盤石の力を集め、周囲の敵に衝撃を与え、広範囲攻撃を1回行い、岩ダメージを与える。",
            "その後下記の効果が発動される:",
            "・ノエルの攻撃範囲が大幅にアップする。",
            "・攻撃ダメージは岩ダメージに変化され",
            "・ノエルの防御力を基準に攻撃力がアップする。"
        ],
        "詳細": [
            {
                "名前": "爆発ダメージ",
                "数値": {
                    "1": "67.2%",
                    "2": "72.2%",
                    "3": "77.3%",
                    "4": "84.0%",
                    "5": "89.0%",
                    "6": "94.1%",
                    "7": "101%",
                    "8": "108%",
                    "9": "114%",
                    "10": "121%",
                    "11": "128%",
                    "12": "134%",
                    "13": "143%",
                    "14": "151%"
                }
            },
            {
                "名前": "スキルダメージ",
                "数値": {
                    "1": "92.8%",
                    "2": "99.8%",
                    "3": "107%",
                    "4": "116%",
                    "5": "123%",
                    "6": "130%",
                    "7": "139%",
                    "8": "148%",
                    "9": "158%",
                    "10": "167%",
                    "11": "176%",
                    "12": "186%",
                    "13": "197%",
                    "14": "209%"
                }
            },
            {
                "条件": "大掃除発動",
                "名前": "攻撃力上昇",
                "種類": "攻撃力",
                "数値": {
                    "1": "40%防御力",
                    "2": "43%防御力",
                    "3": "46%防御力",
                    "4": "50%防御力",
                    "5": "53%防御力",
                    "6": "56%防御力",
                    "7": "60%防御力",
                    "8": "64%防御力",
                    "9": "68%防御力",
                    "10": "72%防御力",
                    "11": "76%防御力",
                    "12": "80%防御力",
                    "13": "85%防御力",
                    "14": "90%防御力"
                }
            },
            {
                "条件": "大掃除発動",
                "種類": "岩元素付与"
            }
        ]
    },
    "その他天賦": [
        {
            "名前": "誠心誠意",
            "種類": "固有天賦",
            "説明": [
                "ノエルが待機時、出場している自身のキャラクターのHPが30%以下になると自動で発動される。",
                "出場している自身のキャラクターにノエルの防御力400%相当のダメージを吸収するシールドを付与する、継続時間20秒。",
                "・全ての元素ダメージと物理ダメージに対して150%の吸収効果がある。",
                "60秒毎に1回のみ発動する。"
            ],
            "詳細": [
                {
                    "名前": "[誠心誠意]シールド",
                    "種類": "シールド",
                    "数値": "400%防御力"
                }
            ]
        },
        {
            "名前": "きれいさっぱり",
            "種類": "固有天賦",
            "説明": [
                "通常攻撃または重撃が4回命中するたびに、護心鎧のクールタイム-1秒。",
                "攻撃が同時に複数の敵に命中した場合は1回としてカウントされる。"
            ]
        },
        {
            "名前": "メイドの仕草",
            "種類": "固有天賦",
            "説明": "防御系料理を完璧調理したとき、12%の確率で料理を2倍獲得する。"
        }
    ],
    "命ノ星座": {
        "1": {
            "名前": "支援はお任せください",
            "説明": "同時に大掃除と護心鎧状態にいるとき、護心鎧のHP回復効果の発動率は100%になる"
        },
        "2": {
            "名前": "旋風のメイド",
            "説明": "ノエルの重撃スタミナ消費-20%、与えるダメージ+15%。",
            "詳細": [
                {
                    "種類": "重撃ダメージバフ",
                    "数値": 15
                }
            ]
        },
        "3": {
            "名前": "怪我はしません",
            "説明": [
                "護心鎧のスキルLv+3。",
                "最大Lv.15まで。"
            ]
        },
        "4": {
            "名前": "綺麗にしますから",
            "説明": "護心鎧の効果終了時、またはダメージによって破壊された時、周囲の敵に攻撃力400%分の岩元素ダメージを与える。",
            "詳細": [
                {
                    "名前": "[綺麗にしますから]岩元素ダメージ",
                    "種類": "岩元素ダメージ",
                    "数値": "400%攻撃力"
                }
            ]
        },
        "5": {
            "名前": "騎士団の掃除達人",
            "説明": [
                "大掃除のスキルLv.+3。",
                "最大Lv.15まで"
            ]
        },
        "6": {
            "名前": "埃は許しません",
            "説明": [
                "大掃除発動で、ノエルの防御力50%相当の攻撃力を追加でアップする。",
                "スキル継続中、敵1体倒すたびに、継続時間+1秒、最大10秒まで"
            ],
            "詳細": [
                {
                    "条件": "大掃除発動",
                    "種類": "攻撃力",
                    "数値": "50%防御力"
                }
            ]
        }
    },
    "おすすめセット": {
        "螭龍の剣 逆飛びの流星 [防岩ダ]": {
            "武器": "螭龍の剣",
            "聖遺物メイン効果3": "防御力%",
            "聖遺物メイン効果4": "岩元素ダメージバフ",
            "聖遺物メイン効果5": "会心ダメージ",
            "聖遺物セット効果1": "逆飛びの流星",
            "聖遺物セット効果2": "逆飛びの流星",
            "聖遺物優先するサブ効果1": "会心率",
            "聖遺物優先するサブ効果2": "会心ダメージ",
            "聖遺物優先するサブ効果3": "防御力%"
        },
        "白影の剣 逆飛びの流星 [防岩率]": {
            "武器": "白影の剣",
            "聖遺物メイン効果3": "防御力%",
            "聖遺物メイン効果4": "岩元素ダメージバフ",
            "聖遺物メイン効果5": "会心率",
            "聖遺物セット効果1": "逆飛びの流星",
            "聖遺物セット効果2": "逆飛びの流星",
            "聖遺物優先するサブ効果1": "会心ダメージ",
            "聖遺物優先するサブ効果2": "会心率",
            "聖遺物優先するサブ効果3": "防御力%"
        },
        "天空の傲 逆飛びの流星 [防岩率]": {
            "武器": "天空の傲",
            "聖遺物メイン効果3": "防御力%",
            "聖遺物メイン効果4": "岩元素ダメージバフ",
            "聖遺物メイン効果5": "会心率",
            "聖遺物セット効果1": "逆飛びの流星",
            "聖遺物セット効果2": "逆飛びの流星",
            "聖遺物優先するサブ効果1": "会心ダメージ",
            "聖遺物優先するサブ効果2": "会心率",
            "聖遺物優先するサブ効果3": "防御力%"
        },
        "西風大剣 逆飛びの流星 [防岩率]": {
            "武器": "西風大剣",
            "聖遺物メイン効果3": "防御力%",
            "聖遺物メイン効果4": "岩元素ダメージバフ",
            "聖遺物メイン効果5": "会心率",
            "聖遺物セット効果1": "逆飛びの流星",
            "聖遺物セット効果2": "逆飛びの流星",
            "聖遺物優先するサブ効果1": "会心率",
            "聖遺物優先するサブ効果2": "会心ダメージ",
            "聖遺物優先するサブ効果3": "防御力%"
        },
        "螭龍の剣 剣闘士のフィナーレ [防岩ダ]": {
            "武器": "螭龍の剣",
            "聖遺物メイン効果3": "防御力%",
            "聖遺物メイン効果4": "岩元素ダメージバフ",
            "聖遺物メイン効果5": "会心ダメージ",
            "聖遺物セット効果1": "剣闘士のフィナーレ",
            "聖遺物セット効果2": "剣闘士のフィナーレ",
            "聖遺物優先するサブ効果1": "会心率",
            "聖遺物優先するサブ効果2": "会心ダメージ",
            "聖遺物優先するサブ効果3": "防御力%"
        },
        "西風大剣 剣闘士のフィナーレ [防岩率]": {
            "武器": "西風大剣",
            "聖遺物メイン効果3": "防御力%",
            "聖遺物メイン効果4": "岩元素ダメージバフ",
            "聖遺物メイン効果5": "会心率",
            "聖遺物セット効果1": "剣闘士のフィナーレ",
            "聖遺物セット効果2": "剣闘士のフィナーレ",
            "聖遺物優先するサブ効果1": "会心率",
            "聖遺物優先するサブ効果2": "会心ダメージ",
            "聖遺物優先するサブ効果3": "防御力%"
        }
    }
}