{
    "名前": "モナ",
    "レアリティ": 5,
    "武器": "法器",
    "元素": "水",
    "ステータス": {
        "基礎HP": {
            "70+": 8458,
            "80": 9184,
            "80+": 9677,
            "90": 10409
        },
        "基礎攻撃力": {
            "70+": 233,
            "80": 253,
            "80+": 267,
            "90": 287
        },
        "基礎防御力": {
            "70+": 531,
            "80": 576,
            "80+": 607,
            "90": 653
        },
        "元素チャージ効率": {
            "70+": 24,
            "80": 24,
            "80+": 32,
            "90": 32
        }
    },
    "オプション初期値": {
        "星異状態の敵を攻撃する時、会心率+15%": 0,
        "星異状態の敵に攻撃が命中後(8秒)水元素関連反応の効果上昇": 0,
        "虚実流動状態で1秒移動する毎に、次の重撃ダメージ+60%": 0
    },
    "通常攻撃": {
        "名前": "通常攻撃・因果点破",
        "説明": "最大4段の連続攻撃を行い、水元素ダメージを与える。",
        "詳細": [
            {
                "名前": "1段ダメージ",
                "数値": {
                    "1": "37.6%",
                    "2": "40.4%",
                    "3": "43.2%",
                    "4": "47.0%",
                    "5": "49.8%",
                    "6": "52.6%",
                    "7": "56.4%",
                    "8": "60.2%",
                    "9": "63.9%",
                    "10": "67.7%",
                    "11": "71.4%"
                }
            },
            {
                "名前": "2段ダメージ",
                "数値": {
                    "1": "36.0%",
                    "2": "38.7%",
                    "3": "41.4%",
                    "4": "45.0%",
                    "5": "47.7%",
                    "6": "50.4%",
                    "7": "54.0%",
                    "8": "57.6%",
                    "9": "61.2%",
                    "10": "64.8%",
                    "11": "68.4%"
                }
            },
            {
                "名前": "3段ダメージ",
                "数値": {
                    "1": "44.8%",
                    "2": "48.2%",
                    "3": "51.5%",
                    "4": "56.0%",
                    "5": "59.4%",
                    "6": "62.7%",
                    "7": "67.2%",
                    "8": "71.7%",
                    "9": "76.2%",
                    "10": "80.6%",
                    "11": "85.1%"
                }
            },
            {
                "名前": "4段ダメージ",
                "数値": {
                    "1": "56.2%",
                    "2": "60.4%",
                    "3": "64.6%",
                    "4": "70.2%",
                    "5": "74.4%",
                    "6": "78.6%",
                    "7": "84.2%",
                    "8": "89.9%",
                    "9": "95.5%",
                    "10": "101%",
                    "11": "107%"
                }
            }
        ]
    },
    "重撃": {
        "説明": "一定のスタミナを消費し、短い詠唱をした後、敵に水元素範囲ダメージを与える。",
        "詳細": [
            {
                "名前": "重撃ダメージ",
                "数値": {
                    "1": "150%",
                    "2": "161%",
                    "3": "172%",
                    "4": "187%",
                    "5": "198%",
                    "6": "210%",
                    "7": "225%",
                    "8": "240%",
                    "9": "255%",
                    "10": "269%",
                    "11": "285%"
                }
            }
        ],
        "重撃スタミナ消費": 50
    },
    "落下攻撃": {
        "説明": "空中から水元素の力を凝集しながら落下し、地面に衝撃を与える。経路上の敵を攻撃し、落下時に水元素範囲ダメージを与える。",
        "詳細": [
            {
                "名前": "落下期間のダメージ",
                "種類": "落下攻撃ダメージ",
                "数値": {
                    "1": "56.8%",
                    "2": "61.5%",
                    "3": "66.1%",
                    "4": "72.7%",
                    "5": "77.3%",
                    "6": "82.6%",
                    "7": "89.9%",
                    "8": "97.1%",
                    "9": "104.4%",
                    "10": "112.3%",
                    "11": "120.3%"
                }
            },
            {
                "名前": "低空落下攻撃ダメージ",
                "種類": "落下攻撃ダメージ",
                "数値": {
                    "1": "114%",
                    "2": "123%",
                    "3": "132%",
                    "4": "145%",
                    "5": "155%",
                    "6": "165%",
                    "7": "180%",
                    "8": "194%",
                    "9": "209%",
                    "10": "225%",
                    "11": "240%"
                }
            },
            {
                "名前": "高空落下攻撃ダメージ",
                "種類": "落下攻撃ダメージ",
                "数値": {
                    "1": "142%",
                    "2": "153%",
                    "3": "165%",
                    "4": "182%",
                    "5": "193%",
                    "6": "206%",
                    "7": "224%",
                    "8": "243%",
                    "9": "261%",
                    "10": "281%",
                    "11": "300%"
                }
            }
        ]
    },
    "元素スキル": {
        "名前": "水中幻願",
        "説明": [
            "水しぶきを集め、運命の虚影を形成する",
            "虚影",
            "虚影は以下の特性を持つ:",
            "・継続的に敵を挑発し、攻撃を引き寄せる。",
            "・継続的に付近の敵に水元素範囲ダメージを与える。",
            "・継続時間終了時、虚影が破裂し、水元素範囲ダメージを与える。",
            "長押し",
            "水流の勢いを利用し、素早く後退する。",
            "水中幻影によって作られた虚影は同時に1つまで存在可能。"
        ],
        "詳細": [
            {
                "名前": "継続ダメージ",
                "数値": {
                    "1": "32.0%",
                    "2": "34.4%",
                    "3": "36.8%",
                    "4": "40.0%",
                    "5": "42.4%",
                    "6": "44.8%",
                    "7": "48.0%",
                    "8": "51.2%",
                    "9": "54.4%",
                    "10": "57.6%",
                    "11": "60.8%",
                    "12": "64.0%",
                    "13": "68.0%"
                }
            },
            {
                "名前": "爆裂ダメージ",
                "数値": {
                    "1": "133%",
                    "2": "143%",
                    "3": "153%",
                    "4": "166%",
                    "5": "176%",
                    "6": "186%",
                    "7": "199%",
                    "8": "212%",
                    "9": "226%",
                    "10": "239%",
                    "11": "252%",
                    "12": "266%",
                    "13": "282%"
                }
            }
        ]
    },
    "元素爆発": {
        "名前": "星命定軌",
        "説明": [
            "清らかなさざなみを集め、虚幻の星空を映し、広範囲の敵に泡影状態を与える。",
            "泡影",
            "星の泡で敵を拘束し、湿潤状態を付与する。",
            "比較的に弱い敵は泡影に拘束され、行動不能になる。",
            "泡影状態の敵がダメージを受けると、以下の効果を受ける:",
            "・星異状態を与えられ、次に受けるダメージが上昇する。",
            "・泡影の効果が解除する。解除時、水元素ダメージを受ける。",
            "星異",
            "星異状態継続中、受けるダメージがアップする"
        ],
        "詳細": [
            {
                "名前": "泡影破裂ダメージ(+星異)",
                "数値": {
                    "1": "442%",
                    "2": "476%",
                    "3": "509%",
                    "4": "553%",
                    "5": "586%",
                    "6": "619%",
                    "7": "664%",
                    "8": "708%",
                    "9": "752%",
                    "10": "796%",
                    "11": "841%",
                    "12": "885%",
                    "13": "940%"
                }
            },
            {
                "名前": "ダメージバフ",
                "種類": "与えるダメージ",
                "対象": "元素爆発ダメージ",
                "数値": {
                    "1": 42,
                    "2": 44,
                    "3": 46,
                    "4": 48,
                    "5": 50,
                    "6": 52,
                    "7": 54,
                    "8": 56,
                    "9": 58,
                    "10": 60,
                    "11": 60,
                    "12": 60,
                    "13": 60
                }
            }
        ]
    },
    "その他天賦": [
        {
            "名前": "虚実流動",
            "説明": [
                "ダッシュの代わりに発動する",
                "水流に隠れて激流となり、スタミナを消費して素早く移動する。",
                "虚実流動状態のモナは水面上を高速移動できる。",
                "虚実流動状態が終了し、姿を現した時に、周囲の敵に湿潤状態を与える。"
            ]
        },
        {
            "名前": "「おばば、私を捕まえられますか～」",
            "説明": [
                "虚実流動状態に入った2秒後、周囲に敵がいる場合、自動的に虚影を1つ生成する。",
                "虚影は2秒間存在した後に破裂する。破裂ダメージは水中幻願のダメージの50%に相当する。"
            ]
        },
        {
            "名前": "「運命の流れに任せましょう！」",
            "説明": [
                "モナの与える水元素ダメージが増加する。増加量はモナの元素チャージ効率の20%に相当する。"
            ],
            "詳細": [
                {
                    "種類": "水元素ダメージバフ",
                    "数値": "20%元素チャージ効率"
                }
            ]
        },
        {
            "名前": "運行原理",
            "説明": [
                "武器突破素材を合成する時、25%の確率で一部の材料が返還される。"
            ]
        }
    ],
    "命ノ星座": {
        "1": {
            "名前": "沈没の預言",
            "説明": [
                "チーム内の自身のキャラクターの攻撃が星異状態の敵に命中した8秒間、水元素の関連反応の効果が上昇する。",
                "・感電反応ダメージ+15%、蒸発反応ダメージ+15%。水元素の拡散反応によるダメージ+15%。",
                "・凍結反応の継続時間+15%。"
            ],
            "詳細": [
                {
                    "条件": "星異状態の敵に攻撃が命中後(8秒)水元素関連反応の効果上昇",
                    "種類": "感電ダメージバフ",
                    "数値": 15
                },
                {
                    "条件": "星異状態の敵に攻撃が命中後(8秒)水元素関連反応の効果上昇",
                    "種類": "蒸発ダメージバフ",
                    "数値": 15
                }
            ]
        },
        "2": {
            "名前": "星月の連珠",
            "説明": [
                "通常攻撃が命中した時、20%の確率で自動的に重撃を発動する。",
                "5秒毎に1回のみ発動可能。"
            ]
        },
        "3": {
            "名前": "果てしない天象",
            "説明": [
                "星命定軌のスキルLv.+3。",
                "最大Lv.15まで。"
            ]
        },
        "4": {
            "名前": "絶滅の預言",
            "説明": [
                "チーム内の自身のキャラクターが星異状態の敵を攻撃する時、会心率+15%。"
            ],
            "詳細": [
                {
                    "条件": "星異状態の敵を攻撃する時、会心率+15%",
                    "種類": "会心率",
                    "数値": 15
                }
            ]
        },
        "5": {
            "名前": "運命の愚弄",
            "説明": [
                "水中幻願のスキルLv.+3。",
                "最大Lv.15まで。"
            ]
        },
        "6": {
            "名前": "災厄の修辞",
            "説明": [
                "モナが虚実流動状態に入った後、1秒移動する毎に、次の重撃ダメージ+60%。",
                "最大180%まで、継続時間8秒。"
            ],
            "詳細": [
                {
                    "条件": "虚実流動状態で1秒移動する毎に、次の重撃ダメージ+60%@1-3秒",
                    "種類": "重撃ダメージバフ",
                    "数値": 60
                }
            ]
        }
    },
    "おすすめセット": {
        "流浪楽章 絶縁の旗印 [攻水率]": {
            "武器": "流浪楽章",
            "聖遺物メイン効果3": "攻撃力%",
            "聖遺物メイン効果4": "水元素ダメージバフ",
            "聖遺物メイン効果5": "会心率",
            "聖遺物セット効果1": "絶縁の旗印",
            "聖遺物セット効果2": "絶縁の旗印",
            "聖遺物優先するサブ効果1": "会心率",
            "聖遺物優先するサブ効果2": "会心ダメージ",
            "聖遺物優先するサブ効果3": "攻撃力%"
        },
        "四風原典 絶縁の旗印 [攻攻率]": {
            "武器": "四風原典",
            "聖遺物メイン効果3": "攻撃力%",
            "聖遺物メイン効果4": "攻撃力%",
            "聖遺物メイン効果5": "会心ダメージ",
            "聖遺物セット効果1": "絶縁の旗印",
            "聖遺物セット効果2": "絶縁の旗印",
            "聖遺物優先するサブ効果1": "会心率",
            "聖遺物優先するサブ効果2": "会心ダメージ",
            "聖遺物優先するサブ効果3": "攻撃力%"
        },
        "天空の巻 絶縁の旗印 [攻水率]": {
            "武器": "天空の巻",
            "聖遺物メイン効果3": "攻撃力%",
            "聖遺物メイン効果4": "水元素ダメージバフ",
            "聖遺物メイン効果5": "会心率",
            "聖遺物セット効果1": "絶縁の旗印",
            "聖遺物セット効果2": "絶縁の旗印",
            "聖遺物優先するサブ効果1": "会心ダメージ",
            "聖遺物優先するサブ効果2": "会心率",
            "聖遺物優先するサブ効果3": "攻撃力%"
        },
        "西風秘典 絶縁の旗印 [攻攻率]": {
            "武器": "西風秘典",
            "聖遺物メイン効果3": "攻撃力%",
            "聖遺物メイン効果4": "攻撃力%",
            "聖遺物メイン効果5": "会心率",
            "聖遺物セット効果1": "絶縁の旗印",
            "聖遺物セット効果2": "絶縁の旗印",
            "聖遺物優先するサブ効果1": "会心ダメージ",
            "聖遺物優先するサブ効果2": "会心率",
            "聖遺物優先するサブ効果3": "攻撃力%"
        },
        "金珀・試作 旧貴族のしつけ [攻水率]": {
            "武器": "金珀・試作",
            "聖遺物メイン効果3": "攻撃力%",
            "聖遺物メイン効果4": "水元素ダメージバフ",
            "聖遺物メイン効果5": "会心率",
            "聖遺物セット効果1": "旧貴族のしつけ",
            "聖遺物セット効果2": "旧貴族のしつけ",
            "聖遺物優先するサブ効果1": "会心ダメージ",
            "聖遺物優先するサブ効果2": "会心率",
            "聖遺物優先するサブ効果3": "攻撃力%"
        },
        "龍殺しの英傑譚 旧貴族のしつけ [ﾁｬ水率]": {
            "武器": "龍殺しの英傑譚",
            "聖遺物メイン効果3": "元素チャージ効率",
            "聖遺物メイン効果4": "攻撃力%",
            "聖遺物メイン効果5": "会心率",
            "聖遺物セット効果1": "旧貴族のしつけ",
            "聖遺物セット効果2": "旧貴族のしつけ",
            "聖遺物優先するサブ効果1": "会心ダメージ",
            "聖遺物優先するサブ効果2": "会心率",
            "聖遺物優先するサブ効果3": "攻撃力%"
        }
    }
}