{
    "名前": "行秋",
    "レアリティ": 4,
    "武器": "片手剣",
    "元素": "水",
    "ステータス": {
        "基礎HP": {
            "80": 9060,
            "80+": 9514,
            "90": 10222
        },
        "基礎攻撃力": {
            "80": 179,
            "80+": 188,
            "90": 202
        },
        "基礎防御力": {
            "80": 671,
            "80+": 705,
            "90": 758
        },
        "攻撃力%": {
            "80": 18,
            "80+": 24,
            "90": 24
        }
    },
    "通常攻撃": {
        "名前": "通常攻撃・古華剣法",
        "説明": "剣による最大5段の連続攻撃。",
        "詳細": [
            {
                "名前": "1段ダメージ",
                "数値": {
                    "1": "46.6%",
                    "2": "50.4%",
                    "3": "54.2%",
                    "4": "59.6%",
                    "5": "63.4%",
                    "6": "67.8%",
                    "7": "73.7%",
                    "8": "79.7%",
                    "9": "85.6%",
                    "10": "92.1%",
                    "11": "99.6%"
                }
            },
            {
                "名前": "2段ダメージ",
                "数値": {
                    "1": "47.6%",
                    "2": "51.5%",
                    "3": "55.4%",
                    "4": "60.9%",
                    "5": "64.8%",
                    "6": "69.3%",
                    "7": "75.3%",
                    "8": "81.4%",
                    "9": "87.5%",
                    "10": "94.2%",
                    "11": "102%"
                }
            },
            {
                "名前": "3段ダメージ",
                "数値": {
                    "1": "28.6%+28.6%",
                    "2": "30.9%+30.9%",
                    "3": "33.2%+33.2%",
                    "4": "36.5%+36.5%",
                    "5": "38.8%+38.8%",
                    "6": "41.5%+41.5%",
                    "7": "45.2%+45.2%",
                    "8": "48.8%+48.8%",
                    "9": "52.5%+52.5%",
                    "10": "56.4%+56.4%",
                    "11": "61.0%+61.0%"
                }
            },
            {
                "名前": "4段ダメージ",
                "数値": {
                    "1": "56.0%",
                    "2": "60.5%",
                    "3": "65.1%",
                    "4": "71.6%",
                    "5": "76.2%",
                    "6": "81.4%",
                    "7": "88.5%",
                    "8": "95.7%",
                    "9": "103%",
                    "10": "111%",
                    "11": "120%"
                }
            },
            {
                "名前": "5段ダメージ",
                "数値": {
                    "1": "35.9%+35.9%",
                    "2": "38.8%+38.8%",
                    "3": "41.7%+41.7%",
                    "4": "45.9%+45.9%",
                    "5": "48.8%+48.8%",
                    "6": "52.1%+52.1%",
                    "7": "56.7%+56.7%",
                    "8": "61.3%+61.3%",
                    "9": "65.9%+65.9%",
                    "10": "70.9%+70.9%",
                    "11": "76.6%+76.6%"
                }
            }
        ]
    },
    "重撃": {
        "説明": [
            "一定のスタミナを消費し、風の力に満ちた斬り上げ攻撃を発動される。斬り上げられた敵はゆっくりと降下する。"
        ],
        "詳細": [
            {
                "名前": "重撃ダメージ",
                "数値": {
                    "1": "47.3%+56.2%",
                    "2": "51.2%+60.7%",
                    "3": "55.0%+65.3%",
                    "4": "60.5%+71.8%",
                    "5": "64.4%+76.4%",
                    "6": "68.8%+81.6%",
                    "7": "74.8%+88.8%",
                    "8": "80.9%+96.0%",
                    "9": "86.9%+103%",
                    "10": "93.5%+111%",
                    "11": "101%+120%"
                }
            }
        ]
    },
    "落下攻撃": {
        "説明": "空中から落下し地面に衝撃を与える。経路上の敵を攻撃し、落下時に範囲ダメージを与える。",
        "詳細": [
            {
                "名前": "落下期間のダメージ",
                "種類": "落下攻撃ダメージ",
                "数値": {
                    "1": "63.9%",
                    "2": "69.1%",
                    "3": "74.3%",
                    "4": "81.8%",
                    "5": "87.0%",
                    "6": "92.9%",
                    "7": "101.1%",
                    "8": "109.3%",
                    "9": "117.5%",
                    "10": "126.4%",
                    "11": "135.3%"
                }
            },
            {
                "名前": "低空落下攻撃ダメージ",
                "種類": "落下攻撃ダメージ",
                "数値": {
                    "1": "128%",
                    "2": "138%",
                    "3": "149%",
                    "4": "164%",
                    "5": "174%",
                    "6": "186%",
                    "7": "202%",
                    "8": "219%",
                    "9": "235%",
                    "10": "253%",
                    "11": "271%"
                }
            },
            {
                "名前": "高空落下攻撃ダメージ",
                "種類": "落下攻撃ダメージ",
                "数値": {
                    "1": "160%",
                    "2": "173%",
                    "3": "186%",
                    "4": "204%",
                    "5": "217%",
                    "6": "232%",
                    "7": "253%",
                    "8": "273%",
                    "9": "293%",
                    "10": "316%",
                    "11": "338%"
                }
            }
        ]
    },
    "元素スキル": {
        "名前": "古華剣・画雨籠山",
        "説明": [
            "2段連続の攻撃を仕掛け、前方の敵に水元素ダメージを与え、出場している自身のキャラクターの周りに最大本数の「雨すだれの剣」を生成する。",
            "「雨すだれの剣」は以下の特性を持つ：",
            "・キャラクターが攻撃を受ける時、「雨すだれの剣」は破壊される代わりに、キャラクターが受けるダメージを減少させる。",
            "・キャラクターの中断耐性をアップする。",
            "・行秋の水元素ダメージアップの20%分は「雨すだれの剣」のダメージ軽減効果に転換される。",
            "最大24%のダメージ軽減効果を得られる。",
            "「雨すだれの剣」の初期最大数は3本。",
            "発動した瞬間、キャラクターに湿潤状態を付与する。"
        ],
        "詳細": [
            {
                "名前": "スキルダメージ",
                "数値": {
                    "1": "168%+191%",
                    "2": "181%+206%",
                    "3": "193%+220%",
                    "4": "210%+239%",
                    "5": "223%+253%",
                    "6": "235%+268%",
                    "7": "252%+287%",
                    "8": "269%+306%",
                    "9": "286%+325%",
                    "10": "302%+344%",
                    "11": "319%+363%",
                    "12": "336%+382%",
                    "13": "357%+406%"
                }
            }
        ]
    },
    "元素爆発": {
        "名前": "古華剣・裁雨留虹",
        "説明": [
            "虹剣勢を展開し、幻影の剣雨を使い、キャラクターに最大数の雨すだれの剣を付与する。",
            "虹剣勢",
            "・出場している自身のキャラクターの通常攻撃時に剣雨攻撃を発動し、水元素ダメージを与える。",
            "・雨すだれの剣の数は終始最大数をキープする。"
        ],
        "詳細": [
            {
                "名前": "剣雨のダメージ",
                "数値": {
                    "1": "54.3%",
                    "2": "58.3%",
                    "3": "62.4%",
                    "4": "67.8%",
                    "5": "71.9%",
                    "6": "76.0%",
                    "7": "81.4%",
                    "8": "86.8%",
                    "9": "92.3%",
                    "10": "97.7%",
                    "11": "103%",
                    "12": "109%",
                    "13": "115%"
                }
            }
        ]
    },
    "その他天賦": [
        {
            "名前": "水生みの要訣",
            "種類": "固有天賦",
            "説明": [
                "雨すだれの剣が破壊、または継続時間終了時に、キャラクターのHPを行秋のHP上限の6%分回復する。"
            ]
        },
        {
            "名前": "虚実の筆",
            "種類": "固有天賦",
            "説明": [
                "行秋の水元素ダメージ+20%。"
            ],
            "詳細": [
                {
                    "種類": "水元素ダメージバフ",
                    "数値": 20
                }
            ]
        },
        {
            "名前": "靈光突如",
            "種類": "固有天賦",
            "説明": [
                "キャラクター天賦素材を合成する時、25%の確率で一部の材料が返還される。"
            ]
        }
    ],
    "命ノ星座": {
        "1": {
            "名前": "すだれの残香",
            "説明": "雨すだれの剣の最大本数+1。"
        },
        "2": {
            "名前": "青空の虹",
            "説明": [
                "古華剣・裁雨留虹の継続時間+3秒。",
                "その他、剣雨攻撃を受けた敵の水元素耐性-15%、継続時間4秒。"
            ],
            "詳細": [
                {
                    "条件": "剣雨命中後(4秒)水元素耐性-15%",
                    "種類": "敵水元素耐性",
                    "数値": -15
                }
            ]
        },
        "3": {
            "名前": "詩の錦",
            "説明": [
                "古華剣・裁雨留虹のスキルLv.+3。",
                "最大Lv.15まで。"
            ]
        },
        "4": {
            "名前": "孤舟斬蛟",
            "説明": "古華剣・裁雨留虹継続中、古華剣・画雨籠山の与えるダメージ+50%。",
            "詳細": [
                {
                    "条件": "古華剣・裁雨留虹継続中 古華剣・画雨籠山の与えるダメージ+50%",
                    "対象": "元素スキルダメージ",
                    "種類": "別枠乗算",
                    "数値": "150"
                }
            ]
        },
        "5": {
            "名前": "雨深閉門",
            "説明": [
                "古華剣・画雨籠山のスキルLv.+3。",
                "最大Lv.15まで"
            ]
        },
        "6": {
            "名前": "万文ここにあり",
            "説明": [
                "古華剣・裁雨留虹が剣雨攻撃を2回発動する度に、次の剣雨攻撃が大幅に強化され、敵に命中する時、行秋の元素エネルギーを3回復する。"
            ]
        }
    },
    "おすすめセット": {
        "祭礼の剣 旧貴族のしつけ [攻水率]": {
            "武器": "祭礼の剣",
            "聖遺物メイン効果3": "5_攻撃力%",
            "聖遺物メイン効果4": "5_水元素ダメージバフ",
            "聖遺物メイン効果5": "5_会心率",
            "聖遺物セット効果1": "旧貴族のしつけ",
            "聖遺物セット効果2": "旧貴族のしつけ",
            "聖遺物優先するサブ効果1": "会心ダメージ",
            "聖遺物優先するサブ効果2": "会心率",
            "聖遺物優先するサブ効果3": "攻撃力%"
        },
        "祭礼の剣 沈淪/剣闘士 [攻水率]": {
            "武器": "祭礼の剣",
            "聖遺物メイン効果3": "5_攻撃力%",
            "聖遺物メイン効果4": "5_水元素ダメージバフ",
            "聖遺物メイン効果5": "5_会心率",
            "聖遺物セット効果1": "沈淪の心",
            "聖遺物セット効果2": "剣闘士のフィナーレ",
            "聖遺物優先するサブ効果1": "会心ダメージ",
            "聖遺物優先するサブ効果2": "会心率",
            "聖遺物優先するサブ効果3": "攻撃力%"
        },
        "祭礼の剣 旧貴族/剣闘士 [攻水率]": {
            "武器": "祭礼の剣",
            "聖遺物メイン効果3": "5_攻撃力%",
            "聖遺物メイン効果4": "5_水元素ダメージバフ",
            "聖遺物メイン効果5": "5_会心率",
            "聖遺物セット効果1": "旧貴族のしつけ",
            "聖遺物セット効果2": "剣闘士のフィナーレ",
            "聖遺物優先するサブ効果1": "会心ダメージ",
            "聖遺物優先するサブ効果2": "会心率",
            "聖遺物優先するサブ効果3": "攻撃力%"
        },
        "祭礼の剣 絶縁の旗印 [攻水率]": {
            "武器": "祭礼の剣",
            "聖遺物メイン効果3": "5_攻撃力%",
            "聖遺物メイン効果4": "5_水元素ダメージバフ",
            "聖遺物メイン効果5": "5_会心率",
            "聖遺物セット効果1": "絶縁の旗印",
            "聖遺物セット効果2": "絶縁の旗印",
            "聖遺物優先するサブ効果1": "会心ダメージ",
            "聖遺物優先するサブ効果2": "会心率",
            "聖遺物優先するサブ効果3": "攻撃力%"
        },
        "磐岩結緑 絶縁の旗印 [ﾁｬ水ダ]": {
            "武器": "磐岩結緑",
            "聖遺物メイン効果3": "5_攻撃力%",
            "聖遺物メイン効果4": "5_水元素ダメージバフ",
            "聖遺物メイン効果5": "5_会心ダメージ",
            "聖遺物セット効果1": "絶縁の旗印",
            "聖遺物セット効果2": "絶縁の旗印",
            "聖遺物優先するサブ効果1": "会心率",
            "聖遺物優先するサブ効果2": "会心ダメージ",
            "聖遺物優先するサブ効果3": "攻撃力%"
        },
        "腐植の剣 沈淪/剣闘士 [攻水率]": {
            "武器": "腐植の剣",
            "聖遺物メイン効果3": "5_攻撃力%",
            "聖遺物メイン効果4": "5_水元素ダメージバフ",
            "聖遺物メイン効果5": "5_会心率",
            "聖遺物セット効果1": "沈淪の心",
            "聖遺物セット効果2": "剣闘士のフィナーレ",
            "聖遺物優先するサブ効果1": "会心ダメージ",
            "聖遺物優先するサブ効果2": "会心率",
            "聖遺物優先するサブ効果3": "攻撃力%"
        }
    }
}