{
    "名前": "胡桃",
    "レアリティ": 5,
    "武器": "長柄武器",
    "元素": "炎",
    "ステータス": {
        "基礎HP": {
            "80": 13721,
            "80+": 14459,
            "90": 15552
        },
        "基礎攻撃力": {
            "80": 94,
            "80+": 99,
            "90": 106
        },
        "基礎防御力": {
            "80": 773,
            "80+": 815,
            "90": 876
        },
        "会心ダメージ": {
            "80": 28.8,
            "90": 38.4,
            "80+": 38.4
        }
    },
    "通常攻撃": {
        "名前": "通常攻撃・往生秘伝槍法",
        "説明": "槍による最大6段の連続攻撃を行う。",
        "詳細": [
            {
                "名前": "1段ダメージ",
                "数値": {
                    "1": "46.9%",
                    "2": "50.1%",
                    "3": "53.3%",
                    "4": "57.5%",
                    "5": "60.7%",
                    "6": "64.5%",
                    "7": "69.3%",
                    "8": "74.1%",
                    "9": "78.9%",
                    "10": "83.7%",
                    "11": "88.4%"
                }
            },
            {
                "名前": "2段ダメージ",
                "数値": {
                    "1": "48.3%",
                    "2": "51.5%",
                    "3": "54.8%",
                    "4": "59.2%",
                    "5": "62.5%",
                    "6": "66.3%",
                    "7": "71.3%",
                    "8": "76.2%",
                    "9": "81.2%",
                    "10": "86.1%",
                    "11": "91.0%"
                }
            },
            {
                "名前": "3段ダメージ",
                "数値": {
                    "1": "61.1%",
                    "2": "65.2%",
                    "3": "69.4%",
                    "4": "74.9%",
                    "5": "79.1%",
                    "6": "83.9%",
                    "7": "90.2%",
                    "8": "96.4%",
                    "9": "102.7%",
                    "10": "108.9%",
                    "11": "115.2%"
                }
            },
            {
                "名前": "4段ダメージ",
                "数値": {
                    "1": "65.6%",
                    "2": "70.1%",
                    "3": "74.6%",
                    "4": "80.6%",
                    "5": "85.0%",
                    "6": "90.3%",
                    "7": "97.0%",
                    "8": "103.7%",
                    "9": "110.4%",
                    "10": "117.1%",
                    "11": "123.8%"
                }
            },
            {
                "名前": "5段ダメージ",
                "数値": {
                    "1": "33.3%+35.2%",
                    "2": "35.5%+37.6%",
                    "3": "37.8%+40.0%",
                    "4": "40.8%+43.2%",
                    "5": "43.1%+45.6%",
                    "6": "45.8%+48.4%",
                    "7": "49.2%+52.0%",
                    "8": "52.6%+55.6%",
                    "9": "56.0%+59.2%",
                    "10": "59.4%+62.8%",
                    "11": "62.8%+66.4%"
                },
                "HIT数": 2
            },
            {
                "名前": "6段ダメージ",
                "数値": {
                    "1": "86.0%",
                    "2": "91.8%",
                    "3": "97.7%",
                    "4": "105.5%",
                    "5": "111.4%",
                    "6": "118.2%",
                    "7": "127.0%",
                    "8": "135.8%",
                    "9": "144.6%",
                    "10": "153.4%",
                    "11": "162.1%"
                }
            }
        ]
    },
    "重撃": {
        "説明": "一定のスタミナを消費して前方に突進し、経路上の敵にダメージを与える。",
        "詳細": [
            {
                "名前": "重撃ダメージ",
                "数値": {
                    "1": "136.0%",
                    "2": "145.2%",
                    "3": "154.5%",
                    "4": "166.9%",
                    "5": "176.1%",
                    "6": "186.9%",
                    "7": "200.9%",
                    "8": "214.8%",
                    "9": "228.7%",
                    "10": "242.6%",
                    "11": "256.5%"
                }
            }
        ]
    },
    "落下攻撃": {
        "説明": "空中から矢の雨を放ち凄まじいスピードで落下し地面に衝撃を与え、落下時に範囲ダメージを与える。",
        "詳細": [
            {
                "名前": "落下期間のダメージ",
                "種類": "落下攻撃ダメージ",
                "数値": {
                    "1": "63.9%",
                    "2": "69.1%",
                    "3": "74.3%",
                    "4": "81.8%",
                    "5": "87.0%",
                    "6": "92.9%",
                    "7": "101.1%",
                    "8": "109.3%",
                    "9": "117.5%",
                    "10": "126.4%",
                    "11": "135.3%"
                }
            },
            {
                "名前": "低空落下攻撃ダメージ",
                "種類": "落下攻撃ダメージ",
                "数値": {
                    "1": "128%",
                    "2": "138%",
                    "3": "149%",
                    "4": "164%",
                    "5": "174%",
                    "6": "186%",
                    "7": "202%",
                    "8": "219%",
                    "9": "235%",
                    "10": "253%",
                    "11": "271%"
                }
            },
            {
                "名前": "高空落下攻撃ダメージ",
                "種類": "落下攻撃ダメージ",
                "数値": {
                    "1": "160%",
                    "2": "173%",
                    "3": "186%",
                    "4": "204%",
                    "5": "217%",
                    "6": "232%",
                    "7": "253%",
                    "8": "273%",
                    "9": "293%",
                    "10": "316%",
                    "11": "338%"
                }
            }
        ]
    },
    "元素スキル": {
        "名前": "蝶導来世",
        "説明": [
            "燃え続ける炎のみが、この世の不浄を払うことができる。",
            "一定のHPを消費して、周囲の敵をノックバックし、冥蝶の舞状態に入る。",
            "冥蝶の舞",
            "・胡桃のHP上限を基準に攻撃力が上昇する。この効果で得られる攻撃力上昇の最大値は、胡桃の基礎攻撃力の400%まで。",
            "・攻撃ダメージは炎元素ダメージとなり、元素付与によって他の元素に変化することはない。",
            "・重撃は敵に血梅香効果を与える。",
            "・胡桃の中断耐性が上昇する。",
            "血梅香",
            "血梅香状態の敵は、4秒毎に1度、炎元素ダメージを受ける。このダメージは元素スキルダメージと見なされる。",
            "同一ターゲットに付与される血梅香効果は同時に最大1つまで。また、血梅香効果の継続時間は胡桃自身にのみリセットされることが可能。",
            "冥蝶の舞は継続時間終了時、または胡桃の退場や戦闘不能時に解除される。"
        ],
        "詳細": [
            {
                "条件": "冥蝶の舞",
                "種類": "攻撃力",
                "数値": {
                    "1": "3.84%HP上限",
                    "2": "4.07%HP上限",
                    "3": "4.30%HP上限",
                    "4": "4.60%HP上限",
                    "5": "4.83%HP上限",
                    "6": "5.06%HP上限",
                    "7": "5.36%HP上限",
                    "8": "5.66%HP上限",
                    "9": "5.96%HP上限",
                    "10": "6.26%HP上限",
                    "11": "6.56%HP上限",
                    "12": "6.85%HP上限",
                    "13": "7.15%HP上限"
                },
                "最大値": "400%基礎攻撃力"
            },
            {
                "条件": "冥蝶の舞",
                "種類": "炎元素付与"
            },
            {
                "名前": "血梅香ダメージ",
                "数値": {
                    "1": "64%",
                    "2": "69%",
                    "3": "74%",
                    "4": "80%",
                    "5": "85%",
                    "6": "90%",
                    "7": "96%",
                    "8": "102%",
                    "9": "109%",
                    "10": "115%",
                    "11": "122%",
                    "12": "128%",
                    "13": "136%"
                }
            }
        ],
        "継続時間": 9,
        "クールタイム": 16
    },
    "元素爆発": {
        "名前": "安神秘法",
        "説明": [
            "灼熱の魂を振り回し、広範囲の炎元素ダメージを与える。",
            "敵に命中した時、胡桃のHP上限を基準にHPを回復する。この効果は、1体の敵に命中するごとに発動され、最大で5体まで効果が発動される。",
            "胡桃のHPが50%以下の時、より高いダメージと回復効果を持つ。"
        ],
        "詳細": [
            {
                "名前": "スキルダメージ",
                "数値": {
                    "1": "303%",
                    "2": "321%",
                    "3": "340%",
                    "4": "363%",
                    "5": "381%",
                    "6": "400%",
                    "7": "423%",
                    "8": "447%",
                    "9": "470%",
                    "10": "494%",
                    "11": "518%",
                    "12": "541%",
                    "13": "565%"
                }
            },
            {
                "名前": "低HP時スキルダメージ",
                "数値": {
                    "1": "379%",
                    "2": "402%",
                    "3": "424%",
                    "4": "454%",
                    "5": "477%",
                    "6": "499%",
                    "7": "529%",
                    "8": "558%",
                    "9": "588%",
                    "10": "617%",
                    "11": "647%",
                    "12": "676%",
                    "13": "706%"
                }
            },
            {
                "名前": "スキル回復量",
                "種類": "HP回復",
                "数値": {
                    "1": "6.26%HP上限",
                    "2": "6.64%HP上限",
                    "3": "7.01%HP上限",
                    "4": "7.50%HP上限",
                    "5": "7.88%HP上限",
                    "6": "8.25%HP上限",
                    "7": "8.74%HP上限",
                    "8": "9.23%HP上限",
                    "9": "9.71%HP上限",
                    "10": "10.20%HP上限",
                    "11": "10.69%HP上限",
                    "12": "11.18%HP上限",
                    "13": "11.66%HP上限"
                }
            },
            {
                "名前": "低HP時スキル回復量",
                "種類": "HP回復",
                "数値": {
                    "1": "8.35%HP上限",
                    "2": "8.85%HP上限",
                    "3": "9.35%HP上限",
                    "4": "10.00%HP上限",
                    "5": "10.50%HP上限",
                    "6": "11.00%HP上限",
                    "7": "11.65%HP上限",
                    "8": "12.30%HP上限",
                    "9": "12.95%HP上限",
                    "10": "13.60%HP上限",
                    "11": "14.25%HP上限",
                    "12": "14.90%HP上限",
                    "13": "15.55%HP上限"
                }
            }
        ],
        "クールタイム": 15,
        "元素エネルギー": 60
    },
    "その他天賦": [
        {
            "種類": "固有天賦",
            "名前": "蝶隠の時",
            "説明": [
                "蝶導来世による冥蝶の舞状態終了後、チーム全員(胡桃自身を除く)の会心率+12%、継続時間8秒。"
            ]
        },
        {
            "種類": "固有天賦",
            "名前": "血のかまど",
            "説明": [
                "胡桃のHPが50%以下の時、炎元素ダメージ+33%。"
            ],
            "詳細": [
                {
                    "条件": "血のかまどによる炎元素ダメージ+33%",
                    "種類": "炎元素ダメージバフ",
                    "数値": 33
                }
            ]
        },
        {
            "種類": "固有天賦",
            "名前": "多々益善",
            "説明": "料理を完璧調理した時、18%の確率で「微妙な」品質の同一料理を獲得する。"
        }
    ],
    "命ノ星座": {
        "1": {
            "名前": "朱色の花束",
            "説明": [
                "蝶導来世による冥蝶の舞状態の時、胡桃の重撃はスタミナを消費しない。"
            ]
        },
        "2": {
            "名前": "晴れのち雨",
            "説明": [
                "血梅香のダメージ量が胡桃のHP上限の10%分上昇する。",
                "また、安神秘法は命中した敵に血梅香効果を与える。"
            ],
            "詳細": [
                {
                    "対象": "元素スキルダメージ.血梅香ダメージ",
                    "種類": "元素スキルダメージアップ",
                    "数値": "10%HP上限"
                }
            ]
        },
        "3": {
            "名前": "血色の儀",
            "説明": [
                "蝶導来世のスキルLv.+3。",
                "最大Lv.15まで。"
            ]
        },
        "4": {
            "名前": "花室の添い寝",
            "説明": [
                "胡桃自ら与えた血梅香状態の敵が倒されると、周囲のチーム全員(胡桃自身をを除く)の会心率+12%、継続時間15秒。"
            ]
        },
        "5": {
            "名前": "漂う花の香り",
            "説明": [
                "安神秘法のスキルLv.+3。",
                "最大Lv.15まで。"
            ]
        },
        "6": {
            "名前": "冥蝶の抱擁",
            "説明": [
                "胡桃のHPが25%以下、または戦闘不能に至るダメージを受けた時に発動：",
                "このダメージで胡桃が戦闘不能になることはない。また、次の10秒間、胡桃の全元素耐性及び物理耐性+200%、会心率+100%、中断耐性大幅アップ。",
                "この効果は胡桃のHPが1の時に自動で発動される。",
                "60秒毎に1回のみ発動可能。"
            ],
            "詳細": [
                {
                    "条件": "冥蝶の抱擁による全元素耐性及び物理耐性+200%、会心率+100%",
                    "種類": "全元素耐性",
                    "数値": 200
                },
                {
                    "条件": "冥蝶の抱擁による全元素耐性及び物理耐性+200%、会心率+100%",
                    "種類": "物理耐性",
                    "数値": 200
                },
                {
                    "条件": "冥蝶の抱擁による全元素耐性及び物理耐性+200%、会心率+100%",
                    "種類": "会心率",
                    "数値": 100
                }
            ]
        }
    },
    "おすすめセット": {
        "護摩の杖 炎の魔女4": {
            "武器": "護摩の杖",
            "聖遺物メイン効果3": "HP%",
            "聖遺物メイン効果4": "炎元素ダメージバフ",
            "聖遺物メイン効果5": "会心率",
            "聖遺物セット効果1": "燃え盛る炎の魔女",
            "聖遺物セット効果2": "燃え盛る炎の魔女",
            "聖遺物優先するサブ効果1": "会心率",
            "聖遺物優先するサブ効果2": "会心ダメージ",
            "聖遺物優先するサブ効果3": "HP%"
        },
        "和璞鳶 炎の魔女4": {
            "武器": "和璞鳶",
            "聖遺物メイン効果3": "HP%",
            "聖遺物メイン効果4": "炎元素ダメージバフ",
            "聖遺物メイン効果5": "会心率",
            "聖遺物セット効果1": "燃え盛る炎の魔女",
            "聖遺物セット効果2": "燃え盛る炎の魔女",
            "聖遺物優先するサブ効果1": "会心率",
            "聖遺物優先するサブ効果2": "会心ダメージ",
            "聖遺物優先するサブ効果3": "HP%"
        },
        "匣中滅龍 炎の魔女4": {
            "武器": "匣中滅龍",
            "聖遺物メイン効果3": "HP%",
            "聖遺物メイン効果4": "炎元素ダメージバフ",
            "聖遺物メイン効果5": "会心率",
            "聖遺物セット効果1": "燃え盛る炎の魔女",
            "聖遺物セット効果2": "燃え盛る炎の魔女",
            "聖遺物優先するサブ効果1": "会心率",
            "聖遺物優先するサブ効果2": "会心ダメージ",
            "聖遺物優先するサブ効果3": "HP%"
        },
        "死闘の槍 炎の魔女4": {
            "武器": "死闘の槍",
            "聖遺物メイン効果3": "HP%",
            "聖遺物メイン効果4": "炎元素ダメージバフ",
            "聖遺物メイン効果5": "会心ダメージ",
            "聖遺物セット効果1": "燃え盛る炎の魔女",
            "聖遺物セット効果2": "燃え盛る炎の魔女",
            "聖遺物優先するサブ効果1": "会心率",
            "聖遺物優先するサブ効果2": "会心ダメージ",
            "聖遺物優先するサブ効果3": "HP%"
        },
        "千岩長槍 炎の魔女4": {
            "武器": "千岩長槍",
            "聖遺物メイン効果3": "HP%",
            "聖遺物メイン効果4": "炎元素ダメージバフ",
            "聖遺物メイン効果5": "会心率",
            "聖遺物セット効果1": "燃え盛る炎の魔女",
            "聖遺物セット効果2": "燃え盛る炎の魔女",
            "聖遺物優先するサブ効果1": "会心ダメージ",
            "聖遺物優先するサブ効果2": "会心率",
            "聖遺物優先するサブ効果3": "HP%"
        },
        "白纓槍 炎の魔女4": {
            "武器": "白纓槍",
            "聖遺物メイン効果3": "HP%",
            "聖遺物メイン効果4": "炎元素ダメージバフ",
            "聖遺物メイン効果5": "会心率",
            "聖遺物セット効果1": "燃え盛る炎の魔女",
            "聖遺物セット効果2": "燃え盛る炎の魔女",
            "聖遺物優先するサブ効果1": "会心率",
            "聖遺物優先するサブ効果2": "会心ダメージ",
            "聖遺物優先するサブ効果3": "HP%"
        },
        "護摩の杖 しめ縄4": {
            "武器": "護摩の杖",
            "聖遺物メイン効果3": "HP%",
            "聖遺物メイン効果4": "炎元素ダメージバフ",
            "聖遺物メイン効果5": "会心率",
            "聖遺物セット効果1": "追憶のしめ縄",
            "聖遺物セット効果2": "追憶のしめ縄",
            "聖遺物優先するサブ効果1": "会心率",
            "聖遺物優先するサブ効果2": "会心ダメージ",
            "聖遺物優先するサブ効果3": "HP%"
        }
    }
}