{
    "名前": "宵宮",
    "レアリティ": 5,
    "武器": "弓",
    "元素": "炎",
    "ステータス": {
        "基礎HP": {
            "80": 8968,
            "80+": 9450,
            "90": 10164
        },
        "基礎攻撃力": {
            "80": 285,
            "80+": 300,
            "90": 323
        },
        "基礎防御力": {
            "80": 542,
            "80+": 572,
            "90": 615
        },
        "会心率": {
            "80": 19.4,
            "80+": 24.2,
            "90": 24.2
        }
    },
    "通常攻撃": {
        "名前": "通常攻撃・打ち上げ花火",
        "説明": "最大5段の連続攻撃を行う。",
        "詳細": [
            {
                "名前": "1段ダメージ",
                "数値": {
                    "1": "35.6%*2",
                    "2": "38.1%*2",
                    "3": "40.5%*2",
                    "4": "43.7%*2",
                    "5": "46.2%*2",
                    "6": "49.0%*2",
                    "7": "52.7%*2",
                    "8": "56.3%*2",
                    "9": "59.9%*2",
                    "10": "63.6%*2",
                    "11": "67.2%*2"
                },
                "HIT数": 2
            },
            {
                "名前": "2段ダメージ",
                "数値": {
                    "1": "68.4%",
                    "2": "73.0%",
                    "3": "77.7%",
                    "4": "83.9%",
                    "5": "88.6%",
                    "6": "94.0%",
                    "7": "101.0%",
                    "8": "108.0%",
                    "9": "115.0%",
                    "10": "122.0%",
                    "11": "129.0%"
                }
            },
            {
                "名前": "3段ダメージ",
                "数値": {
                    "1": "88.9%",
                    "2": "94.9%",
                    "3": "101.0%",
                    "4": "109.1%",
                    "5": "115.2%",
                    "6": "122.2%",
                    "7": "131.3%",
                    "8": "140.4%",
                    "9": "149.5%",
                    "10": "158.6%",
                    "11": "167.7%"
                }
            },
            {
                "名前": "4段ダメージ",
                "数値": {
                    "1": "46.4%*2",
                    "2": "49.6%*2",
                    "3": "52.8%*2",
                    "4": "57.0%*2",
                    "5": "60.1%*2",
                    "6": "63.8%*2",
                    "7": "68.6%*2",
                    "8": "73.3%*2",
                    "9": "78.1%*2",
                    "10": "82.8%*2",
                    "11": "87.6%*2"
                },
                "HIT数": 2
            },
            {
                "名前": "5段ダメージ",
                "数値": {
                    "1": "105.9%",
                    "2": "113.1%",
                    "3": "120.3%",
                    "4": "129.9%",
                    "5": "137.1%",
                    "6": "145.6%",
                    "7": "156.4%",
                    "8": "167.2%",
                    "9": "178.0%",
                    "10": "188.9%",
                    "11": "199.7%"
                }
            }
        ]
    },
    "重撃": {
        "説明": [
            "ダメージがより高く、より精確な狙い撃ちを発動する。",
            "照準時、炎が矢先に集まり、攻撃と共に発射される。チャージの時間により、異なる効果を発動する。",
            "・1段チャージ：烈火が集まった矢を放ち、炎元素ダメージを与える。",
            "・2段チャージ：チャージの時間により最大3枚の焔硝の矢を生成し、発射とともに放たれる。焔硝の矢は近くの敵を追跡し、命中時に炎元素ダメージを与える"
        ],
        "詳細": [
            {
                "名前": "狙い撃ち",
                "数値": {
                    "1": "43.9%",
                    "2": "47.4%",
                    "3": "51.0%",
                    "4": "56.1%",
                    "5": "59.7%",
                    "6": "63.8%",
                    "7": "69.4%",
                    "8": "75.0%",
                    "9": "80.6%",
                    "10": "86.7%",
                    "11": "92.8%"
                }
            },
            {
                "名前": "フルチャージ狙い撃ち",
                "元素": "炎",
                "数値": {
                    "1": "124%",
                    "2": "133%",
                    "3": "143%",
                    "4": "155%",
                    "5": "164%",
                    "6": "174%",
                    "7": "186%",
                    "8": "198%",
                    "9": "211%",
                    "10": "223%",
                    "11": "236%"
                }
            },
            {
                "名前": "焔硝の矢ダメージ",
                "元素": "炎",
                "数値": {
                    "1": "16%",
                    "2": "18%",
                    "3": "19%",
                    "4": "21%",
                    "5": "22%",
                    "6": "23%",
                    "7": "25%",
                    "8": "26%",
                    "9": "28%",
                    "10": "30%",
                    "11": "31%"
                }
            }
        ]
    },
    "落下攻撃": {
        "説明": "空中から矢の雨を放ち凄まじいスピードで落下し地面に衝撃を与え、落下時に範囲ダメージを与える。",
        "詳細": [
            {
                "名前": "落下期間のダメージ",
                "種類": "落下攻撃ダメージ",
                "数値": {
                    "1": "56.8%",
                    "2": "61.5%",
                    "3": "66.1%",
                    "4": "72.7%",
                    "5": "77.3%",
                    "6": "82.6%",
                    "7": "89.9%",
                    "8": "97.1%",
                    "9": "104.4%",
                    "10": "112.3%",
                    "11": "120.3%"
                }
            },
            {
                "名前": "低空/高空落下攻撃ダメージ",
                "種類": "落下攻撃ダメージ",
                "数値": {
                    "1": "114%/142%",
                    "2": "123%/153%",
                    "3": "132%/165%",
                    "4": "145%/182%",
                    "5": "155%/193%",
                    "6": "165%/206%",
                    "7": "180%/224%",
                    "8": "194%/243%",
                    "9": "209%/261%",
                    "10": "225%/281%",
                    "11": "240%/300%"
                }
            }
        ]
    },
    "元素スキル": {
        "名前": "焔硝の庭火舞い",
        "説明": [
            "庭火の焔硝",
            "継続時間内、宵宮の通常攻撃で発射した矢は熾焔の矢となる。",
            "炎元素ダメージに変化し、通常攻撃のダメージがアップする。",
            "継続時間中、「通常攻撃・打ち上げ花火」の2段チャージで焔硝の矢を生成できなくなる。",
            "この効果は、宵宮が退場する時に解除される。"
        ],
        "詳細": [
            {
                "条件": "庭火の焔硝",
                "対象": "通常攻撃ダメージ",
                "名前": "熾焔の矢ダメージ",
                "種類": "別枠乗算",
                "数値": {
                    "1": "137.9",
                    "2": "140.2",
                    "3": "142.4",
                    "4": "145.4",
                    "5": "147.7",
                    "6": "149.9",
                    "7": "152.9",
                    "8": "155.8",
                    "9": "158.8",
                    "10": "161.7",
                    "11": "164.7",
                    "12": "167.6",
                    "13": "170.6"
                }
            },
            {
                "条件": "庭火の焔硝",
                "名前": "庭火の焔硝",
                "種類": "炎元素付与"
            }
        ],
        "継続時間": 10,
        "クールタイム": 18
    },
    "元素爆発": {
        "名前": "琉金の雲間草",
        "説明": [
            "宵宮が独自に生み出した花火「琉金の雲間草」と共に空へと舞い上がり、前方に驚きに満ちた火の矢を発射する。",
            "炎元素範囲ダメージを与え、命中した敵の中の1体に「琉金の炎」を付着する。",
            "琉金の炎",
            "チーム全員（宵宮自身を除く）の通常攻撃、重撃、落下攻撃、元素スキル、元素爆発が琉金の炎状態の敵に命中すると、爆発が起き炎元素範囲ダメージを与える。",
            "琉金の炎状態の敵が継続時間中に倒れると、琉金の炎は近くの敵1体に移り、継続時間も継承される。",
            "琉金の炎による爆発は2秒毎に1回のみ発生可能。",
            "宵宮が戦闘不能になると、自身が発動した琉金の炎の効果はクリアされる。"
        ],
        "詳細": [
            {
                "名前": "スキルダメージ",
                "数値": {
                    "1": "127%",
                    "2": "137%",
                    "3": "146%",
                    "4": "159%",
                    "5": "169%",
                    "6": "178%",
                    "7": "191%",
                    "8": "204%",
                    "9": "216%",
                    "10": "229%",
                    "11": "242%",
                    "12": "254%",
                    "13": "270%"
                }
            },
            {
                "名前": "琉金の炎爆発ダメージ",
                "数値": {
                    "1": "122%",
                    "2": "131%",
                    "3": "140%",
                    "4": "153%",
                    "5": "162%",
                    "6": "171%",
                    "7": "183%",
                    "8": "195%",
                    "9": "207%",
                    "10": "220%",
                    "11": "232%",
                    "12": "244%",
                    "13": "259%"
                }
            }
        ],
        "継続時間": 10,
        "クールタイム": 15,
        "元素エネルギー": 60
    },
    "その他天賦": [
        {
            "種類": "固有天賦",
            "名前": "袖火百景図",
            "説明": [
                "焔硝の庭火舞いの効果継続時間中、宵宮の通常攻撃が命中すると、炎元素ダメージ+2%、継続時間3秒、最大10重まで。"
            ],
            "詳細": [
                {
                    "条件": "袖火百景図による炎元素ダメージ+@2-20%",
                    "種類": "炎元素ダメージバフ",
                    "数値": 1
                }
            ]
        },
        {
            "種類": "固有天賦",
            "名前": "炎昼の風物詩",
            "説明": [
                "琉金の雲間草を発動した後の15秒内、周囲のチーム全員（宵宮自身を除く）の攻撃力+10%。",
                "また、宵宮が琉金の雲間草を発動時に固有天賦「袖火百景図」の重ねた数をもとに、1重ごとにさらに攻撃力を1%アップする。"
            ]
        },
        {
            "種類": "固有天賦",
            "名前": "炎色の配合法",
            "説明": "建材、置物、景観などの調度品を製作する時、100%の確率で一部の材料が変換される。"
        }
    ],
    "命ノ星座": {
        "1": {
            "名前": "紅玉の琉金",
            "説明": [
                "琉金の雲間草の琉金の炎の継続時間+4秒。",
                "また、宵宮自身が発動した琉金の炎の影響を受けた敵が継続時間内に倒されると、宵宮の攻撃力+20%、継続時間20秒。"
            ],
            "詳細": [
                {
                    "条件": "紅玉の琉金による攻撃力+20%(継続時間20秒)",
                    "種類": "攻撃力%",
                    "数値": 20
                }
            ]
        },
        "2": {
            "名前": "万燈の火",
            "説明": "宵宮の炎元素ダメージで会心が発生した後の6秒間、宵宮の炎元素ダメージ+25%。",
            "詳細": [
                {
                    "条件": "万燈の火による炎元素ダメージ+25%(継続時間6秒)",
                    "種類": "炎元素ダメージバフ",
                    "数値": 25
                }
            ]
        },
        "3": {
            "名前": "鼠花火の手品",
            "説明": [
                "焔硝の庭火舞いのスキルLv.+3。",
                "最大Lv.15まで。"
            ]
        },
        "4": {
            "名前": "花火職人の心得",
            "説明": [
                "宵宮自身が発動した琉金の炎が爆発を起こすと、焔硝の庭火舞いのクールタイム-1.2秒。"
            ]
        },
        "5": {
            "名前": "真夏の宵祭り錦絵",
            "説明": [
                "琉金の雲間のスキルLv.+3。",
                "最大Lv.15まで。"
            ]
        },
        "6": {
            "名前": "長野原龍勢流星群",
            "説明": [
                "焔硝の庭火舞いの継続時間中、宵宮自身の通常攻撃は50%の確率で熾焔の矢を1本追加で発射し、本来の60%分のダメージを与える。",
                "このダメージは通常攻撃とみなされる。"
            ]
        }
    },
    "おすすめセット": {
        "飛雷の鳴弦 しめ縄4": {
            "武器": "飛雷の鳴弦",
            "聖遺物メイン効果3": "攻撃力%",
            "聖遺物メイン効果4": "炎元素ダメージバフ",
            "聖遺物メイン効果5": "会心ダメージ",
            "聖遺物セット効果1": "追憶のしめ縄",
            "聖遺物セット効果2": "追憶のしめ縄",
            "聖遺物優先するサブ効果1": "会心率",
            "聖遺物優先するサブ効果2": "会心ダメージ",
            "聖遺物優先するサブ効果3": "攻撃力%"
        },
        "天空の翼 しめ縄4": {
            "武器": "天空の翼",
            "聖遺物メイン効果3": "攻撃力%",
            "聖遺物メイン効果4": "炎元素ダメージバフ",
            "聖遺物メイン効果5": "会心ダメージ",
            "聖遺物セット効果1": "追憶のしめ縄",
            "聖遺物セット効果2": "追憶のしめ縄",
            "聖遺物優先するサブ効果1": "会心率",
            "聖遺物優先するサブ効果2": "会心ダメージ",
            "聖遺物優先するサブ効果3": "攻撃力%"
        },
        "アモスの弓 しめ縄4": {
            "武器": "アモスの弓",
            "聖遺物メイン効果3": "攻撃力%",
            "聖遺物メイン効果4": "炎元素ダメージバフ",
            "聖遺物メイン効果5": "会心ダメージ",
            "聖遺物セット効果1": "追憶のしめ縄",
            "聖遺物セット効果2": "追憶のしめ縄",
            "聖遺物優先するサブ効果1": "会心率",
            "聖遺物優先するサブ効果2": "会心ダメージ",
            "聖遺物優先するサブ効果3": "攻撃力%"
        }
    }
}