{
    "名前": "ベネット",
    "レアリティ": 4,
    "武器": "片手剣",
    "元素": "炎",
    "ステータス": {
        "基礎HP": {
            "80": 10987,
            "80+": 11539,
            "90": 12397
        },
        "基礎攻撃力": {
            "80": 169,
            "80+": 178,
            "90": 191
        },
        "基礎防御力": {
            "80": 684,
            "80+": 718,
            "90": 771
        },
        "元素チャージ効率": {
            "80": 20,
            "80+": 26.7,
            "90": 26.7
        }
    },
    "通常攻撃": {
        "名前": "通常攻撃・好運の剣",
        "説明": "剣による最大5段の連続攻撃を行う。",
        "詳細": [
            {
                "名前": "1段ダメージ",
                "数値": {
                    "1": "44.5%",
                    "2": "48.2%",
                    "3": "51.8%",
                    "4": "57.0%",
                    "5": "60.6%",
                    "6": "64.8%",
                    "7": "70.4%",
                    "8": "76.1%",
                    "9": "81.8%",
                    "10": "88.1%",
                    "11": "94.3%"
                }
            },
            {
                "名前": "2段ダメージ",
                "数値": {
                    "1": "42.7%",
                    "2": "46.2%",
                    "3": "49.7%",
                    "4": "54.7%",
                    "5": "58.1%",
                    "6": "62.1%",
                    "7": "67.6%",
                    "8": "73.1%",
                    "9": "78.5%",
                    "10": "84.5%",
                    "11": "90.5%"
                }
            },
            {
                "名前": "3段ダメージ",
                "数値": {
                    "1": "54.6%",
                    "2": "59.1%",
                    "3": "63.5%",
                    "4": "69.9%",
                    "5": "74.3%",
                    "6": "79.4%",
                    "7": "86.4%",
                    "8": "93.3%",
                    "9": "100%",
                    "10": "108%",
                    "11": "116%"
                }
            },
            {
                "名前": "4段ダメージ",
                "数値": {
                    "1": "59.7%",
                    "2": "64.5%",
                    "3": "69.4%",
                    "4": "76.3%",
                    "5": "81.2%",
                    "6": "86.8%",
                    "7": "94.4%",
                    "8": "102%",
                    "9": "110%",
                    "10": "118%",
                    "11": "126%"
                }
            },
            {
                "名前": "5段ダメージ",
                "数値": {
                    "1": "71.9%",
                    "2": "77.7%",
                    "3": "83.6%",
                    "4": "92.0%",
                    "5": "97.8%",
                    "6": "105%",
                    "7": "114%",
                    "8": "123%",
                    "9": "132%",
                    "10": "142%",
                    "11": "152%"
                }
            }
        ]
    },
    "重撃": {
        "説明": "一定のスタミナを消費し、前方に斬撃を2回放つ。",
        "詳細": [
            {
                "種類": "重撃ダメージ",
                "数値": {
                    "1": "55.9%+60.7%",
                    "2": "60.5%+65.7%",
                    "3": "65.0%+70.6%",
                    "4": "71.5%+77.7%",
                    "5": "76.1%+82.6%",
                    "6": "81.3%+88.3%",
                    "7": "88.4%+96.0%",
                    "8": "95.6%+104%",
                    "9": "103%+112%",
                    "10": "111%+120%",
                    "11": "118%+128%"
                }
            }
        ],
        "重撃スタミナ消費": 20
    },
    "落下攻撃": {
        "説明": "空中から落下し地面に衝撃を与える。経路上の敵を攻撃し、落下時に範囲ダメージを与える。",
        "詳細": [
            {
                "名前": "落下期間のダメージ",
                "種類": "落下攻撃ダメージ",
                "数値": {
                    "1": "63.9%",
                    "2": "69.1%",
                    "3": "74.3%",
                    "4": "81.8%",
                    "5": "87.0%",
                    "6": "92.9%",
                    "7": "101.1%",
                    "8": "109.3%",
                    "9": "117.5%",
                    "10": "126.4%",
                    "11": "135.3%"
                }
            },
            {
                "名前": "低空/高空落下攻撃ダメージ",
                "種類": "落下攻撃ダメージ",
                "数値": {
                    "1": "128%/160%",
                    "2": "138%/173%",
                    "3": "149%/186%",
                    "4": "164%/204%",
                    "5": "174%/217%",
                    "6": "186%/232%",
                    "7": "202%/253%",
                    "8": "219%/273%",
                    "9": "235%/293%",
                    "10": "253%/316%",
                    "11": "271%/338%"
                }
            }
        ]
    },
    "元素スキル": {
        "名前": "溢れる情熱",
        "説明": "炎元素と冒険への情熱を剣に込める。込めた情熱の強さによって、違う効果が現れることがある…",
        "一回押し": {
            "説明": "前方に素早く炎の一撃を仕掛け、炎元素ダメージを与える。",
            "詳細": [
                {
                    "名前": "一回押しダメージ",
                    "数値": {
                        "1": "138%",
                        "2": "148%",
                        "3": "158%",
                        "4": "172%",
                        "5": "182%",
                        "6": "193%",
                        "7": "206%",
                        "8": "220%",
                        "9": "234%",
                        "10": "248%",
                        "11": "261%",
                        "12": "275%",
                        "13": "292%"
                    }
                }
            ]
        },
        "長押し": {
            "説明": [
                "・1段チャージ：二段攻撃を仕掛け、炎元素ダメージを与え、敵をノックバックする。",
                "・2段チャージ：三段攻撃を発動し、大量の炎元素ダメージを与え、最後の一撃に爆発が発生し、自身と敵を同時にノックバックする。",
                "ベネットがノックバックされた時に、ダメージを受けることはない。"
            ],
            "詳細": [
                {
                    "名前": "1段チャージダメージ",
                    "数値": {
                        "1": "84.0%+92.0%",
                        "2": "90.3%+98.9%",
                        "3": "96.6%+106%",
                        "4": "105%+115%",
                        "5": "111%+122%",
                        "6": "118%+129%",
                        "7": "126%+138%",
                        "8": "134%+147%",
                        "9": "143%+156%",
                        "10": "151%+166%",
                        "11": "160%+175%",
                        "12": "168%+184%",
                        "13": "179%+196%"
                    }
                },
                {
                    "名前": "2段チャージダメージ",
                    "数値": {
                        "1": "88.0%+96.0%",
                        "2": "94.6%+103%",
                        "3": "101%+110%",
                        "4": "110%+120%",
                        "5": "117%+127%",
                        "6": "123%+134%",
                        "7": "132%+144%",
                        "8": "141%+154%",
                        "9": "150%+163%",
                        "10": "158%+173%",
                        "11": "167%+182%",
                        "12": "176%+192%",
                        "13": "187%+204%"
                    }
                },
                {
                    "名前": "爆発ダメージ",
                    "数値": {
                        "1": "132%",
                        "2": "142%",
                        "3": "152%",
                        "4": "165%",
                        "5": "175%",
                        "6": "185%",
                        "7": "198%",
                        "8": "211%",
                        "9": "224%",
                        "10": "238%",
                        "11": "251%",
                        "12": "264%",
                        "13": "281%"
                    }
                }
            ]
        }
    },
    "元素爆発": {
        "名前": "素晴らしい旅",
        "説明": "ジャンプして地面を叩き、炎元素ダメージを与え、鼓舞エリアを生成する。",
        "詳細": [
            {
                "名前": "スキルダメージ",
                "数値": {
                    "1": "232.8%",
                    "2": "250.26%",
                    "3": "267.72%",
                    "4": "291%",
                    "5": "308.46%",
                    "6": "325.92%",
                    "7": "349.2%",
                    "8": "372.48%",
                    "9": "395.76%",
                    "10": "419.04%",
                    "11": "442.32%",
                    "12": "465.6%",
                    "13": "494.7%"
                }
            },
            {
                "名前": "継続回復",
                "種類": "HP回復",
                "数値": {
                    "1": "6.00%HP上限+577",
                    "2": "6.45%HP上限+635",
                    "3": "6.90%HP上限+698",
                    "4": "7.50%HP上限+765",
                    "5": "7.95%HP上限+837",
                    "6": "8.40%HP上限+914",
                    "7": "9.00%HP上限+996",
                    "8": "9.60%HP上限+1083",
                    "9": "10.20%HP上限+1174",
                    "10": "10.80%HP上限+1270",
                    "11": "11.40%HP上限+1371",
                    "12": "12.00%HP上限+1477",
                    "13": "12.75%HP上限+1588"
                }
            },
            {
                "条件": "素晴らしい旅エリア",
                "名前": "攻撃力上昇率",
                "種類": "攻撃力",
                "数値": {
                    "1": "56%基礎攻撃力",
                    "2": "60.2%基礎攻撃力",
                    "3": "64.4%基礎攻撃力",
                    "4": "70%基礎攻撃力",
                    "5": "74.2%基礎攻撃力",
                    "6": "78.4%基礎攻撃力",
                    "7": "84%基礎攻撃力",
                    "8": "89.6%基礎攻撃力",
                    "9": "95.2%基礎攻撃力",
                    "10": "100.8%基礎攻撃力",
                    "11": "106.4%基礎攻撃力",
                    "12": "112%基礎攻撃力",
                    "13": "119%基礎攻撃力"
                }
            }
        ]
    },
    "その他天賦": [
        {
            "名前": "情熱復活",
            "種類": "固有天賦",
            "説明": "溢れる情熱のクールタイム-20%。"
        },
        {
            "名前": "恐れなき熱血",
            "種類": "固有天賦",
            "説明": [
                "素晴らしい旅エリア内にいると、溢れる情熱が以下の効果を持つ。",
                "・クールタイム-50%。",
                "・2段チャージによるベネット自身のノックバックが発生しない。"
            ]
        },
        {
            "名前": "多分安全",
            "種類": "固有天賦",
            "説明": "モンドの探索任務の所要時間-25%。"
        }
    ],
    "命ノ星座": {
        "1": {
            "名前": "冒険の憧れ",
            "説明": "素晴らしい旅の攻撃力アップ効果のHPによる制限がなくなり、更にベネットの基礎攻撃力の20%に当たる数値を追加する。",
            "詳細": [
                {
                    "条件": "素晴らしい旅エリア",
                    "種類": "攻撃力",
                    "数値": "20%基礎攻撃力"
                }
            ]
        },
        "2": {
            "名前": "絶境踏破",
            "説明": "ベネットのHPが70%以下になると、元素チャージ効率+30%。"
        },
        "3": {
            "名前": "炎のような情熱",
            "説明": [
                "溢れる情熱のスキルLv+3。",
                "最大Lv.15まで。"
            ]
        },
        "4": {
            "名前": "消えない情熱",
            "説明": [
                "1段チャージ溢れる情熱を発動する時、二段目攻撃中に通常攻撃をすると追加攻撃を発動できる。",
                "二段目攻撃の135%の追加ダメージを与える。"
            ]
        },
        "5": {
            "名前": "開拓の心意気",
            "説明": [
                "素晴らしい旅のスキルLv+3。",
                "最大Lv.15まで。"
            ]
        },
        "6": {
            "名前": "烈火と勇気",
            "説明": "素晴らしい旅エリアにいる片手剣、両手剣、長柄武器キャラクターの炎元素ダメージ+15%。さらに炎元素付与状態を獲得する。",
            "詳細": [
                {
                    "条件": "素晴らしい旅エリア",
                    "種類": "炎元素ダメージバフ",
                    "数値": 15
                },
                {
                    "条件": "素晴らしい旅エリア",
                    "種類": "炎元素付与"
                }
            ]
        }
    },
    "おすすめセット": {
        "天空の刃 魔女4": {
            "武器": "天空の刃",
            "聖遺物メイン効果3": "攻撃力%",
            "聖遺物メイン効果4": "炎元素ダメージバフ",
            "聖遺物メイン効果5": "会心率",
            "聖遺物セット効果1": "燃え盛る炎の魔女",
            "聖遺物セット効果2": "燃え盛る炎の魔女",
            "聖遺物優先するサブ効果1": "会心ダメージ",
            "聖遺物優先するサブ効果2": "会心率",
            "聖遺物優先するサブ効果3": "攻撃力%"
        },
        "天空の刃 旧貴族4": {
            "武器": "天空の刃",
            "聖遺物メイン効果3": "攻撃力%",
            "聖遺物メイン効果4": "炎元素ダメージバフ",
            "聖遺物メイン効果5": "会心率",
            "聖遺物セット効果1": "旧貴族のしつけ",
            "聖遺物セット効果2": "旧貴族のしつけ",
            "聖遺物優先するサブ効果1": "元素チャージ効率",
            "聖遺物優先するサブ効果2": null,
            "聖遺物優先するサブ効果3": null
        },
        "天空の刃 愛され4": {
            "武器": "天空の刃",
            "聖遺物メイン効果3": "HP%",
            "聖遺物メイン効果4": "HP%",
            "聖遺物メイン効果5": "与える治療効果",
            "聖遺物セット効果1": "愛される少女",
            "聖遺物セット効果2": "愛される少女",
            "聖遺物優先するサブ効果1": "元素チャージ効率",
            "聖遺物優先するサブ効果2": null,
            "聖遺物優先するサブ効果3": null
        },
        "西風剣 愛され4": {
            "武器": "西風剣",
            "聖遺物メイン効果3": "HP%",
            "聖遺物メイン効果4": "HP%",
            "聖遺物メイン効果5": "与える治療効果",
            "聖遺物セット効果1": "愛される少女",
            "聖遺物セット効果2": "愛される少女",
            "聖遺物優先するサブ効果1": "元素チャージ効率",
            "聖遺物優先するサブ効果2": null,
            "聖遺物優先するサブ効果3": null
        }
    }
}