{
    "名前": "香菱",
    "レアリティ": 4,
    "武器": "長柄武器",
    "元素": "炎",
    "ステータス": {
        "基礎HP": {
            "80": 9638,
            "80+": 10122,
            "90": 10875
        },
        "基礎攻撃力": {
            "80": 200,
            "80+": 210,
            "90": 225
        },
        "基礎防御力": {
            "80": 593,
            "80+": 623,
            "90": 669
        },
        "元素熟知": {
            "80": 72,
            "80+": 96,
            "90": 96
        }
    },
    "通常攻撃": {
        "名前": "通常攻撃・料理技法",
        "説明": "槍による最大5段の連続攻撃を行う。",
        "詳細": [
            {
                "名前": "1段ダメージ",
                "数値": {
                    "1": "42.1%",
                    "2": "45.5%",
                    "3": "48.9%",
                    "4": "53.8%",
                    "5": "57.2%",
                    "6": "61.1%",
                    "7": "66.5%",
                    "8": "71.9%",
                    "9": "77.3%",
                    "10": "83.13%",
                    "11": "89.85%"
                }
            },
            {
                "名前": "2段ダメージ",
                "数値": {
                    "1": "42.1%",
                    "2": "45.6%",
                    "3": "49.0%",
                    "4": "53.9%",
                    "5": "57.3%",
                    "6": "61.3%",
                    "7": "66.6%",
                    "8": "72.0%",
                    "9": "77.4%",
                    "10": "83.3%",
                    "11": "90.04%"
                }
            },
            {
                "名前": "3段ダメージ",
                "数値": {
                    "1": "26.1%+26.1%",
                    "2": "28.2%+28.2%",
                    "3": "30.3%+30.3%",
                    "4": "33.3%+33.3%",
                    "5": "35.5%+35.5%",
                    "6": "37.9%+37.9%",
                    "7": "41.2%+41.2%",
                    "8": "44.5%+44.5%",
                    "9": "47.9%+47.9%",
                    "10": "51.51%+51.51%",
                    "11": "55.68%+55.68%"
                },
                "HIT数": 2
            },
            {
                "名前": "4段ダメージ",
                "数値": {
                    "1": "14.1%*4",
                    "2": "15.3%*4",
                    "3": "16.4%*4",
                    "4": "18.0%*4",
                    "5": "19.2%*4",
                    "6": "20.5%*4",
                    "7": "22.3%*4",
                    "8": "24.1%*4",
                    "9": "25.9%*4",
                    "10": "27.88%*4",
                    "11": "30.14%*4"
                },
                "HIT数": 4
            },
            {
                "名前": "5段ダメージ",
                "数値": {
                    "1": "71.0%",
                    "2": "76.8%",
                    "3": "82.6%",
                    "4": "90.9%",
                    "5": "96.6%",
                    "6": "103%",
                    "7": "112%",
                    "8": "121%",
                    "9": "131%",
                    "10": "140.42%",
                    "11": "151.78%"
                }
            },
            {
                "条件": "命ノ星座@2",
                "名前": "爆縮ダメージ",
                "元素": "炎",
                "数値": "75%"
            }
        ]
    },
    "重撃": {
        "説明": "一定のスタミナを消費して前方に突進し、経路上の敵にダメージを与える。",
        "詳細": [
            {
                "名前": "重撃ダメージ",
                "種類": "重撃ダメージ",
                "数値": {
                    "1": "122%",
                    "2": "132%",
                    "3": "142%",
                    "4": "156%",
                    "5": "166%",
                    "6": "177%",
                    "7": "192%",
                    "8": "208%",
                    "9": "224%",
                    "10": "240.55%",
                    "11": "260.01%"
                }
            }
        ],
        "重撃スタミナ消費": 25
    },
    "落下攻撃": {
        "説明": "空中から落下し地面に衝撃を与える。経路上の敵を攻撃し、落下時に範囲ダメージを与える。",
        "詳細": [
            {
                "名前": "落下期間のダメージ",
                "種類": "落下攻撃ダメージ",
                "数値": {
                    "1": "63.9%",
                    "2": "69.1%",
                    "3": "74.3%",
                    "4": "81.8%",
                    "5": "87.0%",
                    "6": "92.9%",
                    "7": "101.1%",
                    "8": "109.3%",
                    "9": "117.5%",
                    "10": "126.4%",
                    "11": "135.3%"
                }
            },
            {
                "名前": "低空落下攻撃ダメージ",
                "種類": "落下攻撃ダメージ",
                "数値": {
                    "1": "128%",
                    "2": "138%",
                    "3": "149%",
                    "4": "164%",
                    "5": "174%",
                    "6": "186%",
                    "7": "202%",
                    "8": "219%",
                    "9": "235%",
                    "10": "253%",
                    "11": "271%"
                }
            },
            {
                "名前": "高空落下攻撃ダメージ",
                "種類": "落下攻撃ダメージ",
                "数値": {
                    "1": "160%",
                    "2": "173%",
                    "3": "186%",
                    "4": "204%",
                    "5": "217%",
                    "6": "232%",
                    "7": "253%",
                    "8": "273%",
                    "9": "293%",
                    "10": "316%",
                    "11": "338%"
                }
            }
        ]
    },
    "元素スキル": {
        "名前": "グゥオパァー出撃",
        "説明": [
            "火を噴くグゥオパァーを召喚し、継続期間中に敵に火を噴き続け、炎元素範囲ダメージを与える。"
        ],
        "詳細": [
            {
                "名前": "噴火ダメージ",
                "数値": {
                    "1": "111%",
                    "2": "120%",
                    "3": "128%",
                    "4": "139%",
                    "5": "147%",
                    "6": "156%",
                    "7": "167%",
                    "8": "178%",
                    "9": "189%",
                    "10": "200%",
                    "11": "211%",
                    "12": "223%",
                    "13": "236%"
                }
            }
        ]
    },
    "元素爆発": {
        "名前": "旋火輪",
        "説明": [
            "炎と槍をコントロールするコツで自分を中心に素早く回転する旋火輪を投げ出す。",
            "旋火輪はキャラと共に移動し、経路上の敵に炎ダメージを与える。"
        ],
        "詳細": [
            {
                "名前": "振り回しによる1段ダメージ",
                "数値": {
                    "1": "72.0%",
                    "2": "77.4%",
                    "3": "82.8%",
                    "4": "90.0%",
                    "5": "95.4%",
                    "6": "101%",
                    "7": "108%",
                    "8": "115%",
                    "9": "122%",
                    "10": "130%",
                    "11": "137%",
                    "12": "144%",
                    "13": "153%"
                }
            },
            {
                "名前": "振り回しによる2段ダメージ",
                "数値": {
                    "1": "88%",
                    "2": "95%",
                    "3": "101%",
                    "4": "110%",
                    "5": "117%",
                    "6": "123%",
                    "7": "132%",
                    "8": "141%",
                    "9": "150%",
                    "10": "158%",
                    "11": "167%",
                    "12": "176%",
                    "13": "187%"
                }
            },
            {
                "名前": "振り回しによる3段ダメージ",
                "数値": {
                    "1": "110%",
                    "2": "118%",
                    "3": "126%",
                    "4": "137%",
                    "5": "145%",
                    "6": "153%",
                    "7": "164%",
                    "8": "175%",
                    "9": "186%",
                    "10": "197%",
                    "11": "208%",
                    "12": "219%",
                    "13": "233%"
                }
            },
            {
                "名前": "旋火輪ダメージ",
                "数値": {
                    "1": "112%",
                    "2": "120%",
                    "3": "129%",
                    "4": "140%",
                    "5": "148%",
                    "6": "157%",
                    "7": "168%",
                    "8": "179%",
                    "9": "190%",
                    "10": "202%",
                    "11": "213%",
                    "12": "224%",
                    "13": "238%"
                }
            }
        ]
    },
    "その他天賦": [
        {
            "名前": "交差する炎",
            "種類": "固有天賦",
            "説明": "グゥオパァーの噴火距離が20%上昇する。"
        },
        {
            "名前": "激辛唐辛子",
            "種類": "固有天賦",
            "説明": [
                "グゥオパァー出撃効果終了時、グゥオパァーは消える位置に唐辛子を残す。唐辛子を拾うと、攻撃力10%上昇する。継続時間10秒。"
            ],
            "詳細": [
                {
                    "条件": "激辛唐辛子を拾った後(10秒)攻撃力+10%",
                    "種類": "攻撃力%",
                    "数値": 10
                }
            ]
        },
        {
            "名前": "万民堂のシェフ",
            "種類": "固有天賦",
            "説明": "攻撃系料理を完璧調理した時、12%の確率で料理を2倍獲得する。"
        }
    ],
    "命ノ星座": {
        "1": {
            "名前": "外カリ中フワ",
            "説明": [
                "グゥオパァーに攻撃された敵の炎耐性が15%減少する、継続時間6秒。"
            ],
            "詳細": [
                {
                    "条件": "グゥオパァーの攻撃命中後(6秒)炎元素耐性-15%",
                    "種類": "敵炎元素耐性",
                    "数値": -15
                }
            ]
        },
        "2": {
            "名前": "強火と油",
            "説明": "通常攻撃の最後一撃で敵に2秒継続する爆縮効果を与える。効果終了時に爆発し、敵に75%の炎範囲ダメージを与える。"
        },
        "3": {
            "名前": "武火調理",
            "説明": [
                "旋火輪のスキルLv+3。",
                "最大Lv.15まで。"
            ]
        },
        "4": {
            "名前": "弱火でじっくり",
            "説明": [
                "旋火輪の継続時間が40%上昇する。"
            ]
        },
        "5": {
            "名前": "凶猛なグゥオパァー",
            "説明": [
                "グゥオパァー出撃のスキルLv+3。",
                "最大Lv.15まで。"
            ]
        },
        "6": {
            "名前": "竜巻旋火輪",
            "説明": "旋火輪継続中、チーム全員の炎ダメージが15%上昇する。",
            "詳細": [
                {
                    "条件": "旋火輪継続中 炎ダメージ+15%",
                    "種類": "炎元素ダメージバフ",
                    "数値": 15
                }
            ]
        }
    },
    "おすすめセット": {
        "草薙の稲光 絶縁の旗印 [ﾁｬ炎率]": {
            "武器": "草薙の稲光",
            "聖遺物メイン効果3": "5_元素チャージ効率",
            "聖遺物メイン効果4": "5_炎元素ダメージバフ",
            "聖遺物メイン効果5": "5_会心率",
            "聖遺物セット効果1": "絶縁の旗印",
            "聖遺物セット効果2": "絶縁の旗印",
            "聖遺物優先するサブ効果1": "会心ダメージ",
            "聖遺物優先するサブ効果2": "会心率",
            "聖遺物優先するサブ効果3": "攻撃力%"
        },
        "「漁獲」 絶縁の旗印 [ﾁｬ炎率]": {
            "武器": "「漁獲」",
            "聖遺物メイン効果3": "5_元素チャージ効率",
            "聖遺物メイン効果4": "5_炎元素ダメージバフ",
            "聖遺物メイン効果5": "5_会心率",
            "聖遺物セット効果1": "絶縁の旗印",
            "聖遺物セット効果2": "絶縁の旗印",
            "聖遺物優先するサブ効果1": "会心ダメージ",
            "聖遺物優先するサブ効果2": "会心率",
            "聖遺物優先するサブ効果3": "攻撃力%"
        },
        "西風長槍 絶縁の旗印 [ﾁｬ炎率]": {
            "武器": "西風長槍",
            "聖遺物メイン効果3": "5_元素チャージ効率",
            "聖遺物メイン効果4": "5_炎元素ダメージバフ",
            "聖遺物メイン効果5": "5_会心率",
            "聖遺物セット効果1": "絶縁の旗印",
            "聖遺物セット効果2": "絶縁の旗印",
            "聖遺物優先するサブ効果1": "会心率",
            "聖遺物優先するサブ効果2": "会心ダメージ",
            "聖遺物優先するサブ効果3": "攻撃力%"
        },
        "星鎌・試作 絶縁の旗印 [ﾁｬ炎率]": {
            "武器": "星鎌・試作",
            "聖遺物メイン効果3": "5_元素チャージ効率",
            "聖遺物メイン効果4": "5_炎元素ダメージバフ",
            "聖遺物メイン効果5": "5_会心率",
            "聖遺物セット効果1": "絶縁の旗印",
            "聖遺物セット効果2": "絶縁の旗印",
            "聖遺物優先するサブ効果1": "会心ダメージ",
            "聖遺物優先するサブ効果2": "会心率",
            "聖遺物優先するサブ効果3": "攻撃力%"
        },
        "斬波のひれ長 燃え盛る炎の魔女 [攻炎率]": {
            "武器": "斬波のひれ長",
            "聖遺物メイン効果3": "5_攻撃力%",
            "聖遺物メイン効果4": "5_炎元素ダメージバフ",
            "聖遺物メイン効果5": "5_会心率",
            "聖遺物セット効果1": "燃え盛る炎の魔女",
            "聖遺物セット効果2": "燃え盛る炎の魔女",
            "聖遺物優先するサブ効果1": "会心ダメージ",
            "聖遺物優先するサブ効果2": "会心率",
            "聖遺物優先するサブ効果3": "攻撃力%"
        }
    }
}