{
    "名前": "煙緋",
    "レアリティ": 4,
    "武器": "法器",
    "元素": "炎",
    "ステータス": {
        "基礎HP": {
            "70+": 7641,
            "80": 8289,
            "80+": 8705,
            "90": 9352
        },
        "基礎攻撃力": {
            "70+": 196,
            "80": 213,
            "80+": 223,
            "90": 240
        },
        "基礎防御力": {
            "70+": 480,
            "80": 520,
            "80+": 546,
            "90": 587
        },
        "炎元素ダメージバフ": {
            "70+": 18,
            "80": 18,
            "80+": 24,
            "90": 24
        }
    },
    "オプション初期値": {
        "丹火の印消費による炎元素ダメージ+": 3
    },
    "通常攻撃": {
        "名前": "通常攻撃・封蝋の印",
        "説明": [
            "連続で火炎弾を繰り出し、最大3段の炎元素ダメージを与える。",
            "通常攻撃が敵に命中する度、煙緋に丹火の印を1枚付与する。初期状態では丹火の印を最大3枚所持できる、効果を発動する度に丹火の印の継続時間が更新される。",
            "丹火の印1枚ごとに煙緋のスタミナ消費を減少させる。丹火の印は煙緋が退場する時に消失する。"
        ],
        "詳細": [
            {
                "名前": "1段ダメージ",
                "数値": {
                    "1": "58%",
                    "2": "63%",
                    "3": "67%",
                    "4": "73%",
                    "5": "77%",
                    "6": "82%",
                    "7": "88%",
                    "8": "93%",
                    "9": "99%",
                    "10": "105%",
                    "11": "111%"
                }
            },
            {
                "名前": "2段ダメージ",
                "数値": {
                    "1": "52%",
                    "2": "56%",
                    "3": "60%",
                    "4": "65%",
                    "5": "69%",
                    "6": "73%",
                    "7": "78%",
                    "8": "83%",
                    "9": "89%",
                    "10": "94%",
                    "11": "99%"
                }
            },
            {
                "名前": "3段ダメージ",
                "数値": {
                    "1": "76%",
                    "2": "82%",
                    "3": "87%",
                    "4": "95%",
                    "5": "101%",
                    "6": "106%",
                    "7": "114%",
                    "8": "122%",
                    "9": "129%",
                    "10": "137%",
                    "11": "144%"
                }
            }
        ]
    },
    "重撃": {
        "説明": [
            "スタミナを消費し、短い詠唱の後、すべての丹火の印を消費して前方の敵に炎元素範囲ダメージを与える。",
            "消費した丹火の印の数によって、重撃の範囲とダメージが強化される。"
        ],
        "詳細": [
            {
                "名前": "丹火の印なし",
                "数値": {
                    "1": "98%",
                    "2": "104%",
                    "3": "110%",
                    "4": "118%",
                    "5": "124%",
                    "6": "129%",
                    "7": "137%",
                    "8": "145%",
                    "9": "152%",
                    "10": "160%",
                    "11": "168%"
                }
            },
            {
                "名前": "丹火の印1",
                "数値": {
                    "1": "116%",
                    "2": "122%",
                    "3": "129%",
                    "4": "138%",
                    "5": "145%",
                    "6": "152%",
                    "7": "161%",
                    "8": "170%",
                    "9": "179%",
                    "10": "188%",
                    "11": "197%"
                }
            },
            {
                "名前": "丹火の印2",
                "数値": {
                    "1": "133%",
                    "2": "141%",
                    "3": "149%",
                    "4": "159%",
                    "5": "167%",
                    "6": "175%",
                    "7": "185%",
                    "8": "196%",
                    "9": "206%",
                    "10": "216%",
                    "11": "227%"
                }
            },
            {
                "名前": "丹火の印3",
                "数値": {
                    "1": "150%",
                    "2": "159%",
                    "3": "168%",
                    "4": "180%",
                    "5": "189%",
                    "6": "198%",
                    "7": "210%",
                    "8": "221%",
                    "9": "233%",
                    "10": "245%",
                    "11": "256%"
                }
            },
            {
                "名前": "丹火の印4",
                "数値": {
                    "1": "168%",
                    "2": "178%",
                    "3": "188%",
                    "4": "201%",
                    "5": "211%",
                    "6": "221%",
                    "7": "234%",
                    "8": "247%",
                    "9": "260%",
                    "10": "273%",
                    "11": "286%"
                }
            },
            {
                "名前": "法獣の灼眼ダメージ",
                "数値": "80%"
            }
        ],
        "重撃スタミナ消費": 50
    },
    "落下攻撃": {
        "説明": "空中から水元素の力を凝集しながら落下し、地面に衝撃を与える。経路上の敵を攻撃し、落下時に水元素範囲ダメージを与える。",
        "詳細": [
            {
                "名前": "落下期間のダメージ",
                "種類": "落下攻撃ダメージ",
                "数値": {
                    "1": "56.8%",
                    "2": "61.5%",
                    "3": "66.1%",
                    "4": "72.7%",
                    "5": "77.3%",
                    "6": "82.6%",
                    "7": "89.9%",
                    "8": "97.1%",
                    "9": "104.4%",
                    "10": "112.3%",
                    "11": "120.3%"
                }
            },
            {
                "名前": "低空落下攻撃ダメージ",
                "種類": "落下攻撃ダメージ",
                "数値": {
                    "1": "114%",
                    "2": "123%",
                    "3": "132%",
                    "4": "145%",
                    "5": "155%",
                    "6": "165%",
                    "7": "180%",
                    "8": "194%",
                    "9": "209%",
                    "10": "225%",
                    "11": "240%"
                }
            },
            {
                "名前": "高空落下攻撃ダメージ",
                "種類": "落下攻撃ダメージ",
                "数値": {
                    "1": "142%",
                    "2": "153%",
                    "3": "165%",
                    "4": "182%",
                    "5": "193%",
                    "6": "206%",
                    "7": "224%",
                    "8": "243%",
                    "9": "261%",
                    "10": "281%",
                    "11": "300%"
                }
            }
        ]
    },
    "元素スキル": {
        "名前": "丹書契約",
        "説明": [
            "炎を召喚し、炎元素範囲ダメージを与える。",
            "敵に命中すると、煙緋に最大数の丹火の印を付与する。"
        ],
        "詳細": [
            {
                "名前": "スキルダメージ",
                "数値": {
                    "1": "170%",
                    "2": "182%",
                    "3": "195%",
                    "4": "212%",
                    "5": "225%",
                    "6": "237%",
                    "7": "254%",
                    "8": "271%",
                    "9": "288%",
                    "10": "305%",
                    "11": "322%",
                    "12": "339%",
                    "13": "360%"
                }
            }
        ]
    },
    "元素爆発": {
        "名前": "契約成立",
        "説明": [
            "烈焔を引き起こし、周囲の敵を襲う。炎元素範囲ダメージを与え、煙緋に最大数の丹火の印と灼灼効果を付与する。",
            "灼灼",
            "下記の効果を発動する。",
            "・一定間隔で、煙緋に丹火の印を付与する。",
            "・重撃ダメージをアップする。",
            "灼灼効果は煙緋が退場または戦闘不能になった時に消失する。"
        ],
        "詳細": [
            {
                "名前": "スキルダメージ",
                "数値": {
                    "1": "182%",
                    "2": "196%",
                    "3": "210%",
                    "4": "228%",
                    "5": "242%",
                    "6": "255%",
                    "7": "274%",
                    "8": "292%",
                    "9": "310%",
                    "10": "328%",
                    "11": "347%",
                    "12": "365%",
                    "13": "388%"
                }
            },
            {
                "条件": "契約成立による重撃ダメージ+",
                "種類": "重撃ダメージバフ",
                "数値": {
                    "1": 33,
                    "2": 35,
                    "3": 37,
                    "4": 40,
                    "5": 42,
                    "6": 44,
                    "7": 47,
                    "8": 49,
                    "9": 52,
                    "10": 54,
                    "11": 57,
                    "12": 60,
                    "13": 62
                }
            },
            {
                "条件": "命ノ星座@4",
                "名前": "シールド吸収量",
                "種類": "シールド",
                "数値": "45%HP上限"
            }
        ]
    },
    "その他天賦": [
        {
            "名前": "関連条約",
            "説明": "煙緋が重撃で丹火の印を消費した時、丹火の印1枚につき炎元素ダメージ+5%、継続時間6秒。効果持続中に再び重撃を放つと、既存の効果が先にクリアされる。",
            "詳細": [
                {
                    "条件": "丹火の印消費による炎元素ダメージ+@5-20%",
                    "種類": "炎元素ダメージバフ",
                    "数値": 1
                }
            ]
        },
        {
            "名前": "法獣の灼眼",
            "説明": [
                "煙緋が自ら発動した重撃が敵に対して会心した時、追加で自身の攻撃力80%分の炎元素範囲ダメージを与える。このダメージは重撃によるダメージとみなされる。"
            ]
        },
        {
            "名前": "法律百科",
            "説明": [
                "ミニマップで周囲の璃月地域の特産の位置を表示する。"
            ]
        }
    ],
    "命ノ星座": {
        "1": {
            "名前": "法からは逃れられない",
            "説明": [
                "煙緋が丹火の印を1枚所持するごとに、重撃を詠唱している間の中断耐性がアップ、さらに重撃のスタミナ消費-10%。"
            ]
        },
        "2": {
            "名前": "最終解釈権",
            "説明": [
                "煙緋の重撃がHP50%未満の敵に対して、会心率+20%。"
            ],
            "詳細": [
                {
                    "条件": "HP50%未満の敵に対して、重撃の会心率+20%",
                    "対象": "重撃ダメージ",
                    "種類": "会心率",
                    "数値": 20
                }
            ]
        },
        "3": {
            "名前": "真火の宝印",
            "説明": [
                "丹書契約のスキルLv.+3。",
                "最大Lv.15まで。"
            ]
        },
        "4": {
            "名前": "丹書金鉄券",
            "説明": [
                "契約成立を発動した時、下記の効果を発動する。",
                "ダメージ吸収量がHP上限の45%に相当するシールドを生成する。持続時間15秒。",
                "このシールドは炎元素ダメージに対して250%の吸収効果がある。"
            ]
        },
        "5": {
            "名前": "遵法誓約書",
            "説明": [
                "契約成立のスキルLv.+3。",
                "最大Lv.15まで。"
            ]
        },
        "6": {
            "名前": "追加条項だよ",
            "説明": [
                "煙緋が所持できる丹火の印の最大枚数+1。"
            ]
        }
    },
    "おすすめセット": {
        "四風原典 燃え盛る炎の魔女 [攻炎ダ]": {
            "武器": "四風原典",
            "聖遺物メイン効果3": "攻撃力%",
            "聖遺物メイン効果4": "炎元素ダメージバフ",
            "聖遺物メイン効果5": "会心ダメージ",
            "聖遺物セット効果1": "燃え盛る炎の魔女",
            "聖遺物セット効果2": "燃え盛る炎の魔女",
            "聖遺物優先するサブ効果1": "会心率",
            "聖遺物優先するサブ効果2": "会心ダメージ",
            "聖遺物優先するサブ効果3": "攻撃力%"
        },
        "天空の巻 燃え盛る炎の魔女 [攻炎率]": {
            "武器": "天空の巻",
            "聖遺物メイン効果3": "攻撃力%",
            "聖遺物メイン効果4": "炎元素ダメージバフ",
            "聖遺物メイン効果5": "会心率",
            "聖遺物セット効果1": "燃え盛る炎の魔女",
            "聖遺物セット効果2": "燃え盛る炎の魔女",
            "聖遺物優先するサブ効果1": "会心率",
            "聖遺物優先するサブ効果2": "会心ダメージ",
            "聖遺物優先するサブ効果3": "攻撃力%"
        },
        "流浪楽章 燃え盛る炎の魔女 [攻炎率]": {
            "武器": "流浪楽章",
            "聖遺物メイン効果3": "攻撃力%",
            "聖遺物メイン効果4": "炎元素ダメージバフ",
            "聖遺物メイン効果5": "会心率",
            "聖遺物セット効果1": "燃え盛る炎の魔女",
            "聖遺物セット効果2": "燃え盛る炎の魔女",
            "聖遺物優先するサブ効果1": "会心率",
            "聖遺物優先するサブ効果2": "会心ダメージ",
            "聖遺物優先するサブ効果3": "攻撃力%"
        },
        "ドドコの物語 燃え盛る炎の魔女 [攻炎率]": {
            "武器": "ドドコの物語",
            "聖遺物メイン効果3": "攻撃力%",
            "聖遺物メイン効果4": "炎元素ダメージバフ",
            "聖遺物メイン効果5": "会心率",
            "聖遺物セット効果1": "燃え盛る炎の魔女",
            "聖遺物セット効果2": "燃え盛る炎の魔女",
            "聖遺物優先するサブ効果1": "会心率",
            "聖遺物優先するサブ効果2": "会心ダメージ",
            "聖遺物優先するサブ効果3": "攻撃力%"
        },
        "万国諸海の図譜 燃え盛る炎の魔女 [攻炎率]": {
            "武器": "万国諸海の図譜",
            "聖遺物メイン効果3": "攻撃力%",
            "聖遺物メイン効果4": "炎元素ダメージバフ",
            "聖遺物メイン効果5": "会心率",
            "聖遺物セット効果1": "燃え盛る炎の魔女",
            "聖遺物セット効果2": "燃え盛る炎の魔女",
            "聖遺物優先するサブ効果1": "会心率",
            "聖遺物優先するサブ効果2": "会心ダメージ",
            "聖遺物優先するサブ効果3": "攻撃力%"
        },
        "浮世の錠 炎魔女/剣闘士 [攻炎ダ]": {
            "武器": "浮世の錠",
            "聖遺物メイン効果3": "攻撃力%",
            "聖遺物メイン効果4": "炎元素ダメージバフ",
            "聖遺物メイン効果5": "会心率",
            "聖遺物セット効果1": "燃え盛る炎の魔女",
            "聖遺物セット効果2": "剣闘士のフィナーレ",
            "聖遺物優先するサブ効果1": "会心率",
            "聖遺物優先するサブ効果2": "会心ダメージ",
            "聖遺物優先するサブ効果3": "攻撃力%"
        }
    }
}