{
    "名前": "アンバー",
    "レアリティ": 4,
    "武器": "弓",
    "元素": "炎",
    "ステータス": {
        "基礎HP": {
            "80": 8385,
            "80+": 8806,
            "90": 9461
        },
        "基礎攻撃力": {
            "80": 198,
            "80+": 208,
            "90": 223
        },
        "基礎防御力": {
            "80": 532,
            "80+": 559,
            "90": 601
        },
        "攻撃力%": {
            "80": 18,
            "80+": 24,
            "90": 24
        }
    },
    "通常攻撃": {
        "名前": "通常攻撃・一流射手",
        "説明": "最大5段の連続射撃を行う。",
        "詳細": [
            {
                "名前": "1段ダメージ",
                "数値": {
                    "1": "36.1%",
                    "2": "39.1%",
                    "3": "42.0%",
                    "4": "46.2%",
                    "5": "49.1%",
                    "6": "52.5%",
                    "7": "57.1%",
                    "8": "61.7%",
                    "9": "66.4%",
                    "10": "71.4%",
                    "11": "76.4%"
                }
            },
            {
                "名前": "2段ダメージ",
                "数値": {
                    "1": "36.1%",
                    "2": "39.1%",
                    "3": "42.0%",
                    "4": "46.2%",
                    "5": "49.1%",
                    "6": "52.5%",
                    "7": "57.1%",
                    "8": "61.7%",
                    "9": "66.4%",
                    "10": "71.4%",
                    "11": "76.4%"
                }
            },
            {
                "名前": "3段ダメージ",
                "数値": {
                    "1": "46.4%",
                    "2": "50.2%",
                    "3": "54.0%",
                    "4": "59.4%",
                    "5": "63.2%",
                    "6": "67.5%",
                    "7": "73.4%",
                    "8": "79.4%",
                    "9": "85.3%",
                    "10": "91.8%",
                    "11": "98.3%"
                }
            },
            {
                "名前": "4段ダメージ",
                "数値": {
                    "1": "47.3%",
                    "2": "51.2%",
                    "3": "55.0%",
                    "4": "60.5%",
                    "5": "64.4%",
                    "6": "68.8%",
                    "7": "74.8%",
                    "8": "80.9%",
                    "9": "87.0%",
                    "10": "94.0%",
                    "11": "100%"
                }
            },
            {
                "名前": "5段ダメージ",
                "数値": {
                    "1": "59.3%",
                    "2": "64.2%",
                    "3": "69.0%",
                    "4": "75.9%",
                    "5": "80.7%",
                    "6": "86.3%",
                    "7": "93.8%",
                    "8": "101%",
                    "9": "109%",
                    "10": "117%",
                    "11": "126%"
                }
            }
        ]
    },
    "重撃": {
        "説明": [
            "ダメージがより高く、より正確な狙い撃ちを発動する。",
            "照準時、烈炎を矢先に凝集させ、烈炎に満ちた矢は敵に炎元素ダメージを与える。"
        ],
        "詳細": [
            {
                "名前": "狙い撃ち",
                "数値": {
                    "1": "43.9%",
                    "2": "47.4%",
                    "3": "51.0%",
                    "4": "56.1%",
                    "5": "59.7%",
                    "6": "63.8%",
                    "7": "69.4%",
                    "8": "75.0%",
                    "9": "80.6%",
                    "10": "86.7%",
                    "11": "92.8%"
                }
            },
            {
                "名前": "フルチャージ狙い撃ち",
                "元素": "炎",
                "数値": {
                    "1": "124%",
                    "2": "133%",
                    "3": "143%",
                    "4": "155%",
                    "5": "164%",
                    "6": "174%",
                    "7": "186%",
                    "8": "198%",
                    "9": "211%",
                    "10": "223%",
                    "11": "236%"
                }
            },
            {
                "条件": "命ノ星座@1",
                "名前": "2本目の矢",
                "元素": "炎",
                "数値": {
                    "1": "124%攻撃力*0.2",
                    "2": "133%攻撃力*0.2",
                    "3": "143%攻撃力*0.2",
                    "4": "155%攻撃力*0.2",
                    "5": "164%攻撃力*0.2",
                    "6": "174%攻撃力*0.2",
                    "7": "186%攻撃力*0.2",
                    "8": "198%攻撃力*0.2",
                    "9": "211%攻撃力*0.2",
                    "10": "223%攻撃力*0.2",
                    "11": "236%攻撃力*0.2"
                }
            }
        ]
    },
    "落下攻撃": {
        "説明": "空中から矢の雨を放ち凄まじいスピードで落下し地面に衝撃を与え、落下時に範囲ダメージを与える。",
        "詳細": [
            {
                "名前": "落下期間のダメージ",
                "種類": "落下攻撃ダメージ",
                "数値": {
                    "1": "56.8%",
                    "2": "61.5%",
                    "3": "66.1%",
                    "4": "72.7%",
                    "5": "77.3%",
                    "6": "82.6%",
                    "7": "89.9%",
                    "8": "97.1%",
                    "9": "104.4%",
                    "10": "112.3%",
                    "11": "120.3%"
                }
            },
            {
                "名前": "低空落下攻撃ダメージ",
                "種類": "落下攻撃ダメージ",
                "数値": {
                    "1": "114%",
                    "2": "123%",
                    "3": "132%",
                    "4": "145%",
                    "5": "155%",
                    "6": "165%",
                    "7": "180%",
                    "8": "194%",
                    "9": "209%",
                    "10": "225%",
                    "11": "240%"
                }
            },
            {
                "名前": "高空落下攻撃ダメージ",
                "種類": "落下攻撃ダメージ",
                "数値": {
                    "1": "142%",
                    "2": "153%",
                    "3": "165%",
                    "4": "182%",
                    "5": "193%",
                    "6": "206%",
                    "7": "224%",
                    "8": "243%",
                    "9": "261%",
                    "10": "281%",
                    "11": "300%"
                }
            }
        ]
    },
    "元素スキル": {
        "名前": "爆弾人形",
        "説明": [
            "頼もしいウサギ伯爵の出番。",
            "ウサギ伯爵",
            "・周囲の敵を嘲笑い続け、攻撃を吸い寄せる。",
            "耐久度はアンバーをHPの一定の比例で受け継ぐ。",
            "・破壊された時または継続時間終了したときに爆発し、炎元素範囲ダメージを与える。",
            "長押し",
            "投擲方向を調整できる。",
            "投擲距離は長押しの時間によって増加する。"
        ],
        "詳細": [
            {
                "名前": "HP継承",
                "種類": "元素創造物HP",
                "数値": {
                    "1": "41.4%HP上限",
                    "2": "44.5%HP上限",
                    "3": "47.6%HP上限",
                    "4": "51.7%HP上限",
                    "5": "54.8%HP上限",
                    "6": "57.9%HP上限",
                    "7": "62.0%HP上限",
                    "8": "66.2%HP上限",
                    "9": "70.3%HP上限",
                    "10": "74.4%HP上限",
                    "11": "78.6%HP上限",
                    "12": "82.7%HP上限",
                    "13": "87.9%HP上限"
                }
            },
            {
                "名前": "爆発ダメージ",
                "数値": {
                    "1": "123%",
                    "2": "132%",
                    "3": "142%",
                    "4": "154%",
                    "5": "163%",
                    "6": "172%",
                    "7": "185%",
                    "8": "197%",
                    "9": "209%",
                    "10": "222%",
                    "11": "234%",
                    "12": "246.4%",
                    "13": "261.8%"
                }
            }
        ]
    },
    "元素爆発": {
        "名前": "矢の雨",
        "説明": [
            "前方に炎の矢の雨を出し、炎元素範囲ダメージを与え続ける。"
        ],
        "詳細": [
            {
                "名前": "矢の雨1回のダメージ",
                "数値": {
                    "1": "28.1%",
                    "2": "30.2%",
                    "3": "32.3%",
                    "4": "35.1%",
                    "5": "37.2%",
                    "6": "39.3%",
                    "7": "42.1%",
                    "8": "44.9%",
                    "9": "47.7%",
                    "10": "50.5%",
                    "11": "53.4%",
                    "12": "56.2%",
                    "13": "59.7%"
                }
            },
            {
                "名前": "矢の雨の合計ダメージ",
                "数値": {
                    "1": "505%",
                    "2": "543%",
                    "3": "581%",
                    "4": "632%",
                    "5": "670%",
                    "6": "708%",
                    "7": "758%",
                    "8": "809%",
                    "9": "859%",
                    "10": "910%",
                    "11": "960%",
                    "12": "1010%",
                    "13": "1074%"
                }
            }
        ],
        "継続時間": 2,
        "クールタイム": 12,
        "元素エネルギー": 40
    },
    "その他天賦": [
        {
            "種類": "固有天賦",
            "名前": "百発百中！",
            "説明": [
                "矢の雨の会心率+10%、影響範囲+30%。"
            ],
            "詳細": [
                {
                    "対象": "元素爆発ダメージ",
                    "種類": "会心率",
                    "数値": 10
                }
            ]
        },
        {
            "種類": "固有天賦",
            "名前": "制圧射撃",
            "説明": [
                "狙い撃ちが弱点に命中すると、攻撃力+15%、継続時間10秒。"
            ],
            "詳細": [
                {
                    "条件": "狙い撃ちが弱点に命中後(10秒)攻撃力+15%",
                    "種類": "攻撃力%",
                    "数値": 15
                }
            ]
        },
        {
            "種類": "固有天賦",
            "名前": "飛行チャンピオン",
            "説明": [
                "チーム内の自身のキャラクター全員が滑翔に消費するスタミナ-20%。",
                "同じ効果を持つ固有天賦との重ね掛け不可。"
            ]
        }
    ],
    "命ノ星座": {
        "1": {
            "名前": "一挙双擒",
            "説明": [
                "狙い撃ちする時、矢を連続2本放つ。2本目の矢は元の矢の20%のダメージを与える。"
            ]
        },
        "2": {
            "名前": "一触即発",
            "説明": [
                "ウサギ伯爵が改良された!フルチャージの狙い撃ちがウサギ伯爵の足に命中するとウサギ伯爵を直接起爆させられる。",
                "この形で自らウサギ伯爵を起爆させると、追加で200%のダメージを与える。"
            ],
            "詳細": [
                {
                    "名前": "一触即発によるウサギ伯爵爆発ダメージ",
                    "種類": "追加ダメージ",
                    "数値": "200%",
                    "元素": "炎"
                }
            ]
        },
        "3": {
            "名前": "燃やせ!",
            "説明": [
                "矢の雨のスキルLv.+3。",
                "最大Lv.15まで。"
            ]
        },
        "4": {
            "名前": "ただの人形じゃない",
            "説明": [
                "爆弾人形のクールタイム-20%、使用可能回数が1回増える。"
            ]
        },
        "5": {
            "名前": "ウサギ伯爵だよ!",
            "説明": [
                "爆弾人形のスキルLv.+3。",
                "最大Lv.15まで。"
            ]
        },
        "6": {
            "名前": "野火の如く",
            "説明": [
                "矢の雨を発動した10秒間、チーム全員の移動速度+15%、攻撃力+15%。"
            ],
            "詳細": [
                {
                    "条件": "矢の雨を発動後(10秒)移動速度+15%、攻撃力+15%",
                    "種類": "攻撃力%",
                    "数値": 15
                }
            ]
        }
    },
    "おすすめセット": {
        "終焉を嘆く詩 旧貴族のしつけ [攻炎率]": {
            "武器": "終焉を嘆く詩",
            "聖遺物メイン効果3": "攻撃力%",
            "聖遺物メイン効果4": "炎元素ダメージバフ",
            "聖遺物メイン効果5": "会心率",
            "聖遺物セット効果1": "旧貴族のしつけ",
            "聖遺物セット効果2": "旧貴族のしつけ",
            "聖遺物優先するサブ効果1": "会心ダメージ",
            "聖遺物優先するサブ効果2": "会心率",
            "聖遺物優先するサブ効果3": "攻撃力%"
        },
        "アモスの弓 大地を流浪する楽団 [攻炎率]": {
            "武器": "アモスの弓",
            "聖遺物メイン効果3": "攻撃力%",
            "聖遺物メイン効果4": "炎元素ダメージバフ",
            "聖遺物メイン効果5": "会心率",
            "聖遺物セット効果1": "大地を流浪する楽団",
            "聖遺物セット効果2": "大地を流浪する楽団",
            "聖遺物優先するサブ効果1": "会心ダメージ",
            "聖遺物優先するサブ効果2": "会心率",
            "聖遺物優先するサブ効果3": "攻撃力%"
        },
        "絶弦 旧貴族のしつけ [攻炎率]": {
            "武器": "絶弦",
            "聖遺物メイン効果3": "攻撃力%",
            "聖遺物メイン効果4": "炎元素ダメージバフ",
            "聖遺物メイン効果5": "会心率",
            "聖遺物セット効果1": "旧貴族のしつけ",
            "聖遺物セット効果2": "旧貴族のしつけ",
            "聖遺物優先するサブ効果1": "会心ダメージ",
            "聖遺物優先するサブ効果2": "会心率",
            "聖遺物優先するサブ効果3": "攻撃力%"
        },
        "西風猟弓 旧貴族のしつけ [攻炎率]": {
            "武器": "西風猟弓",
            "聖遺物メイン効果3": "攻撃力%",
            "聖遺物メイン効果4": "炎元素ダメージバフ",
            "聖遺物メイン効果5": "会心率",
            "聖遺物セット効果1": "旧貴族のしつけ",
            "聖遺物セット効果2": "旧貴族のしつけ",
            "聖遺物優先するサブ効果1": "会心ダメージ",
            "聖遺物優先するサブ効果2": "会心率",
            "聖遺物優先するサブ効果3": "攻撃力%"
        },
        "澹月・試作 大地を流浪する楽団 [攻炎率]": {
            "武器": "澹月・試作",
            "聖遺物メイン効果3": "攻撃力%",
            "聖遺物メイン効果4": "炎元素ダメージバフ",
            "聖遺物メイン効果5": "会心率",
            "聖遺物セット効果1": "大地を流浪する楽団",
            "聖遺物セット効果2": "大地を流浪する楽団",
            "聖遺物優先するサブ効果1": "会心ダメージ",
            "聖遺物優先するサブ効果2": "会心率",
            "聖遺物優先するサブ効果3": "攻撃力%"
        }
    }
}