{
    "名前": "ディルック",
    "レアリティ": 4,
    "武器": "両手剣",
    "元素": "炎",
    "ステータス": {
        "基礎HP": {
            "80": 11453,
            "80+": 12068,
            "90": 12981
        },
        "基礎攻撃力": {
            "80": 295,
            "80+": 311,
            "90": 335
        },
        "基礎防御力": {
            "80": 692,
            "80+": 729,
            "90": 784
        },
        "会心率": {
            "80": 19.4,
            "80+": 24.2,
            "90": 24.2
        }
    },
    "オプション初期値": {
        "[燃え盛る炎の魔女4セット効果]炎元素ダメージ+": 3
    },
    "通常攻撃": {
        "名前": "通常攻撃・百煉の剣",
        "説明": "最大4段の連続攻撃を行う。",
        "詳細": [
            {
                "名前": "1段ダメージ",
                "数値": {
                    "1": "89.7%",
                    "2": "97%",
                    "3": "104%",
                    "4": "115%",
                    "5": "122%",
                    "6": "130%",
                    "7": "142%",
                    "8": "153%",
                    "9": "165%",
                    "10": "177%",
                    "11": "192%"
                }
            },
            {
                "名前": "2段ダメージ",
                "数値": {
                    "1": "87.6%",
                    "2": "94.8%",
                    "3": "102%",
                    "4": "112%",
                    "5": "119%",
                    "6": "127%",
                    "7": "139%",
                    "8": "150%",
                    "9": "161%",
                    "10": "173%",
                    "11": "187%"
                }
            },
            {
                "名前": "3段ダメージ",
                "数値": {
                    "1": "98.8%",
                    "2": "107%",
                    "3": "115%",
                    "4": "126%",
                    "5": "134%",
                    "6": "144%",
                    "7": "156%",
                    "8": "169%",
                    "9": "182%",
                    "10": "195%",
                    "11": "211%"
                }
            },
            {
                "名前": "4段ダメージ",
                "数値": {
                    "1": "134%",
                    "2": "145%",
                    "3": "156%",
                    "4": "171%",
                    "5": "182%",
                    "6": "195%",
                    "7": "212%",
                    "8": "229%",
                    "9": "246%",
                    "10": "265%",
                    "11": "286%"
                }
            }
        ]
    },
    "重撃": {
        "説明": [
            "継続的にスタミナを消費し、大剣を振り回し周囲の敵を攻撃する。",
            "斬撃が終了したときに、更に強力な攻撃を1回放つ"
        ],
        "詳細": [
            {
                "名前": "連続重撃ダメージ",
                "数値": {
                    "1": "68.8%",
                    "2": "74.4%",
                    "3": "80%",
                    "4": "88%",
                    "5": "93.6%",
                    "6": "100%",
                    "7": "109%",
                    "8": "118%",
                    "9": "126%",
                    "10": "136%",
                    "11": "147%"
                }
            },
            {
                "名前": "重撃終了ダメージ",
                "数値": {
                    "1": "125%",
                    "2": "135%",
                    "3": "145%",
                    "4": "160%",
                    "5": "170%",
                    "6": "181%",
                    "7": "197%",
                    "8": "213%",
                    "9": "229%",
                    "10": "247%",
                    "11": "266%"
                }
            }
        ]
    },
    "落下攻撃": {
        "説明": "空中から落下し地面に衝撃を与える。経路上の敵を攻撃し、落下時に範囲ダメージを与える。",
        "詳細": [
            {
                "名前": "落下期間のダメージ",
                "種類": "落下攻撃ダメージ",
                "数値": {
                    "1": "89.5%",
                    "2": "96.8%",
                    "3": "104%",
                    "4": "114%",
                    "5": "122%",
                    "6": "130%",
                    "7": "142%",
                    "8": "153%",
                    "9": "164.4%",
                    "10": "176.9%",
                    "11": "189.4%"
                }
            },
            {
                "名前": "低空落下攻撃ダメージ",
                "種類": "落下攻撃ダメージ",
                "数値": {
                    "1": "179%",
                    "2": "194%",
                    "3": "208%",
                    "4": "229%",
                    "5": "243%",
                    "6": "260%",
                    "7": "283%",
                    "8": "306%",
                    "9": "329%",
                    "10": "354%",
                    "11": "379%"
                }
            },
            {
                "名前": "高空落下攻撃ダメージ",
                "種類": "落下攻撃ダメージ",
                "数値": {
                    "1": "224%",
                    "2": "242%",
                    "3": "260%",
                    "4": "286%",
                    "5": "304%",
                    "6": "325%",
                    "7": "354%",
                    "8": "382%",
                    "9": "411%",
                    "10": "442%",
                    "11": "473%"
                }
            }
        ]
    },
    "元素スキル": {
        "名前": "逆焔の刃",
        "説明": [
            "前方に向かって大剣を振り、炎元素ダメージを与える。最大連続で3回使用可能。",
            "短時間内に連続で使用しなかった場合、クールタイムに入る。"
        ],
        "詳細": [
            {
                "名前": "1段ダメージ",
                "数値": {
                    "1": "94.4%",
                    "2": "101%",
                    "3": "109%",
                    "4": "118%",
                    "5": "125%",
                    "6": "132%",
                    "7": "142%",
                    "8": "151%",
                    "9": "160%",
                    "10": "170%",
                    "11": "179%",
                    "12": "189%",
                    "13": "201%"
                }
            },
            {
                "名前": "2段ダメージ",
                "数値": {
                    "1": "97.6%",
                    "2": "105%",
                    "3": "112%",
                    "4": "122%",
                    "5": "129%",
                    "6": "137%",
                    "7": "146%",
                    "8": "156%",
                    "9": "166%",
                    "10": "176%",
                    "11": "185%",
                    "12": "195%",
                    "13": "207%"
                }
            },
            {
                "名前": "3段ダメージ",
                "数値": {
                    "1": "129%",
                    "2": "138%",
                    "3": "148%",
                    "4": "161%",
                    "5": "171%",
                    "6": "180%",
                    "7": "193%",
                    "8": "206%",
                    "9": "219%",
                    "10": "232%",
                    "11": "245%",
                    "12": "258%",
                    "13": "274%"
                }
            }
        ]
    },
    "元素爆発": {
        "名前": "黎明",
        "説明": [
            "烈焔の力を爆発させ、周囲の敵をノックバックし、炎元素ダメージを与える。",
            "その後、烈焔を大剣に集め、前方に飛行する炎の鳥を出し、経路上の敵に大量の炎元素ダメージを与える。",
            "の鳥は進行経路の終着点で爆発し、大量の炎元素範囲ダメージを与える。",
            "武器に凝集した烈焔により、ディルックは炎元素付与状態を獲得する。"
        ],
        "詳細": [
            {
                "名前": "斬撃ダメージ",
                "数値": {
                    "1": "204%",
                    "2": "219%",
                    "3": "235%",
                    "4": "255%",
                    "5": "270%",
                    "6": "286%",
                    "7": "306%",
                    "8": "326%",
                    "9": "347%",
                    "10": "367%",
                    "11": "387.6%",
                    "12": "408%",
                    "13": "434%"
                }
            },
            {
                "名前": "継続ダメージ",
                "数値": {
                    "1": "60%",
                    "2": "64.5%",
                    "3": "69%",
                    "4": "75%",
                    "5": "79.5%",
                    "6": "84%",
                    "7": "90%",
                    "8": "96%",
                    "9": "102%",
                    "10": "108%",
                    "11": "114%",
                    "12": "120%",
                    "13": "128%"
                }
            },
            {
                "名前": "爆発ダメージ",
                "数値": {
                    "1": "204%",
                    "2": "219%",
                    "3": "235%",
                    "4": "255%",
                    "5": "270%",
                    "6": "286%",
                    "7": "306%",
                    "8": "326%",
                    "9": "347%",
                    "10": "367%",
                    "11": "387.6%",
                    "12": "408%",
                    "13": "433.5%"
                }
            },
            {
                "条件": "黎明による炎元素付与と炎元素ダメージ+20%(12秒)",
                "種類": "炎元素付与"
            }
        ]
    },
    "その他天賦": [
        {
            "名前": "ノンストップ",
            "種類": "固有天賦",
            "説明": [
                "重撃のスタミナ消費-50%、最大継続時間+3秒。"
            ]
        },
        {
            "名前": "溶融の翼",
            "種類": "固有天賦",
            "説明": [
                "黎明による炎元素付与の継続時間+4秒。",
                "さらに効果継続中にディルックの与える炎元素ダメージ+20%。"
            ],
            "詳細": [
                {
                    "条件": "黎明による炎元素付与と炎元素ダメージ+20%(12秒)",
                    "種類": "炎元素ダメージバフ",
                    "数値": 20
                }
            ]
        },
        {
            "名前": "アカツキの伝統",
            "種類": "固有天賦",
            "説明": "両手類武器を鍛造する時、消費した鉱石の15%が返還される。"
        }
    ],
    "命ノ星座": {
        "1": {
            "名前": "罪の裁断",
            "説明": "HPが50%より上回る敵に対して、ディルックの与えるダメージ+15%。",
            "詳細": [
                {
                    "条件": "HPが50%より上回る敵に対して与えるダメージ+15%",
                    "種類": "与えるダメージ",
                    "数値": 15
                }
            ]
        },
        "2": {
            "名前": "灼熱余燼",
            "説明": [
                "ディルックがダメージを受けると、攻撃力+10%、攻撃速度+5%、継続時間10秒。",
                "該当効果は最大3重まで、1.5秒に1回のみ発動可能。"
            ],
            "詳細": [
                {
                    "条件": "ダメージを受けると攻撃力+10%、攻撃速度+5%@1-3重",
                    "種類": "攻撃力%",
                    "数値": 10
                }
            ]
        },
        "3": {
            "名前": "鋼鉄の熾焔",
            "説明": [
                "逆焔の刃のスキルLv+3。",
                "最大Lv.15まで。"
            ]
        },
        "4": {
            "名前": "流火焼灼",
            "説明": [
                "リズム的に逆焔の刃を発動させることで、ダメージを大幅に上げることができる。",
                "逆焔の刃発動2秒後、次の逆焔の刃のダメージ+40%、継続時間2秒。"
            ],
            "詳細": [
                {
                    "条件": "リズム的に逆焔の刃を発動させると次の逆焔の刃のダメージ+40%",
                    "対象": "元素スキルダメージ.2段ダメージ",
                    "種類": "与えるダメージ",
                    "数値": 40
                },
                {
                    "条件": "リズム的に逆焔の刃を発動させると次の逆焔の刃のダメージ+40%",
                    "対象": "元素スキルダメージ.3段ダメージ",
                    "種類": "与えるダメージ",
                    "数値": 40
                }
            ]
        },
        "5": {
            "名前": "朝を告げる炎の鳥",
            "説明": [
                "黎明のスキルLv.+3。",
                "最大Lv.15まで"
            ]
        },
        "6": {
            "名前": "闇を清算する炎の剣",
            "説明": [
                "逆焔の刃発動後、6秒以内の通常攻撃の攻撃速度+30%、攻撃ダメージ+30%、2回まで。",
                "逆焔の刃によって通常攻撃のコンボ数がリセットされることはなくなる。"
            ],
            "詳細": [
                {
                    "条件": "逆焔の刃発動後6秒以内の通常攻撃の攻撃速度+30%、攻撃ダメージ+30%",
                    "対象": "通常攻撃ダメージ",
                    "種類": "与えるダメージ",
                    "数値": 30
                }
            ]
        }
    },
    "おすすめセット": {
        "狼の末路 炎の魔女4": {
            "武器": "狼の末路",
            "聖遺物メイン効果3": "攻撃力%",
            "聖遺物メイン効果4": "炎元素ダメージバフ",
            "聖遺物メイン効果5": "会心ダメージ",
            "聖遺物セット効果1": "燃え盛る炎の魔女",
            "聖遺物セット効果2": "燃え盛る炎の魔女",
            "聖遺物優先するサブ効果1": "会心率",
            "聖遺物優先するサブ効果2": "会心ダメージ",
            "聖遺物優先するサブ効果3": "攻撃力%"
        },
        "無工の剣 炎の魔女4": {
            "武器": "無工の剣",
            "聖遺物メイン効果3": "攻撃力%",
            "聖遺物メイン効果4": "炎元素ダメージバフ",
            "聖遺物メイン効果5": "会心ダメージ",
            "聖遺物セット効果1": "燃え盛る炎の魔女",
            "聖遺物セット効果2": "燃え盛る炎の魔女",
            "聖遺物優先するサブ効果1": "会心率",
            "聖遺物優先するサブ効果2": "会心ダメージ",
            "聖遺物優先するサブ効果3": "攻撃力%"
        },
        "祭礼の大剣 炎の魔女4": {
            "武器": "祭礼の大剣",
            "聖遺物メイン効果3": "攻撃力%",
            "聖遺物メイン効果4": "炎元素ダメージバフ",
            "聖遺物メイン効果5": "会心ダメージ",
            "聖遺物セット効果1": "燃え盛る炎の魔女",
            "聖遺物セット効果2": "燃え盛る炎の魔女",
            "聖遺物優先するサブ効果1": "会心率",
            "聖遺物優先するサブ効果2": "会心ダメージ",
            "聖遺物優先するサブ効果3": "攻撃力%"
        },
        "螭龍の剣 炎の魔女4": {
            "武器": "螭龍の剣",
            "聖遺物メイン効果3": "攻撃力%",
            "聖遺物メイン効果4": "炎元素ダメージバフ",
            "聖遺物メイン効果5": "会心ダメージ",
            "聖遺物セット効果1": "燃え盛る炎の魔女",
            "聖遺物セット効果2": "燃え盛る炎の魔女",
            "聖遺物優先するサブ効果1": "会心ダメージ",
            "聖遺物優先するサブ効果2": "会心率",
            "聖遺物優先するサブ効果3": "攻撃力%"
        },
        "銜玉の海皇 炎の魔女4": {
            "武器": "銜玉の海皇",
            "聖遺物メイン効果3": "攻撃力%",
            "聖遺物メイン効果4": "炎元素ダメージバフ",
            "聖遺物メイン効果5": "会心ダメージ",
            "聖遺物セット効果1": "燃え盛る炎の魔女",
            "聖遺物セット効果2": "燃え盛る炎の魔女",
            "聖遺物優先するサブ効果1": "会心率",
            "聖遺物優先するサブ効果2": "会心ダメージ",
            "聖遺物優先するサブ効果3": "攻撃力%"
        }
    }
}