{
    "名前": "白辰の輪",
    "レアリティ": 4,
    "種類": "法器",
    "ステータス": {
        "基礎攻撃力": {
            "70": 429,
            "70+": 455,
            "75": 476,
            "80": 497,
            "80+": 523,
            "85": 544,
            "90": 565
        },
        "元素チャージ効率": {
            "70": 25.2,
            "70+": 25.2,
            "75": 26.6,
            "80": 27.9,
            "80+": 27.9,
            "85": 29.3,
            "90": 30.6
        }
    },
    "武器スキル": {
        "名前": "櫻の斎宮",
        "説明": [
            "・この武器を装備したキャラクターが雷元素に関連する反応を起こした時、周囲チーム内にてその反応に関わった元素タイプのキャラクターは強化効果を獲得する。",
            "強化効果：該当元素タイプの元素ダメージ+10%、継続時間6秒、この方式で獲得する元素ダメージアップ効果は重ね掛けできない。"
        ],
        "詳細": [
            {
                "条件": {
                    "1": "[白辰の輪]雷元素関連反応後(6秒)元素ダメージ+10%",
                    "2": "[白辰の輪]雷元素関連反応後(6秒)元素ダメージ+12.5%",
                    "3": "[白辰の輪]雷元素関連反応後(6秒)元素ダメージ+15%",
                    "4": "[白辰の輪]雷元素関連反応後(6秒)元素ダメージ+17.5%",
                    "5": "[白辰の輪]雷元素関連反応後(6秒)元素ダメージ+20%"
                },
                "種類": "自元素ダメージバフ",
                "数値": {
                    "1": 10,
                    "2": 12.5,
                    "3": 15,
                    "4": 17.5,
                    "5": 20
                }
            }
        ]
    }
}