{
    "名前": "金珀・試作",
    "レアリティ": 4,
    "種類": "法器",
    "ステータス": {
        "基礎攻撃力": {
            "70": 388,
            "70+": 414,
            "75": 431,
            "80": 449,
            "80+": 475,
            "85": 492,
            "90": 510
        },
        "HP%": {
            "70": 34.1,
            "70+": 34.1,
            "75": 35.9,
            "80": 37.7,
            "80+": 37.7,
            "85": 39.5,
            "90": 41.3
        }
    },
    "武器スキル": {
        "名前": "炊金",
        "説明": "元素爆発を発動した後6秒間、2秒毎に元素エネルギーを4回復；さらに2秒毎にチーム全員のHPの4%を回復。"
    }
}