{
    "名前": "黒纓槍",
    "レアリティ": 3,
    "種類": "長柄武器",
    "ステータス": {
        "基礎攻撃力": {
            "70": 309,
            "70+": 329,
            "75": 342,
            "80": 355,
            "80+": 375,
            "85": 388,
            "90": 401
        },
        "会心率": {
            "70": 19.3,
            "70+": 19.3,
            "75": 20.3,
            "80": 21.4,
            "80+": 21.4,
            "85": 22.4,
            "90": 23.4
        }
    },
    "武器スキル": {
        "名前": "鋭利",
        "説明": "通常攻撃のダメージ+24%。",
        "詳細": [
            {
                "種類": "通常攻撃ダメージバフ",
                "数値": {
                    "1": 24,
                    "2": 30,
                    "3": 36,
                    "4": 42,
                    "5": 48
                }
            }
        ]
    }
}