{
    "名前": "シナバースピンドル",
    "レアリティ": 4,
    "種類": "片手剣",
    "ステータス": {
        "基礎攻撃力": {
            "70": 347,
            "70+": 373,
            "75": 387,
            "80": 401,
            "80+": 427,
            "85": 440,
            "90": 454
        },
        "防御力%": {
            "70": 56.3,
            "70+": 56.3,
            "75": 59.9,
            "80": 62.9,
            "80+": 62.9,
            "85": 65.9,
            "90": 69
        }
    },
    "武器スキル": {
        "名前": "",
        "説明": [
            ""
        ],
        "詳細": [
            {
                "種類": "元素スキルダメージアップ",
                "対象": "元素スキルダメージ",
                "数値": {
                    "1": "40%防御力",
                    "2": "50%防御力",
                    "3": "60%防御力",
                    "4": "70%防御力",
                    "5": "80%防御力"
                }
            }
        ]
    }
}