{
    "名前": "笛の剣",
    "レアリティ": 4,
    "種類": "片手剣",
    "ステータス": {
        "基礎攻撃力": {
            "70": 388,
            "70+": 414,
            "75": 431,
            "80": 449,
            "80+": 475,
            "85": 492,
            "90": 510
        },
        "攻撃力%": {
            "70": 34.1,
            "70+": 34.1,
            "75": 35.9,
            "80": 37.7,
            "80+": 37.7,
            "85": 39.5,
            "90": 41.3
        }
    },
    "武器スキル": {
        "名前": "和音",
        "説明": [
            "通常攻撃または重撃が命中すると、100%の確率で和音を1個獲得する。和音を5個集めると、音律の力を放ち、周囲の敵に攻撃力の100%のダメージを与える。和音は最大30秒存在し、0.5秒毎に最大1個獲得可能。"
        ],
        "詳細": [
            {
                "名前": "[笛の剣]追加ダメージ",
                "種類": "追加ダメージ",
                "元素": "物理",
                "数値": {
                    "1": "100%攻撃力",
                    "2": "125%攻撃力",
                    "3": "150%攻撃力",
                    "4": "175%攻撃力",
                    "5": "200%攻撃力"
                }
            }
        ]
    }
}