{
    "名前": "蒼古なる自由への誓い",
    "レアリティ": 5,
    "種類": "片手剣",
    "ステータス": {
        "基礎攻撃力": {
            "90": 608,
            "85": 586,
            "80+": 563,
            "80": 532,
            "75": 510,
            "70+": 488,
            "70": 457
        },
        "元素熟知": {
            "90": 198,
            "85": 190,
            "80+": 181,
            "80": 181,
            "75": 172,
            "70+": 164,
            "70": 164
        }
    },
    "武器スキル": {
        "名前": "執行と抗争の歌",
        "説明": [
            "風と共に流れる「千年の大楽章」の一部。与えるダメージ+10%。",
            "元素反応を起こすと、奮起の欠片を1枚獲得する。この効果は0.5秒毎に1回のみ発動でき、待機中のキャラクターも発動できる。",
            "奮起の欠片を2枚集めると、全ての奮起の欠片を消費し、周囲のチーム全員に12秒間継続する「千年の大楽章・抗争の歌」効果を付与する:通常、重撃、落下攻撃のダメージ+16%、攻撃力+20%。",
            "発動後の20秒間、奮起の欠片を再度取得することはできない。「千年の大楽章」のもたらす各効果中、同種類の効果の重ね掛け不可。"
        ],
        "詳細": [
            {
                "種類": "与えるダメージ",
                "数値": {
                    "1": 10,
                    "2": 12.5,
                    "3": 15,
                    "4": 17.5,
                    "5": 20
                }
            },
            {
                "条件": {
                    "1": "[蒼古なる自由への誓い](12秒)通常、重撃、落下攻撃ダメージ+16%、攻撃力+20%",
                    "2": "[蒼古なる自由への誓い](12秒)通常、重撃、落下攻撃ダメージ+20%、攻撃力+25%",
                    "3": "[蒼古なる自由への誓い](12秒)通常、重撃、落下攻撃ダメージ+24%、攻撃力+30%",
                    "4": "[蒼古なる自由への誓い](12秒)通常、重撃、落下攻撃ダメージ+28%、攻撃力+35%",
                    "5": "[蒼古なる自由への誓い](12秒)通常、重撃、落下攻撃ダメージ+32%、攻撃力+40%"
                },
                "種類": "通常攻撃ダメージバフ",
                "数値": {
                    "1": 16,
                    "2": 20,
                    "3": 24,
                    "4": 28,
                    "5": 32
                }
            },
            {
                "条件": {
                    "1": "[蒼古なる自由への誓い](12秒)通常、重撃、落下攻撃ダメージ+16%、攻撃力+20%",
                    "2": "[蒼古なる自由への誓い](12秒)通常、重撃、落下攻撃ダメージ+20%、攻撃力+25%",
                    "3": "[蒼古なる自由への誓い](12秒)通常、重撃、落下攻撃ダメージ+24%、攻撃力+30%",
                    "4": "[蒼古なる自由への誓い](12秒)通常、重撃、落下攻撃ダメージ+28%、攻撃力+35%",
                    "5": "[蒼古なる自由への誓い](12秒)通常、重撃、落下攻撃ダメージ+32%、攻撃力+40%"
                },
                "種類": "重撃ダメージバフ",
                "数値": {
                    "1": 16,
                    "2": 20,
                    "3": 24,
                    "4": 28,
                    "5": 32
                }
            },
            {
                "条件": {
                    "1": "[蒼古なる自由への誓い](12秒)通常、重撃、落下攻撃ダメージ+16%、攻撃力+20%",
                    "2": "[蒼古なる自由への誓い](12秒)通常、重撃、落下攻撃ダメージ+20%、攻撃力+25%",
                    "3": "[蒼古なる自由への誓い](12秒)通常、重撃、落下攻撃ダメージ+24%、攻撃力+30%",
                    "4": "[蒼古なる自由への誓い](12秒)通常、重撃、落下攻撃ダメージ+28%、攻撃力+35%",
                    "5": "[蒼古なる自由への誓い](12秒)通常、重撃、落下攻撃ダメージ+32%、攻撃力+40%"
                },
                "種類": "落下攻撃ダメージバフ",
                "数値": {
                    "1": 16,
                    "2": 20,
                    "3": 24,
                    "4": 28,
                    "5": 32
                }
            },
            {
                "条件": {
                    "1": "[蒼古なる自由への誓い](12秒)通常、重撃、落下攻撃ダメージ+16%、攻撃力+20%",
                    "2": "[蒼古なる自由への誓い](12秒)通常、重撃、落下攻撃ダメージ+20%、攻撃力+25%",
                    "3": "[蒼古なる自由への誓い](12秒)通常、重撃、落下攻撃ダメージ+24%、攻撃力+30%",
                    "4": "[蒼古なる自由への誓い](12秒)通常、重撃、落下攻撃ダメージ+28%、攻撃力+35%",
                    "5": "[蒼古なる自由への誓い](12秒)通常、重撃、落下攻撃ダメージ+32%、攻撃力+40%"
                },
                "種類": "攻撃力%",
                "数値": {
                    "1": 20,
                    "2": 25,
                    "3": 30,
                    "4": 35,
                    "5": 40
                }
            }
        ]
    }
}