{
    "名前": "風花の頌歌",
    "レアリティ": 4,
    "種類": "弓",
    "ステータス": {
        "基礎攻撃力": {
            "70": 388,
            "70+": 414,
            "75": 431,
            "80": 449,
            "80+": 475,
            "85": 492,
            "90": 510
        },
        "元素熟知": {
            "70": 136,
            "70+": 136,
            "75": 144,
            "80": 151,
            "80+": 151,
            "85": 158,
            "90": 165
        }
    },
    "武器スキル": {
        "名前": "風花の願い",
        "説明": "元素スキルを発動した後、風の花の悠久なる願いの加護を獲得し、攻撃力+16%、持続時間6秒。",
        "詳細": [
            {
                "条件": {
                    "1": "[風花の頌歌]攻撃力+16%",
                    "2": "[風花の頌歌]攻撃力+20%",
                    "3": "[風花の頌歌]攻撃力+24%",
                    "4": "[風花の頌歌]攻撃力+28%",
                    "5": "[風花の頌歌]攻撃力+32%"
                },
                "種類": "攻撃力%",
                "数値": {
                    "1": 16,
                    "2": 20,
                    "3": 24,
                    "4": 28,
                    "5": 32
                }
            }
        ]
    }
}