{
    "名前": "曚雲の月",
    "レアリティ": 4,
    "種類": "弓",
    "ステータス": {
        "基礎攻撃力": {
            "70": 429,
            "70+": 455,
            "75": 476,
            "80": 497,
            "80+": 523,
            "85": 544,
            "90": 565
        },
        "攻撃力%": {
            "70": 22.7,
            "70+": 22.7,
            "75": 23.9,
            "80": 25.1,
            "80+": 25.1,
            "85": 26.4,
            "90": 27.6
        }
    },
    "武器スキル": {
        "名前": "波を統べる海祇の民",
        "説明": [
            "チーム全員の元素エネルギー上限の合計を基に、元素爆発ダメージをアップさせる。",
            "1ポイン卜につき、装備したキャラクターの元素爆発ダメージ+0.12%。この方式アップできる元素爆発ダメージは最大40%まで。"
        ],
        "詳細": [
            {
                "条件": {
                    "1": "[曚雲の月]元素爆発ダメージ+0.12%×元素エネルギー@10-330",
                    "2": "[曚雲の月]元素爆発ダメージ+0.15%×元素エネルギー@10-330",
                    "3": "[曚雲の月]元素爆発ダメージ+0.18%×元素エネルギー@10-330",
                    "4": "[曚雲の月]元素爆発ダメージ+0.21%×元素エネルギー@10-330",
                    "5": "[曚雲の月]元素爆発ダメージ+0.24%×元素エネルギー@10-330"
                },
                "種類": "元素爆発ダメージバフ",
                "数値": {
                    "1": 0.12,
                    "2": 0.15,
                    "3": 0.18,
                    "4": 0.21,
                    "5": 0.24
                }
            }
        ]
    }
}