{
    "名前": "アモスの弓",
    "レアリティ": 5,
    "種類": "弓",
    "オプション初期値": {},
    "ステータス": {
        "基礎攻撃力": {
            "90": 608,
            "85": 586,
            "80+": 563,
            "80": 532,
            "75": 510,
            "70+": 488,
            "70": 457
        },
        "攻撃力%": {
            "90": 49.6,
            "85": 47.4,
            "80+": 45.3,
            "80": 45.3,
            "75": 43.1,
            "70+": 40.9,
            "70": 40.9
        }
    },
    "武器スキル": {
        "名前": "一心不乱",
        "説明": "通常攻撃と狙い撃ちのダメージ+12%。矢を放った後、0.1秒後にダメージ+8%、最大5回まで上昇する。",
        "詳細": [
            {
                "種類": "通常攻撃ダメージバフ",
                "数値": {
                    "1": 12,
                    "2": 15,
                    "3": 18,
                    "4": 21,
                    "5": 24
                }
            },
            {
                "種類": "重撃ダメージバフ",
                "数値": {
                    "1": 12,
                    "2": 15,
                    "3": 18,
                    "4": 21,
                    "5": 24
                }
            },
            {
                "条件": {
                    "1": "[アモスの弓]通常攻撃と重撃ダメージ+@8-40%",
                    "2": "[アモスの弓]通常攻撃と重撃ダメージ+@10-50%",
                    "3": "[アモスの弓]通常攻撃と重撃ダメージ+@12-60%",
                    "4": "[アモスの弓]通常攻撃と重撃ダメージ+@14-70%",
                    "5": "[アモスの弓]通常攻撃と重撃ダメージ+@16-80%"
                },
                "種類": "通常攻撃ダメージバフ",
                "数値": {
                    "1": 1,
                    "2": 1,
                    "3": 1,
                    "4": 1,
                    "5": 1
                }
            },
            {
                "条件": {
                    "1": "[アモスの弓]通常攻撃と重撃ダメージ+@8-40%",
                    "2": "[アモスの弓]通常攻撃と重撃ダメージ+@10-50%",
                    "3": "[アモスの弓]通常攻撃と重撃ダメージ+@12-60%",
                    "4": "[アモスの弓]通常攻撃と重撃ダメージ+@14-70%",
                    "5": "[アモスの弓]通常攻撃と重撃ダメージ+@16-80%"
                },
                "種類": "重撃ダメージバフ",
                "数値": {
                    "1": 1,
                    "2": 1,
                    "3": 1,
                    "4": 1,
                    "5": 1
                }
            }
        ]
    }
}