{
    "名前": "幽夜のワルツ",
    "レアリティ": 4,
    "種類": "弓",
    "ステータス": {
        "基礎攻撃力": {
            "70": 388,
            "70+": 414,
            "75": 431,
            "80": 449,
            "80+": 475,
            "85": 492,
            "90": 510
        },
        "物理ダメージバフ": {
            "70": 42.6,
            "70+": 42.6,
            "75": 44.9,
            "80": 47.2,
            "80+": 47.2,
            "85": 49.5,
            "90": 51.7
        }
    },
    "武器スキル": {
        "名前": "極夜のデュエット",
        "説明": "通常攻撃が敵に命中した後の5秒間、元素スキルのダメージ+20%。元素スキルが敵に命中した後の5秒間、通常攻撃のダメージ+20%。",
        "詳細": [
            {
                "条件": {
                    "1": "[幽夜のワルツ]通常攻撃命中後(5秒)元素スキルダメージ+20%",
                    "2": "[幽夜のワルツ]通常攻撃命中後(5秒)元素スキルダメージ+25%",
                    "3": "[幽夜のワルツ]通常攻撃命中後(5秒)元素スキルダメージ+30%",
                    "4": "[幽夜のワルツ]通常攻撃命中後(5秒)元素スキルダメージ+35%",
                    "5": "[幽夜のワルツ]通常攻撃命中後(5秒)元素スキルダメージ+40%"
                },
                "種類": "元素スキルダメージバフ",
                "数値": {
                    "1": 20,
                    "2": 25,
                    "3": 30,
                    "4": 35,
                    "5": 40
                }
            },
            {
                "条件": {
                    "1": "[幽夜のワルツ]元素スキル命中後(5秒)通常攻撃ダメージ+20%",
                    "2": "[幽夜のワルツ]元素スキル命中後(5秒)通常攻撃ダメージ+25%",
                    "3": "[幽夜のワルツ]元素スキル命中後(5秒)通常攻撃ダメージ+30%",
                    "4": "[幽夜のワルツ]元素スキル命中後(5秒)通常攻撃ダメージ+35%",
                    "5": "[幽夜のワルツ]元素スキル命中後(5秒)通常攻撃ダメージ+40%"
                },
                "種類": "通常攻撃ダメージバフ",
                "数値": {
                    "1": 20,
                    "2": 25,
                    "3": 30,
                    "4": 35,
                    "5": 40
                }
            }
        ]
    }
}