{
    "名前": "破魔の弓",
    "レアリティ": 4,
    "種類": "弓",
    "ステータス": {
        "基礎攻撃力": {
            "70": 347,
            "70+": 373,
            "75": 387,
            "80": 401,
            "80+": 427,
            "85": 440,
            "90": 454
        },
        "攻撃力%": {
            "70": 45.4,
            "70+": 45.4,
            "75": 47.9,
            "80": 50.3,
            "80+": 50.3,
            "85": 52.7,
            "90": 55.1
        }
    },
    "武器スキル": {
        "名前": "浅瀨の弭",
        "説明": "通常攻撃のダメージ+16%、重撃のダメージ+12%。この武器を装備したキャラクターの元素エネルギーが満タンの場合、該当効果が2倍になる。",
        "詳細": [
            {
                "種類": "通常攻撃ダメージバフ",
                "数値": {
                    "1": 16,
                    "2": 20,
                    "3": 24,
                    "4": 28,
                    "5": 32
                }
            },
            {
                "種類": "重撃ダメージバフ",
                "数値": {
                    "1": 12,
                    "2": 15,
                    "3": 18,
                    "4": 21,
                    "5": 24
                }
            },
            {
                "条件": "[破魔の弓]元素エネルギー満タン時効果2倍",
                "種類": "通常攻撃ダメージバフ",
                "数値": {
                    "1": 16,
                    "2": 20,
                    "3": 24,
                    "4": 28,
                    "5": 32
                }
            },
            {
                "条件": "[破魔の弓]元素エネルギー満タン時効果2倍",
                "種類": "重撃ダメージバフ",
                "数値": {
                    "1": 12,
                    "2": 15,
                    "3": 18,
                    "4": 21,
                    "5": 24
                }
            }
        ]
    }
}