{
    "名前": "終焉を嘆く詩",
    "レアリティ": 5,
    "種類": "弓",
    "ステータス": {
        "基礎攻撃力": {
            "90": 608,
            "85": 586,
            "80+": 563,
            "80": 532,
            "75": 510,
            "70+": 488,
            "70": 457
        },
        "元素チャージ効率": {
            "90": 55.1,
            "85": 52.7,
            "80+": 50.3,
            "80": 50.3,
            "75": 47.9,
            "70+": 45.4,
            "70": 45.4
        }
    },
    "武器スキル": {
        "名前": "追憶と別れの歌",
        "説明": [
            "風と共に流れる｢千年の大楽章｣の一部。元素熟知+60。",
            "元素スキルまたは元素爆発が敵に命中すると、追憶の欠片を一枚獲得する。この効果は0.2秒毎に一回のみ発動でき、待機中のキャラクターも発動できる。",
            "追憶の欠片を4枚集めると、全ての追憶の欠片を消費し、周囲のチーム全員に12秒継続する｢千年の大楽章・別れの歌｣効果を付与する:元素熟知+100、攻撃力+20%。",
            "発動後の20秒間、追憶の欠片を再度獲得することはできない。｢千年の大楽章｣のもたらす各効果中、同種類の効果は重ね掛け不可。"
        ],
        "詳細": [
            {
                "種類": "元素熟知",
                "数値": {
                    "1": 60,
                    "2": 75,
                    "3": 90,
                    "4": 105,
                    "5": 120
                }
            },
            {
                "条件": {
                    "1": "[終焉を嘆く詩]元素熟知+100、攻撃力+20%(12秒)",
                    "2": "[終焉を嘆く詩]元素熟知+125、攻撃力+25%(12秒)",
                    "3": "[終焉を嘆く詩]元素熟知+150、攻撃力+30%(12秒)",
                    "4": "[終焉を嘆く詩]元素熟知+175、攻撃力+35%(12秒)",
                    "5": "[終焉を嘆く詩]元素熟知+200、攻撃力+40%(12秒)"
                },
                "種類": "元素熟知",
                "数値": {
                    "1": 100,
                    "2": 125,
                    "3": 160,
                    "4": 175,
                    "5": 200
                }
            },
            {
                "条件": {
                    "1": "[終焉を嘆く詩]元素熟知+100、攻撃力+20%(12秒)",
                    "2": "[終焉を嘆く詩]元素熟知+125、攻撃力+25%(12秒)",
                    "3": "[終焉を嘆く詩]元素熟知+150、攻撃力+30%(12秒)",
                    "4": "[終焉を嘆く詩]元素熟知+175、攻撃力+35%(12秒)",
                    "5": "[終焉を嘆く詩]元素熟知+200、攻撃力+40%(12秒)"
                },
                "種類": "攻撃力%",
                "数値": {
                    "1": 20,
                    "2": 25,
                    "3": 30,
                    "4": 35,
                    "5": 40
                }
            }
        ]
    }
}