{
    "名前": "旧貴族長弓",
    "レアリティ": 4,
    "種類": "弓",
    "ステータス": {
        "基礎攻撃力": {
            "70": 388,
            "70+": 414,
            "75": 431,
            "80": 449,
            "80+": 475,
            "85": 492,
            "90": 510
        },
        "攻撃力%": {
            "70": 34.1,
            "70+": 34.1,
            "75": 35.9,
            "80": 37.7,
            "80+": 37.7,
            "85": 39.5,
            "90": 41.3
        }
    },
    "武器スキル": {
        "名前": "集中",
        "説明": [
            "攻撃が敵にダメージを与えた時、会心率+8%、最大5重まで。攻撃会心発動時、効果をクリアにする。"
        ],
        "詳細": [
            {
                "条件": {
                    "1": "[旧貴族長弓]会心率+@8-40%",
                    "2": "[旧貴族長弓]会心率+@10-50%",
                    "3": "[旧貴族長弓]会心率+@12-60%",
                    "4": "[旧貴族長弓]会心率+@14-70%",
                    "5": "[旧貴族長弓]会心率+@16-80%"
                },
                "種類": "会心率",
                "数値": {
                    "1": 1,
                    "2": 1,
                    "3": 1,
                    "4": 1,
                    "5": 1
                }
            }
        ]
    }
}