{
    "名前": "飛雷の鳴弦",
    "レアリティ": 5,
    "種類": "弓",
    "ステータス": {
        "基礎攻撃力": {
            "90": 608,
            "85": 586,
            "80+": 563,
            "80": 532,
            "75": 510,
            "70+": 488,
            "70": 457
        },
        "会心ダメージ": {
            "90": 66.2,
            "85": 63.2,
            "80+": 60.3,
            "80": 60.3,
            "75": 57.4,
            "70+": 54.5,
            "70": 54.5
        }
    },
    "武器スキル": {
        "名前": "飛雷の御執",
        "説明": [
            "攻撃力+20%、「飛雷の巴紋」の効果を獲得できる。飛雷の巴紋を1/2/3層有する時、通常攻撃のダメージ+12/24/40%。飛雷の巴紋は次の各状況において獲得できる。",
            "通常攻撃でダメージを与えた時、継続時間5秒の飛雷の巴紋を1層獲得する。元素スキルを発動した時、継続時間10秒の飛雷の巴紋を1層獲得する。また、キャラクターの元素エネルギーが100%未満の場合、飛雷の巴紋を1層獲得する、この飛雷の巴紋は元素エネルギーが満タンになると消失する。飛雷の巴紋の継続時間は層ごとに独立している。"
        ],
        "詳細": [
            {
                "種類": "攻撃力%",
                "数値": {
                    "1": 20,
                    "2": 25,
                    "3": 30,
                    "4": 35,
                    "5": 40
                }
            },
            {
                "条件": {
                    "1": "[飛雷の鳴弦]通常攻撃ダメージ+@12,24,40%",
                    "2": "[飛雷の鳴弦]通常攻撃ダメージ+@15,30,50%",
                    "3": "[飛雷の鳴弦]通常攻撃ダメージ+@18,36,60%",
                    "4": "[飛雷の鳴弦]通常攻撃ダメージ+@21,42,70%",
                    "5": "[飛雷の鳴弦]通常攻撃ダメージ+@24,48,80%"
                },
                "種類": "通常攻撃ダメージバフ",
                "数値": {
                    "1": 1,
                    "2": 1,
                    "3": 1,
                    "4": 1,
                    "5": 1
                }
            }
        ]
    }
}