{
    "名前": "蒼翠の狩猟弓",
    "レアリティ": 4,
    "種類": "弓",
    "ステータス": {
        "基礎攻撃力": {
            "80": 449,
            "80+": 475,
            "85": 492,
            "90": 510
        },
        "会心率": {
            "80": 25.1,
            "80+": 25.1,
            "85": 26.4,
            "90": 27.6
        }
    },
    "武器スキル": {
        "名前": "蒼翠の風",
        "説明": [
            "通常攻撃と重撃が命中時、50%の確率で風の目を生成し、近くの敵を吸い寄せる。",
            "0.5秒ごとに敵に攻撃力の40%のダメージを与える。継続時間4秒、14秒ごとに1回のみ発動可能。"
        ],
        "詳細": [
            {
                "名前": "[蒼翠の狩猟弓]吸い寄せダメージ",
                "種類": "追加ダメージ",
                "元素": "物理",
                "数値": {
                    "1": "40%",
                    "2": "50%",
                    "3": "60%",
                    "4": "70%",
                    "5": "80%"
                }
            }
        ]
    }
}