{
    "名前": "冬極の白星",
    "レアリティ": 5,
    "種類": "弓",
    "ステータス": {
        "基礎攻撃力": {
            "90": 608,
            "85": 586,
            "80+": 563,
            "80": 532,
            "75": 510,
            "70+": 488,
            "70": 457
        },
        "会心率": {
            "90": 33.1,
            "85": 31.6,
            "80+": 30.2,
            "80": 30.2,
            "75": 28.7,
            "70+": 27.3,
            "70": 27.3
        }
    },
    "武器スキル": {
        "名前": "白夜の前兆者",
        "説明": [
            "元素スキルと元素爆発が与えるダメージ+12%。通常攻撃、重撃、元素スキル、元素爆発が敵に命中すると、それぞれ継続時間12秒の「白夜極星」効果を1層獲得する。",
            "「白夜極星」を1/2/3/4層有する時、キャラクターの攻撃力+10/20/30/48%。各攻撃によって獲得する「白夜極星」の継続時間は、層ごとに独立する。"
        ],
        "詳細": [
            {
                "種類": "元素スキルダメージバフ",
                "数値": {
                    "1": 12,
                    "2": 15,
                    "3": 18,
                    "4": 21,
                    "5": 24
                }
            },
            {
                "種類": "元素爆発ダメージバフ",
                "数値": {
                    "1": 12,
                    "2": 15,
                    "3": 18,
                    "4": 21,
                    "5": 24
                }
            },
            {
                "条件": "[冬極の白星]白夜極星@1層",
                "種類": "攻撃力",
                "数値": {
                    "1": 10,
                    "2": 12.5,
                    "3": 15,
                    "4": 17.5,
                    "5": 20
                }
            },
            {
                "条件": "[冬極の白星]白夜極星@2層",
                "種類": "攻撃力",
                "数値": {
                    "1": 20,
                    "2": 25,
                    "3": 30,
                    "4": 35,
                    "5": 40
                }
            },
            {
                "条件": "[冬極の白星]白夜極星@3層",
                "種類": "攻撃力",
                "数値": {
                    "1": 30,
                    "2": 37.5,
                    "3": 45,
                    "4": 52.5,
                    "5": 60
                }
            },
            {
                "条件": "[冬極の白星]白夜極星@4層",
                "種類": "攻撃力",
                "数値": {
                    "1": 48,
                    "2": 60,
                    "3": 72,
                    "4": 84,
                    "5": 66
                }
            }
        ]
    }
}