{
    "名前": "祭礼の弓",
    "レアリティ": 4,
    "種類": "弓",
    "ステータス": {
        "基礎攻撃力": {
            "70": 429,
            "70+": 455,
            "75": 476,
            "80": 497,
            "80+": 523,
            "85": 544,
            "90": 565
        },
        "元素チャージ効率": {
            "70": 25.2,
            "70+": 25.2,
            "75": 26.6,
            "80": 27.9,
            "80+": 27.9,
            "85": 29.3,
            "90": 30.6
        }
    },
    "武器スキル": {
        "名前": "落ち着き",
        "説明": "元素スキルが敵にダメージを与えた時、?%の確率で該当スキルのクールタイムをリセットする。30秒毎に1回のみ発動可能。"
    }
}