{
    "名前": "澹月・試作",
    "レアリティ": 4,
    "種類": "弓",
    "ステータス": {
        "基礎攻撃力": {
            "70": 388,
            "70+": 414,
            "75": 431,
            "80": 449,
            "80+": 475,
            "85": 492,
            "90": 510
        },
        "攻撃力%": {
            "70": 34.1,
            "70+": 34.1,
            "75": 35.9,
            "80": 37.7,
            "80+": 37.7,
            "85": 39.5,
            "90": 41.3
        }
    },
    "武器スキル": {
        "名前": "帰らない",
        "説明": "重撃が弱点に命中した場合、移動速度+10%、攻撃力+36%、継続時間10秒。",
        "詳細": [
            {
                "条件": {
                    "1": "[澹月・試作]攻撃力+36%",
                    "2": "[澹月・試作]攻撃力+45%",
                    "3": "[澹月・試作]攻撃力+54%",
                    "4": "[澹月・試作]攻撃力+63%",
                    "5": "[澹月・試作]攻撃力+72%"
                },
                "種類": "攻撃力%",
                "数値": {
                    "1": 36,
                    "2": 45,
                    "3": 54,
                    "4": 63,
                    "5": 72
                }
            }
        ]
    }
}