{
    "名前": "弓蔵",
    "レアリティ": 4,
    "種類": "弓",
    "ステータス": {
        "基礎攻撃力": {
            "70": 388,
            "70+": 414,
            "75": 431,
            "80": 449,
            "80+": 475,
            "85": 492,
            "90": 510
        },
        "攻撃力%": {
            "70": 34.1,
            "70+": 34.1,
            "75": 35.9,
            "80": 37.7,
            "80+": 37.7,
            "85": 39.5,
            "90": 41.3
        }
    },
    "武器スキル": {
        "名前": "速射の弓",
        "説明": "通常攻撃のダメージ+40%、狙い撃ち射撃のダメージ-10%",
        "詳細":[
            {
                "種類": "通常攻撃ダメージバフ",
                "数値": {
                    "1": 40,
                    "2": 50,
                    "3": 60,
                    "4": 70,
                    "5": 80
                }
            },
            {
                "種類": "重撃ダメージバフ",
                "数値": {
                    "1": -10,
                    "2": -10,
                    "3": -10,
                    "4": -10,
                    "5": -10
                }
            }
        ]
    }
}