{
    "名前": "西風猟弓",
    "レアリティ": 4,
    "種類": "弓",
    "ステータス": {
        "基礎攻撃力": {
            "70": 347,
            "70+": 373,
            "75": 387,
            "80": 401,
            "80+": 427,
            "85": 440,
            "90": 454
        },
        "元素チャージ効率": {
            "70": 50.5,
            "70+": 50.5,
            "75": 53.2,
            "80": 55.9,
            "80+": 55.9,
            "85": 58.6,
            "90": 61.3
        }
    },
    "武器スキル": {
        "名前": "追い風が吹く",
        "説明": "会心攻撃をした時、?%の確率で少量の元素粒子を生成し、元素エネルギーを6回復する。?秒に1回のみ発動可能。"
    }
}