{
    "名前": "冬極の白星",
    "レアリティ": 5,
    "種類": "弓",
    "ステータス": {
        "基礎攻撃力": {
            "90": 608,
            "85": 586,
            "80+": 563,
            "80": 532,
            "75": 510,
            "70+": 488,
            "70": 457
        },
        "会心率": {
            "90": 33.1,
            "85": 31.6,
            "80+": 30.2,
            "80": 30.2,
            "75": 28.7,
            "70+": 27.3,
            "70": 27.3
        }
    },
    "武器スキル": {
        "名前": "白夜の前兆者",
        "説明": [
            "元素スキルと元素爆発が与えるダメージ+12%。通常攻撃、重撃、元素スキル、元素爆発が敵に命中すると、それぞれ継続時間12秒の「白夜極星」効果を1層獲得する。",
            "「白夜極星」を1/2/3/4層有する時、キャラクターの攻撃力+10/20/30/48%。各攻撃によって獲得する「白夜極星」の継続時間は、層ごとに独立する。"
        ],
        "詳細": [
            {
                "種類": "元素スキルダメージバフ",
                "数値": {
                    "1": 12,
                    "2": 15,
                    "3": 18,
                    "4": 21,
                    "5": 24
                }
            },
            {
                "種類": "元素爆発ダメージバフ",
                "数値": {
                    "1": 12,
                    "2": 15,
                    "3": 18,
                    "4": 21,
                    "5": 24
                }
            },
            {
                "条件": {
                    "1": "[冬極の白星]攻撃力+@10,20,30,48%",
                    "2": "[冬極の白星]攻撃力+@12.5,25,37.5,60%",
                    "3": "[冬極の白星]攻撃力+@15,30,45,72%",
                    "4": "[冬極の白星]攻撃力+@17.5,35,52,5,84%",
                    "5": "[冬極の白星]攻撃力+@20,40,60,96%"
                },
                "種類": "攻撃力%",
                "数値": {
                    "1": 1,
                    "2": 1,
                    "3": 1,
                    "4": 1,
                    "5": 1
                }
            }
        ]
    }
}