{
    "名前": "絶弦",
    "レアリティ": 4,
    "種類": "弓",
    "ステータス": {
        "基礎攻撃力": {
            "70": 388,
            "70+": 414,
            "75": 431,
            "80": 449,
            "80+": 475,
            "85": 492,
            "90": 510
        },
        "元素熟知": {
            "70": 136,
            "70+": 136,
            "75": 144,
            "80": 151,
            "80+": 151,
            "85": 158,
            "90": 165
        }
    },
    "武器スキル": {
        "名前": "矢なしの詩",
        "説明": "元素スキルと元素爆発のダメージ+24%",
        "詳細":[
            {
                "種類": "元素スキルダメージバフ",
                "数値": {
                    "1": 24,
                    "2": 30,
                    "3": 36,
                    "4": 42,
                    "5": 48
                }
            },
            {
                "種類": "元素爆発ダメージバフ",
                "数値": {
                    "1": 24,
                    "2": 30,
                    "3": 36,
                    "4": 42,
                    "5": 48
                }
            }
        ]
    }
}