{
    "名前": "リングボウ",
    "レアリティ": 4,
    "種類": "弓",
    "ステータス": {
        "基礎攻撃力": {
            "70": 347,
            "70+": 373,
            "75": 387,
            "80": 401,
            "80+": 427,
            "85": 440,
            "90": 454
        },
        "物理ダメージバフ": {
            "70": 56.8,
            "70+": 56.8,
            "75": 59.9,
            "80": 62.9,
            "80+": 62.9,
            "85": 65.9,
            "90": 69
        }
    },
    "武器スキル": {
        "名前": "注入の矢",
        "説明": [
            "通常攻撃と狙い撃ち射撃が命中すると、攻撃力+4%、通常攻撃速度+1.2%、持続時間6秒、最大4重まで。0.3秒に1回のみ発動可能。"
        ],
        "詳細": [
            {
                "条件": {
                    "1": "[リングボウ]通常攻撃と狙い撃ち命中後(6秒)攻撃力+@4-16%",
                    "2": "[リングボウ]通常攻撃と狙い撃ち命中後(6秒)攻撃力+@5-20%",
                    "3": "[リングボウ]通常攻撃と狙い撃ち命中後(6秒)攻撃力+@6-24%",
                    "4": "[リングボウ]通常攻撃と狙い撃ち命中後(6秒)攻撃力+@7-28%",
                    "5": "[リングボウ]通常攻撃と狙い撃ち命中後(6秒)攻撃力+@8-32%"
                },
                "種類": "攻撃力%",
                "数値": {
                    "1": 1,
                    "2": 1,
                    "3": 1,
                    "4": 1,
                    "5": 1
                }
            }
        ]
    }
}