{
    "名前": "蒼翠の狩猟弓",
    "レアリティ": 4,
    "種類": "弓",
    "ステータス": {
        "基礎攻撃力": {
            "80": 449,
            "80+": 475,
            "85": 492,
            "90": 510
        },
        "会心率": {
            "80": 25.1,
            "80+": 25.1,
            "85": 26.4,
            "90": 27.6
        }
    },
    "武器スキル": {
        "名前": "「正義」",
        "説明": "通常攻撃と銃撃のダメージ+?%。さらに通常攻撃と重撃が会心時、攻撃力の?%分のHPを回復する。5秒に1回のみ発動可"
    }
}