{
    "名前": "ダークアレイの狩人",
    "レアリティ": 4,
    "種類": "弓",
    "ステータス": {
        "基礎攻撃力": {
            "70": 429,
            "70+": 455,
            "75": 476,
            "80": 497,
            "80+": 523,
            "85": 544,
            "90": 565
        },
        "攻撃力%": {
            "70": 22.7,
            "70+": 22.7,
            "75": 23.9,
            "80": 25.1,
            "80+": 25.1,
            "85": 26.4,
            "90": 27.6
        }
    },
    "武器スキル": {
        "名前": "路地奇襲",
        "説明": [
            "この武器を装備したキャラクターが待機している時、1秒ごとに自身の与えるダメージ+2%。この方式で獲得できるダメージアップ効果は20%まで。",
            "4秒以上フィールド上にいると、上記ダメージアップ効果は0%になるまで、1秒毎に4%ダウンする。"
        ],
        "詳細": [
            {
                "条件": {
                    "1": "[ダークアレイの狩人]与えるダメージ+@2-20%",
                    "2": "[ダークアレイの狩人]与えるダメージ+@2.5-25%",
                    "3": "[ダークアレイの狩人]与えるダメージ+@3-30%",
                    "4": "[ダークアレイの狩人]与えるダメージ+@3.5-35%",
                    "5": "[ダークアレイの狩人]与えるダメージ+@4-40%"
                },
                "種類": "与えるダメージ",
                "数値": {
                    "1": 1,
                    "2": 1,
                    "3": 1,
                    "4": 1,
                    "5": 1
                }
            }
        ]
    }
}