{
    "名前": "流浪楽章",
    "レアリティ": 4,
    "種類": "法器",
    "ステータス": {
        "基礎攻撃力": {
            "80": 449,
            "80+": 475,
            "85": 492,
            "90": 510
        },
        "会心ダメージ": {
            "80": 50.3,
            "80+": 50.3,
            "85": 52.8,
            "90": 55.1
        }
    },
    "武器スキル": {
        "名前": "序曲",
        "説明": "",
        "詳細": [
            {
                "条件": {
                    "1": "[流浪楽章]攻撃力+60%(継続時間10秒)^[流浪楽章]全元素ダメージ+48%(継続時間10秒),[流浪楽章]元素熟知+240(継続時間10秒)",
                    "2": "[流浪楽章]攻撃力+75%(継続時間10秒)^[流浪楽章]全元素ダメージ+60%(継続時間10秒),[流浪楽章]元素熟知+300(継続時間10秒)",
                    "3": "[流浪楽章]攻撃力+90%(継続時間10秒)^[流浪楽章]全元素ダメージ+72%(継続時間10秒),[流浪楽章]元素熟知+360(継続時間10秒)",
                    "4": "[流浪楽章]攻撃力+105%(継続時間10秒)^[流浪楽章]全元素ダメージ+84%(継続時間10秒),[流浪楽章]元素熟知+420(継続時間10秒)",
                    "5": "[流浪楽章]攻撃力+120%(継続時間10秒)^[流浪楽章]全元素ダメージ+96%(継続時間10秒),[流浪楽章]元素熟知+480(継続時間10秒)"
                },
                "種類": "攻撃力%",
                "数値": {
                    "1": 60,
                    "2": 75,
                    "3": 90,
                    "4": 105,
                    "5": 120
                }
            },
            {
                "条件": {
                    "1": "[流浪楽章]全元素ダメージ+48%(継続時間10秒)^[流浪楽章]攻撃力+60%(継続時間10秒),[流浪楽章]元素熟知+240(継続時間10秒)",
                    "2": "[流浪楽章]全元素ダメージ+60%(継続時間10秒)^[流浪楽章]攻撃力+75%(継続時間10秒),[流浪楽章]元素熟知+300(継続時間10秒)",
                    "3": "[流浪楽章]全元素ダメージ+72%(継続時間10秒)^[流浪楽章]攻撃力+90%(継続時間10秒),[流浪楽章]元素熟知+360(継続時間10秒)",
                    "4": "[流浪楽章]全元素ダメージ+84%(継続時間10秒)^[流浪楽章]攻撃力+105%(継続時間10秒),[流浪楽章]元素熟知+420(継続時間10秒)",
                    "5": "[流浪楽章]全元素ダメージ+96%(継続時間10秒)^[流浪楽章]攻撃力+120%(継続時間10秒),[流浪楽章]元素熟知+480(継続時間10秒)"
                },
                "種類": "全元素ダメージバフ",
                "数値": {
                    "1": 48,
                    "2": 60,
                    "3": 72,
                    "4": 84,
                    "5": 96
                }
            },
            {
                "条件": {
                    "1": "[流浪楽章]元素熟知+240(継続時間10秒)^[流浪楽章]全元素ダメージ+48%(継続時間10秒),[流浪楽章]攻撃力+60%(継続時間10秒)",
                    "2": "[流浪楽章]元素熟知+300(継続時間10秒)^[流浪楽章]全元素ダメージ+60%(継続時間10秒),[流浪楽章]攻撃力+75%(継続時間10秒)",
                    "3": "[流浪楽章]元素熟知+360(継続時間10秒)^[流浪楽章]全元素ダメージ+72%(継続時間10秒),[流浪楽章]攻撃力+90%(継続時間10秒)",
                    "4": "[流浪楽章]元素熟知+420(継続時間10秒)^[流浪楽章]全元素ダメージ+84%(継続時間10秒),[流浪楽章]攻撃力+105%(継続時間10秒)",
                    "5": "[流浪楽章]元素熟知+480(継続時間10秒)^[流浪楽章]全元素ダメージ+96%(継続時間10秒),[流浪楽章]攻撃力+120%(継続時間10秒)"
                },
                "種類": "元素熟知",
                "数値": {
                    "1": 240,
                    "2": 300,
                    "3": 360,
                    "4": 420,
                    "5": 480
                }
            }
        ]
    }
}