{
    "名前": "万国諸海の図譜",
    "レアリティ": 4,
    "種類": "法器",
    "ステータス": {
        "基礎攻撃力": {
            "70": 429,
            "70+": 455,
            "75": 476,
            "80": 497,
            "80+": 523,
            "85": 544,
            "90": 565
        },
        "元素熟知": {
            "70": 91,
            "70+": 91,
            "75": 96,
            "80": 101,
            "80+": 101,
            "85": 105,
            "90": 110
        }
    },
    "武器スキル": {
        "名前": "注入の巻",
        "説明": [
            "元素反応を起こした後、元素ダメージ+8%、継続時間10秒、最大2重まで。"
        ],
        "詳細": [
            {
                "条件": {
                    "1": "[万国諸海の図譜]元素反応後(10秒)元素ダメージ+@8,16%",
                    "2": "[万国諸海の図譜]元素反応後(10秒)元素ダメージ+@10,20%",
                    "3": "[万国諸海の図譜]元素反応後(10秒)元素ダメージ+@12,24%",
                    "4": "[万国諸海の図譜]元素反応後(10秒)元素ダメージ+@14,28%",
                    "5": "[万国諸海の図譜]元素反応後(10秒)元素ダメージ+@16,32%"
                },
                "種類": "全元素ダメージバフ",
                "数値": {
                    "1": 1,
                    "2": 1,
                    "3": 1,
                    "4": 1,
                    "5": 1
                }
            }
        ]
    }
}