{
    "名前": "魔導緒論",
    "レアリティ": 4,
    "種類": "法器",
    "ステータス": {
        "基礎攻撃力": {
            "70": 294,
            "70+": 294,
            "75": 304,
            "80": 314,
            "80+": 334,
            "85": 344,
            "90": 354
        },
        "元素熟知": {
            "70": 154,
            "70+": 154,
            "75": 163,
            "80": 171,
            "80+": 171,
            "85": 179,
            "90": 187
        }
    },
    "武器スキル": {
        "名前": "水と雷の破滅",
        "説明": "水元素または雷元素の影響を受けた敵に対するダメージ+12%",
        "詳細": [
            {
                "条件": {
                    "1": "[魔導緒論]与えるダメージ+12%",
                    "2": "[魔導緒論]与えるダメージ+15%",
                    "3": "[魔導緒論]与えるダメージ+18%",
                    "4": "[魔導緒論]与えるダメージ+21%",
                    "5": "[魔導緒論]与えるダメージ+24%"
                },
                "種類": "与えるダメージ",
                "数値": {
                    "1": 12,
                    "2": 15,
                    "3": 18,
                    "4": 21,
                    "5": 24
                }
            }
        ]
    }
}