{
    "名前": "ダークアレイの酒と詩",
    "レアリティ": 4,
    "種類": "法器",
    "ステータス": {
        "基礎攻撃力": {
            "70": 429,
            "70+": 455,
            "75": 476,
            "80": 497,
            "80+": 523,
            "85": 544,
            "90": 565
        },
        "元素チャージ効率": {
            "70": 25.2,
            "70+": 25.2,
            "75": 26.6,
            "80": 27.9,
            "80+": 27.9,
            "85": 29.3,
            "90": 30.6
        }
    },
    "武器スキル": {
        "名前": "千変万化",
        "説明": [
            "通常攻撃が敵に命中すると、ダッシュまたはダッシュを代替する能力のスタミナ消費-14%、持続時間5秒。",
            "また、ダッシュまたはダッシュを代替する能力を使用すると、攻撃力+20%、持続時間5秒。"
        ],
        "詳細": [
            {
                "条件": {
                    "1": "[ダークアレイの酒と詩]攻撃力+20%(持続時間5秒)",
                    "2": "[ダークアレイの酒と詩]攻撃力+25%(持続時間5秒)",
                    "3": "[ダークアレイの酒と詩]攻撃力+30%(持続時間5秒)",
                    "4": "[ダークアレイの酒と詩]攻撃力+35%(持続時間5秒)",
                    "5": "[ダークアレイの酒と詩]攻撃力+40%(持続時間5秒)"
                },
                "種類": "攻撃力%",
                "数値": {
                    "1": 20,
                    "2": 25,
                    "3": 30,
                    "4": 35,
                    "5": 40
                }
            }
        ]
    }
}