{
    "名前": "祭礼の断片",
    "レアリティ": 4,
    "種類": "法器",
    "ステータス": {
        "基礎攻撃力": {
            "80": 401,
            "80+": 427,
            "85": 440,
            "90": 454
        },
        "元素熟知": {
            "80": 55.9,
            "80+": 55.9,
            "85": 58.6,
            "90": 61.3
        }
    },
    "武器スキル": {
        "名前": "落ち着き",
        "説明": "元素スキルが敵にダメージを与えた時、?%の確率で該当スキルのクールタイムをリセットする。30秒毎に1回のみ発動可能。"
    }
}