{
    "名前": "昭心",
    "レアリティ": 4,
    "種類": "法器",
    "ステータス": {
        "基礎攻撃力": {
            "70": 347,
            "70+": 373,
            "75": 387,
            "80": 401,
            "80+": 427,
            "85": 440,
            "90": 454
        },
        "攻撃力%": {
            "70": 45.4,
            "70+": 45.4,
            "75": 47.9,
            "80": 50.3,
            "80+": 50.3,
            "85": 52.7,
            "90": 55.1
        }
    },
    "武器スキル": {
        "名前": "響き",
        "説明": "通常攻撃と重撃が命中する時、50%の確率で昭心法珠を一つ発射し、敵に攻撃力の240%のダメージを与える。敵同士に最大4回跳ね返る。この効果は12秒毎に1回発動可能。",
        "詳細": [
            {
                "名前": "[昭心]ダメージ",
                "種類": "追加ダメージ",
                "元素": "物理",
                "数値": {
                    "1": "240%",
                    "2": "270%",
                    "3": "300%",
                    "4": "330%",
                    "5": "360%"
                }
            }
        ]
    }
}