{
    "名前": "冬忍びの実",
    "レアリティ": 4,
    "種類": "法器",
    "ステータス": {
        "基礎攻撃力": {
            "70": 388,
            "70+": 414,
            "75": 431,
            "80": 449,
            "80+": 475,
            "85": 492,
            "90": 510
        },
        "攻撃力%": {
            "70": 34.1,
            "70+": 34.1,
            "75": 35.9,
            "80": 37.7,
            "80+": 37.7,
            "85": 39.5,
            "90": 41.3
        }
    },
    "武器スキル": {
        "名前": "霜の埋葬",
        "説明": "通常攻撃と重撃が敵に命中した時、60%の確率で敵の上に恒氷晶核が作られ落下し、攻撃力の80%の範囲ダメージを与える。敵が氷元素の影響を受けている場合、攻撃力の200%のダメージを与える。この効果は10秒毎に1回のみ発動可能。",
        "詳細": [
            {
                "名前": "[冬忍びの実]範囲ダメージ",
                "種類": "追加ダメージ",
                "元素": "物理",
                "数値": {
                    "1": "80%",
                    "2": "95%",
                    "3": "110%",
                    "4": "125%",
                    "5": "140%"
                }
            },
            {
                "名前": "[冬忍びの実]範囲ダメージ(氷元素の影響を受けている敵)",
                "種類": "追加ダメージ",
                "元素": "物理",
                "数値": {
                    "1": "200%",
                    "2": "240%",
                    "3": "280%",
                    "4": "320%",
                    "5": "360%"
                }
            }
        ]
    }
}