{
    "名前": "天空の巻",
    "レアリティ": 5,
    "種類": "法器",
    "ステータス": {
        "基礎攻撃力": {
            "70": 506,
            "70+": 537,
            "75": 563,
            "80": 590,
            "80+": 621,
            "85": 648,
            "90": 674
        },
        "攻撃力%": {
            "70": 27.3,
            "70+": 27.3,
            "75": 28.7,
            "80": 30.2,
            "80+": 30.2,
            "85": 31.6,
            "90": 33.1
        }
    },
    "武器スキル": {
        "名前": "四方浮遊する霊雲",
        "説明": "元素ダメージ+12%。通常攻撃が命中した時、50%の確率で高天流雲の好意を獲得し、15秒以内に自分から周囲の敵を攻撃すると、攻撃力の160%相当のダメージを与える。30秒毎に1回のみ発動可能。",
        "詳細": [
            {
                "種類": "全元素ダメージバフ",
                "数値": {
                    "1": 12,
                    "2": 15,
                    "3": 18,
                    "4": 21,
                    "5": 24
                }
            },
            {
                "名前": "[天空の巻]追加ダメージ",
                "種類": "追加ダメージ",
                "元素": "物理",
                "数値": {
                    "1": "160%",
                    "2": "200%",
                    "3": "240%",
                    "4": "280%",
                    "5": "320%"
                }
            }
        ]
    }
}