{
    "名前": "ドドコの物語",
    "レアリティ": 4,
    "種類": "法器",
    "ステータス": {
        "基礎攻撃力": {
            "70": 347,
            "70+": 373,
            "75": 387,
            "80": 401,
            "80+": 427,
            "85": 440,
            "90": 454
        },
        "攻撃力%": {
            "70": 45.4,
            "70+": 45.4,
            "75": 47.9,
            "80": 50.3,
            "80+": 50.3,
            "85": 52.7,
            "90": 55.1
        }
    },
    "武器スキル": {
        "名前": "",
        "説明": "",
        "詳細": [
            {
                "条件": {
                    "1": "[ドドコの物語]重撃ダメージ+16%",
                    "2": "[ドドコの物語]重撃ダメージ+20%",
                    "3": "[ドドコの物語]重撃ダメージ+24%",
                    "4": "[ドドコの物語]重撃ダメージ+28%",
                    "5": "[ドドコの物語]重撃ダメージ+32%"
                },
                "種類": "重撃ダメージバフ",
                "数値": {
                    "1": 16,
                    "2": 20,
                    "3": 24,
                    "4": 28,
                    "5": 32
                }
            },
            {
                "条件": {
                    "1": "[ドドコの物語]攻撃力+8%",
                    "2": "[ドドコの物語]攻撃力+10%",
                    "3": "[ドドコの物語]攻撃力+12%",
                    "4": "[ドドコの物語]攻撃力+14%",
                    "5": "[ドドコの物語]攻撃力+16%"
                },
                "種類": "攻撃力%",
                "数値": {
                    "1": 8,
                    "2": 10,
                    "3": 12,
                    "4": 14,
                    "5": 16
                }
            }
        ]
    }
}