{
    "名前": "匣中日月",
    "レアリティ": 4,
    "種類": "法器",
    "ステータス": {
        "基礎攻撃力": {
            "80": 449,
            "80+": 475,
            "85": 492,
            "90": 510
        },
        "会心率": {
            "80": 25.1,
            "80+": 25.1,
            "85": 26.4,
            "90": 27.6
        }
    },
    "武器スキル": {
        "名前": "",
        "説明": [
            "通常攻撃が命中した後、6秒間元素スキルと元素爆発のダメージ+20%。",
            "元素スキルまたは元素爆発が命中した後、6秒間通常攻撃のダメージ+20%。"
        ],
        "詳細": [
            {
                "条件": {
                    "1": "[匣中日月]通常攻撃命中後(6秒)元素スキルと元素爆発ダメージ+20%",
                    "2": "[匣中日月]通常攻撃命中後(6秒)元素スキルと元素爆発ダメージ+25%",
                    "3": "[匣中日月]通常攻撃命中後(6秒)元素スキルと元素爆発ダメージ+30%",
                    "4": "[匣中日月]通常攻撃命中後(6秒)元素スキルと元素爆発ダメージ+35%",
                    "5": "[匣中日月]通常攻撃命中後(6秒)元素スキルと元素爆発ダメージ+40%"
                },
                "種類": "元素スキルダメージバフ",
                "数値": {
                    "1": 20,
                    "2": 25,
                    "3": 30,
                    "4": 35,
                    "5": 40
                }
            },
            {
                "条件": {
                    "1": "[匣中日月]通常攻撃命中後(6秒)元素スキルと元素爆発ダメージ+20%",
                    "2": "[匣中日月]通常攻撃命中後(6秒)元素スキルと元素爆発ダメージ+25%",
                    "3": "[匣中日月]通常攻撃命中後(6秒)元素スキルと元素爆発ダメージ+30%",
                    "4": "[匣中日月]通常攻撃命中後(6秒)元素スキルと元素爆発ダメージ+35%",
                    "5": "[匣中日月]通常攻撃命中後(6秒)元素スキルと元素爆発ダメージ+40%"
                },
                "種類": "元素爆発ダメージバフ",
                "数値": {
                    "1": 20,
                    "2": 25,
                    "3": 30,
                    "4": 35,
                    "5": 40
                }
            },
            {
                "条件": {
                    "1": "[匣中日月]元素スキルまたは元素爆発命中後(6秒)通常攻撃ダメージ+20%",
                    "2": "[匣中日月]元素スキルまたは元素爆発命中後(6秒)通常攻撃ダメージ+25%",
                    "3": "[匣中日月]元素スキルまたは元素爆発命中後(6秒)通常攻撃ダメージ+30%",
                    "4": "[匣中日月]元素スキルまたは元素爆発命中後(6秒)通常攻撃ダメージ+35%",
                    "5": "[匣中日月]元素スキルまたは元素爆発命中後(6秒)通常攻撃ダメージ+40%"
                },
                "種類": "通常攻撃ダメージバフ",
                "数値": {
                    "1": 20,
                    "2": 25,
                    "3": 30,
                    "4": 35,
                    "5": 40
                }
            }
        ]
    }
}