{
    "名前": "竜殺しの英傑譚",
    "レアリティ": 3,
    "種類": "法器",
    "ステータス": {
        "基礎攻撃力": {
            "90": 401,
            "85": 388,
            "80+": 375,
            "80": 355,
            "75": 342,
            "70+": 329,
            "70": 309
        },
        "HP%": {
            "90": 35.2,
            "85": 33.6,
            "80+": 32.1,
            "80": 32.1,
            "75": 30.5,
            "70+": 29,
            "70": 29
        }
    },
    "武器スキル": {
        "名前": "伝承",
        "説明": "",
        "詳細": []
    }
}