{
    "名前": "旧貴族秘法録",
    "レアリティ": 4,
    "種類": "法器",
    "ステータス": {
        "基礎攻撃力": {
            "70": 429,
            "70+": 455,
            "75": 476,
            "80": 497,
            "80+": 523,
            "85": 544,
            "90": 565
        },
        "攻撃力%": {
            "70": 22.7,
            "70+": 22.7,
            "75": 23.9,
            "80": 25.1,
            "80+": 25.1,
            "85": 26.4,
            "90": 27.6
        }
    },
    "武器スキル": {
        "名前": "集中",
        "説明": [
            "攻撃が敵にダメージを与えた時、会心率+8%、最大5重まで。攻撃会心発動時、効果をクリアにする。"
        ],
        "詳細": [
            {
                "条件": {
                    "1": "[旧貴族秘法録]会心発動まで会心率+@8-40%",
                    "2": "[旧貴族秘法録]会心発動まで会心率+@10-50%",
                    "3": "[旧貴族秘法録]会心発動まで会心率+@12-60%",
                    "4": "[旧貴族秘法録]会心発動まで会心率+@14-70%",
                    "5": "[旧貴族秘法録]会心発動まで会心率+@16-80%"
                },
                "種類": "会心率",
                "数値": {
                    "1": 1,
                    "2": 1,
                    "3": 1,
                    "4": 1,
                    "5": 1
                }
            }
        ]
    }
}