{
    "名前": "四風原典",
    "レアリティ": 5,
    "種類": "法器",
    "ステータス": {
        "基礎攻撃力": {
            "90": 608,
            "85": 586,
            "80+": 563,
            "80": 532,
            "75": 510,
            "70+": 488,
            "70": 457
        },
        "会心率": {
            "90": 33.1,
            "85": 31.6,
            "80+": 30.2,
            "80": 30.2,
            "75": 28.7,
            "70+": 27.3,
            "70": 27.3
        }
    },
    "武器スキル": {
        "名前": "",
        "説明": [
            "",
            ""
        ],
        "詳細": [
            {
                "条件": {
                    "1": "[四風原典]全元素ダメージ+@8,16,24,32%",
                    "2": "[四風原典]全元素ダメージ+@10,20,30,40%",
                    "3": "[四風原典]全元素ダメージ+@12,24,36,48%",
                    "4": "[四風原典]全元素ダメージ+@14,28,42,56%",
                    "5": "[四風原典]全元素ダメージ+@16,32,48,64%"
                },
                "種類": "全元素ダメージバフ",
                "数値": {
                    "1": 1,
                    "2": 1,
                    "3": 1,
                    "4": 1,
                    "5": 1
                }
            }
        ]
    }
}