{
    "名前": "螭龍の剣",
    "レアリティ": 4,
    "種類": "両手剣",
    "ステータス": {
        "基礎攻撃力": {
            "80": 449,
            "80+": 475,
            "85": 492,
            "90": 510
        },
        "会心率": {
            "80": 25.1,
            "80+": 25.1,
            "85": 26.4,
            "90": 27.6
        }
    },
    "武器スキル": {
        "名前": "波乗り",
        "説明": "フィールドにいる時、4秒毎に、与えるダメージ+?%、被ダメージ+?%。最大5重まで、退場後もリセットされず、攻撃を受けると効果数-1。",
        "詳細": [
            {
                "条件": {
                    "1": "[螭龍の剣]出場4秒毎 与えるダメージ+@6,12,18,24,30%",
                    "2": "[螭龍の剣]出場4秒毎 与えるダメージ+@7,14,21,28,35%",
                    "3": "[螭龍の剣]出場4秒毎 与えるダメージ+@8,16,24,32,40%",
                    "4": "[螭龍の剣]出場4秒毎 与えるダメージ+@9,18,27,36,45%",
                    "5": "[螭龍の剣]出場4秒毎 与えるダメージ+@10,20,30,40,50%"
                },
                "種類": "与えるダメージ",
                "数値": {
                    "1": 1,
                    "2": 1,
                    "3": 1,
                    "4": 1,
                    "5": 1
                }
            }
        ]
    }
}