{
    "名前": "古華・試作",
    "レアリティ": 4,
    "種類": "両手剣",
    "ステータス": {
        "基礎攻撃力": {
            "70": 429,
            "70+": 455,
            "75": 476,
            "80": 497,
            "80+": 523,
            "85": 544,
            "90": 565
        },
        "攻撃力%": {
            "70": 22.7,
            "70+": 22.7,
            "75": 23.9,
            "80": 25.1,
            "80+": 25.1,
            "85": 26.4,
            "90": 27.6
        }
    },
    "武器スキル": {
        "名前": "粉砕",
        "説明": [
            "通常攻撃と重撃が命中する時、50%の確率で狭範囲の敵に攻撃力の240%の追加ダメージを与える。15秒毎に1回のみ発動可能。"
        ],
        "詳細": [
            {
                "名前": "[古華・試作]狭範囲ダメージ",
                "種類": "追加ダメージ",
                "元素": "物理",
                "数値": {
                    "1": "240%",
                    "2": "300%",
                    "3": "360%",
                    "4": "420%",
                    "5": "480%"
                }
            }
        ]
    }
}