{
    "名前": "銜玉の海皇",
    "レアリティ": 4,
    "種類": "両手剣",
    "ステータス": {
        "基礎攻撃力": {
            "70": 347,
            "70+": 373,
            "75": 387,
            "80": 401,
            "80+": 427,
            "85": 440,
            "90": 454
        },
        "攻撃力%": {
            "70": 45.4,
            "70+": 45.4,
            "75": 47.9,
            "80": 50.3,
            "80+": 50.3,
            "85": 52.7,
            "90": 55.1
        }
    },
    "武器スキル": {
        "名前": "海の勝利",
        "説明": [
            "元素爆発ダメージ+12%",
            "元素爆発が敵に命中すると、100%の確率でマグロを召喚し、衝撃を与え、攻撃力100%分の範囲ダメージを与える。",
            "この効果は15秒間に1回のみ発動可能。"
        ],
        "詳細": [
            {
                "種類": "元素爆発ダメージバフ",
                "数値": {
                    "1": 12,
                    "2": 15,
                    "3": 18,
                    "4": 21,
                    "5": 24
                }
            },
            {
                "名前": "[銜玉の海皇]範囲ダメージ",
                "種類": "追加ダメージ",
                "元素": "物理",
                "数値": {
                    "1": "100%",
                    "2": "125%",
                    "3": "150%",
                    "4": "175%",
                    "5": "200%"
                }
            }
        ]
    }
}