{
    "名前": "雨裁",
    "レアリティ": 4,
    "種類": "両手剣",
    "ステータス": {
        "基礎攻撃力": {
            "70": 388,
            "70+": 414,
            "75": 431,
            "80": 449,
            "80+": 475,
            "85": 492,
            "90": 510
        },
        "元素熟知": {
            "70": 136,
            "70+": 136,
            "75": 144,
            "80": 151,
            "80+": 151,
            "85": 158,
            "90": 165
        }
    },
    "武器スキル": {
        "名前": "水と雷の破滅",
        "説明": "水元素または雷元素の影響を受けた敵に対するダメージ+20%。",
        "詳細": [
            {
                "条件": {
                    "1": "[雨裁]水元素または雷元素の影響を受けた敵 ダメージ+20%",
                    "2": "[雨裁]水元素または雷元素の影響を受けた敵 ダメージ+24%",
                    "3": "[雨裁]水元素または雷元素の影響を受けた敵 ダメージ+28%",
                    "4": "[雨裁]水元素または雷元素の影響を受けた敵 ダメージ+32%",
                    "5": "[雨裁]水元素または雷元素の影響を受けた敵 ダメージ+36%"
                },
                "種類": "与えるダメージ",
                "数値": {
                    "1": 20,
                    "2": 24,
                    "3": 28,
                    "4": 32,
                    "5": 36
                }
            }
        ]
    }
}