{
    "名前": "白影の剣",
    "レアリティ": 4,
    "種類": "両手剣",
    "ステータス": {
        "基礎攻撃力": {
            "70": 388,
            "70+": 414,
            "75": 431,
            "80": 449,
            "80+": 475,
            "85": 492,
            "90": 510
        },
        "防御力%": {
            "70": 42.6,
            "70+": 42.6,
            "75": 44.9,
            "80": 47.2,
            "80+": 47.2,
            "85": 49.5,
            "90": 51.7
        }
    },
    "武器スキル": {
        "名前": "注入の刃",
        "説明": "通常攻撃と重撃が命中すると、攻撃力と防御力+?%、継続時間6秒、最大4重まで。0.5秒毎に1回のみ発動可能。",
        "詳細": [
            {
                "条件": {
                    "1": "[白影の剣]通常攻撃と重撃命中後(6秒)攻撃力と防御力+@6,12,18,24%",
                    "2": "[白影の剣]通常攻撃と重撃命中後(6秒)攻撃力と防御力+@7.5,15,22.5,30%",
                    "3": "[白影の剣]通常攻撃と重撃命中後(6秒)攻撃力と防御力+@9,18,27,36%",
                    "4": "[白影の剣]通常攻撃と重撃命中後(6秒)攻撃力と防御力+@10.5,21,31.5,42%",
                    "5": "[白影の剣]通常攻撃と重撃命中後(6秒)攻撃力と防御力+@12,24,36,48%"
                },
                "種類": "攻撃力%",
                "数値": {
                    "1": 1,
                    "2": 1,
                    "3": 1,
                    "4": 1,
                    "5": 1
                }
            },
            {
                "条件": {
                    "1": "[白影の剣]通常攻撃と重撃命中後(6秒)攻撃力と防御力+@6,12,18,24%",
                    "2": "[白影の剣]通常攻撃と重撃命中後(6秒)攻撃力と防御力+@7.5,15,22.5,30%",
                    "3": "[白影の剣]通常攻撃と重撃命中後(6秒)攻撃力と防御力+@9,18,27,36%",
                    "4": "[白影の剣]通常攻撃と重撃命中後(6秒)攻撃力と防御力+@10.5,21,31.5,42%",
                    "5": "[白影の剣]通常攻撃と重撃命中後(6秒)攻撃力と防御力+@12,24,36,48%"
                },
                "種類": "防御力%",
                "数値": {
                    "1": 1,
                    "2": 1,
                    "3": 1,
                    "4": 1,
                    "5": 1
                }
            }
        ]
    }
}