{
    "名前": "白影の剣",
    "レアリティ": 4,
    "種類": "両手剣",
    "ステータス": {
        "基礎攻撃力": {
            "70": 388,
            "70+": 414,
            "75": 431,
            "80": 449,
            "80+": 475,
            "85": 492,
            "90": 510
        },
        "防御力%": {
            "70": 42.6,
            "70+": 42.6,
            "75": 44.9,
            "80": 47.2,
            "80+": 47.2,
            "85": 49.5,
            "90": 51.7
        }
    },
    "武器スキル": {
        "名前": "注入の刃",
        "説明": "通常攻撃と重撃が命中すると、攻撃力と防御力+?%、継続時間6秒、最大4重まで。0.5秒毎に1回のみ発動可能。",
        "詳細": [
            {
                "条件": "[白影の剣]注入の刃@1-4重",
                "種類": "攻撃力%",
                "数値": {
                    "1": 6,
                    "2": 7.5,
                    "3": 9,
                    "4": 10.5,
                    "5": 12
                }
            },
            {
                "条件": "[白影の剣]注入の刃@1-4重",
                "種類": "防御力%",
                "数値": {
                    "1": 6,
                    "2": 7.5,
                    "3": 9,
                    "4": 10.5,
                    "5": 12
                }
            }
        ]
    }
}