{
    "名前": "無工の剣",
    "レアリティ": 5,
    "種類": "両手剣",
    "ステータス": {
        "基礎攻撃力": {
            "90": 608,
            "85": 586,
            "80+": 563,
            "80": 532,
            "75": 510,
            "70+": 488,
            "70": 457
        },
        "攻撃力%": {
            "90": 49.6,
            "85": 47.4,
            "80+": 45.3,
            "80": 45.3,
            "75": 43.1,
            "70+": 40.9,
            "70": 40.9
        }
    },
    "武器スキル": {
        "名前": "金璋君臨",
        "説明": "シールド強化+?%。攻撃が命中した8秒間、攻撃力+?%。この効果は最大5重まで、0.3秒毎に1回のみ発動可能。また、シールド状態の時、攻撃力アップの効果量は2倍になる。",
        "詳細": [
            {
                "種類": "シールド強化",
                "数値": {
                    "1": 20,
                    "2": 25,
                    "3": 30,
                    "4": 35,
                    "5": 40
                }
            },
            {
                "条件": {
                    "1": "[無工の剣]攻撃力+@4,8,12,16,20%",
                    "2": "[無工の剣]攻撃力+@5,10,15,20,25%",
                    "3": "[無工の剣]攻撃力+@6,12,18,24,30%",
                    "4": "[無工の剣]攻撃力+@7,14,21,28,35%",
                    "5": "[無工の剣]攻撃力+@8,16,24,32,40%"
                },
                "種類": "攻撃力%",
                "数値": {
                    "1": 1,
                    "2": 1,
                    "3": 1,
                    "4": 1,
                    "5": 1
                }
            },
            {
                "条件": {
                    "1": "[無工の剣]攻撃力+@4,8,12,16,20%&シールド状態",
                    "2": "[無工の剣]攻撃力+@5,10,15,20,25%&シールド状態",
                    "3": "[無工の剣]攻撃力+@6,12,18,24,30%&シールド状態",
                    "4": "[無工の剣]攻撃力+@7,14,21,28,35%&シールド状態",
                    "5": "[無工の剣]攻撃力+@8,16,24,32,40%&シールド状態"
                },
                "種類": "攻撃力%",
                "数値": {
                    "1": 1,
                    "2": 1,
                    "3": 1,
                    "4": 1,
                    "5": 1
                }
            }
        ]
    }
}