{
    "名前": "螭龍の剣",
    "レアリティ": 4,
    "種類": "両手剣",
    "ステータス": {
        "基礎攻撃力": {
            "80": 449,
            "80+": 475,
            "85": 492,
            "90": 510
        },
        "会心率": {
            "80": 25.1,
            "80+": 25.1,
            "85": 26.4,
            "90": 27.6
        }
    },
    "武器スキル": {
        "名前": "波乗り",
        "説明": "フィールドにいる時、4秒毎に、与えるダメージ+?%、被ダメージ+?%。最大5重まで、退場後もリセットされず、攻撃を受けると効果数-1。",
        "詳細": [
            {
                "条件": "[螭龍の剣]波乗り@1-5重",
                "種類": "与えるダメージ",
                "数値": {
                    "1": 6,
                    "2": 7,
                    "3": 8,
                    "4": 9,
                    "5": 10
                }
            }
        ]
    }
}