{
    "名前": "千岩古剣",
    "レアリティ": 4,
    "種類": "両手剣",
    "ステータス": {
        "基礎攻撃力": {
            "70": 388,
            "70+": 414,
            "75": 431,
            "80": 449,
            "80+": 475,
            "85": 492,
            "90": 510
        },
        "攻撃力%": {
            "70": 34.1,
            "70+": 34.1,
            "75": 35.9,
            "80": 37.7,
            "80+": 37.7,
            "85": 39.5,
            "90": 41.3
        }
    },
    "武器スキル": {
        "名前": "千岩訣・同心",
        "説明": [
            "チームに璃月出身のキャラクターが1人いる毎に、この武器を装備したキャラクターの攻撃力＋7%、会心率＋3%。最大4重まで。"
        ],
        "詳細": [
            {
                "条件": "[千岩古剣]攻撃力＆会心率+×璃月出身キャラクター@1-4人",
                "種類": "攻撃力%",
                "数値": {
                    "1": 7,
                    "2": 8,
                    "3": 9,
                    "4": 10,
                    "5": 11
                }
            },
            {
                "条件": "[千岩古剣]攻撃力＆会心率+×璃月出身キャラクター@1-4人",
                "種類": "会心率",
                "数値": {
                    "1": 3,
                    "2": 4,
                    "3": 5,
                    "4": 6,
                    "5": 7
                }
            }
        ]
    }
}