{
    "名前": "ノエルの剣",
    "レアリティ": 5,
    "種類": "両手剣",
    "ステータス": {
        "基礎攻撃力": {
            "80": 475,
            "80+": 506,
            "85": 524,
            "90": 542
        },
        "会心ダメージ": {
            "80": 80.4,
            "80+": 80.4,
            "85": 84.3,
            "90": 88.2
        }
    },
    "武器スキル": {
        "名前": "",
        "説明": "",
        "詳細": [
            {
                "種類": "防御力%",
                "数値": {
                    "1": 20,
                    "2": 25,
                    "3": 30,
                    "4": 35,
                    "5": 40
                }
            },
            {
                "種類": "通常攻撃ダメージバフ",
                "数値": {
                    "1": 36,
                    "2": 45,
                    "3": 54,
                    "4": 63,
                    "5": 72
                }
            },
            {
                "種類": "重撃ダメージバフ",
                "数値": {
                    "1": 36,
                    "2": 45,
                    "3": 54,
                    "4": 63,
                    "5": 72
                }
            }
        ]
    }
}