{
    "名前": "鐘の剣",
    "レアリティ": 4,
    "種類": "両手剣",
    "ステータス": {
        "基礎攻撃力": {
            "70": 388,
            "70+": 414,
            "75": 431,
            "80": 449,
            "80+": 475,
            "85": 492,
            "90": 510
        },
        "HP%": {
            "70": 34.1,
            "70+": 34.1,
            "75": 35.9,
            "80": 37.7,
            "80+": 37.7,
            "85": 39.5,
            "90": 41.3
        }
    },
    "武器スキル": {
        "名前": "反逆の守護者",
        "説明": "ダメージを受けた時、HP上限の20%に相当するダメージを吸収できるシールドを生成する。継続時間は最大10秒まで。45秒の毎に1回のみ発動する。シールドが存在する時、キャラクターの与えるダメージ+12%。",
        "詳細": [
            {
                "名前": "[鐘の剣]シールド",
                "種類": "シールド",
                "数値": {
                    "1": "20%HP上限",
                    "2": "23%HP上限",
                    "3": "26%HP上限",
                    "4": "29%HP上限",
                    "5": "32%HP上限"
                },
                "元素": "物理"
            },
            {
                "条件": "シールド状態",
                "種類": "与えるダメージ",
                "数値": {
                    "1": 12,
                    "2": 15,
                    "3": 18,
                    "4": 21,
                    "5": 24
                }
            }
        ]
    }
}