{
    "名前": "無工の剣",
    "レアリティ": 5,
    "種類": "両手剣",
    "ステータス": {
        "基礎攻撃力": {
            "90": 608,
            "85": 586,
            "80+": 563,
            "80": 532,
            "75": 510,
            "70+": 488,
            "70": 457
        },
        "攻撃力%": {
            "90": 49.6,
            "85": 47.4,
            "80+": 45.3,
            "80": 45.3,
            "75": 43.1,
            "70+": 40.9,
            "70": 40.9
        }
    },
    "特殊能力": {
        "名前": "金璋君臨",
        "説明": "シールド強化+?%。攻撃が命中した8秒間、攻撃力+?%。この効果は最大5重まで、0.3秒毎に1回のみ発動可能。また、シールド状態の時、攻撃力アップの効果量は2倍になる。",
        "詳細": [
            {
                "種類": "シールド強化",
                "数値": {
                    "1": 20,
                    "2": 25,
                    "3": 30,
                    "4": 35,
                    "5": 40
                }
            },
            {
                "条件": "攻撃が命中@1重",
                "種類": "攻撃力%",
                "数値": {
                    "1": 4,
                    "2": 5,
                    "3": 6,
                    "4": 7,
                    "5": 8
                }
            },
            {
                "条件": "攻撃が命中@2重",
                "種類": "攻撃力%",
                "数値": {
                    "1": 8,
                    "2": 10,
                    "3": 12,
                    "4": 14,
                    "5": 16
                }
            },
            {
                "条件": "攻撃が命中@3重",
                "種類": "攻撃力%",
                "数値": {
                    "1": 12,
                    "2": 15,
                    "3": 18,
                    "4": 21,
                    "5": 24
                }
            },
            {
                "条件": "攻撃が命中@4重",
                "種類": "攻撃力%",
                "数値": {
                    "1": 16,
                    "2": 20,
                    "3": 24,
                    "4": 28,
                    "5": 32
                }
            },
            {
                "条件": "攻撃が命中@5重",
                "種類": "攻撃力%",
                "数値": {
                    "1": 20,
                    "2": 25,
                    "3": 30,
                    "4": 35,
                    "5": 40
                }
            },
            {
                "条件": "攻撃が命中@1重,シールド状態",
                "種類": "攻撃力%",
                "数値": {
                    "1": 4,
                    "2": 5,
                    "3": 6,
                    "4": 7,
                    "5": 8
                }
            },
            {
                "条件": "攻撃が命中@2重,シールド状態",
                "種類": "攻撃力%",
                "数値": {
                    "1": 8,
                    "2": 10,
                    "3": 12,
                    "4": 14,
                    "5": 16
                }
            },
            {
                "条件": "攻撃が命中@3重,シールド状態",
                "種類": "攻撃力%",
                "数値": {
                    "1": 12,
                    "2": 15,
                    "3": 18,
                    "4": 21,
                    "5": 24
                }
            },
            {
                "条件": "攻撃が命中@4重,シールド状態",
                "種類": "攻撃力%",
                "数値": {
                    "1": 16,
                    "2": 20,
                    "3": 24,
                    "4": 28,
                    "5": 32
                }
            },
            {
                "条件": "攻撃が命中@5重,シールド状態",
                "種類": "攻撃力%",
                "数値": {
                    "1": 20,
                    "2": 25,
                    "3": 30,
                    "4": 35,
                    "5": 40
                }
            }
        ]
    }
}