{
    "名前": "狼の末路",
    "レアリティ": 5,
    "種類": "両手剣",
    "ステータス": {
        "基礎攻撃力": {
            "90": 608,
            "85": 586,
            "80+": 563,
            "80": 532,
            "75": 510,
            "70+": 488,
            "70": 457
        },
        "攻撃力%": {
            "90": 49.6,
            "85": 47.4,
            "80+": 45.3,
            "80": 45.3,
            "75": 43.1,
            "70+": 40.9,
            "70": 40.9
        }
    },
    "オプション初期値": {
        "[狼の末路]攻撃力+": null
    },
    "武器スキル": {
        "名前": "狼のような狩人",
        "説明": "攻撃力+?%。HPが30%以下の敵に命中すると、チーム全員の攻撃力+?%、継続時間12秒。30秒に1回のみ発動可能。",
        "詳細": [
            {
                "種類": "攻撃力%",
                "数値": {
                    "1": 20,
                    "2": 25,
                    "3": 30,
                    "4": 35,
                    "5": 40
                }
            },
            {
                "条件": {
                    "1": "[狼の末路]攻撃力+@40%",
                    "2": "[狼の末路]攻撃力+@50%",
                    "3": "[狼の末路]攻撃力+@60%",
                    "4": "[狼の末路]攻撃力+@70%",
                    "5": "[狼の末路]攻撃力+@80%"
                },
                "種類": "攻撃力%",
                "数値": {
                    "1": 40,
                    "2": 50,
                    "3": 60,
                    "4": 70,
                    "5": 80
                }
            }
        ]
    }
}