{
    "名前": "ノエルの剣",
    "レアリティ": 5,
    "種類": "両手剣",
    "ステータス": {
        "基礎攻撃力": {
            "80": 475,
            "80+": 506,
            "85": 524,
            "90": 542
        },
        "会心ダメージ": {
            "80": 80.4,
            "80+": 80.4,
            "85": 84.3,
            "90": 88.2
        }
    },
    "武器スキル": {
        "名前": "",
        "説明": "",
        "詳細": [
            {
                "種類": "防御力%",
                "数値": {
                    "1": 28,
                    "2": 35,
                    "3": 42,
                    "4": 49,
                    "5": 56
                }
            },
            {
                "種類": "通常攻撃ダメージアップ",
                "対象": "通常攻撃ダメージ",
                "数値": {
                    "1": "40%防御力",
                    "2": "50%防御力",
                    "3": "60%防御力",
                    "4": "70%防御力",
                    "5": "80%防御力"
                }
            },
            {
                "種類": "重撃ダメージアップ",
                "対象": "重撃ダメージ",
                "数値": {
                    "1": "40%防御力",
                    "2": "50%防御力",
                    "3": "60%防御力",
                    "4": "70%防御力",
                    "5": "80%防御力"
                }
            }
        ]
    }
}