{
    "名前": "松韻の響く頃",
    "レアリティ": 5,
    "種類": "両手剣",
    "ステータス": {
        "基礎攻撃力": {
            "70": 555,
            "70+": 586,
            "75": 617,
            "80": 648,
            "80+": 679,
            "85": 709,
            "90": 741
        },
        "物理ダメージバフ": {
            "70": 17,
            "70+": 17,
            "75": 17.9,
            "80": 18.9,
            "80+": 18.9,
            "85": 19.8,
            "90": 20.7
        }
    },
    "武器スキル": {
        "名前": "反抗と旗掲げの歌",
        "説明": [
            "風と共に流れる「千年の大楽章」の一部。攻撃力+16%。",
            "通常攻撃または重撃が敵に命中すると、囁きの欠片を1枚獲得する。この効果は0.3秒毎に1回のみ発動できる。",
            "囁きの欠片を4枚集めると、全ての囁きの欠片を消費し、周囲チーム全員に12秒間継続する「千年の大楽章・旗掲げの歌」効果を付与する:通常攻撃速度+12%、攻撃力+20%。",
            "発動後の20秒間、囁きの欠片を再度取得することはできない。「千年の大楽章」のもたらす各効果中、同種類の効果の重ね掛け不可。"
        ],
        "詳細": [
            {
                "種類": "攻撃力%",
                "数値": {
                    "1": 16,
                    "2": 20,
                    "3": 24,
                    "4": 28,
                    "5": 32
                }
            },
            {
                "条件": {
                    "1": "[松韻の響く頃]通常攻撃速度+12%、攻撃力+20%",
                    "2": "[松韻の響く頃]通常攻撃速度+15%、攻撃力+25%",
                    "3": "[松韻の響く頃]通常攻撃速度+18%、攻撃力+30%",
                    "4": "[松韻の響く頃]通常攻撃速度+21%、攻撃力+35%",
                    "5": "[松韻の響く頃]通常攻撃速度+24%、攻撃力+40%"
                },
                "種類": "攻撃力%",
                "数値": {
                    "1": 20,
                    "2": 25,
                    "3": 30,
                    "4": 35,
                    "5": 40
                }
            }
        ]
    }
}