{
    "名前": "天空の傲",
    "レアリティ": 5,
    "種類": "両手剣",
    "ステータス": {
        "基礎攻撃力": {
            "70": 506,
            "70+": 537,
            "75": 563,
            "80": 590,
            "80+": 621,
            "85": 648,
            "90": 674
        },
        "元素チャージ効率": {
            "70": 30.3,
            "70+": 30.3,
            "75": 31.9,
            "80": 33.5,
            "80+": 33.5,
            "85": 35.1,
            "90": 36.8
        }
    },
    "武器スキル": {
        "名前": "晴れ空を裂く龍の骨",
        "説明": "与えるダメージ+8%。元素爆発を発動した後、通常攻撃と重撃が命中すると真空の刃を放ち、経路上の敵に攻撃力の80%のダメージを与える、継続時間20秒または真空の刃を8回発動するまで。",
        "詳細": [
            {
                "種類": "与えるダメージ",
                "数値": {
                    "1": 8,
                    "2": 10,
                    "3": 12,
                    "4": 14,
                    "5": 16
                }
            },
            {
                "名前": "[天空の傲]追加ダメージ",
                "種類": "追加ダメージ",
                "元素": "物理",
                "数値": {
                    "1": "80%",
                    "2": "100%",
                    "3": "120%",
                    "4": "140%",
                    "5": "160%"
                }
            }
        ]
    }
}