{
    "名前": "桂木斬長正",
    "レアリティ": 4,
    "種類": "両手剣",
    "ステータス": {
        "基礎攻撃力": {
            "70": 388,
            "70+": 414,
            "75": 431,
            "80": 449,
            "80+": 475,
            "85": 492,
            "90": 510
        },
        "元素チャージ効率": {
            "70": 37.9,
            "70+": 37.9,
            "75": 39.9,
            "80": 41.9,
            "80+": 41.9,
            "85": 43.9,
            "90": 45.9
        }
    },
    "武器スキル": {
        "名前": "名士の振舞",
        "説明": [
            "元素スキルのダメージ＋6%。",
            "元素スキルが命中した時、キャラクターは元素エネルギーを3ポイント失う。",
            "その後の6秒間2秒毎に元素エネルギーを3ポイント獲得する。",
            "この効果は10秒毎1回のみ発動でき待機中のキャラクターも発動できる。"
        ],
        "詳細": [
            {
                "種類": "元素スキルダメージバフ",
                "数値": {
                    "1": 6,
                    "2": 7.5,
                    "3": 9,
                    "4": 10.5,
                    "5": 12
                }
            }
        ]
    }
}