{
    "名前": "惡王丸",
    "レアリティ": 4,
    "種類": "両手剣",
    "ステータス": {
        "基礎攻撃力": {
            "70": 388,
            "70+": 414,
            "75": 431,
            "80": 449,
            "80+": 475,
            "85": 492,
            "90": 510
        },
        "攻撃力%": {
            "70": 34.1,
            "70+": 34.1,
            "75": 35.9,
            "80": 37.7,
            "80+": 37.7,
            "85": 39.5,
            "90": 41.3
        }
    },
    "武器スキル": {
        "名前": "波を統べる海祇の民",
        "説明": [
            "チーム全員の元素エネルギー上限の合計を基に、元素爆発ダメージをアップさせる。",
            "1ポイン卜につき、装備したキャラクターの元素爆発ダメージ+0.12%。この方式アップできる元素爆発ダメージは最大40%まで。"
        ],
        "詳細": [
            {
                "条件": {
                    "1": "[惡王丸]元素爆発ダメージ+0.12%×元素エネルギー@10-330",
                    "2": "[惡王丸]元素爆発ダメージ+0.15%×元素エネルギー@10-330",
                    "3": "[惡王丸]元素爆発ダメージ+0.18%×元素エネルギー@10-330",
                    "4": "[惡王丸]元素爆発ダメージ+0.21%×元素エネルギー@10-330",
                    "5": "[惡王丸]元素爆発ダメージ+0.24%×元素エネルギー@10-330"
                },
                "種類": "元素爆発ダメージバフ",
                "数値": {
                    "1": 0.12,
                    "2": 0.15,
                    "3": 0.18,
                    "4": 0.21,
                    "5": 0.24
                }
            }
        ]
    },
    "オプション初期値": {
        "[惡王丸]元素爆発ダメージ+0.12%×元素エネルギー": 30,
        "[惡王丸]元素爆発ダメージ+0.15%×元素エネルギー": 30,
        "[惡王丸]元素爆発ダメージ+0.18%×元素エネルギー": 30,
        "[惡王丸]元素爆発ダメージ+0.21%×元素エネルギー": 30,
        "[惡王丸]元素爆発ダメージ+0.24%×元素エネルギー": 30
    }
}