{
    "名前": "千岩長槍",
    "レアリティ": 4,
    "種類": "長柄武器",
    "ステータス": {
        "基礎攻撃力": {
            "70": 429,
            "70+": 455,
            "75": 476,
            "80": 497,
            "80+": 523,
            "85": 544,
            "90": 565
        },
        "攻撃力%": {
            "70": 22.7,
            "70+": 22.7,
            "75": 23.9,
            "80": 25.1,
            "80+": 25.1,
            "85": 26.4,
            "90": 27.6
        }
    },
    "オプション初期値": {
        "[千岩長槍]璃月キャラ1人毎に攻撃力と会心率+": 3
    },
    "武器スキル": {
        "名前": "千岩訣・同心",
        "説明": [
            "チームに璃月出身のキャラクターが1人いる毎に、この武器を装備したキャラクターの攻撃力＋7%、会心率＋3%。最大4重まで。"
        ],
        "詳細": [
            {
                "条件": "[千岩長槍]璃月キャラ1人毎に攻撃力と会心率+@1-4人",
                "種類": "攻撃力%",
                "数値": {
                    "1": 7,
                    "2": 8,
                    "3": 9,
                    "4": 10,
                    "5": 11
                }
            },
            {
                "条件": "[千岩長槍]璃月キャラ1人毎に攻撃力と会心率+@1-4人",
                "種類": "会心率",
                "数値": {
                    "1": 3,
                    "2": 4,
                    "3": 5,
                    "4": 6,
                    "5": 7
                }
            }
        ]
    }
}