{
    "名前": "黒纓槍",
    "レアリティ": 3,
    "種類": "長柄武器",
    "ステータス": {
        "基礎攻撃力": {
            "70": 294,
            "70+": 294,
            "75": 304,
            "80": 314,
            "80+": 334,
            "85": 344,
            "90": 354
        },
        "HP%": {
            "70": 38.7,
            "70+": 38.7,
            "75": 40.7,
            "80": 42.8,
            "80+": 42.8,
            "85": 44.9,
            "90": 46.9
        }
    },
    "武器スキル": {
        "名前": "スライム殺し",
        "説明": "スライムタイプの敵に対するダメージ+40%。",
        "詳細": [
            {
                "条件": {
                    "1": "[黒纓槍]スライムタイプの敵に対するダメージ+40%",
                    "2": "[黒纓槍]スライムタイプの敵に対するダメージ+50%",
                    "3": "[黒纓槍]スライムタイプの敵に対するダメージ+60%",
                    "4": "[黒纓槍]スライムタイプの敵に対するダメージ+70%",
                    "5": "[黒纓槍]スライムタイプの敵に対するダメージ+80%"
                },
                "種類": "与えるダメージ",
                "数値": {
                    "1": 40,
                    "2": 50,
                    "3": 60,
                    "4": 70,
                    "5": 80
                }
            }
        ]
    }
}