{
    "名前": "斬波のひれ長",
    "レアリティ": 4,
    "種類": "長柄武器",
    "ステータス": {
        "基礎攻撃力": {
            "70": 470,
            "70+": 496,
            "75": 520,
            "80": 545,
            "80+": 571,
            "85": 595,
            "90": 620
        },
        "攻撃力%": {
            "70": 11.4,
            "70+": 11.4,
            "75": 12,
            "80": 12.6,
            "80+": 12.6,
            "85": 13.2,
            "90": 13.8
        }
    },
    "武器スキル": {
        "名前": "波を統べる海祇の民",
        "説明": [
            "チーム全員の元素エネルギー上限の合計を基に、元素爆発ダメージをアップさせる。",
            "1ポイン卜につき、装備したキャラクターの元素爆発ダメージ+0.12%。この方式アップできる元素爆発ダメージは最大40%まで。"
        ],
        "詳細": [
            {
                "条件": {
                    "1": "[斬波のひれ長]元素爆発ダメージ+0.12%×元素エネルギー@10-330",
                    "2": "[斬波のひれ長]元素爆発ダメージ+0.15%×元素エネルギー@10-330",
                    "3": "[斬波のひれ長]元素爆発ダメージ+0.18%×元素エネルギー@10-330",
                    "4": "[斬波のひれ長]元素爆発ダメージ+0.21%×元素エネルギー@10-330",
                    "5": "[斬波のひれ長]元素爆発ダメージ+0.24%×元素エネルギー@10-330"
                },
                "種類": "元素爆発ダメージバフ",
                "数値": {
                    "1": 0.12,
                    "2": 0.15,
                    "3": 0.18,
                    "4": 0.21,
                    "5": 0.24
                }
            }
        ]
    },
    "オプション初期値": {
        "[斬波のひれ長]元素爆発ダメージ+0.12%×元素エネルギー": 30,
        "[斬波のひれ長]元素爆発ダメージ+0.15%×元素エネルギー": 30,
        "[斬波のひれ長]元素爆発ダメージ+0.18%×元素エネルギー": 30,
        "[斬波のひれ長]元素爆発ダメージ+0.21%×元素エネルギー": 30,
        "[斬波のひれ長]元素爆発ダメージ+0.24%×元素エネルギー": 30
    }
}