{
    "名前": "天空の脊",
    "レアリティ": 5,
    "種類": "長柄武器",
    "ステータス": {
        "基礎攻撃力": {
            "70": 506,
            "70+": 537,
            "75": 563,
            "80": 590,
            "80+": 621,
            "85": 648,
            "90": 674
        },
        "元素チャージ効率": {
            "70": 30.3,
            "70+": 30.3,
            "75": 31.9,
            "80": 33.5,
            "80+": 33.5,
            "85": 35.1,
            "90": 36.8
        }
    },
    "武器スキル": {
        "名前": "黒翼を切り裂く鋭牙",
        "説明": "会心率+8%、通常攻撃速度+12%。通常攻撃と重撃が命中時、50%の確率で真空刃を発動し、攻撃力の40%の狭範囲ダメージを与える。2秒毎に1回のみ発動可能。",
        "詳細": [
            {
                "種類": "会心率",
                "数値": {
                    "1": 8,
                    "2": 10,
                    "3": 12,
                    "4": 14,
                    "5": 16
                }
            },
            {
                "名前": "[天空の脊]狭範囲ダメージ",
                "種類": "追加ダメージ",
                "元素": "物理",
                "数値": {
                    "1": "40%",
                    "2": "55%",
                    "3": "70%",
                    "4": "85%",
                    "5": "100%"
                }
            }
        ]
    }
}