{
    "名前": "護摩の杖",
    "レアリティ": 5,
    "種類": "長柄武器",
    "ステータス": {
        "基礎攻撃力": {
            "90": 608,
            "85": 586,
            "80+": 563,
            "80": 532,
            "75": 510,
            "70+": 488,
            "70": 457
        },
        "会心ダメージ": {
            "90": 66.2,
            "85": 63.2,
            "80+": 60.3,
            "80": 60.3,
            "75": 57.4,
            "70+": 54.5,
            "70": 54.5
        }
    },
    "武器スキル": {
        "名前": "縛り無き朱色の蝶",
        "説明": "HP上限+20%。また、キャラクターのHP上限の0.8%分、攻撃力がアップする。キャラクターのHPが50%未満の時、攻撃力が更にHP上限の1%分アップする。",
        "詳細": [
            {
                "種類": "HP%",
                "数値": {
                    "1": 20,
                    "2": 25,
                    "3": 30,
                    "4": 35,
                    "5": 40
                }
            },
            {
                "種類": "攻撃力",
                "数値": {
                    "1": "0.8%HP上限",
                    "2": "1.0%HP上限",
                    "3": "1.2%HP上限",
                    "4": "1.4%HP上限",
                    "5": "1.6%HP上限"
                }
            },
            {
                "条件": {
                    "1": "[護摩の杖]攻撃力+1%HP上限",
                    "2": "[護摩の杖]攻撃力+1.2%HP上限",
                    "3": "[護摩の杖]攻撃力+1.4%HP上限",
                    "4": "[護摩の杖]攻撃力+1.6%HP上限",
                    "5": "[護摩の杖]攻撃力+1.8%HP上限"
                },
                "種類": "攻撃力",
                "数値": {
                    "1": "1%HP上限",
                    "2": "1.2%HP上限",
                    "3": "1.4%HP上限",
                    "4": "1.6%HP上限",
                    "5": "1.8%HP上限"
                }
            }
        ]
    }
}