{
    "名前": "死闘の槍",
    "レアリティ": 4,
    "種類": "長柄武器",
    "ステータス": {
        "基礎攻撃力": {
            "70": 347,
            "70+": 373,
            "75": 387,
            "80": 401,
            "80+": 427,
            "85": 440,
            "90": 454
        },
        "会心率": {
            "70": 30.3,
            "70+": 30.3,
            "75": 31.9,
            "80": 33.5,
            "80+": 33.5,
            "85": 35.1,
            "90": 36.8
        }
    },
    "武器スキル": {
        "名前": "剣闘士",
        "説明": [
            "近くに敵が2人以上いる時、攻撃力+16%、防御力+16%。近くに敵が2人未満の時、攻撃力+24%。"
        ],
        "詳細": [
            {
                "条件": {
                    "1": "[死闘の槍]敵が近くに2人以上いる時、攻撃力と防御力+16%^[死闘の槍]敵が近くに2人未満の時、攻撃力+24%",
                    "2": "[死闘の槍]敵が近くに2人以上いる時、攻撃力と防御力+20%^[死闘の槍]敵が近くに2人未満の時、攻撃力+30%",
                    "3": "[死闘の槍]敵が近くに2人以上いる時、攻撃力と防御力+24%^[死闘の槍]敵が近くに2人未満の時、攻撃力+36%",
                    "4": "[死闘の槍]敵が近くに2人以上いる時、攻撃力と防御力+28%^[死闘の槍]敵が近くに2人未満の時、攻撃力+42%",
                    "5": "[死闘の槍]敵が近くに2人以上いる時、攻撃力と防御力+32%^[死闘の槍]敵が近くに2人未満の時、攻撃力+48%"
                },
                "種類": "攻撃力%",
                "数値": {
                    "1": 16,
                    "2": 20,
                    "3": 24,
                    "4": 28,
                    "5": 32
                }
            },
            {
                "条件": {
                    "1": "[死闘の槍]敵が近くに2人以上いる時、攻撃力と防御力+16%^[死闘の槍]敵が近くに2人未満の時、攻撃力+24%",
                    "2": "[死闘の槍]敵が近くに2人以上いる時、攻撃力と防御力+20%^[死闘の槍]敵が近くに2人未満の時、攻撃力+30%",
                    "3": "[死闘の槍]敵が近くに2人以上いる時、攻撃力と防御力+24%^[死闘の槍]敵が近くに2人未満の時、攻撃力+36%",
                    "4": "[死闘の槍]敵が近くに2人以上いる時、攻撃力と防御力+28%^[死闘の槍]敵が近くに2人未満の時、攻撃力+42%",
                    "5": "[死闘の槍]敵が近くに2人以上いる時、攻撃力と防御力+32%^[死闘の槍]敵が近くに2人未満の時、攻撃力+48%"
                },
                "種類": "防御力%",
                "数値": {
                    "1": 16,
                    "2": 20,
                    "3": 24,
                    "4": 28,
                    "5": 32
                }
            },
            {
                "条件": {
                    "1": "[死闘の槍]敵が近くに2人未満の時、攻撃力+24%^[死闘の槍]敵が近くに2人以上いる時、攻撃力と防御力+16%",
                    "2": "[死闘の槍]敵が近くに2人未満の時、攻撃力+30%^[死闘の槍]敵が近くに2人以上いる時、攻撃力と防御力+20%",
                    "3": "[死闘の槍]敵が近くに2人未満の時、攻撃力+36%^[死闘の槍]敵が近くに2人以上いる時、攻撃力と防御力+24%",
                    "4": "[死闘の槍]敵が近くに2人未満の時、攻撃力+42%^[死闘の槍]敵が近くに2人以上いる時、攻撃力と防御力+28%",
                    "5": "[死闘の槍]敵が近くに2人未満の時、攻撃力+48%^[死闘の槍]敵が近くに2人以上いる時、攻撃力と防御力+32%"
                },
                "種類": "攻撃力%",
                "数値": {
                    "1": 24,
                    "2": 30,
                    "3": 36,
                    "4": 42,
                    "5": 48
                }
            }
        ]
    }
}