{
    "名前": "星鎌・試作",
    "レアリティ": 4,
    "種類": "長柄武器",
    "ステータス": {
        "基礎攻撃力": {
            "70": 388,
            "70+": 414,
            "75": 431,
            "80": 449,
            "80+": 475,
            "85": 492,
            "90": 510
        },
        "元素チャージ効率": {
            "70": 37.9,
            "70+": 37.9,
            "75": 39.9,
            "80": 41.9,
            "80+": 41.9,
            "85": 43.9,
            "90": 45.9
        }
    },
    "武器スキル": {
        "名前": "魔力親和",
        "説明": "元素スキルを発動した後、通常攻撃と重撃のダメージ+8%、継続時間12秒、最大2重まで。",
        "詳細": [
            {
                "条件": {
                    "1": "[星鎌・試作]通常攻撃と重撃のダメージ+@8,16%",
                    "2": "[星鎌・試作]通常攻撃と重撃のダメージ+@10,20%",
                    "3": "[星鎌・試作]通常攻撃と重撃のダメージ+@12,24%",
                    "4": "[星鎌・試作]通常攻撃と重撃のダメージ+@14,28%",
                    "5": "[星鎌・試作]通常攻撃と重撃のダメージ+@16,32%"
                },
                "種類": "通常攻撃ダメージバフ",
                "数値": {
                    "1": 1,
                    "2": 1,
                    "3": 1,
                    "4": 1,
                    "5": 1
                }
            },
            {
                "条件": {
                    "1": "[星鎌・試作]通常攻撃と重撃のダメージ+@8,16%",
                    "2": "[星鎌・試作]通常攻撃と重撃のダメージ+@10,20%",
                    "3": "[星鎌・試作]通常攻撃と重撃のダメージ+@12,24%",
                    "4": "[星鎌・試作]通常攻撃と重撃のダメージ+@14,28%",
                    "5": "[星鎌・試作]通常攻撃と重撃のダメージ+@16,32%"
                },
                "種類": "重撃ダメージバフ",
                "数値": {
                    "1": 1,
                    "2": 1,
                    "3": 1,
                    "4": 1,
                    "5": 1
                }
            }
        ]
    }
}