{
    "名前": "和璞鳶",
    "レアリティ": 5,
    "種類": "長柄武器",
    "ステータス": {
        "基礎攻撃力": {
            "70": 506,
            "70+": 537,
            "75": 563,
            "80": 590,
            "80+": 621,
            "85": 648,
            "90": 674
        },
        "会心率": {
            "70": 18.2,
            "70+": 18.2,
            "75": 19.1,
            "80": 20.1,
            "80+": 20.1,
            "85": 21.1,
            "90": 22.1
        }
    },
    "武器スキル": {
        "名前": "正義を貫く鳶の槍",
        "説明": "敵に命中した時、自身の攻撃力+3.2%、継続時間6秒、最大7重まで。0.3秒に最大1回発動でき、7重まで発動すると与えるダメージ+12%。",
        "詳細": [
            {
                "条件": {
                    "1": "[和璞鳶]攻撃命中後(6秒)攻撃力+@3.2-22.4%",
                    "2": "[和璞鳶]攻撃命中後(6秒)攻撃力+@3.9-27.3%",
                    "3": "[和璞鳶]攻撃命中後(6秒)攻撃力+@4.6-32.2%",
                    "4": "[和璞鳶]攻撃命中後(6秒)攻撃力+@5.3-37.1%",
                    "5": "[和璞鳶]攻撃命中後(6秒)攻撃力+@6-42%"
                },
                "種類": "攻撃力%",
                "数値": {
                    "1": 1,
                    "2": 1,
                    "3": 1,
                    "4": 1,
                    "5": 1
                }
            },
            {
                "条件": {
                    "1": "[和璞鳶]攻撃命中後(6秒)攻撃力+@22.4%",
                    "2": "[和璞鳶]攻撃命中後(6秒)攻撃力+@27.3%",
                    "3": "[和璞鳶]攻撃命中後(6秒)攻撃力+@32.2%",
                    "4": "[和璞鳶]攻撃命中後(6秒)攻撃力+@37.1%",
                    "5": "[和璞鳶]攻撃命中後(6秒)攻撃力+@42%"
                },
                "種類": "与えるダメージ",
                "数値": {
                    "1": 12,
                    "2": 15,
                    "3": 18,
                    "4": 21,
                    "5": 24
                }
            }
        ]
    }
}