{
    "名前": "流月の針",
    "レアリティ": 4,
    "種類": "長柄武器",
    "ステータス": {
        "基礎攻撃力": {
            "70": 429,
            "70+": 455,
            "75": 476,
            "80": 497,
            "80+": 523,
            "85": 544,
            "90": 565
        },
        "物理ダメージバフ": {
            "70": 28.4,
            "70+": 28.4,
            "75": 29.9,
            "80": 31.5,
            "80+": 31.5,
            "85": 33,
            "90": 34.5
        }
    },
    "武器スキル": {
        "名前": "注入の針",
        "説明": "元素粒子または元素オーブを獲得した５秒間、通常攻撃と重撃で、攻撃力の20%の追加ダメージを与える。",
        "詳細": [
            {
                "名前": "[流月の針]追加ダメージ",
                "種類": "追加ダメージ",
                "元素": "物理",
                "数値": {
                    "1": "20%",
                    "2": "25%",
                    "3": "30%",
                    "4": "35%",
                    "5": "40%"
                }
            }
        ]
    }
}