{
    "名前": "喜多院十文字槍",
    "レアリティ": 4,
    "種類": "長柄武器",
    "ステータス": {
        "基礎攻撃力": {
            "70": 429,
            "70+": 455,
            "75": 476,
            "80": 497,
            "80+": 523,
            "85": 544,
            "90": 565
        },
        "元素熟知": {
            "70": 91,
            "70+": 91,
            "75": 96,
            "80": 101,
            "80+": 101,
            "85": 105,
            "90": 110
        }
    },
    "武器スキル": {
        "名前": "名士の振舞",
        "説明": [
            "元素スキルのダメージ+6%。元素スキルが命中した時、キャラクターは元素エネルギーを3ポイント失う。",
            "その後の6秒間、2秒毎に元素エネルギーを3ポイント獲得する。この効果は10秒毎に1回のみ発動でき、待機中のキャラクターも発動できる。"
        ],
        "詳細": [
            {
                "種類": "元素スキルダメージバフ",
                "数値": {
                    "1": 6,
                    "2": 7.5,
                    "3": 9,
                    "4": 10.5,
                    "5": 12
                }
            }
        ]
    }
}