{
    "名前": "匣中滅龍",
    "レアリティ": 4,
    "種類": "長柄武器",
    "ステータス": {
        "基礎攻撃力": {
            "70": 347,
            "70+": 373,
            "75": 387,
            "80": 401,
            "80+": 427,
            "85": 440,
            "90": 454
        },
        "元素熟知": {
            "70": 182,
            "70+": 182,
            "75": 191,
            "80": 201,
            "80+": 201,
            "85": 211,
            "90": 221
        }
    },
    "武器スキル": {
        "名前": "炎と水の破滅",
        "説明": "水元素または炎元素の影響を受けた敵に対するダメージ+20%。",
        "詳細": [
            {
                "条件": {
                    "1": "[匣中滅龍]水元素または炎元素の影響を受けた敵 与えるダメージ+20%",
                    "2": "[匣中滅龍]水元素または炎元素の影響を受けた敵 与えるダメージ+24%",
                    "3": "[匣中滅龍]水元素または炎元素の影響を受けた敵 与えるダメージ+28%",
                    "4": "[匣中滅龍]水元素または炎元素の影響を受けた敵 与えるダメージ+32%",
                    "5": "[匣中滅龍]水元素または炎元素の影響を受けた敵 与えるダメージ+36%"
                },
                "種類": "与えるダメージ",
                "数値": {
                    "1": 20,
                    "2": 24,
                    "3": 28,
                    "4": 32,
                    "5": 36
                }
            }
        ]
    }
}