{
    "名前": "西風長槍",
    "レアリティ": 4,
    "種類": "長柄武器",
    "ステータス": {
        "基礎攻撃力": {
            "70": 429,
            "70+": 455,
            "75": 476,
            "80": 497,
            "80+": 523,
            "85": 544,
            "90": 565
        },
        "元素チャージ効率": {
            "70": 25.2,
            "70+": 25.2,
            "75": 26.6,
            "80": 27.9,
            "80+": 27.9,
            "85": 29.3,
            "90": 30.6
        }
    },
    "武器スキル": {
        "名前": "追い風が吹く",
        "説明": "会心攻撃をした時、?%の確率で少量の元素粒子を生成し、元素エネルギーを6回復する。?秒に1回のみ発動可能。"
    }
}