{
    "名前": "ドラゴンスピア",
    "レアリティ": 4,
    "種類": "長柄武器",
    "ステータス": {
        "基礎攻撃力": {
            "70": 347,
            "70+": 373,
            "75": 387,
            "80": 401,
            "80+": 427,
            "85": 440,
            "90": 454
        },
        "物理ダメージバフ": {
            "70": 56.8,
            "70+": 56.8,
            "75": 59.9,
            "80": 62.9,
            "80+": 62.9,
            "85": 65.9,
            "90": 69
        }
    },
    "武器スキル": {
        "名前": "霜の埋葬",
        "説明": [
            "通常攻撃と重撃が敵に命中した時、60%の確率で敵の上に恒氷晶核が作られ落下し、攻撃力の80%の範囲ダメージを与える。",
            "敵が氷元素の影響を受けている場合、攻撃力の200%のダメージを与える。この効果は10秒毎に1回のみ発動可能。"
        ],
        "詳細": [
            {
                "名前": "[ドラゴンスピア]範囲ダメージ",
                "種類": "追加ダメージ",
                "元素": "物理",
                "数値": {
                    "1": "80%",
                    "2": "95%",
                    "3": "110%",
                    "4": "125%",
                    "5": "140%"
                }
            },
            {
                "名前": "[ドラゴンスピア]範囲ダメージ(氷元素の影響を受けている敵)",
                "種類": "追加ダメージ",
                "元素": "物理",
                "数値": {
                    "1": "200%",
                    "2": "240%",
                    "3": "280%",
                    "4": "320%",
                    "5": "360%"
                }
            }
        ]
    }
}