{
    "名前": "草薙の稲光",
    "レアリティ": 5,
    "種類": "長柄武器",
    "ステータス": {
        "基礎攻撃力": {
            "90": 608,
            "85": 586,
            "80+": 563,
            "80": 532,
            "75": 510,
            "70+": 488,
            "70": 457
        },
        "元素チャージ効率": {
            "90": 55.1,
            "85": 52.7,
            "80+": 50.3,
            "80": 50.3,
            "75": 47.9,
            "70+": 45.4,
            "70": 45.4
        }
    },
    "武器スキル": {
        "名前": "非時の夢・常世竈食",
        "説明": "・元素チャージ効率が100%を超えている場合、その超えた部分の28%分、攻撃力がアップする。この方式でアップできる攻撃力は最大80%まで。元素爆発を発動した後の12秒間、元素チャージ効率+30%。",
        "詳細": [
            {
                "種類": "攻撃力%",
                "数値": {
                    "1": "100%元素チャージ効率-100*0.28",
                    "2": "100%元素チャージ効率-100*0.32",
                    "3": "100%元素チャージ効率-100*0.42",
                    "4": "100%元素チャージ効率-100*0.49",
                    "5": "100%元素チャージ効率-100*0.56"
                },
                "最大値": {
                    "1": 80,
                    "2": 90,
                    "3": 100,
                    "4": 110,
                    "5": 120
                }
            },
            {
                "条件": "[草薙の稲光]元素爆発発動による元素チャージ効率+(持続時間12秒)",
                "種類": "元素チャージ効率",
                "数値": {
                    "1": 30,
                    "2": 35,
                    "3": 40,
                    "4": 45,
                    "5": 50
                }
            }
        ]
    }
}