{
    "名前": "鉄蜂の刺し",
    "レアリティ": 4,
    "種類": "片手剣",
    "ステータス": {
        "基礎攻撃力": {
            "70": 388,
            "70+": 414,
            "75": 431,
            "80": 449,
            "80+": 475,
            "85": 492,
            "90": 510
        },
        "元素熟知": {
            "70": 136,
            "70+": 136,
            "75": 144,
            "80": 151,
            "80+": 151,
            "85": 158,
            "90": 165
        }
    },
    "武器スキル": {
        "名前": "注入の棘",
        "説明": "元素ダメージを与えた6秒間、キャラの与えるダメージ+6%、最大2重まで。1秒毎に1回のみ発動する。",
        "詳細": [
            {
                "条件": {
                    "1": "[鉄蜂の刺し]与えるダメージ+@6,12%",
                    "2": "[鉄蜂の刺し]与えるダメージ+@7.5,15%",
                    "3": "[鉄蜂の刺し]与えるダメージ+@9,18%",
                    "4": "[鉄蜂の刺し]与えるダメージ+@10.5,21%",
                    "5": "[鉄蜂の刺し]与えるダメージ+@12,24%"
                },
                "種類": "与えるダメージ",
                "数値": {
                    "1": 1,
                    "2": 1,
                    "3": 1,
                    "4": 1,
                    "5": 1
                }
            }
        ]
    }
}