{
    "名前": "匣中龍吟",
    "レアリティ": 4,
    "種類": "片手剣",
    "ステータス": {
        "基礎攻撃力": {
            "70": 388,
            "70+": 414,
            "75": 431,
            "80": 449,
            "80+": 475,
            "85": 492,
            "90": 510
        },
        "攻撃力%": {
            "70": 34.1,
            "70+": 34.1,
            "75": 35.9,
            "80": 37.7,
            "80+": 37.7,
            "85": 39.5,
            "90": 41.3
        }
    },
    "武器スキル": {
        "名前": "炎と雷の破滅",
        "説明": [
            "炎元素または雷元素の影響を受けた敵に対するダメージ+20%。"
        ],
        "詳細": [
            {
                "条件": {
                    "1": "[匣中滅龍]与えるダメージ+20%",
                    "2": "[匣中滅龍]与えるダメージ+24%",
                    "3": "[匣中滅龍]与えるダメージ+28%",
                    "4": "[匣中滅龍]与えるダメージ+32%",
                    "5": "[匣中滅龍]与えるダメージ+36%"
                },
                "種類": "与えるダメージ",
                "数値": {
                    "1": 20,
                    "2": 24,
                    "3": 28,
                    "4": 32,
                    "5": 36
                }
            }
        ]
    }
}