{
    "名前": "風鷹剣",
    "レアリティ": 5,
    "種類": "片手剣",
    "ステータス": {
        "基礎攻撃力": {
            "70": 506,
            "70+": 537,
            "75": 563,
            "80": 590,
            "80+": 621,
            "85": 648,
            "90": 674
        },
        "物理ダメージバフ": {
            "70": 34.1,
            "70+": 34.1,
            "75": 35.9,
            "80": 37.7,
            "80+": 37.7,
            "85": 39.5,
            "90": 41.3
        }
    },
    "武器スキル": {
        "名前": "西風の鷹の抗い",
        "説明": "攻撃力+20%；ダメージを受けると発動：抗争の旗を高く掲げる西風の鷹が蘇り、攻撃力の100%分のHPを回復し、周りの敵に攻撃力の200%のダメージを与える。15秒ごとに1回発動可能。",
        "詳細": [
            {
                "種類": "攻撃力%",
                "数値": {
                    "1": 20,
                    "2": 25,
                    "3": 30,
                    "4": 35,
                    "5": 40
                }
            },
            {
                "名前": "[風鷹剣]回復量",
                "種類": "HP回復",
                "数値": {
                    "1": "100%攻撃力",
                    "2": "115%攻撃力",
                    "3": "130%攻撃力",
                    "4": "145%攻撃力",
                    "5": "160%攻撃力"
                }
            },
            {
                "名前": "[風鷹剣]追加ダメージ",
                "種類": "追加ダメージ",
                "元素": "物理",
                "数値": {
                    "1": "200%",
                    "2": "230%",
                    "3": "260%",
                    "4": "290%",
                    "5": "320%"
                }
            }
        ]
    }
}