{
    "名前": "天目影打",
    "レアリティ": 4,
    "種類": "片手剣",
    "ステータス": {
        "基礎攻撃力": {
            "70": 347,
            "70+": 373,
            "75": 387,
            "80": 401,
            "80+": 427,
            "85": 440,
            "90": 454
        },
        "攻撃力%": {
            "70": 45.4,
            "70+": 45.4,
            "75": 47.9,
            "80": 50.3,
            "80+": 50.3,
            "85": 52.7,
            "90": 55.1
        }
    },
    "武器スキル": {
        "名前": "",
        "説明": ""
    }
}