{
    "名前": "斬岩・試作",
    "レアリティ": 4,
    "種類": "片手剣",
    "ステータス": {
        "基礎攻撃力": {
            "70": 429,
            "70+": 455,
            "75": 476,
            "80": 497,
            "80+": 523,
            "85": 544,
            "90": 565
        },
        "物理ダメージバフ": {
            "70": 28.4,
            "70+": 28.4,
            "75": 29.9,
            "80": 31.5,
            "80+": 31.5,
            "85": 33,
            "90": 34.5
        }
    },
    "武器スキル": {
        "名前": "岩砕き",
        "説明": "通常攻撃または重撃が命中すると、攻撃力と防御力+4%、継続時間6秒、最大4重まで。0.3秒毎に1回発動可能。",
        "詳細": [
            {
                "条件": {
                    "1": "[斬岩・試作]攻撃力と防御力+@4-16%",
                    "2": "[斬岩・試作]攻撃力と防御力+@5-20%",
                    "3": "[斬岩・試作]攻撃力と防御力+@6-24%",
                    "4": "[斬岩・試作]攻撃力と防御力+@7-28%",
                    "5": "[斬岩・試作]攻撃力と防御力+@8-32%"
                },
                "種類": "攻撃力%",
                "数値": {
                    "1": 1,
                    "2": 1,
                    "3": 1,
                    "4": 1,
                    "5": 1
                }
            },
            {
                "条件": {
                    "1": "[斬岩・試作]攻撃力と防御力+@4-16%",
                    "2": "[斬岩・試作]攻撃力と防御力+@5-20%",
                    "3": "[斬岩・試作]攻撃力と防御力+@6-24%",
                    "4": "[斬岩・試作]攻撃力と防御力+@7-28%",
                    "5": "[斬岩・試作]攻撃力と防御力+@8-32%"
                },
                "種類": "防御力%",
                "数値": {
                    "1": 1,
                    "2": 1,
                    "3": 1,
                    "4": 1,
                    "5": 1
                }
            }
        ]
    }
}