{
    "名前": "黒岩の長剣",
    "レアリティ": 4,
    "種類": "片手剣",
    "ステータス": {
        "基礎攻撃力": {
            "70": 429,
            "70+": 455,
            "75": 476,
            "80": 497,
            "80+": 523,
            "85": 544,
            "90": 565
        },
        "会心ダメージ": {
            "70": 30.3,
            "70+": 30.3,
            "75": 31.9,
            "80": 33.5,
            "80+": 33.5,
            "85": 35.1,
            "90": 36.8
        }
    },
    "武器スキル": {
        "名前": "勝ちに乗じる",
        "説明": "敵を倒した後、攻撃力+12%、継続時間30秒、最大3重まで、継続時間は加算されず、重ごとに別カウントされる。",
        "詳細": [
            {
                "条件": {
                    "1": "[黒岩の長剣]敵を倒した後(30秒)攻撃力+@12-36%",
                    "2": "[黒岩の長剣]敵を倒した後(30秒)攻撃力+@15-45%",
                    "3": "[黒岩の長剣]敵を倒した後(30秒)攻撃力+@18-54%",
                    "4": "[黒岩の長剣]敵を倒した後(30秒)攻撃力+@21-63%",
                    "5": "[黒岩の長剣]敵を倒した後(30秒)攻撃力+@24-72%"
                },
                "種類": "攻撃力%",
                "数値": {
                    "1": 1,
                    "2": 1,
                    "3": 1,
                    "4": 1,
                    "5": 1
                }
            }
        ]
    },
    "オプション初期値": {
        "[黒岩の緋玉]攻撃力+": 0
    }
}