{
    "名前": "磐岩結緑",
    "レアリティ": 5,
    "種類": "片手剣",
    "ステータス": {
        "基礎攻撃力": {
            "80": 475,
            "80+": 506,
            "85": 524,
            "90": 542
        },
        "会心率": {
            "80": 40.2,
            "80+": 40.2,
            "85": 42.2,
            "90": 44.1
        }
    },
    "武器スキル": {
        "名前": "護国の無垢なる心",
        "説明": "HP上限+?%。また、キャラクターのHP上限の?%分、攻撃力がアップする。",
        "詳細": [
            {
                "種類": "HP%",
                "数値": {
                    "1": 20,
                    "2": 25,
                    "3": 30,
                    "4": 35,
                    "5": 40
                }
            },
            {
                "種類": "攻撃力",
                "数値": {
                    "1": "1.2%HP上限",
                    "2": "1.5%HP上限",
                    "3": "1.8%HP上限",
                    "4": "2.1%HP上限",
                    "5": "2.4%HP上限"
                }
            }
        ]
    }
}