{
    "名前": "腐植の剣",
    "レアリティ": 4,
    "種類": "片手剣",
    "ステータス": {
        "基礎攻撃力": {
            "70": 388,
            "70+": 414,
            "75": 431,
            "80": 449,
            "80+": 475,
            "85": 492,
            "90": 510
        },
        "元素チャージ効率": {
            "70": 37.9,
            "70+": 37.9,
            "75": 39.9,
            "80": 41.9,
            "80+": 41.9,
            "85": 43.9,
            "90": 45.9
        }
    },
    "武器スキル": {
        "名前": "",
        "説明": "元素スキルダメージ+16%、元素スキルの会心率+6%",
        "詳細": [
            {
                "種類": "元素スキルダメージバフ",
                "数値": {
                    "1": 16,
                    "2": 20,
                    "3": 24,
                    "4": 28,
                    "5": 32
                }
            },
            {
                "種類": "会心率",
                "対象": "元素スキルダメージ",
                "数値": {
                    "1": 6,
                    "2": 7.5,
                    "3": 9,
                    "4": 10.5,
                    "5": 12
                }
            }
        ]
    }
}