{
    "名前": "霧切の廻光",
    "レアリティ": 5,
    "種類": "片手剣",
    "ステータス": {
        "基礎攻撃力": {
            "70": 506,
            "70+": 537,
            "75": 563,
            "80": 590,
            "80+": 621,
            "85": 648,
            "90": 674
        },
        "会心ダメージ": {
            "70": 36.3,
            "70+": 36.3,
            "75": 38.3,
            "80": 40.2,
            "80+": 40.2,
            "85": 42.2,
            "90": 44.1
        }
    },
    "武器スキル": {
        "名前": "霧切の御腰物",
        "説明": "全元素ダメージ+?%、「霧切の巴紋」の効果を獲得できる。霧切の巴紋を1/2/3層有する時、自身元素タイプの元素ダメージ+?/?/?%。霧切の巴紋は次の各状況において獲得できる。通常攻撃で元素ダメージを与えた時、継続時間5秒の霧切の巴紋を1層獲得する。元素爆発を発動した時、継続時間10秒の霧切の巴紋を1層獲得する。また、キャラクターの元素エネルギーが100%未満の場合、霧切の巴紋を1層獲得する、この霧切の巴紋は元素エネルギーが満タンになると消失する。霧切の巴紋の継続時間は層ごとに独立している。",
        "詳細": [
            {
                "種類": "全元素ダメージバフ",
                "数値": {
                    "1": 12,
                    "2": 15,
                    "3": 18,
                    "4": 21,
                    "5": 24
                }
            },
            {
                "条件": {
                    "1": "[霧切の廻光]元素ダメージ+@8,16,28%",
                    "2": "[霧切の廻光]元素ダメージ+@10,20,35%",
                    "3": "[霧切の廻光]元素ダメージ+@12,24,42%",
                    "4": "[霧切の廻光]元素ダメージ+@14,28,49%",
                    "5": "[霧切の廻光]元素ダメージ+@16,32,56%"
                },
                "種類": "自元素ダメージバフ",
                "数値": {
                    "1": 1,
                    "2": 1,
                    "3": 1,
                    "4": 1,
                    "5": 1
                }
            }
        ]
    }
}