{
    "名前": "天空の刃",
    "レアリティ": 5,
    "種類": "片手剣",
    "ステータス": {
        "基礎攻撃力": {
            "90": 608,
            "85": 586,
            "80+": 563,
            "80": 532,
            "75": 510,
            "70+": 488,
            "70": 457
        },
        "元素チャージ効率": {
            "90": 55.1,
            "85": 52.7,
            "80+": 50.3,
            "80": 50.3,
            "75": 47.9,
            "70+": 45.4,
            "70": 45.4
        }
    },
    "武器スキル": {
        "名前": "高天を貫く牙",
        "説明": [
            "会心率+4%；元素爆発を使用すると衝天の勢いを獲得する：移動速度+10%、攻撃速度+10%、通常攻撃と重撃が命中する際に、攻撃力の20%のダメージを与える、継続時間12秒。"
        ],
        "詳細": [
            {
                "種類": "会心率",
                "数値": {
                    "1": 4,
                    "2": 5,
                    "3": 6,
                    "4": 7,
                    "5": 8
                }
            },
            {
                "名前": "[天空の刃]追加ダメージ",
                "種類": "追加ダメージ",
                "元素": "物理",
                "数値": {
                    "1": "20%",
                    "2": "25%",
                    "3": "30%",
                    "4": "35%",
                    "5": "40%"
                }
            }
        ]
    }
}