{
    "名前": "黎明の神剣",
    "レアリティ": 3,
    "種類": "片手剣",
    "ステータス": {
        "基礎攻撃力": {
            "70": 309,
            "70+": 329,
            "75": 342,
            "80": 355,
            "80+": 375,
            "85": 388,
            "90": 401
        },
        "会心ダメージ": {
            "70": 38.6,
            "70+": 38.6,
            "75": 40.7,
            "80": 42.7,
            "80+": 42.7,
            "85": 44.8,
            "90": 46.9
        }
    },
    "武器スキル": {
        "名前": "奮い立てる",
        "説明": "HPが90%以上の場合、会心率+14%。",
        "詳細": [
            {
                "条件": {
                    "1": "[黎明の神剣]HPが90%以上の場合、会心率+14%",
                    "2": "[黎明の神剣]HPが90%以上の場合、会心率+17.5%",
                    "3": "[黎明の神剣]HPが90%以上の場合、会心率+21%",
                    "4": "[黎明の神剣]HPが90%以上の場合、会心率+24.5%",
                    "5": "[黎明の神剣]HPが90%以上の場合、会心率+28%"
                },
                "種類": "会心率",
                "数値": {
                    "1": 14,
                    "2": 17.5,
                    "3": 21,
                    "4": 24.5,
                    "5": 28
                }
            }
        ]
    }
}