{
    "名前": "ダークアレイの閃光",
    "レアリティ": 4,
    "種類": "片手剣",
    "ステータス": {
        "基礎攻撃力": {
            "70": 470,
            "70+": 496,
            "75": 520,
            "80": 545,
            "80+": 571,
            "85": 595,
            "90": 620
        },
        "元素熟知": {
            "70": 45,
            "70+": 45,
            "75": 48,
            "80": 50,
            "80+": 50,
            "85": 53,
            "90": 55
        }
    },
    "武器スキル": {
        "名前": "路地遊侠",
        "説明": [
            "キャラクターが与えるダメージ+12%。ダメージを受けると、このダメージアップ効果は5秒間無効になる。"
        ],
        "詳細": [
            {
                "条件": {
                    "1": "[ダークアレイの閃光]被ダメージまで 与えるダメージ+12%",
                    "2": "[ダークアレイの閃光]被ダメージまで 与えるダメージ+15%",
                    "3": "[ダークアレイの閃光]被ダメージまで 与えるダメージ+18%",
                    "4": "[ダークアレイの閃光]被ダメージまで 与えるダメージ+21%",
                    "5": "[ダークアレイの閃光]被ダメージまで 与えるダメージ+24%"
                },
                "種類": "与えるダメージ",
                "数値": {
                    "1": 12,
                    "2": 15,
                    "3": 18,
                    "4": 21,
                    "5": 24
                }
            }
        ]
    }
}