{
    "名前": "黒剣",
    "レアリティ": 4,
    "種類": "片手剣",
    "ステータス": {
        "基礎攻撃力": {
            "80": 449,
            "80+": 475,
            "85": 492,
            "90": 510
        },
        "会心率": {
            "80": 25.1,
            "80+": 25.1,
            "85": 26.4,
            "90": 27.6
        }
    },
    "武器スキル": {
        "名前": "「正義」",
        "説明": "通常攻撃と銃撃のダメージ+?%。さらに通常攻撃と重撃が会心時、攻撃力の?%分のHPを回復する。5秒に1回のみ発動可",
        "詳細": [
            {
                "種類": "通常攻撃ダメージバフ",
                "数値": {
                    "1": 20,
                    "2": 25,
                    "3": 30,
                    "4": 35,
                    "5": 40
                }
            },
            {
                "種類": "重撃ダメージバフ",
                "数値": {
                    "1": 20,
                    "2": 25,
                    "3": 30,
                    "4": 35,
                    "5": 40
                }
            },
            {
                "名前": "[黒剣]回復量",
                "種類": "HP回復",
                "数値": {
                    "1": "60%攻撃力",
                    "2": "70%攻撃力",
                    "3": "80%攻撃力",
                    "4": "90%攻撃力",
                    "5": "100%攻撃力"
                }
            }
        ]
    }
}