{
    "名前": "甘雨",
    "レアリティ": 5,
    "武器": "弓",
    "元素": "氷",
    "ステータス": {
        "基礎HP": {
            "80": 8643,
            "80+": 9108,
            "90": 9797
        },
        "基礎攻撃力": {
            "80": 295,
            "80+": 311,
            "90": 335
        },
        "基礎防御力": {
            "80": 556,
            "80+": 586,
            "90": 630
        },
        "会心ダメージ": {
            "80": 28.8,
            "80+": 38.4,
            "90": 38.4
        }
    },
    "通常攻撃": {
        "名前": "通常攻撃・流天射術",
        "説明": "最大6段の連続攻撃を行う。",
        "詳細": [
            {
                "名前": "1段ダメージ",
                "数値": {
                    "1": "",
                    "2": "",
                    "3": "",
                    "4": "",
                    "5": "",
                    "6": "",
                    "7": "",
                    "8": "",
                    "9": "",
                    "10": "",
                    "11": ""
                }
            },
            {
                "名前": "2段ダメージ",
                "数値": {
                    "1": "",
                    "2": "",
                    "3": "",
                    "4": "",
                    "5": "",
                    "6": "",
                    "7": "",
                    "8": "",
                    "9": "",
                    "10": "",
                    "11": ""
                }
            },
            {
                "名前": "3段ダメージ",
                "数値": {
                    "1": "",
                    "2": "",
                    "3": "",
                    "4": "",
                    "5": "",
                    "6": "",
                    "7": "",
                    "8": "",
                    "9": "",
                    "10": "",
                    "11": ""
                }
            },
            {
                "名前": "4段ダメージ",
                "数値": {
                    "1": "",
                    "2": "",
                    "3": "",
                    "4": "",
                    "5": "",
                    "6": "",
                    "7": "",
                    "8": "",
                    "9": "",
                    "10": "",
                    "11": ""
                }
            },
            {
                "名前": "5段ダメージ",
                "数値": {
                    "1": "",
                    "2": "",
                    "3": "",
                    "4": "",
                    "5": "",
                    "6": "",
                    "7": "",
                    "8": "",
                    "9": "",
                    "10": "",
                    "11": ""
                }
            },
            {
                "名前": "6段ダメージ",
                "数値": {
                    "1": "",
                    "2": "",
                    "3": "",
                    "4": "",
                    "5": "",
                    "6": "",
                    "7": "",
                    "8": "",
                    "9": "",
                    "10": "",
                    "11": ""
                }
            }
        ]
    },
    "重撃": {
        "説明": [
            "ダメージがより高く、より精確な狙い撃ちを発動する。",
            "照準時、氷寒の気が矢先に集まり、攻撃と共に発射される。チャージ時間により、異なる効果を発動する。",
            "・1段チャージ：氷寒の気が集まった矢を放ち、氷元素ダメージを与える。",
            "・2段チャージ：霜華の矢を放ち、氷元素ダメージを与える。命中後、霜華満開が発生し、さらに氷元素範囲ダメージを与える。"
        ],
        "詳細": [
            {
                "名前": "狙い撃ち",
                "数値": {
                    "1": "",
                    "2": "",
                    "3": "",
                    "4": "",
                    "5": "",
                    "6": "",
                    "7": "",
                    "8": "",
                    "9": "",
                    "10": "",
                    "11": ""
                }
            },
            {
                "名前": "1段チャージ狙い撃ち",
                "元素": "氷",
                "数値": {
                    "1": "",
                    "2": "",
                    "3": "",
                    "4": "",
                    "5": "",
                    "6": "",
                    "7": "",
                    "8": "",
                    "9": "",
                    "10": "",
                    "11": ""
                }
            },
            {
                "名前": "霜華の矢の命中ダメージ",
                "元素": "氷",
                "数値": {
                    "1": "",
                    "2": "",
                    "3": "",
                    "4": "",
                    "5": "",
                    "6": "",
                    "7": "",
                    "8": "",
                    "9": "",
                    "10": "",
                    "11": ""
                }
            },
            {
                "名前": "霜華の矢・霜華満開ダメージ",
                "元素": "氷",
                "数値": {
                    "1": "",
                    "2": "",
                    "3": "",
                    "4": "",
                    "5": "",
                    "6": "",
                    "7": "",
                    "8": "",
                    "9": "",
                    "10": "",
                    "11": ""
                }
            }
        ]
    },
    "落下攻撃": {
        "説明": "空中から矢の雨を放ち凄まじいスピードで落下し地面に衝撃を与え、落下時に範囲ダメージを与える。",
        "詳細": [
            {
                "名前": "落下期間のダメージ",
                "種類": "落下攻撃ダメージ",
                "数値": {
                    "1": "",
                    "2": "",
                    "3": "",
                    "4": "",
                    "5": "",
                    "6": "",
                    "7": "",
                    "8": "",
                    "9": "",
                    "10": "",
                    "11": ""
                }
            },
            {
                "名前": "低空/高空落下攻撃ダメージ",
                "種類": "落下攻撃ダメージ",
                "数値": {
                    "1": "",
                    "2": "",
                    "3": "",
                    "4": "",
                    "5": "",
                    "6": "",
                    "7": "",
                    "8": "",
                    "9": "",
                    "10": "",
                    "11": ""
                }
            }
        ]
    },
    "元素スキル": {
        "名前": "山沢麟跡",
        "説明": [
            "一度の氷蓮を残して後退し、全ての魑魅魍魎から離れ、氷元素範囲ダメージを与える。",
            "氷蓮",
            "・持続的に周囲の敵を挑発し、攻撃を引き付ける。",
            "・耐久度は甘雨のHP上限によって決まる。",
            "・破壊された時または継続時間終了後に激しく開花し、氷属性範囲ダメージを与える。"
        ],
        "詳細": [
            {
                "名前": "HP継承",
                "種類": "元素創造物",
                "数値": {
                    "1": "",
                    "2": "",
                    "3": "",
                    "4": "",
                    "5": "",
                    "6": "",
                    "7": "",
                    "8": "",
                    "9": "",
                    "10": "",
                    "11": "",
                    "12": "",
                    "13": ""
                }
            },
            {
                "名前": "スキルダメージ",
                "数値": {
                    "1": "",
                    "2": "",
                    "3": "",
                    "4": "",
                    "5": "",
                    "6": "",
                    "7": "",
                    "8": "",
                    "9": "",
                    "10": "",
                    "11": "",
                    "12": "",
                    "13": ""
                }
            }
        ],
        "継続時間": 6,
        "クールタイム": 10
    },
    "元素爆発": {
        "名前": "降衆天華",
        "説明": [
            "待機中の雪霜を集め、退魔の氷霊珠を召喚する。",
            "氷霊珠が存在している間、持続的に氷柱を降らし、範囲内の敵に氷元素ダメージを与える。"
        ],
        "詳細": [
            {
                "名前": "氷柱ダメージ",
                "数値": {
                    "1": "",
                    "2": "",
                    "3": "",
                    "4": "",
                    "5": "",
                    "6": "",
                    "7": "",
                    "8": "",
                    "9": "",
                    "10": "",
                    "11": "",
                    "12": "",
                    "13": ""
                }
            }
        ],
        "継続時間": 15,
        "クールタイム": 15,
        "元素エネルギー": 60
    },
    "その他天賦": [
        {
            "種類": "固有天賦",
            "名前": "唯一の心",
            "説明": [
                "霜華の矢を放った後の5秒以内に放たれた霜華の矢と霜華満開の会心率+20%"
            ],
            "詳細": [
                {
                    "種類": "会心率",
                    "対象": "霜華の矢の命中ダメージ",
                    "数値": 20
                },
                {
                    "種類": "会心率",
                    "対象": "霜華の矢・霜華満開ダメージ",
                    "数値": 20
                }
            ]
        },
        {
            "種類": "固有天賦",
            "名前": "天地安泰",
            "説明": [
                "降衆天華エリア内のキャラクターの氷元素ダメージ+20%"
            ],
            "詳細": [
                {
                    "条件": "降衆天華エリア内",
                    "種類": "氷元素ダメージバフ",
                    "数値": 20
                }
            ]
        },
        {
            "種類": "固有天賦",
            "名前": "弓蔵待命",
            "説明": "弓を鍛造する時、消費した鉱石の15%が返還される。"
        }
    ],
    "命ノ星座": {
        "1": {
            "名前": "飲露",
            "説明": [
                "二段チャージ重撃の霜華の矢または霜華満開が命中した時、敵の氷元素耐性-15%。継続時間6秒。",
                "命中時に甘雨の元素エネルギーを2回復。二段チャージの重撃による元素エネルギーの回復効果は、1回の重撃で1度のみ発動可能。"
            ],
            "詳細": [
                {
                    "条件": "二段チャージ重撃の霜華の矢または霜華満開が命中(継続時間6秒)",
                    "種類": "敵氷元素耐性",
                    "数値": -15,
                    "継続時間": 6
                }
            ]
        },
        "2": {
            "名前": "獲麟",
            "説明": "山沢麟跡の発動回数+1。"
        },
        "3": {
            "名前": "雲行",
            "説明": [
                "降衆天華のスキルLv.+3。",
                "最大Lv.15まで。"
            ]
        },
        "4": {
            "名前": "西狩",
            "説明": [
                "降衆天華エリア内、敵の受けるダメージが増加する。",
                "受けるダメージの増加量は初期が5%、3秒毎に5%上昇し、最大25%まで上昇する。",
                "エリアを出た後、継続時間3秒。"
            ],
            "詳細": [
                {
                    "条件": "降衆天華エリア内、敵の受けるダメージ(継続時間3秒)@5-25%",
                    "種類": "与えるダメージ",
                    "数値": 1,
                    "継続時間": 3
                }
            ]
        },
        "5": {
            "名前": "折草",
            "説明": [
                "山沢麟跡のスキルLv.+3。",
                "最大Lv.15まで。"
            ]
        },
        "6": {
            "名前": "履虫",
            "説明": "山沢麟跡を発動すると、30秒以内に放つ最初の霜華の矢が、チャージせずに発動可能になる。"
        }
    },
    "おすすめセット": [
        {
            "名前": "アモスの弓 氷風4",
            "武器": "アモスの弓",
            "聖遺物メイン効果3": "攻撃力%",
            "聖遺物メイン効果4": "氷元素ダメージバフ",
            "聖遺物メイン効果5": "会心ダメージ",
            "聖遺物セット効果1": "氷風を彷徨う勇士",
            "聖遺物セット効果2": "氷風を彷徨う勇士",
            "聖遺物優先するサブ効果1": "攻撃力%",
            "聖遺物優先するサブ効果2": "会心ダメージ",
            "聖遺物優先するサブ効果3": null
        }
    ]
}